area_name,origin_station,time_threshold_min,station_id,station_name,line_name,travel_time_min,lon,lat,x,y
pangyo_1st_technovalley,판교역,30,824,판교,신분당선,0.0,127.11115660285478,37.39456947025172,209842.87660537046,532808.6044602178
pangyo_1st_technovalley,판교역,30,825,정자,신분당선,3.3,127.10853330157944,37.36731490403886,209614.0628236814,529783.4901042742
pangyo_1st_technovalley,판교역,30,826,미금,신분당선,5.966667,127.10882039582212,37.350043730204725,209641.70324558634,527866.6879963846
pangyo_1st_technovalley,판교역,30,823,청계산입구,신분당선,6.55,127.05481605824002,37.448208355455385,204850.48034044087,538757.3584180137
pangyo_1st_technovalley,판교역,30,827,동천,신분당선,8.6,127.10282103853412,37.33792959003132,209111.61169044126,526521.6148640675
pangyo_1st_technovalley,판교역,30,822,양재시민의숲,신분당선,9.55,127.03847630891948,37.47013079615356,203403.63954100863,541189.732704508
pangyo_1st_technovalley,판교역,30,795,정자,분당선,9.8,127.10805027517874,37.36637015292752,209571.3955258955,529678.58821441
pangyo_1st_technovalley,판교역,30,26,판교,경강선,11.5,127.11144319589552,37.39478218191577,209868.22643659465,532832.2422259868
pangyo_1st_technovalley,판교역,30,828,수지구청,신분당선,11.5,127.0947672791618,37.32255214257053,208399.62957318188,524814.2196579697
pangyo_1st_technovalley,판교역,30,821,양재,신분당선,11.733333,127.03491881007974,37.483707202554456,203088.3821059551,542696.4093724476
pangyo_1st_technovalley,판교역,30,794,미금,분당선,12.3,127.10901849475744,37.35005408399885,209659.25388394718,527867.8573474591
pangyo_1st_technovalley,판교역,30,796,수내,분당선,12.3,127.1143520319864,37.37845478546335,210127.99814908224,531020.4549966251
pangyo_1st_technovalley,판교역,30,898,성남,경강선,13.5,127.11939278676086,37.39474732415628,210572.16297401124,532829.2347010946
pangyo_1st_technovalley,판교역,30,820,강남,신분당선,13.866667,127.02829567320644,37.49661485108958,202502.17044503297,544128.7920423816
pangyo_1st_technovalley,판교역,30,829,성복,신분당선,14.033333,127.08034168829444,37.31342955195196,207121.88814086,523800.57671492104
pangyo_1st_technovalley,판교역,30,797,서현,분당선,14.3,127.12345491196908,37.38502792700807,210933.2733739239,531750.990037986
pangyo_1st_technovalley,판교역,30,793,오리,분당선,14.3,127.1089653267135,37.33986223006651,209655.84803235682,526736.7174388769
pangyo_1st_technovalley,판교역,30,819,신논현,신분당선,15.3,127.0246034538366,37.50426117404449,202175.44771492403,544977.3431052591
pangyo_1st_technovalley,판교역,30,27,이매,경강선,15.5,127.12731612795024,37.39471204844055,211273.77588398688,532826.2369661301
pangyo_1st_technovalley,판교역,30,798,이매,분당선,16.133333,127.12828907263012,37.39642775541209,211359.6707253735,533016.771659351
pangyo_1st_technovalley,판교역,30,818,논현,신분당선,16.583333,127.02148163870044,37.5107948116954,201899.24997001133,545702.4255410673
pangyo_1st_technovalley,판교역,30,830,상현,신분당선,17.05,127.06933533255231,37.29774945722412,206147.50602825498,522059.57398662803
pangyo_1st_technovalley,판교역,30,792,죽전,분당선,17.633333,127.10756652082291,37.32470333266271,209533.8097155799,525054.1813257855
pangyo_1st_technovalley,판교역,30,508,양재,서울3호선,17.733333,127.0338695771307,37.48458004712426,202995.5482083967,542793.2496491452
pangyo_1st_technovalley,판교역,30,817,신사,신분당선,17.766667,127.01938995736656,37.51660518723846,201714.18584867846,546347.2632504198
pangyo_1st_technovalley,판교역,30,799,야탑,분당선,18.633333,127.1286852017904,37.41180416352642,211392.41874202606,534723.374786168
pangyo_1st_technovalley,판교역,30,507,남부터미널,서울3호선,20.233333,127.0163021415056,37.48500070905941,201441.81240348477,542839.5235739402
pangyo_1st_technovalley,판교역,30,509,매봉,서울3호선,20.233333,127.04677618667324,37.48696948538969,204136.92385374318,543058.9345849513
pangyo_1st_technovalley,판교역,30,831,광교중앙,신분당선,20.316667,127.05164498562326,37.2884501592719,204579.58331307242,521026.50512877497
pangyo_1st_technovalley,판교역,30,28,삼동,경강선,20.5,127.20342545155974,37.408720901714815,218009.86943965178,534392.8279322024
pangyo_1st_technovalley,판교역,30,791,보정,분당선,20.633333,127.10834005272706,37.31279826193464,209603.8838669656,523732.9911015313
pangyo_1st_technovalley,판교역,30,445,강남,서울2호선,20.7,127.02806167769988,37.49811677955261,202481.4286563659,544295.4803679711
pangyo_1st_technovalley,판교역,30,840,성남,GTX_A,21.5,127.12086379733869,37.39508384285294,210702.37232307898,532866.7491260648
pangyo_1st_technovalley,판교역,30,800,모란,분당선,21.633333,127.12906689217004,37.432299307382586,211423.0957908957,536998.087692357
pangyo_1st_technovalley,판교역,30,694,논현,서울7호선,22.083333,127.021853180708,37.51126113697782,201932.08698737208,545754.1892643344
pangyo_1st_technovalley,판교역,30,446,역삼,서울2호선,22.2,127.03636840669158,37.50063961417192,203215.865139945,544575.7337019544
pangyo_1st_technovalley,판교역,30,506,교대,서울3호선,22.233333,127.0138279671102,37.49296656096792,201222.858816473,543723.5932123954
pangyo_1st_technovalley,판교역,30,510,도곡,서울3호선,22.233333,127.0555675006598,37.491048742482185,204914.1676127927,543512.1010569647
pangyo_1st_technovalley,판교역,30,444,교대,서울2호선,22.7,127.0145212219361,37.49391874143159,201284.14962975867,543829.2820153857
pangyo_1st_technovalley,판교역,30,858,양재,GTX_C,22.733333,127.0337983991954,37.485537462493696,202989.21482791106,542899.5078171258
pangyo_1st_technovalley,판교역,30,790,구성,분당선,22.966667,127.10567039677504,37.29897873981181,209368.94454651055,522198.98516207596
pangyo_1st_technovalley,판교역,30,766,신논현,서울9호선,23.133333,127.02584213308398,37.5049205564883,202284.95215984233,545050.555422012
pangyo_1st_technovalley,판교역,30,693,반포,서울7호선,23.583333,127.01147731905736,37.50812717016541,201014.77703084753,545406.1965265187
pangyo_1st_technovalley,판교역,30,801,태평,분당선,23.633333,127.12780338697468,37.4397579701397,211310.14647431532,537825.7417633232
pangyo_1st_technovalley,판교역,30,511,대치,서울3호선,23.733333,127.06288260206011,37.49438321809049,205560.83878125914,543882.5912216605
pangyo_1st_technovalley,판교역,30,832,광교,신분당선,23.9,127.04436155242844,37.3020620582772,203933.0211598685,522536.8693272924
pangyo_1st_technovalley,판교역,30,695,학동,서울7호선,23.916667,127.03181201807584,37.51434017199306,202812.45382629332,546096.1740769547
pangyo_1st_technovalley,판교역,30,879,신논현,서울9호선급행,24.133333,127.02576262558544,37.50508932731812,202277.9170073122,545069.284885228
pangyo_1st_technovalley,판교역,30,443,서초,서울2호선,24.7,127.00770165990149,37.491811823574814,200681.09705594488,543595.3705408658
pangyo_1st_technovalley,판교역,30,447,선릉,서울2호선,24.7,127.04884944742884,37.50447516204327,204319.2764191641,545001.929658171
pangyo_1st_technovalley,판교역,30,505,고속터미널,서울3호선,24.733333,127.00493444785856,37.50486906037078,200436.30240984852,545044.5377296575
pangyo_1st_technovalley,판교역,30,503,신사,서울3호선,24.766667,127.02031497821802,37.51644325136979,201795.966993871,546329.3076733309
pangyo_1st_technovalley,판교역,30,512,학여울,서울3호선,25.233333,127.07121516297254,37.49685981421995,206297.49653910982,544157.9860053974
pangyo_1st_technovalley,판교역,30,789,신갈,분당선,25.3,127.1113292802862,37.28614017206379,209872.34987492068,520774.69570582197
pangyo_1st_technovalley,판교역,30,765,사평,서울9호선,25.316667,127.0151631744664,37.50422483239932,201340.73489388876,544973.1332937712
pangyo_1st_technovalley,판교역,30,29,경기광주,경강선,25.5,127.25322304647938,37.39897470821774,222421.51161395147,533321.8147290349
pangyo_1st_technovalley,판교역,30,696,강남구청,서울7호선,25.583333,127.0410971937261,37.5171658604025,203633.20561953337,546410.1077753201
pangyo_1st_technovalley,판교역,30,802,가천대,분당선,25.633333,127.1266911670322,37.44886491716168,211210.3600909792,538836.3530373116
pangyo_1st_technovalley,판교역,30,859,삼성,GTX_C,25.683333,127.06255285659152,37.51027848094224,205530.50614332868,545646.7408877047
pangyo_1st_technovalley,판교역,30,767,언주,서울9호선,25.683333,127.03388761609956,37.50732567260436,202996.23478349773,545317.7181759753
pangyo_1st_technovalley,판교역,30,692,고속터미널,서울7호선,25.75,127.00509044776165,37.50343658308469,200450.10447449228,544885.551942929
pangyo_1st_technovalley,판교역,30,448,삼성,서울2호선,26.7,127.06313210133392,37.50891530115271,205581.82061031493,545495.4795345248
pangyo_1st_technovalley,판교역,30,504,잠원,서울3호선,26.733333,127.0115777959725,37.51297848809268,201023.59453347445,545944.6319830568
pangyo_1st_technovalley,판교역,30,857,정부과천청사,GTX_C,27.1,126.99681401577432,37.432736488679616,199718.02541604784,537038.793048112
pangyo_1st_technovalley,판교역,30,718,모란,서울8호선,27.133333,127.12979700679932,37.43401380632197,211487.4527682334,537188.4615473535
pangyo_1st_technovalley,판교역,30,878,고속터미널,서울9호선급행,27.133333,127.00395600288556,37.50610053366641,200349.78285117284,545181.2113423788
pangyo_1st_technovalley,판교역,30,442,방배,서울2호선,27.2,126.99759853941435,37.48147207698431,199787.59732370346,542447.7701543716
pangyo_1st_technovalley,판교역,30,513,대청,서울3호선,27.233333,127.07965438746068,37.49351094157151,207044.08465801863,543786.9028490874
pangyo_1st_technovalley,판교역,30,880,선정릉,서울9호선급행,27.233333,127.0440542026834,37.51050736146603,203894.96661760783,545671.2172171577
pangyo_1st_technovalley,판교역,30,502,압구정,서울3호선,27.266667,127.02849480804664,37.52683240163011,202518.76419035025,547482.5605283685
pangyo_1st_technovalley,판교역,30,839,수서,GTX_A,27.35,127.10246845537694,37.486392416412166,209062.4639369563,542998.79155127
pangyo_1st_technovalley,판교역,30,768,선정릉,서울9호선,27.516667,127.04413239250458,37.510338197449975,203901.88842462035,545652.4454090482
pangyo_1st_technovalley,판교역,30,697,청담,서울7호선,27.583333,127.05357716068204,37.5194288912404,204736.35662773295,546661.8307918379
pangyo_1st_technovalley,판교역,30,841,구성,GTX_A,27.666667,127.10447748156407,37.29924690741223,209263.14542686948,522228.6297521241
pangyo_1st_technovalley,판교역,30,808,도곡,분당선,27.733333,127.05528972002826,37.49126963926923,204889.58740289265,543536.603238563
pangyo_1st_technovalley,판교역,30,764,고속터미널,서울9호선,27.766667,127.00404071210666,37.5059333743048,200357.27348885316,545162.6591194415
pangyo_1st_technovalley,판교역,30,788,기흥,분당선,27.8,127.11596117176872,37.27548895165585,210284.5415713837,519593.0851331903
pangyo_1st_technovalley,판교역,30,803,복정,분당선,28.633333,127.126555484368,37.47088919380632,211195.07027576305,541280.7310312241
pangyo_1st_technovalley,판교역,30,894,왕십리,GTX_C,28.683333,127.03900739938722,37.56121627615389,203446.4288528968,551299.0870548529
pangyo_1st_technovalley,판교역,30,449,종합운동장,서울2호선,28.7,127.0738741898419,37.51114024667451,206531.38792136285,545743.11153201
pangyo_1st_technovalley,판교역,30,691,내방,서울7호선,28.75,126.99366333702754,37.48767847349902,199439.58570417506,543136.6140608302
pangyo_1st_technovalley,판교역,30,807,구룡,분당선,29.066667,127.05959630216212,37.48702793012337,205270.74124561946,543066.0617099694
pangyo_1st_technovalley,판교역,30,719,수진,서울8호선,29.133333,127.14085740225366,37.43749374732599,212465.75667868584,537576.091345933
pangyo_1st_technovalley,판교역,30,809,한티,분당선,29.233333,127.05289869433383,37.496292233946704,204677.82199365043,544093.9241054715
pangyo_1st_technovalley,판교역,30,514,일원,서울3호선,29.233333,127.0842561048024,37.48389237561364,207451.98430139723,542719.7227611504
pangyo_1st_technovalley,판교역,30,763,신반포,서울9호선,29.416667,126.99611730898998,37.50349234382109,199656.68731346374,544891.7355743935
pangyo_1st_technovalley,판교역,30,895,인덕원,GTX_C,29.5,126.97686282512318,37.40152897876752,197951.40137563582,533575.4591626312
pangyo_1st_technovalley,판교역,30,30,초월,경강선,29.5,127.2998832452716,37.37339127196922,226562.04903090032,530494.5414485373
pangyo_1st_technovalley,판교역,30,769,삼성중앙,서울9호선,29.583333,127.0533265789544,37.51303446510631,204714.6068241201,545952.1177620228
pangyo_1st_technovalley,판교역,30,877,동작,서울9호선급행,29.716667,126.9785908278192,37.502936332057935,198106.95856346,544830.2336803857
pangyo_1st_technovalley,판교역,30,501,옥수,서울3호선,29.766667,127.0173497078396,37.54164650164616,201533.3031664461,549126.5030881026
pangyo_1st_technovalley,판교역,60,824,판교,신분당선,0.0,127.11115660285478,37.39456947025172,209842.87660537046,532808.6044602178
pangyo_1st_technovalley,판교역,60,825,정자,신분당선,3.3,127.10853330157944,37.36731490403886,209614.0628236814,529783.4901042742
pangyo_1st_technovalley,판교역,60,826,미금,신분당선,5.966667,127.10882039582212,37.350043730204725,209641.70324558634,527866.6879963846
pangyo_1st_technovalley,판교역,60,823,청계산입구,신분당선,6.55,127.05481605824002,37.448208355455385,204850.48034044087,538757.3584180137
pangyo_1st_technovalley,판교역,60,827,동천,신분당선,8.6,127.10282103853412,37.33792959003132,209111.61169044126,526521.6148640675
pangyo_1st_technovalley,판교역,60,822,양재시민의숲,신분당선,9.55,127.03847630891948,37.47013079615356,203403.63954100863,541189.732704508
pangyo_1st_technovalley,판교역,60,795,정자,분당선,9.8,127.10805027517874,37.36637015292752,209571.3955258955,529678.58821441
pangyo_1st_technovalley,판교역,60,26,판교,경강선,11.5,127.11144319589552,37.39478218191577,209868.22643659465,532832.2422259868
pangyo_1st_technovalley,판교역,60,828,수지구청,신분당선,11.5,127.0947672791618,37.32255214257053,208399.62957318188,524814.2196579697
pangyo_1st_technovalley,판교역,60,821,양재,신분당선,11.733333,127.03491881007974,37.483707202554456,203088.3821059551,542696.4093724476
pangyo_1st_technovalley,판교역,60,794,미금,분당선,12.3,127.10901849475744,37.35005408399885,209659.25388394718,527867.8573474591
pangyo_1st_technovalley,판교역,60,796,수내,분당선,12.3,127.1143520319864,37.37845478546335,210127.99814908224,531020.4549966251
pangyo_1st_technovalley,판교역,60,898,성남,경강선,13.5,127.11939278676086,37.39474732415628,210572.16297401124,532829.2347010946
pangyo_1st_technovalley,판교역,60,820,강남,신분당선,13.866667,127.02829567320644,37.49661485108958,202502.17044503297,544128.7920423816
pangyo_1st_technovalley,판교역,60,829,성복,신분당선,14.033333,127.08034168829444,37.31342955195196,207121.88814086,523800.57671492104
pangyo_1st_technovalley,판교역,60,797,서현,분당선,14.3,127.12345491196908,37.38502792700807,210933.2733739239,531750.990037986
pangyo_1st_technovalley,판교역,60,793,오리,분당선,14.3,127.1089653267135,37.33986223006651,209655.84803235682,526736.7174388769
pangyo_1st_technovalley,판교역,60,819,신논현,신분당선,15.3,127.0246034538366,37.50426117404449,202175.44771492403,544977.3431052591
pangyo_1st_technovalley,판교역,60,27,이매,경강선,15.5,127.12731612795024,37.39471204844055,211273.77588398688,532826.2369661301
pangyo_1st_technovalley,판교역,60,798,이매,분당선,16.133333,127.12828907263012,37.39642775541209,211359.6707253735,533016.771659351
pangyo_1st_technovalley,판교역,60,818,논현,신분당선,16.583333,127.02148163870044,37.5107948116954,201899.24997001133,545702.4255410673
pangyo_1st_technovalley,판교역,60,830,상현,신분당선,17.05,127.06933533255231,37.29774945722412,206147.50602825498,522059.57398662803
pangyo_1st_technovalley,판교역,60,792,죽전,분당선,17.633333,127.10756652082291,37.32470333266271,209533.8097155799,525054.1813257855
pangyo_1st_technovalley,판교역,60,508,양재,서울3호선,17.733333,127.0338695771307,37.48458004712426,202995.5482083967,542793.2496491452
pangyo_1st_technovalley,판교역,60,817,신사,신분당선,17.766667,127.01938995736656,37.51660518723846,201714.18584867846,546347.2632504198
pangyo_1st_technovalley,판교역,60,799,야탑,분당선,18.633333,127.1286852017904,37.41180416352642,211392.41874202606,534723.374786168
pangyo_1st_technovalley,판교역,60,507,남부터미널,서울3호선,20.233333,127.0163021415056,37.48500070905941,201441.81240348477,542839.5235739402
pangyo_1st_technovalley,판교역,60,509,매봉,서울3호선,20.233333,127.04677618667324,37.48696948538969,204136.92385374318,543058.9345849513
pangyo_1st_technovalley,판교역,60,831,광교중앙,신분당선,20.316667,127.05164498562326,37.2884501592719,204579.58331307242,521026.50512877497
pangyo_1st_technovalley,판교역,60,28,삼동,경강선,20.5,127.20342545155974,37.408720901714815,218009.86943965178,534392.8279322024
pangyo_1st_technovalley,판교역,60,791,보정,분당선,20.633333,127.10834005272706,37.31279826193464,209603.8838669656,523732.9911015313
pangyo_1st_technovalley,판교역,60,445,강남,서울2호선,20.7,127.02806167769988,37.49811677955261,202481.4286563659,544295.4803679711
pangyo_1st_technovalley,판교역,60,840,성남,GTX_A,21.5,127.12086379733869,37.39508384285294,210702.37232307898,532866.7491260648
pangyo_1st_technovalley,판교역,60,800,모란,분당선,21.633333,127.12906689217004,37.432299307382586,211423.0957908957,536998.087692357
pangyo_1st_technovalley,판교역,60,694,논현,서울7호선,22.083333,127.021853180708,37.51126113697782,201932.08698737208,545754.1892643344
pangyo_1st_technovalley,판교역,60,446,역삼,서울2호선,22.2,127.03636840669158,37.50063961417192,203215.865139945,544575.7337019544
pangyo_1st_technovalley,판교역,60,506,교대,서울3호선,22.233333,127.0138279671102,37.49296656096792,201222.858816473,543723.5932123954
pangyo_1st_technovalley,판교역,60,510,도곡,서울3호선,22.233333,127.0555675006598,37.491048742482185,204914.1676127927,543512.1010569647
pangyo_1st_technovalley,판교역,60,444,교대,서울2호선,22.7,127.0145212219361,37.49391874143159,201284.14962975867,543829.2820153857
pangyo_1st_technovalley,판교역,60,858,양재,GTX_C,22.733333,127.0337983991954,37.485537462493696,202989.21482791106,542899.5078171258
pangyo_1st_technovalley,판교역,60,790,구성,분당선,22.966667,127.10567039677504,37.29897873981181,209368.94454651055,522198.98516207596
pangyo_1st_technovalley,판교역,60,766,신논현,서울9호선,23.133333,127.02584213308398,37.5049205564883,202284.95215984233,545050.555422012
pangyo_1st_technovalley,판교역,60,693,반포,서울7호선,23.583333,127.01147731905736,37.50812717016541,201014.77703084753,545406.1965265187
pangyo_1st_technovalley,판교역,60,801,태평,분당선,23.633333,127.12780338697468,37.4397579701397,211310.14647431532,537825.7417633232
pangyo_1st_technovalley,판교역,60,511,대치,서울3호선,23.733333,127.06288260206011,37.49438321809049,205560.83878125914,543882.5912216605
pangyo_1st_technovalley,판교역,60,832,광교,신분당선,23.9,127.04436155242844,37.3020620582772,203933.0211598685,522536.8693272924
pangyo_1st_technovalley,판교역,60,695,학동,서울7호선,23.916667,127.03181201807584,37.51434017199306,202812.45382629332,546096.1740769547
pangyo_1st_technovalley,판교역,60,879,신논현,서울9호선급행,24.133333,127.02576262558544,37.50508932731812,202277.9170073122,545069.284885228
pangyo_1st_technovalley,판교역,60,443,서초,서울2호선,24.7,127.00770165990149,37.491811823574814,200681.09705594488,543595.3705408658
pangyo_1st_technovalley,판교역,60,447,선릉,서울2호선,24.7,127.04884944742884,37.50447516204327,204319.2764191641,545001.929658171
pangyo_1st_technovalley,판교역,60,505,고속터미널,서울3호선,24.733333,127.00493444785856,37.50486906037078,200436.30240984852,545044.5377296575
pangyo_1st_technovalley,판교역,60,503,신사,서울3호선,24.766667,127.02031497821802,37.51644325136979,201795.966993871,546329.3076733309
pangyo_1st_technovalley,판교역,60,512,학여울,서울3호선,25.233333,127.07121516297254,37.49685981421995,206297.49653910982,544157.9860053974
pangyo_1st_technovalley,판교역,60,789,신갈,분당선,25.3,127.1113292802862,37.28614017206379,209872.34987492068,520774.69570582197
pangyo_1st_technovalley,판교역,60,765,사평,서울9호선,25.316667,127.0151631744664,37.50422483239932,201340.73489388876,544973.1332937712
pangyo_1st_technovalley,판교역,60,29,경기광주,경강선,25.5,127.25322304647938,37.39897470821774,222421.51161395147,533321.8147290349
pangyo_1st_technovalley,판교역,60,696,강남구청,서울7호선,25.583333,127.0410971937261,37.5171658604025,203633.20561953337,546410.1077753201
pangyo_1st_technovalley,판교역,60,802,가천대,분당선,25.633333,127.1266911670322,37.44886491716168,211210.3600909792,538836.3530373116
pangyo_1st_technovalley,판교역,60,859,삼성,GTX_C,25.683333,127.06255285659152,37.51027848094224,205530.50614332868,545646.7408877047
pangyo_1st_technovalley,판교역,60,767,언주,서울9호선,25.683333,127.03388761609956,37.50732567260436,202996.23478349773,545317.7181759753
pangyo_1st_technovalley,판교역,60,692,고속터미널,서울7호선,25.75,127.00509044776165,37.50343658308469,200450.10447449228,544885.551942929
pangyo_1st_technovalley,판교역,60,448,삼성,서울2호선,26.7,127.06313210133392,37.50891530115271,205581.82061031493,545495.4795345248
pangyo_1st_technovalley,판교역,60,504,잠원,서울3호선,26.733333,127.0115777959725,37.51297848809268,201023.59453347445,545944.6319830568
pangyo_1st_technovalley,판교역,60,857,정부과천청사,GTX_C,27.1,126.99681401577432,37.432736488679616,199718.02541604784,537038.793048112
pangyo_1st_technovalley,판교역,60,718,모란,서울8호선,27.133333,127.12979700679932,37.43401380632197,211487.4527682334,537188.4615473535
pangyo_1st_technovalley,판교역,60,878,고속터미널,서울9호선급행,27.133333,127.00395600288556,37.50610053366641,200349.78285117284,545181.2113423788
pangyo_1st_technovalley,판교역,60,442,방배,서울2호선,27.2,126.99759853941435,37.48147207698431,199787.59732370346,542447.7701543716
pangyo_1st_technovalley,판교역,60,513,대청,서울3호선,27.233333,127.07965438746068,37.49351094157151,207044.08465801863,543786.9028490874
pangyo_1st_technovalley,판교역,60,880,선정릉,서울9호선급행,27.233333,127.0440542026834,37.51050736146603,203894.96661760783,545671.2172171577
pangyo_1st_technovalley,판교역,60,502,압구정,서울3호선,27.266667,127.02849480804664,37.52683240163011,202518.76419035025,547482.5605283685
pangyo_1st_technovalley,판교역,60,839,수서,GTX_A,27.35,127.10246845537694,37.486392416412166,209062.4639369563,542998.79155127
pangyo_1st_technovalley,판교역,60,768,선정릉,서울9호선,27.516667,127.04413239250458,37.510338197449975,203901.88842462035,545652.4454090482
pangyo_1st_technovalley,판교역,60,697,청담,서울7호선,27.583333,127.05357716068204,37.5194288912404,204736.35662773295,546661.8307918379
pangyo_1st_technovalley,판교역,60,841,구성,GTX_A,27.666667,127.10447748156407,37.29924690741223,209263.14542686948,522228.6297521241
pangyo_1st_technovalley,판교역,60,808,도곡,분당선,27.733333,127.05528972002826,37.49126963926923,204889.58740289265,543536.603238563
pangyo_1st_technovalley,판교역,60,764,고속터미널,서울9호선,27.766667,127.00404071210666,37.5059333743048,200357.27348885316,545162.6591194415
pangyo_1st_technovalley,판교역,60,788,기흥,분당선,27.8,127.11596117176872,37.27548895165585,210284.5415713837,519593.0851331903
pangyo_1st_technovalley,판교역,60,803,복정,분당선,28.633333,127.126555484368,37.47088919380632,211195.07027576305,541280.7310312241
pangyo_1st_technovalley,판교역,60,894,왕십리,GTX_C,28.683333,127.03900739938722,37.56121627615389,203446.4288528968,551299.0870548529
pangyo_1st_technovalley,판교역,60,449,종합운동장,서울2호선,28.7,127.0738741898419,37.51114024667451,206531.38792136285,545743.11153201
pangyo_1st_technovalley,판교역,60,691,내방,서울7호선,28.75,126.99366333702754,37.48767847349902,199439.58570417506,543136.6140608302
pangyo_1st_technovalley,판교역,60,807,구룡,분당선,29.066667,127.05959630216212,37.48702793012337,205270.74124561946,543066.0617099694
pangyo_1st_technovalley,판교역,60,719,수진,서울8호선,29.133333,127.14085740225366,37.43749374732599,212465.75667868584,537576.091345933
pangyo_1st_technovalley,판교역,60,809,한티,분당선,29.233333,127.05289869433383,37.496292233946704,204677.82199365043,544093.9241054715
pangyo_1st_technovalley,판교역,60,514,일원,서울3호선,29.233333,127.0842561048024,37.48389237561364,207451.98430139723,542719.7227611504
pangyo_1st_technovalley,판교역,60,763,신반포,서울9호선,29.416667,126.99611730898998,37.50349234382109,199656.68731346374,544891.7355743935
pangyo_1st_technovalley,판교역,60,895,인덕원,GTX_C,29.5,126.97686282512318,37.40152897876752,197951.40137563582,533575.4591626312
pangyo_1st_technovalley,판교역,60,30,초월,경강선,29.5,127.2998832452716,37.37339127196922,226562.04903090032,530494.5414485373
pangyo_1st_technovalley,판교역,60,769,삼성중앙,서울9호선,29.583333,127.0533265789544,37.51303446510631,204714.6068241201,545952.1177620228
pangyo_1st_technovalley,판교역,60,877,동작,서울9호선급행,29.716667,126.9785908278192,37.502936332057935,198106.95856346,544830.2336803857
pangyo_1st_technovalley,판교역,60,501,옥수,서울3호선,29.766667,127.0173497078396,37.54164650164616,201533.3031664461,549126.5030881026
pangyo_1st_technovalley,판교역,60,881,봉은사,서울9호선급행,30.1,127.0601734237017,37.51442725764903,205319.8380729305,546107.0651613686
pangyo_1st_technovalley,판교역,60,787,상갈,분당선,30.133333,127.1087702594018,37.26180717695745,209648.52830925735,518073.88680729683
pangyo_1st_technovalley,판교역,60,838,삼성,GTX_A,30.183333,127.06254819504764,37.509771638932015,205530.13139315363,545590.4876164575
pangyo_1st_technovalley,판교역,60,441,사당,서울2호선,30.2,126.98145992891384,37.47655688046076,198360.07357488794,541902.407726546
pangyo_1st_technovalley,판교역,60,698,뚝섬유원지,서울7호선,30.583333,127.06669338787944,37.53153233958963,205894.9119866743,548005.9038781628
pangyo_1st_technovalley,판교역,60,720,신흥,서울8호선,30.633333,127.14760299428023,37.440910752121255,213062.14207555077,537956.2445324227
pangyo_1st_technovalley,판교역,60,450,잠실새내,서울2호선,30.7,127.08578361601803,37.51162337532623,207584.27913018884,545797.625971368
pangyo_1st_technovalley,판교역,60,860,청량리,GTX_C,30.816667,127.04917491717704,37.580855209690085,204343.6210317288,553479.2020086922
pangyo_1st_technovalley,판교역,60,806,개포동,분당선,30.9,127.06603356695186,37.48909188383677,205839.89711657923,543295.5132432455
pangyo_1st_technovalley,판교역,60,690,이수,서울7호선,30.916667,126.98159125571313,37.48525347981365,198371.8785387714,542867.6121251262
pangyo_1st_technovalley,판교역,60,810,선릉,분당선,31.033333,127.04887341969834,37.50484218769327,204321.37489646024,545042.6658840684
pangyo_1st_technovalley,판교역,60,762,구반포,서울9호선,31.15,126.98746198997472,37.50147537502471,198891.34270650518,544667.9448555456
pangyo_1st_technovalley,판교역,60,500,금호,서울3호선,31.266667,127.01581679193748,37.54824925934082,201397.7064352888,549859.3053050353
pangyo_1st_technovalley,판교역,60,770,봉은사,서울9호선,31.4,127.06022236028824,37.5142512509896,205324.17698361285,546087.5334214951
pangyo_1st_technovalley,판교역,60,515,수서,서울3호선,31.733333,127.1020946489058,37.48744612229928,209029.2771020779,543115.7031180791
pangyo_1st_technovalley,판교역,60,812,강남구청,분당선,32.083333,127.04141846607048,37.516818175071926,203661.62475474845,546371.531552071
pangyo_1st_technovalley,판교역,60,721,단대오거리,서울8호선,32.133333,127.15672440797957,37.44508841834457,213868.57194640272,538421.210568585
pangyo_1st_technovalley,판교역,60,805,대모산입구,분당선,32.233333,127.07272520536556,37.49139885544521,206431.49659327947,543551.9929504927
pangyo_1st_technovalley,판교역,60,699,건대입구,서울7호선,32.416667,127.07104527435244,37.540787120208606,206278.79168210237,549033.3527304308
pangyo_1st_technovalley,판교역,60,804,수서,분당선,32.633333,127.10179180251572,37.487183508394914,209002.5247956375,543086.5274274613
pangyo_1st_technovalley,판교역,60,882,종합운동장,서울9호선급행,32.633333,127.07610376624258,37.51175432363645,206728.4548316606,545811.4233592725
pangyo_1st_technovalley,판교역,60,451,잠실,서울2호선,32.7,127.10041380810402,37.5133366015627,208877.5573312333,545989.0521575582
pangyo_1st_technovalley,판교역,60,689,남성,서울7호선,32.75,126.97063352333238,37.48486445621787,197402.73217963896,542824.6815435878
pangyo_1st_technovalley,판교역,60,499,약수,서울3호선,32.766667,127.01098427642752,37.55439350786292,200970.584528655,550541.1823169914
pangyo_1st_technovalley,판교역,60,856,금정,GTX_C,32.833333,126.9436721446339,37.372746996326406,195010.7439335654,530382.3307852944
pangyo_1st_technovalley,판교역,60,811,선정릉,분당선,33.033333,127.043735554321,37.5106387912849,203866.78716116634,545685.7911083113
pangyo_1st_technovalley,판교역,60,440,낙성대,서울2호선,33.2,126.9633714730419,37.477128579538125,196760.11854468923,541966.3273394193
pangyo_1st_technovalley,판교역,60,761,동작,서울9호선,33.266667,126.97846610287309,37.50278592651394,198095.92631684142,544813.5431224455
pangyo_1st_technovalley,판교역,60,724,복정,서울8호선,33.3,127.12676817610888,37.470868178941465,211213.88808775824,541278.4239671334
pangyo_1st_technovalley,판교역,60,166,기흥,용인경전철,33.3,127.11753466306268,37.275446605331936,210424.0996625811,519588.55763669126
pangyo_1st_technovalley,판교역,60,786,청명,분당선,33.466667,127.0789575841608,37.25947839664072,207004.19293796527,517812.8097158487
pangyo_1st_technovalley,판교역,60,771,종합운동장,서울9호선,33.666667,127.07598223383413,37.51160225275392,206717.72358601395,545794.5367416851
pangyo_1st_technovalley,판교역,60,722,남한산성입구,서울8호선,33.8,127.16003270270654,37.45203498104027,214160.01438231516,539192.6750561103
pangyo_1st_technovalley,판교역,60,842,동탄,GTX_A,33.816667,127.0962534758153,37.200156519373536,208545.17396014568,511230.56960966927
pangyo_1st_technovalley,판교역,60,876,노량진,서울9호선급행,34.133333,126.94090950679448,37.51374810573692,194775.85478449467,546031.6272331623
pangyo_1st_technovalley,판교역,60,241,복정,위례선,34.133333,127.1270278105517,37.47088445717129,211236.8528729369,541280.2615775759
pangyo_1st_technovalley,판교역,60,516,가락시장,서울3호선,34.233333,127.1176994968518,37.49224072819765,210408.70904714483,543649.4526006386
pangyo_1st_technovalley,판교역,60,498,동대입구,서울3호선,34.266667,127.00581884359067,37.55909036634736,200514.1280927346,551062.4369506598
pangyo_1st_technovalley,판교역,60,861,광운대,GTX_C,34.366667,127.062239193186,37.62385319901377,205494.42560132712,558252.1893601859
pangyo_1st_technovalley,판교역,60,700,어린이대공원,서울7호선,34.416667,127.07460765080978,37.54797651986144,206592.9918869369,549831.5329167189
pangyo_1st_technovalley,판교역,60,31,곤지암,경강선,34.5,127.34625353575343,37.35053613625162,230678.59560525586,527972.022620046
pangyo_1st_technovalley,판교역,60,537,과천,서울4호선,34.6,126.99674146651338,37.43291738178273,199711.60515935803,537058.8698282992
pangyo_1st_technovalley,판교역,60,452,잠실나루,서울2호선,34.7,127.10378518773568,37.52071866422928,209174.71635098694,546808.6915722984
pangyo_1st_technovalley,판교역,60,542,사당,서울4호선,34.7,126.98165285774417,37.47668573822636,198377.1415110576,541916.7058692414
pangyo_1st_technovalley,판교역,60,725,장지,서울8호선,34.966667,127.12621866852548,37.47858602461259,211164.1306704346,542134.9363733239
pangyo_1st_technovalley,판교역,60,167,강남대,용인경전철,35.033333,127.12604715514982,37.27014813638295,211179.8527590279,519001.4904814933
pangyo_1st_technovalley,판교역,60,813,압구정로데오,분당선,35.083333,127.04055846245012,37.52734337097982,203585.09195757113,547539.6631880631
pangyo_1st_technovalley,판교역,60,735,남위례,서울8호선,35.133333,127.13969234334893,37.46249121266242,212358.53684047298,540350.311127827
pangyo_1st_technovalley,판교역,60,439,서울대입구,서울2호선,35.2,126.9527461218336,37.48126938801276,195820.51121019124,542426.3204139896
pangyo_1st_technovalley,판교역,60,785,영통,분당선,35.3,127.0712716363746,37.25144826415261,206323.05659586092,516921.06470390054
pangyo_1st_technovalley,판교역,60,517,경찰병원,서울3호선,35.733333,127.12438262870327,37.49583762756161,210999.20193465025,544049.421592523
pangyo_1st_technovalley,판교역,60,688,숭실대입구,서울7호선,35.75,126.95386677948132,37.496018811223465,195920.43279791463,544063.2630206627
pangyo_1st_technovalley,판교역,60,760,흑석,서울9호선,35.8,126.96348987575094,37.5091650981065,196771.9706228946,545521.9575898754
pangyo_1st_technovalley,판교역,60,543,이수,서울4호선,36.25,126.98218414692924,37.4866819129001,198424.3455170546,543026.1392174251
pangyo_1st_technovalley,판교역,60,701,군자,서울7호선,36.25,127.07940313207344,37.557012386873,207015.91600889925,550834.7533043631
pangyo_1st_technovalley,판교역,60,497,충무로,서울3호선,36.266667,126.9941079964346,37.56139947047944,199479.42387108828,551318.7205998417
pangyo_1st_technovalley,판교역,60,896,의왕,GTX_C,36.333333,126.94837584572214,37.3203070640669,195424.1945254305,524562.0907000426
pangyo_1st_technovalley,판교역,60,240,위례스마트시티,위례선,36.383333,127.13472877737894,37.46901415690397,211918.37600782295,541073.6300661976
pangyo_1st_technovalley,판교역,60,837,서울역,GTX_A,36.4,126.97008315962778,37.55549841523453,197356.54922771093,550664.1778069205
pangyo_1st_technovalley,판교역,60,726,문정,서울8호선,36.466667,127.12239054688452,37.48599958850546,210824.46092328243,542957.2969012362
pangyo_1st_technovalley,판교역,60,723,산성,서울8호선,36.466667,127.1499895659972,37.45687166092399,213270.52237866347,539728.0181882225
pangyo_1st_technovalley,판교역,60,772,삼전,서울9호선,36.533333,127.0870865662072,37.504639986996615,207700.1925434112,545022.6649106635
pangyo_1st_technovalley,판교역,60,544,동작,서울4호선,36.55,126.98029388425194,37.50313526273477,198257.55081332824,544852.279524483
pangyo_1st_technovalley,판교역,60,538,대공원,서울4호선,36.6,127.00653686551745,37.43572575371737,200578.52032600332,537370.5743103623
pangyo_1st_technovalley,판교역,60,536,정부과천청사,서울4호선,36.6,126.98989918923232,37.42649426149006,199105.9565215859,536346.0381511819
pangyo_1st_technovalley,판교역,60,438,봉천,서울2호선,36.7,126.9418316933872,37.482419659917305,194855.23576629965,542554.5257241667
pangyo_1st_technovalley,판교역,60,168,지석,용인경전철,36.783333,127.13663911569527,37.269748151901375,212119.3797004603,518958.40325049113
pangyo_1st_technovalley,판교역,60,883,석촌,서울9호선급행,36.8,127.10677442004425,37.50520387554385,209440.9216789192,545087.042309411
pangyo_1st_technovalley,판교역,60,862,창동,GTX_C,36.916667,127.04791770800362,37.65375269520752,204228.4415297811,561569.9824143986
pangyo_1st_technovalley,판교역,60,814,서울숲,분당선,36.916667,127.04468169688803,37.54360242963025,203948.70044643257,549344.3840811735
pangyo_1st_technovalley,판교역,60,453,강변,서울2호선,37.2,127.0947560262475,37.5352127586193,208374.90848513867,548416.514090757
pangyo_1st_technovalley,판교역,60,541,남태령,서울4호선,37.2,126.98907757220772,37.46430177367908,199033.7198646567,540542.1511519694
pangyo_1st_technovalley,판교역,60,518,오금,서울3호선,37.233333,127.12842533949964,37.50230020627933,211355.72181237262,544767.1644981389
pangyo_1st_technovalley,판교역,60,875,여의도,서울9호선급행,37.383333,126.92455402440213,37.52158959075807,193330.57684967242,546902.9670142005
pangyo_1st_technovalley,판교역,60,687,상도,서울7호선,37.416667,126.94787542522896,37.50291164320335,195391.0401336681,544828.5545636939
pangyo_1st_technovalley,판교역,60,455,건대입구,서울2호선,37.583333,127.06916133687464,37.54039736656281,206112.32611256398,548989.9706929771
pangyo_1st_technovalley,판교역,60,496,을지로3가,서울3호선,37.766667,126.99259461491604,37.56662272166245,199345.75776908695,551898.4495303547
pangyo_1st_technovalley,판교역,60,784,망포,분당선,37.8,127.0573640058352,37.245814814998205,205089.58217017938,516295.0130268206
pangyo_1st_technovalley,판교역,60,759,노들,서울9호선,37.8,126.9531088296662,37.51269866083732,195854.32959375248,545914.5447543565
pangyo_1st_technovalley,판교역,60,727,가락시장,서울8호선,37.966667,127.11815833405204,37.49313536324696,210449.1615172304,543748.7962592622
pangyo_1st_technovalley,판교역,60,702,중곡,서울7호선,38.25,127.08437025699816,37.56605296105017,207453.90146350308,551838.5329485752
pangyo_1st_technovalley,판교역,60,649,약수,서울6호선,38.266667,127.01019294689584,37.5540137609658,200900.66622242314,550499.0270699398
pangyo_1st_technovalley,판교역,60,169,어정,용인경전철,38.3,127.1437690636977,37.27496736479221,212750.8996067013,519538.5834779448
pangyo_1st_technovalley,판교역,60,850,청량리,GTX_B,38.316667,127.04819242854828,37.581262674858365,204256.81459473236,553524.3810148768
pangyo_1st_technovalley,판교역,60,359,청량리,서울1호선,38.316667,127.04503311544887,37.58010274701368,203977.81564695033,553395.5038251431
pangyo_1st_technovalley,판교역,60,347,노량진,서울1호선,38.466667,126.94212727274434,37.51403929133789,194883.53642673613,546063.8782229306
pangyo_1st_technovalley,판교역,60,539,경마공원,서울4호선,38.6,127.00794132540386,37.44391524695267,200702.74010083821,538279.5021654221
pangyo_1st_technovalley,판교역,60,773,석촌고분,서울9호선,38.633333,127.09697063884455,37.50248404349023,208574.38881982004,544784.2375289107
pangyo_1st_technovalley,판교역,60,237,위례역사공원,위례선,38.633333,127.14201372859924,37.47018745174672,212562.6212901078,541204.7967961855
pangyo_1st_technovalley,판교역,60,454,구의,서울2호선,38.7,127.0862247417597,37.53715481665681,207620.68238500145,548631.3332026995
pangyo_1st_technovalley,판교역,60,437,신림,서울2호선,38.7,126.9296473680417,37.48426475767833,193777.73167722297,542760.042606524
pangyo_1st_technovalley,판교역,60,758,노량진,서울9호선,38.8,126.94093021413612,37.51356859610538,194777.67299691975,546011.7027926018
pangyo_1st_technovalley,판교역,60,897,상록수,GTX_C,38.833333,126.86671382853962,37.30255697471023,188183.1455039945,522599.20369224565
pangyo_1st_technovalley,판교역,60,456,성수,서울2호선,39.083333,127.05638072816848,37.54448421832996,204982.5320725418,549442.8075744329
pangyo_1st_technovalley,판교역,60,730,잠실,서울8호선,39.2,127.10320255466382,37.51422780237127,209124.0012283694,546088.230944805
pangyo_1st_technovalley,판교역,60,99,옥수,경의중앙선,39.266667,127.0185867229776,37.5403743443041,201642.65391054747,548985.3300202586
pangyo_1st_technovalley,판교역,60,495,종로3가,서울3호선,39.266667,126.99182698976216,37.5716687202438,199277.9892363085,552458.5021568299
pangyo_1st_technovalley,판교역,60,686,장승배기,서울7호선,39.416667,126.93935718612674,37.50506903351389,194637.99450289994,545068.4483685484
pangyo_1st_technovalley,판교역,60,32,신둔도예촌,경강선,39.5,127.40524573211432,37.315605515371374,235922.04541241564,524116.05667573167
pangyo_1st_technovalley,판교역,60,648,버티고개,서울6호선,39.766667,127.00691104815432,37.54790967736629,200610.72184000455,549821.5206748538
pangyo_1st_technovalley,판교역,60,728,송파,서울8호선,39.8,127.11245977050264,37.499453281817736,209944.37932763508,544449.3859222594
pangyo_1st_technovalley,판교역,60,816,청량리,분당선,39.816667,127.04875972294188,37.58054846319079,204306.96458772078,553445.1375384545
pangyo_1st_technovalley,판교역,60,238,위례트램스퀘어,위례선,39.966667,127.14180744696384,37.46718144424226,212544.87579466714,540871.1429401787
pangyo_1st_technovalley,판교역,60,545,이촌,서울4호선,40.05,126.97437769380484,37.52241216709484,197735.0135206133,546991.8966899788
pangyo_1st_technovalley,판교역,60,703,용마산,서울7호선,40.083333,127.08684287860366,37.573766288916445,207671.56028205843,552694.8217588395
pangyo_1st_technovalley,판교역,60,535,인덕원,서울4호선,40.1,126.9766831289701,37.40152443189371,197935.490695727,533574.9584446787
pangyo_1st_technovalley,판교역,60,650,청구,서울6호선,40.1,127.01384244854054,37.56041608611719,201223.03778706124,551209.6503001188
pangyo_1st_technovalley,판교역,60,783,매탄권선,분당선,40.133333,127.0408614400052,37.25242918530788,203625.0863498902,517028.33161130245
pangyo_1st_technovalley,판교역,60,236,위례중앙광장,위례선,40.133333,127.14225556910638,37.47415273575992,212583.3499014258,541644.9224820584
pangyo_1st_technovalley,판교역,60,540,선바위,서울4호선,40.2,127.00203740744016,37.45196671145504,200180.27399724541,539173.0747989542
pangyo_1st_technovalley,판교역,60,815,왕십리,분당선,40.25,127.03858040056603,37.56196040259133,203408.66823416704,551381.6607395553
pangyo_1st_technovalley,판교역,60,170,동백,용인경전철,40.266667,127.1527113483014,37.26912941082946,213545.0384554373,518891.91343474435
pangyo_1st_technovalley,판교역,60,358,제기동,서울1호선,40.316667,127.03444274006958,37.57815380758885,203042.43751887043,553178.798217786
pangyo_1st_technovalley,판교역,60,413,금정,서울1호선,40.333333,126.9431833772429,37.372603117255935,194967.44160521572,530366.3883631113
pangyo_1st_technovalley,판교역,60,532,금정,서울4호선,40.333333,126.9433540751319,37.37265770582086,194982.56488603447,530372.4377689376
pangyo_1st_technovalley,판교역,60,774,석촌,서울9호선,40.45,127.10690960060364,37.50505930875045,209452.89248354378,545071.010818132
pangyo_1st_technovalley,판교역,60,457,뚝섬,서울2호선,40.583333,127.04703599105132,37.5473444530958,204156.5510879432,549759.8048952087
pangyo_1st_technovalley,판교역,60,239,남위례,위례선,40.633333,127.13948214978772,37.46275421160215,212339.89785247465,540379.4728825322
pangyo_1st_technovalley,판교역,60,552,충무로,서울4호선,40.933333,126.99469388630308,37.56139337164911,199531.18895428904,551318.0406179057
pangyo_1st_technovalley,판교역,60,346,대방,서울1호선,40.966667,126.92623406710486,37.5133483698036,193478.37545823457,545988.1776282623
pangyo_1st_technovalley,판교역,60,731,몽촌토성,서울8호선,41.033333,127.11286618903804,37.51782512393169,209977.8716648804,546488.4692795654
pangyo_1st_technovalley,판교역,60,757,샛강,서울9호선,41.05,126.9285704796848,37.517293054991526,193685.26942272854,546425.8283970866
pangyo_1st_technovalley,판교역,60,874,당산,서울9호선급행,41.05,126.902466324419,37.53384922383786,191379.4349837989,548265.4294476828
pangyo_1st_technovalley,판교역,60,884,올림픽공원,서울9호선급행,41.05,127.13105462314178,37.51633991834076,211586.04020333037,546325.7145625938
pangyo_1st_technovalley,판교역,60,235,위례별,위례선,41.166667,127.14306219365102,37.477464296284296,212654.1423109359,542012.5696489409
pangyo_1st_technovalley,판교역,60,436,신대방,서울2호선,41.2,126.9136467073756,37.48771506988466,192362.92019104311,543144.1594279433
pangyo_1st_technovalley,판교역,60,494,안국,서울3호선,41.266667,126.98533293693087,37.576442750720375,198704.38172403755,552988.4340418307
pangyo_1st_technovalley,판교역,60,851,상봉,GTX_B,41.316667,127.0881139773615,37.59763458456287,207781.36219065168,555344.0370589779
pangyo_1st_technovalley,판교역,60,360,회기,서울1호선,41.316667,127.058156116929,37.58988954795909,205136.30980096495,554482.3642780295
pangyo_1st_technovalley,판교역,60,604,군자,서울5호선,41.416667,127.07978942893898,37.55705115942891,207050.04484861757,550839.0855015432
pangyo_1st_technovalley,판교역,60,729,석촌,서울8호선,41.466667,127.1072024211311,37.505234569854736,209478.76137503935,545090.4920080592
pangyo_1st_technovalley,판교역,60,855,수원,GTX_C,41.5,126.9997395210158,37.26733228283448,199976.89575383582,518681.5324778354
pangyo_1st_technovalley,판교역,60,704,사가정,서울7호선,41.583333,127.08850714914593,37.58097211223812,207817.82589186192,553494.7226719335
pangyo_1st_technovalley,판교역,60,647,한강진,서울6호선,41.6,127.00176196884566,37.53967214815189,200155.72041116375,548907.2339334385
pangyo_1st_technovalley,판교역,60,622,오금,서울5호선,41.733333,127.12789900357716,37.502175504672856,211309.20053064384,544753.2608445992
pangyo_1st_technovalley,판교역,60,685,신대방삼거리,서울7호선,41.75,126.92827053743332,37.49973006158815,193657.2671483321,544476.5807623478
pangyo_1st_technovalley,판교역,60,836,연신내,GTX_A,41.866667,126.9202465708694,37.62016672661696,192959.08392437038,557844.1997163899
pangyo_1st_technovalley,판교역,60,364,광운대,서울1호선,41.866667,127.06174689099625,37.623729816733,205450.97456747678,558238.4665301697
pangyo_1st_technovalley,판교역,60,586,여의도,서울5호선,41.883333,126.92459047309865,37.52187648529448,193333.8244391693,546934.8061298309
pangyo_1st_technovalley,판교역,60,651,신당,서울6호선,41.933333,127.01613939171752,37.56613394327701,201425.87327254648,551844.2975147811
pangyo_1st_technovalley,판교역,60,349,용산,서울1호선,41.966667,126.96432105098854,37.52960468897794,196846.31902976034,547790.4666028392
pangyo_1st_technovalley,판교역,60,756,여의도,서울9호선,42.05,126.92437714675653,37.52147712051884,193314.93083135315,546890.4967819194
pangyo_1st_technovalley,판교역,60,171,초당,용인경전철,42.083333,127.15947848591688,37.26081086407165,214146.81963096932,517969.688634838
pangyo_1st_technovalley,판교역,60,234,위례호수공원,위례선,42.183333,127.14328724257729,37.48075810498525,212673.4920743366,542378.1689861241
pangyo_1st_technovalley,판교역,60,100,응봉,경의중앙선,42.266667,127.03465062663128,37.5501726486635,203061.94582078626,550073.2250821003
pangyo_1st_technovalley,판교역,60,98,한남,경의중앙선,42.266667,127.00930523910256,37.529487486397066,200822.49622677302,547776.9010976683
pangyo_1st_technovalley,판교역,60,849,서울역,GTX_B,42.316667,126.9707980455235,37.55736652877564,197419.7809301195,550871.4963226541
pangyo_1st_technovalley,판교역,60,102,청량리,경의중앙선,42.316667,127.04849116980267,37.58068049315112,204283.23562321468,553459.7790765536
pangyo_1st_technovalley,판교역,60,357,신설동,서울1호선,42.316667,127.02450627352648,37.57600288625438,202164.77986301822,552939.795344911
pangyo_1st_technovalley,판교역,60,551,명동,서울4호선,42.433333,126.98574103082794,37.56088522014015,198740.16878524498,551261.7241331819
pangyo_1st_technovalley,판교역,60,345,신길,서울1호선,42.466667,126.91817592758282,37.51689070819467,192766.29949633044,546381.9214206521
pangyo_1st_technovalley,판교역,60,775,송파나루,서울9호선,42.483333,127.1122200644706,37.51030427208916,209921.74694585172,545653.6814794868
pangyo_1st_technovalley,판교역,60,546,신용산,서울4호선,42.55,126.96789823329632,37.52923138639255,197162.49391363972,547748.9207160664
pangyo_1st_technovalley,판교역,60,458,한양대,서울2호선,42.583333,127.04362373849646,37.55548547037737,203854.59243901298,550663.2148480527
pangyo_1st_technovalley,판교역,60,534,평촌,서울4호선,42.6,126.96363713357556,37.39420295110889,196780.06625207711,532762.7484241809
pangyo_1st_technovalley,판교역,60,464,을지로3가,서울2호선,42.766667,126.9910443015022,37.56629631337946,199208.78905468408,551862.2339561086
pangyo_1st_technovalley,판교역,60,863,의정부,GTX_C,42.783333,127.04695247051094,37.73840702062984,204138.55714664076,570965.7858122262
pangyo_1st_technovalley,판교역,60,414,명학,서울1호선,42.833333,126.93555966973884,37.38450707867211,194293.07020773532,531687.9805045575
pangyo_1st_technovalley,판교역,60,410,의왕,서울1호선,42.833333,126.9480838426756,37.320310194975306,195398.31246690813,524562.4523580753
pangyo_1st_technovalley,판교역,60,886,성수,서울2호선,43.083333,127.05640483439984,37.54454029194622,204984.65867835627,549449.0323444682
pangyo_1st_technovalley,판교역,60,782,수원시청,분당선,43.133333,127.03073907903122,37.26194430398132,202726.72230423917,518084.0033553389
pangyo_1st_technovalley,판교역,60,435,구로디지털단지,서울2호선,43.2,126.9013451006836,37.4853026389804,191274.6860321077,542877.4803724647
pangyo_1st_technovalley,판교역,60,705,면목,서울7호선,43.25,127.08749999489152,37.5887397099918,207728.06102279658,554356.7546741668
pangyo_1st_technovalley,판교역,60,493,경복궁,서울3호선,43.266667,126.97351447221486,37.57580958905711,197660.37519209922,552918.3890288715
pangyo_1st_technovalley,판교역,60,361,외대앞,서울1호선,43.316667,127.06375491007906,37.59657323790454,205630.28799880328,555224.4999838632
pangyo_1st_technovalley,판교역,60,412,군포,서울1호선,43.333333,126.94851268339023,37.354204394944425,195438.3737929454,528324.1449719088
pangyo_1st_technovalley,판교역,60,684,보라매,서울7호선,43.416667,126.92034734244736,37.4999176165529,192956.67004723902,544497.9603744838
pangyo_1st_technovalley,판교역,60,553,동대문역사문화공원,서울4호선,43.433333,127.00788803473624,37.56506741473066,200696.89728237086,551725.8321624142
pangyo_1st_technovalley,판교역,60,233,덕수고등학교,위례선,43.433333,127.14567481680112,37.48490567223692,212883.95651980228,542838.8182689981
pangyo_1st_technovalley,판교역,60,652,동묘앞,서울6호선,43.433333,127.01570276450394,37.572132307753456,201387.18714565886,552510.0394980481
pangyo_1st_technovalley,판교역,60,732,강동구청,서울8호선,43.533333,127.1205230881743,37.53041250323172,210652.98579929862,547886.3513461581
pangyo_1st_technovalley,판교역,60,623,개롱,서울5호선,43.566667,127.13507764191463,37.49793804469948,211944.63180918433,544283.8442037288
pangyo_1st_technovalley,판교역,60,621,방이,서울5호선,43.566667,127.1260296858776,37.50863811844353,211142.94939450867,545470.3053227807
pangyo_1st_technovalley,판교역,60,605,아차산,서울5호선,43.583333,127.08969907636651,37.55192170514021,207926.18620177955,550270.5665336256
pangyo_1st_technovalley,판교역,60,603,장한평,서울5호선,43.583333,127.06358974503318,37.56159912471764,205618.32937680001,551342.7641723179
pangyo_1st_technovalley,판교역,60,646,이태원,서울6호선,43.6,126.99428965640912,37.53450039805834,199495.29274148986,548333.2469663179
pangyo_1st_technovalley,판교역,60,587,여의나루,서울5호선,43.716667,126.9329458250847,37.52707871139832,194072.8462801959,547511.6290100804
pangyo_1st_technovalley,판교역,60,353,종로3가,서울1호선,43.766667,126.99233795465818,37.570425347752746,199323.1170628845,552320.4984602968
pangyo_1st_technovalley,판교역,60,533,범계,서울4호선,43.833333,126.95070808487888,37.389767760473866,195634.9410775016,532271.0284307069
pangyo_1st_technovalley,판교역,60,585,신길,서울5호선,43.883333,126.91489053013656,37.51767870939144,192475.9312563214,546469.637295391
pangyo_1st_technovalley,판교역,60,350,서울역,서울1호선,43.9,126.97205498738728,37.55599100229629,197530.7961035076,550718.7954802937
pangyo_1st_technovalley,판교역,60,563,창동,서울4호선,43.916667,127.04790976660456,37.65322782584169,204227.77050779705,561511.7268370524
pangyo_1st_technovalley,판교역,60,550,회현,서울4호선,43.933333,126.9787618992552,37.55902192175472,198123.4906718047,551055.0365014027
pangyo_1st_technovalley,판교역,60,755,국회의사당,서울9호선,43.983333,126.91744560355306,37.52849815032641,192702.86537742484,547670.2587408808
pangyo_1st_technovalley,판교역,60,547,삼각지,서울4호선,44.05,126.97289696351694,37.53441317709764,197604.50223689905,548323.8963728406
pangyo_1st_technovalley,판교역,60,201,신림,신림선,44.2,126.92962603522608,37.484811129617626,193775.89024298516,542820.6840719454
pangyo_1st_technovalley,판교역,60,101,왕십리,경의중앙선,44.266667,127.03834664915074,37.56193672070951,203388.01682387188,551379.0238779183
pangyo_1st_technovalley,판교역,60,463,을지로4가,서울2호선,44.266667,126.99764984161506,37.566626674163885,199792.37098880042,551898.8650305946
pangyo_1st_technovalley,판교역,60,465,을지로입구,서울2호선,44.266667,126.98220699926492,37.56602408391536,198428.0323628032,551832.1307875791
pangyo_1st_technovalley,판교역,60,865,용산,GTX_B,44.316667,126.96416932404225,37.52976492119563,196832.91457994728,547808.2554906135
pangyo_1st_technovalley,판교역,60,356,동묘앞,서울1호선,44.316667,127.0163839944392,37.57322147627274,201447.34613418486,552630.9348523469
pangyo_1st_technovalley,판교역,60,365,월계,서울1호선,44.366667,127.05887359847902,37.63326592447288,205196.65819235324,559296.7111135103
pangyo_1st_technovalley,판교역,60,348,남영,서울1호선,44.466667,126.97132962571818,37.54059055609324,197466.18235008031,549009.5508263084
pangyo_1st_technovalley,판교역,60,232,위례솔,위례선,44.566667,127.14951410971696,37.487554822477,213223.04939447512,543133.3714868306
pangyo_1st_technovalley,판교역,60,459,왕십리,서울2호선,44.583333,127.03758032298498,37.561265875713445,203320.3398694815,551304.5406484293
pangyo_1st_technovalley,판교역,60,776,한성백제,서울9호선,44.633333,127.11527498699265,37.51526192266898,210191.1687230323,546204.244413741
pangyo_1st_technovalley,판교역,60,885,중앙보훈병원,서울9호선급행,44.716667,127.14826627604758,37.528665428902215,213105.5016313651,547695.9516120916
pangyo_1st_technovalley,판교역,60,597,청구,서울5호선,44.766667,127.01406824543665,37.56014464602058,201242.9923895035,551179.5266217667
pangyo_1st_technovalley,판교역,60,362,신이문,서울1호선,44.816667,127.06746352546598,37.60198063407909,205957.37004482117,555824.8898931002
pangyo_1st_technovalley,판교역,60,531,산본,서울4호선,44.833333,126.93311673818776,37.35807504846096,194074.6420418436,528754.581842827
pangyo_1st_technovalley,판교역,60,363,석계,서울1호선,44.866667,127.06557504581733,37.61526781846928,205789.57771002705,557299.5044295022
pangyo_1st_technovalley,판교역,60,549,서울역,서울4호선,44.9,126.9725798587494,37.552889041018354,197577.07298531497,550374.5011400788
pangyo_1st_technovalley,판교역,60,706,상봉,서울7호선,44.916667,127.08571314404864,37.595737139295096,207569.5363095995,555133.2454912459
pangyo_1st_technovalley,판교역,60,554,동대문,서울4호선,44.933333,127.00933705565537,37.57083797907694,200824.85270046472,552366.3091220168
pangyo_1st_technovalley,판교역,60,594,종로3가,서울5호선,44.933333,126.99024566990154,37.57259780662603,199138.30478205666,552561.6332903764
pangyo_1st_technovalley,판교역,60,344,영등포,서울1호선,44.966667,126.9074456144662,37.51565923242024,191817.54581684692,546246.1222659803
pangyo_1st_technovalley,판교역,60,645,녹사평,서울6호선,45.1,126.98646417389271,37.53472691082226,198803.643085785,548358.4578676955
pangyo_1st_technovalley,판교역,60,434,대림,서울2호선,45.2,126.89491262980712,37.493413730516,190706.78513316126,543778.3207187456
pangyo_1st_technovalley,판교역,60,873,염창,서울9호선급행,45.216667,126.8749622945185,37.54716168877678,188950.44071390218,549745.8281349415
pangyo_1st_technovalley,판교역,60,683,신풍,서울7호선,45.25,126.90977223355294,37.50012633786362,192021.58225771567,544521.9696594639
pangyo_1st_technovalley,판교역,60,97,서빙고,경의중앙선,45.266667,126.98839897917318,37.51958109244649,198974.4425127023,546677.437756682
pangyo_1st_technovalley,판교역,60,653,창신,서울6호선,45.266667,127.01529141982512,37.57948029984715,201350.71609812137,553325.57587656
pangyo_1st_technovalley,판교역,60,852,별내,GTX_B,45.316667,127.12715181757696,37.64239277473612,211222.07303355937,560315.6715454396
pangyo_1st_technovalley,판교역,60,103,회기,경의중앙선,45.316667,127.05817690680097,37.58969117643179,205138.15958588495,554460.3484085517
pangyo_1st_technovalley,판교역,60,411,당정,서울1호선,45.333333,126.94833402499177,37.34363747540078,195421.90361087598,527151.3924498154
pangyo_1st_technovalley,판교역,60,733,천호,서울8호선,45.366667,127.12322157745128,37.538017360102174,210890.3983426871,548730.7063519051
pangyo_1st_technovalley,판교역,60,624,거여,서울5호선,45.4,127.14376760607396,37.49333293435531,212713.8481228185,543773.8748815515
pangyo_1st_technovalley,판교역,60,620,올림픽공원,서울5호선,45.4,127.13097639480684,37.51635736455057,211579.12163537566,546327.6412417506
pangyo_1st_technovalley,판교역,60,367,창동,서울1호선,45.416667,127.0476185251435,37.653391455520406,204202.0608462001,561529.8749965748
pangyo_1st_technovalley,판교역,60,781,매교,분당선,45.466667,127.01568721056432,37.26551025848763,201391.47466826992,518479.4347123456
pangyo_1st_technovalley,판교역,60,33,이천,경강선,45.5,127.44219049160138,37.264282030974286,239223.57652873034,518434.6543278453
pangyo_1st_technovalley,판교역,60,200,당곡,신림선,45.65,126.92763562815304,37.490118580503605,193600.30470923262,543409.8746304541
pangyo_1st_technovalley,판교역,60,754,당산,서울9호선,45.716667,126.9023567546022,37.53369148410551,191369.7324189334,548247.9323244015
pangyo_1st_technovalley,판교역,60,778,올림픽공원,서울9호선,45.716667,127.13125496218146,37.51625605646414,211603.7644080068,546316.431639188
pangyo_1st_technovalley,판교역,60,231,북위례,위례선,45.716667,127.15381650003032,37.489901472632816,213603.12811246834,543394.4319643266
pangyo_1st_technovalley,판교역,60,584,영등포시장,서울5호선,45.716667,126.90511351400252,37.52269057657752,191612.15889890026,547026.7185122897
pangyo_1st_technovalley,판교역,60,606,광나루,서울5호선,45.75,127.10363624600872,37.545260871802135,209158.54816054503,549532.5603633125
pangyo_1st_technovalley,판교역,60,602,답십리,서울5호선,45.75,127.05259116240944,37.56695084975485,204646.2418000359,551936.1422094593
pangyo_1st_technovalley,판교역,60,352,종각,서울1호선,45.766667,126.982955850426,37.57016455650105,198494.2748612234,552291.6626256075
pangyo_1st_technovalley,판교역,60,354,종로5가,서울1호선,45.766667,127.00191050851748,37.57100470619648,200168.77746619654,552384.7746287906
pangyo_1st_technovalley,판교역,60,492,독립문,서울3호선,45.766667,126.9579896188348,37.57428893805548,196288.89668393825,552750.1142055354
pangyo_1st_technovalley,판교역,60,355,동대문,서울1호선,45.816667,127.01077039000796,37.571669381552304,200951.46552186567,552458.5986833792
pangyo_1st_technovalley,판교역,60,415,안양,서울1호선,45.833333,126.9228276011748,37.40152759291793,193167.04457884995,533577.8491723654
pangyo_1st_technovalley,판교역,60,430,당산,서울2호선,45.883333,126.90261694589547,37.53479411348953,191392.85633858785,548370.2868047587
pangyo_1st_technovalley,판교역,60,564,노원,서울4호선,45.916667,127.0632937284953,37.65632573519351,205585.08768899064,561856.3684895608
pangyo_1st_technovalley,판교역,60,195,대방,신림선,45.966667,126.92538142883672,37.51291155746233,193402.95549975958,545939.7564422826
pangyo_1st_technovalley,판교역,60,202,서원,신림선,45.983333,126.93305769351016,37.47822376686685,194078.87787524378,542089.3530346972
pangyo_1st_technovalley,판교역,60,548,숙대입구,서울4호선,46.05,126.97200212574523,37.545112610214495,197525.76570690522,549511.4259705162
pangyo_1st_technovalley,판교역,60,588,마포,서울5호선,46.05,126.94591379139104,37.53960844051463,195219.9301624518,548901.5364000213
pangyo_1st_technovalley,판교역,60,460,상왕십리,서울2호선,46.083333,127.02933321473816,37.564390820548745,202591.57361948778,551651.1133464475
pangyo_1st_technovalley,판교역,60,471,용답,서울2호선,46.083333,127.05086030254466,37.56227214988865,204493.60751192312,551416.7772595936
pangyo_1st_technovalley,판교역,60,462,동대문역사문화공원,서울2호선,46.266667,127.00912068274076,37.56561222857621,200805.79421102116,551786.3099624042
pangyo_1st_technovalley,판교역,60,423,시청,서울2호선,46.266667,126.97576278093857,37.56376249397046,197858.63685886716,551581.2481631152
pangyo_1st_technovalley,판교역,60,409,성균관대,서울1호선,46.333333,126.97111617206218,37.30031469646502,197439.1488424653,522342.40980408754
pangyo_1st_technovalley,판교역,60,172,삼가,용인경전철,46.383333,127.16813899810472,37.24212225387447,214918.75051696735,515896.90994960954
pangyo_1st_technovalley,판교역,60,351,시청,서울1호선,46.4,126.9772040633425,37.56557568030012,197986.02326214145,551782.458691475
pangyo_1st_technovalley,판교역,60,562,쌍문,서울4호선,46.416667,127.03462769808984,37.64838115853124,203055.90036212036,560973.2800791163
pangyo_1st_technovalley,판교역,60,194,샛강,신림선,46.55,126.9292349799816,37.517179038160606,193744.00509673398,546413.1295737075
pangyo_1st_technovalley,판교역,60,600,왕십리,서울5호선,46.75,127.03734963486583,37.562049452577206,203299.92328668796,551391.5003130677
pangyo_1st_technovalley,판교역,60,596,동대문역사문화공원,서울5호선,46.766667,127.00562253405715,37.564679338348114,200496.74591457384,551682.7458531518
pangyo_1st_technovalley,판교역,60,598,신금호,서울5호선,46.766667,127.02045619314652,37.55448097674334,201807.5329391817,550551.0302839195
pangyo_1st_technovalley,판교역,60,654,보문,서울6호선,46.766667,127.01968773941684,37.58544175366165,201738.9115302423,553987.3015356598
pangyo_1st_technovalley,판교역,60,217,제기동,동북선,46.816667,127.03836834642269,37.57840510699093,203389.18752048028,553206.8239333861
pangyo_1st_technovalley,판교역,60,530,수리산,서울4호선,46.833333,126.92542337203524,37.35015662168507,193392.37306852767,527876.2712110451
pangyo_1st_technovalley,판교역,60,366,녹천,서울1호선,46.866667,127.0514199869842,37.64451934153432,204538.0578041485,560545.3374558093
pangyo_1st_technovalley,판교역,60,181,신설동,우이신설경전철,46.983333,127.02319449821807,37.57641801040539,202048.89184162935,552985.8399266198
pangyo_1st_technovalley,판교역,60,199,보라매병원,신림선,47.016667,126.92346980974536,37.492975380760655,193232.14951450322,543727.2333919774
pangyo_1st_technovalley,판교역,60,593,광화문,서울5호선,47.1,126.9762752206268,37.5716380935469,197904.13168448737,552455.336135669
pangyo_1st_technovalley,판교역,60,595,을지로4가,서울5호선,47.1,126.99808964235947,37.56722384870457,199831.22733173886,551965.1435355458
pangyo_1st_technovalley,판교역,60,230,마천,위례선,47.233333,127.15165039494376,37.49409143960419,213410.81418129447,543859.1529812095
pangyo_1st_technovalley,판교역,60,707,중화,서울7호선,47.25,127.07936125009704,37.602285109902006,207007.97082241936,555859.5047463276
pangyo_1st_technovalley,판교역,60,644,삼각지,서울6호선,47.266667,126.97423441661677,37.53551447052934,197722.74631599398,548446.0931692078
pangyo_1st_technovalley,판교역,60,835,대곡,GTX_A,47.3,126.81187989448308,37.63138981331919,183394.57928873025,559103.4968477064
pangyo_1st_technovalley,판교역,60,848,여의도,GTX_B,47.316667,126.92390683863457,37.521768638927696,193273.38170261605,546922.8851978309
pangyo_1st_technovalley,판교역,60,893,왕숙,GTX_B,47.316667,127.16018057661384,37.6539276919246,214134.91686087474,561600.3953383078
pangyo_1st_technovalley,판교역,60,625,마천,서울5호선,47.4,127.15282678886048,37.49499704089626,213514.68244289994,543959.8312361644
pangyo_1st_technovalley,판교역,60,555,혜화,서울4호선,47.433333,127.00191835595663,37.58212081591027,200169.44553121686,553618.534756677
pangyo_1st_technovalley,판교역,60,780,수원,분당선,47.466667,127.00059566971224,37.266442680041386,200052.83597678118,518582.802136056
pangyo_1st_technovalley,판교역,60,343,신도림,서울1호선,47.466667,126.89142171185811,37.508943699597765,190400.0603988965,545502.2974862249
pangyo_1st_technovalley,판교역,60,583,영등포구청,서울5호선,47.55,126.89540693655124,37.52419188727966,190754.29519630404,547194.2550391449
pangyo_1st_technovalley,판교역,60,619,둔촌동,서울5호선,47.566667,127.13621508958978,37.52766277122959,212040.43792019275,547583.0580758416
pangyo_1st_technovalley,판교역,60,461,신당,서울2호선,47.583333,127.01968796261627,37.56568075110923,201739.3908203998,551794.0582552516
pangyo_1st_technovalley,판교역,60,196,서울지방병무청,신림선,47.666667,126.92279671048,37.50619800611216,193173.82860203146,545194.8222493436
pangyo_1st_technovalley,판교역,60,734,암사,서울8호선,47.7,127.12752631532123,37.55013385216643,211269.02991861477,550075.998066817
pangyo_1st_technovalley,판교역,60,589,공덕,서울5호선,47.716667,126.9515833956623,37.54470897326544,195721.2940501389,549467.3604193482
pangyo_1st_technovalley,판교역,60,601,마장,서울5호선,47.75,127.04302768358836,37.5661764289573,203801.38183163718,551849.7607255935
pangyo_1st_technovalley,판교역,60,215,왕십리,동북선,47.75,127.03559724699524,37.561271359815,203145.1286248928,551305.0811104735
pangyo_1st_technovalley,판교역,60,682,대림,서울7호선,47.75,126.89668094558226,37.492835091319854,190863.09255324845,543713.9262089143
pangyo_1st_technovalley,판교역,60,491,무악재,서울3호선,47.766667,126.9502168715662,37.582615528018,195602.75919098512,553674.6055485802
pangyo_1st_technovalley,판교역,60,474,신설동,서울2호선,47.816667,127.02491914432684,37.57478114111918,202201.2870755586,552804.2053266234
pangyo_1st_technovalley,판교역,60,753,선유도,서울9호선,47.816667,126.89345483013857,37.53804675795846,190583.47692812103,548732.1685555927
pangyo_1st_technovalley,판교역,60,431,영등포구청,서울2호선,47.883333,126.89664443529789,37.52579535365977,190863.88184866766,547372.0989389027
pangyo_1st_technovalley,판교역,60,368,방학,서울1호선,47.916667,127.04432090971817,37.667526880789865,203910.3237515755,563098.6242105485
pangyo_1st_technovalley,판교역,60,565,상계,서울4호선,47.916667,127.07338094410144,37.66077910400498,206474.8047723596,562351.296690535
pangyo_1st_technovalley,판교역,60,197,보라매,신림선,47.916667,126.920464142943,37.50043249354521,192967.0464877993,544555.0963279424
pangyo_1st_technovalley,판교역,60,777,둔촌오륜,서울9호선,48.05,127.13951062486169,37.518923227645246,212333.17832595712,546613.5044082915
pangyo_1st_technovalley,판교역,60,472,신답,서울2호선,48.083333,127.04706944994533,37.56984395489578,204158.2573144885,552256.9844651851
pangyo_1st_technovalley,판교역,60,173,시청_용인대,용인경전철,48.116667,127.1788868118724,37.239439764606566,215872.9531048151,515600.94886727055
pangyo_1st_technovalley,판교역,60,433,신도림,서울2호선,48.2,126.8914426985193,37.508512745116185,190401.86075412013,545454.4648912307
pangyo_1st_technovalley,판교역,60,203,서울대벤처타운,신림선,48.2,126.93366597352362,37.47230261081729,194132.21802447198,541432.1460386373
pangyo_1st_technovalley,판교역,60,607,천호,서울5호선,48.25,127.12396447570144,37.538500637421805,210955.98546222495,548784.4305445958
pangyo_1st_technovalley,판교역,60,599,행당,서울5호선,48.25,127.0294924302042,37.557350356449874,202605.88541614005,550869.7093999069
pangyo_1st_technovalley,판교역,60,96,이촌,경의중앙선,48.266667,126.97369624297455,37.52234409069938,197674.77182867282,546984.3576894928
pangyo_1st_technovalley,판교역,60,424,충정로,서울2호선,48.266667,126.96455152782552,37.55978849820035,196867.95402629187,551140.4960266006
pangyo_1st_technovalley,판교역,60,104,중랑,경의중앙선,48.316667,127.07606632960596,37.59489448479159,206717.67826652178,555038.9864462641
pangyo_1st_technovalley,판교역,60,126,청량리,경춘선,48.316667,127.04829370607256,37.58079723729941,204265.78694694155,553472.7273579128
pangyo_1st_technovalley,판교역,60,198,보라매공원,신림선,48.366667,126.91835147318744,37.49484403914921,192779.6957165333,543935.0103846987
pangyo_1st_technovalley,판교역,60,68,여의도,신안산선,48.383333,126.92370590517274,37.521944684340674,193255.63507357487,546942.4384202695
pangyo_1st_technovalley,판교역,60,655,안암,서울6호선,48.433333,127.02929395773252,37.5863062738596,202587.34692642672,554083.4746830022
pangyo_1st_technovalley,판교역,60,216,마장시장,동북선,48.733333,127.03765703005344,37.57016697054961,203326.72132263792,552292.4605772302
pangyo_1st_technovalley,판교역,60,416,관악,서울1호선,48.833333,126.90851780967428,37.41954901729251,191901.97488334586,535579.0966395587
pangyo_1st_technovalley,판교역,60,429,합정,서울2호선,48.883333,126.91445817881906,37.54996227477751,192440.96847214637,550052.7508267201
pangyo_1st_technovalley,판교역,60,561,수유,서울4호선,48.916667,127.02571600748053,37.63809871993018,202269.75494150945,559831.7819308639
pangyo_1st_technovalley,판교역,60,182,보문,우이신설경전철,49.033333,127.01953404635904,37.585078336625045,201725.34504132075,553946.9635372028
pangyo_1st_technovalley,판교역,60,872,가양,서울9호선급행,49.05,126.8544312699492,37.56163536897295,187138.6044958321,551354.8462319784
pangyo_1st_technovalley,판교역,60,582,양평_5호선,서울5호선,49.05,126.88648056471555,37.52556503730169,189965.4150704361,547347.5724137559
pangyo_1st_technovalley,판교역,60,708,먹골,서울7호선,49.083333,127.07778617847124,37.610485250024645,206868.130573053,556769.5142712035
pangyo_1st_technovalley,판교역,60,592,서대문,서울5호선,49.1,126.96661225423097,37.565725362966354,197050.2633736441,551799.3514299622
pangyo_1st_technovalley,판교역,60,643,효창공원앞,서울6호선,49.266667,126.96134445964933,37.539278690543526,196583.65787769228,548864.2656790648
pangyo_1st_technovalley,판교역,60,779,중앙보훈병원,서울9호선,49.383333,127.14848157270966,37.52860977620455,213124.5418217269,547689.8048689549
pangyo_1st_technovalley,판교역,60,218,고려대,동북선,49.383333,127.03631477312474,37.58996899999237,203207.29325894406,554490.2124637634
pangyo_1st_technovalley,판교역,60,432,문래,서울2호선,49.383333,126.8948748555422,37.518260755852666,190706.52524078867,546536.0261076501
pangyo_1st_technovalley,판교역,60,556,한성대입구,서울4호선,49.433333,127.00617856974324,37.58849271957477,200545.69736918723,554325.7599228559
pangyo_1st_technovalley,판교역,60,342,구로,서울1호선,49.466667,126.88231503887692,37.50335353704898,189594.1185430766,544882.8289372745
pangyo_1st_technovalley,판교역,60,34,부발,경강선,49.5,127.49035843730856,37.26030423134139,243498.52712845575,518014.23763337446
pangyo_1st_technovalley,판교역,60,590,애오개,서울5호선,49.716667,126.9566727086522,37.55341644480951,196171.49578105248,550433.5655768213
pangyo_1st_technovalley,판교역,60,321,서울역,공항철도,49.733333,126.96970726119268,37.55330002448569,197323.2562281058,550420.1933074764
pangyo_1st_technovalley,판교역,60,681,남구로,서울7호선,49.75,126.88749291679696,37.48637678986405,190049.7023980423,542998.0708418746
pangyo_1st_technovalley,판교역,60,490,홍제,서울3호선,49.766667,126.94406885541066,37.588796505512455,195060.1260620143,554360.9295372282
pangyo_1st_technovalley,판교역,60,473,용두,서울2호선,49.816667,127.03813603839772,37.57410031842874,203368.86100556326,552729.033639746
pangyo_1st_technovalley,판교역,60,408,화서,서울1호선,49.833333,126.9895992876762,37.28397119370198,199077.66940993737,520528.21633492596
pangyo_1st_technovalley,판교역,60,174,명지대,용인경전철,49.85,127.19027904709888,37.238080811511885,216884.1109877054,515452.0998425272
pangyo_1st_technovalley,판교역,60,487,연신내,서울3호선,49.866667,126.92109402636088,37.61928094369407,193033.81767201266,557745.824039239
pangyo_1st_technovalley,판교역,60,751,염창,서울9호선,49.883333,126.87498009352136,37.54698197986568,188951.98708668913,549725.8805120066
pangyo_1st_technovalley,판교역,60,125,서울역,경의중앙선,49.9,126.9713231003322,37.55680561965095,197466.15460123576,550809.2277923786
pangyo_1st_technovalley,판교역,60,608,강동,서울5호선,49.9,127.13241463712436,37.53588915403585,211703.21953425868,548495.6057800376
pangyo_1st_technovalley,판교역,60,369,도봉,서울1호선,49.916667,127.04560064954164,37.67941062802147,204022.59045531703,564417.659210516
pangyo_1st_technovalley,판교역,60,752,신목동,서울9호선,49.933333,126.88298686255312,37.54446978416588,189659.19876366746,549446.1462969679
pangyo_1st_technovalley,판교역,60,407,수원,서울1호선,50.0,126.99999990232966,37.26571744638561,199999.9913365443,518502.31362706085
pangyo_1st_technovalley,판교역,60,736,암사역사공원,서울8호선,50.083333,127.1383368701046,37.55730179167237,212223.14846742334,550872.9050641976
pangyo_1st_technovalley,판교역,60,656,고려대,서울6호선,50.1,127.0362946303764,37.59042924688882,203205.49452755295,554541.2940002665
pangyo_1st_technovalley,판교역,60,864,덕정,GTX_C,50.2,127.06199962630198,37.843611067294425,205457.1240725178,582643.4222104833
pangyo_1st_technovalley,판교역,60,425,아현,서울2호선,50.266667,126.95620551114132,37.55735678864767,196130.41682897764,550870.9159381877
pangyo_1st_technovalley,판교역,60,373,의정부,서울1호선,50.283333,127.04596598630332,37.73839851106466,204051.60539155218,570964.798168356
pangyo_1st_technovalley,판교역,60,95,용산,경의중앙선,50.3,126.96473169613763,37.52957755442685,196882.615041267,547787.4413144169
pangyo_1st_technovalley,판교역,60,847,신도림,GTX_B,50.316667,126.89075607065696,37.50898772434404,190341.21344585097,545507.2517884633
pangyo_1st_technovalley,판교역,60,105,상봉,경의중앙선,50.316667,127.0851919476268,37.59671178171472,207523.41004769315,555241.3780824224
pangyo_1st_technovalley,판교역,60,529,대야미,서울4호선,50.333333,126.91673328321284,37.32787112862472,192620.23487843474,525403.5806323958
pangyo_1st_technovalley,판교역,60,204,관악산,신림선,50.55,126.94549473876646,37.46897179908992,195178.3542794916,541061.7996292631
pangyo_1st_technovalley,판교역,60,591,충정로,서울5호선,50.6,126.96314124767297,37.56057815467224,196743.3832391913,551228.1864879876
pangyo_1st_technovalley,판교역,60,67,영등포,신안산선,50.633333,126.90686843646188,37.51647139157099,191766.60846469164,546336.3120332981
pangyo_1st_technovalley,판교역,60,709,태릉입구,서울7호선,50.75,127.07534622117456,37.61854871377953,206651.97619341323,557664.2961217316
pangyo_1st_technovalley,판교역,60,225,월계,동북선,50.866667,127.06101934969882,37.63148268624763,205386.1882059428,559098.9113090044
pangyo_1st_technovalley,판교역,60,428,홍대입구,서울2호선,50.883333,126.92388306336495,37.55690592242897,193274.43670642193,550822.6968081521
pangyo_1st_technovalley,판교역,60,581,오목교,서울5호선,50.883333,126.8753826483211,37.52451070152889,188984.25597197973,547231.7960217261
pangyo_1st_technovalley,판교역,60,183,성신여대입구,우이신설경전철,50.916667,127.01653848733218,37.59243308481831,201460.6184990833,554763.2067535262
pangyo_1st_technovalley,판교역,60,560,미아,서울4호선,50.916667,127.02618198046385,37.62636094653018,202311.2463016442,558529.023330408
pangyo_1st_technovalley,판교역,60,566,불암산,서울4호선,50.916667,127.07904357419956,37.670202707945386,206973.5681815771,563397.6302837662
pangyo_1st_technovalley,판교역,60,642,공덕,서울6호선,51.266667,126.95187542572616,37.543538926785246,195747.03506940117,549337.4861937859
pangyo_1st_technovalley,판교역,60,853,평내호평,GTX_B,51.316667,127.24426421988208,37.65365436871494,221554.85200565445,561586.0572078625
pangyo_1st_technovalley,판교역,60,127,회기,경춘선,51.316667,127.05815553967152,37.58973887680055,205136.26917201988,554465.64144383
pangyo_1st_technovalley,판교역,60,417,석수,서울1호선,51.333333,126.90230098498375,37.43525797638321,191353.4667614351,537323.1187184341
pangyo_1st_technovalley,판교역,60,25,고색,수인선,51.333333,126.98080027365933,37.24990339178687,198296.60951776628,516747.4033741097
pangyo_1st_technovalley,판교역,60,557,성신여대입구,서울4호선,51.433333,127.0169787253582,37.59292658855122,201499.48880422692,554817.9870704516
pangyo_1st_technovalley,판교역,60,834,킨텍스,GTX_A,51.466667,126.75093530717344,37.66914728008777,178026.1015511783,563306.7349090653
pangyo_1st_technovalley,판교역,60,470,신도림,서울2호선,51.466667,126.89135209736028,37.508482578746765,190393.8463465349,545451.1260539704
pangyo_1st_technovalley,판교역,60,175,김량장,용인경전철,51.566667,127.19868094829054,37.23730208644377,217629.82257235606,515367.2064797018
pangyo_1st_technovalley,판교역,60,680,가산디지털단지,서울7호선,51.583333,126.88248763702192,37.48040253605493,189606.20012081412,542335.5483848044
pangyo_1st_technovalley,판교역,60,426,이대,서울2호선,51.766667,126.94590072885497,37.55674894220572,195219.87040160835,550803.926333533
pangyo_1st_technovalley,판교역,60,750,등촌,서울9호선,51.833333,126.86550156090728,37.55075581457467,188114.96770408048,550145.8870591328
pangyo_1st_technovalley,판교역,60,150,광운대,경춘선,51.866667,127.06203350607043,37.62379325369998,205476.2721049305,558245.524045104
pangyo_1st_technovalley,판교역,60,488,불광,서울3호선,51.866667,126.93035703948472,37.60997490765768,193850.83292965064,556712.3072669903
pangyo_1st_technovalley,판교역,60,370,도봉산,서울1호선,51.916667,127.04604803410368,37.68955803241259,204061.50245053112,565543.944232135
pangyo_1st_technovalley,판교역,60,609,길동,서울5호선,52.066667,127.14004175872208,37.53789287459892,212376.99754545532,548718.9708636135
pangyo_1st_technovalley,판교역,60,710,공릉,서울7호선,52.25,127.07301575099794,37.625608525398,206445.6199568214,558447.6975004721
pangyo_1st_technovalley,판교역,60,489,녹번,서울3호선,52.266667,126.93586815232014,37.60076080621573,194336.74149914982,555689.2963082086
pangyo_1st_technovalley,판교역,60,657,월곡,서울6호선,52.266667,127.04131336263656,37.601619462924056,203648.19608772304,555783.4663720919
pangyo_1st_technovalley,판교역,60,106,망우,경의중앙선,52.316667,127.09232878145164,37.59927646084408,208153.39326223067,555526.6247394461
pangyo_1st_technovalley,판교역,60,741,별내,서울8호선,52.316667,127.12744306462008,37.641980322256536,211247.83990200007,560269.9284111965
pangyo_1st_technovalley,판교역,60,486,구파발,서울3호선,52.366667,126.91881730019298,37.63639757222915,192834.4611972853,559645.7610565944
pangyo_1st_technovalley,판교역,60,629,연신내,서울6호선,52.366667,126.92034672343752,37.61847531082092,192967.76644291863,557656.4631309637
pangyo_1st_technovalley,판교역,60,341,구일,서울1호선,52.466667,126.86981693840856,37.49624291179354,188487.9256222191,544095.0964996777
pangyo_1st_technovalley,판교역,60,660,석계,서울6호선,52.533333,127.06619366992828,37.61503616885079,205844.21376217515,557273.8321511532
pangyo_1st_technovalley,판교역,60,226,하계,동북선,52.566667,127.06793576894307,37.63580026947936,205996.35481253953,559578.537532091
pangyo_1st_technovalley,판교역,60,580,목동,서울5호선,52.716667,126.86443578150646,37.526155260627085,188016.85330820255,547415.6599366192
pangyo_1st_technovalley,판교역,60,374,가능,서울1호선,52.783333,127.04431599515398,37.7483178103927,203905.648045822,572065.6872795753
pangyo_1st_technovalley,판교역,60,528,반월,서울4호선,52.833333,126.90397634687756,37.31252487179428,191487.88192585195,523701.46901256294
pangyo_1st_technovalley,판교역,60,66,도림사거리,신안산선,52.883333,126.90047411183204,37.50798259646756,191200.3149295505,545394.7422817503
pangyo_1st_technovalley,판교역,60,229,상계,동북선,52.916667,127.07269989902214,37.65973476689687,206414.80226558988,562235.3388260463
pangyo_1st_technovalley,판교역,60,871,마곡나루,서울9호선급행,52.966667,126.82733494276692,37.566874886870906,184745.63653277396,551940.4248648953
pangyo_1st_technovalley,판교역,60,184,정릉,우이신설경전철,53.016667,127.01354292180284,37.60258107059848,201195.89871810458,555889.477912012
pangyo_1st_technovalley,판교역,60,641,대흥,서울6호선,53.1,126.94246069813816,37.54764706476496,194915.29615843904,549793.9073452932
pangyo_1st_technovalley,판교역,60,176,운동장_송담대,용인경전철,53.133333,127.20904623986836,37.23790104663041,218549.43417990423,515435.6607655098
pangyo_1st_technovalley,판교역,60,224,우이천,동북선,53.25,127.05032431192842,37.62463275991327,204442.54305570666,558338.0815928236
pangyo_1st_technovalley,판교역,60,427,신촌,서울2호선,53.266667,126.93680339463694,37.555191688674775,194415.92746059314,550631.5912426414
pangyo_1st_technovalley,판교역,60,372,회룡,서울1호선,53.283333,127.04726842140686,37.72379105526611,204167.22518368074,569343.5533113817
pangyo_1st_technovalley,판교역,60,94,효창공원앞,경의중앙선,53.3,126.96281899756076,37.53860464456577,196713.94664607794,548789.4022655397
pangyo_1st_technovalley,판교역,60,906,여의도,신안산선급행,53.383333,126.92400189877466,37.5219823061449,193281.8041570703,546946.5927895732
pangyo_1st_technovalley,판교역,60,559,미아사거리,서울4호선,53.416667,127.03014528792202,37.61330680765331,202661.57743866465,557080.2585988895
pangyo_1st_technovalley,판교역,60,469,도림천,서울2호선,53.466667,126.88264545062373,37.51448745287615,189624.87517000263,546118.5153278125
pangyo_1st_technovalley,판교역,60,748,가양,서울9호선,53.716667,126.854303019782,37.56148680626476,187127.247675835,551338.3750689263
pangyo_1st_technovalley,판교역,60,320,공덕,공항철도,53.733333,126.95205478825476,37.54255858636423,195762.83058727946,549228.6722126721
pangyo_1st_technovalley,판교역,60,610,굽은다리,서울5호선,53.733333,127.14284079165738,37.54543249803229,212623.10714413074,549556.1500052796
pangyo_1st_technovalley,판교역,60,713,노원,서울7호선,53.75,127.0605472338607,37.65455907475965,205342.86143518775,561660.1268687719
pangyo_1st_technovalley,판교역,60,749,증미,서울9호선,53.8,126.86067178777202,37.558090125876944,187689.3883232586,550960.5302407996
pangyo_1st_technovalley,판교역,60,24,오목천,수인선,53.916667,126.96353008424018,37.2431000443475,196764.11569603116,515992.8029593004
pangyo_1st_technovalley,판교역,60,558,길음,서울4호선,53.933333,127.02515133072453,37.603424972807424,202220.9464853044,555983.3529643206
pangyo_1st_technovalley,판교역,60,658,상월곡,서울6호선,53.933333,127.04911570153688,37.60669614229234,204336.89063108663,556347.2537444459
pangyo_1st_technovalley,판교역,60,406,세류,서울1호선,54.0,127.01384796955524,37.24376319925443,201228.6848783933,516065.8679540511
pangyo_1st_technovalley,판교역,60,679,철산,서울7호선,54.083333,126.86799912370763,37.47612095481767,188324.0452117018,541862.0476844088
pangyo_1st_technovalley,판교역,60,579,신정,서울5호선,54.216667,126.8562019133554,37.52504354734238,187288.83470421916,547293.3543510494
pangyo_1st_technovalley,판교역,60,227,서울시립과학관,동북선,54.233333,127.0754139228668,37.63873933878493,206656.1524272719,559905.2480134773
pangyo_1st_technovalley,판교역,60,711,하계,서울7호선,54.25,127.0680023133773,37.636465980935455,206002.17481196686,559652.4288501306
pangyo_1st_technovalley,판교역,60,846,부천종합운동장,GTX_B,54.316667,126.79775057744192,37.50622561278748,182117.48017905396,545214.3026097837
pangyo_1st_technovalley,판교역,60,128,중랑,경춘선,54.316667,127.07605782911482,37.59495580886589,206716.92204682602,555045.7921267998
pangyo_1st_technovalley,판교역,60,418,금천구청,서울1호선,54.333333,126.89363501880828,37.45612399557803,190589.12735117605,539639.7862834926
pangyo_1st_technovalley,판교역,60,630,구산,서울6호선,54.366667,126.91731396392704,37.61125772628649,192699.3119403023,556855.6205055112
pangyo_1st_technovalley,판교역,60,661,태릉입구,서울6호선,54.366667,127.07476412074254,37.61733110346816,206600.69281745746,557529.1133329946
pangyo_1st_technovalley,판교역,60,868,노원자동차운전학원,동북선,54.416667,127.07814746360896,37.656175149848046,206895.8069100728,561840.6433817178
pangyo_1st_technovalley,판교역,60,340,개봉,서울1호선,54.466667,126.8586082355438,37.49469923953538,187496.4833522829,543925.1987744672
pangyo_1st_technovalley,판교역,60,659,돌곶이,서울6호선,54.533333,127.05645378899536,37.61055602799525,204984.58234885705,556776.0232480892
pangyo_1st_technovalley,판교역,60,638,합정,서울6호선,54.55,126.91337075897056,37.54932592537539,192344.81188431388,549982.2116660534
pangyo_1st_technovalley,판교역,60,65,신풍,신안산선,54.633333,126.9056623019391,37.50027167039203,191658.17638604835,544538.4560268609
pangyo_1st_technovalley,판교역,60,378,덕정,서울1호선,54.7,127.06151618764768,37.843143084999575,205414.6066601817,582591.4510643007
pangyo_1st_technovalley,판교역,60,177,고진,용인경전철,54.7,127.21418605747778,37.24465069542098,219003.8148121174,516185.7721674025
pangyo_1st_technovalley,판교역,60,375,녹양,서울1호선,54.783333,127.04224091561474,37.75924911483714,203722.21989312323,573278.8881990617
pangyo_1st_technovalley,판교역,60,628,독바위,서울6호선,54.866667,126.93305609503038,37.61838482264798,194089.81332153655,557645.5437156471
pangyo_1st_technovalley,판교역,60,371,망월사,서울1호선,54.916667,127.04736003754124,37.71027488363477,204176.06074463966,567843.3821146804
pangyo_1st_technovalley,판교역,60,223,북서울꿈의숲,동북선,54.95,127.04473016379455,37.61956093428199,203948.96959574326,557774.9128977456
pangyo_1st_technovalley,판교역,60,420,가산디지털단지,서울1호선,54.966667,126.8826112689479,37.48157033885179,189617.2967774592,542465.145370054
pangyo_1st_technovalley,판교역,60,640,광흥창,서울6호선,55.1,126.93194527061114,37.547438145098894,193986.03902795608,549771.3404510422
pangyo_1st_technovalley,판교역,60,833,운정중앙,GTX_A,55.116667,126.728457203746,37.71622276595849,176058.0929407133,568537.195468737
pangyo_1st_technovalley,판교역,60,63,구로디지털단지,신안산선,55.2,126.9027777860902,37.48455098408746,191401.3106051677,542793.9247956497
pangyo_1st_technovalley,판교역,60,185,북한산보국문,우이신설경전철,55.3,127.0082013037159,37.61214082533004,200724.11799690532,556950.4514919181
pangyo_1st_technovalley,판교역,60,480,대곡,서울3호선,55.3,126.81105546232916,37.63169523083422,183321.874591101,559137.5412471183
pangyo_1st_technovalley,판교역,60,93,공덕,경의중앙선,55.3,126.95215967146096,37.54273218618415,195772.1094690856,549247.9349622946
pangyo_1st_technovalley,판교역,60,107,양원,경의중앙선,55.316667,127.10814764606556,37.606641053033485,209549.3885098728,556345.5047925212
pangyo_1st_technovalley,판교역,60,737,장자호수공원,서울8호선,55.35,127.13794890715565,37.58767364990827,212183.91998565456,554243.7812438211
pangyo_1st_technovalley,판교역,60,611,명일,서울5호선,55.4,127.1440279234917,37.551293131001216,212727.01977186036,550206.7702101691
pangyo_1st_technovalley,판교역,60,854,마석,GTX_B,55.416667,127.31147695082744,37.65299188584967,227486.2298330664,561530.1000337347
pangyo_1st_technovalley,판교역,60,712,중계,서울7호선,55.583333,127.06396503011923,37.64543996979516,205645.14781218537,560648.1986824778
pangyo_1st_technovalley,판교역,60,907,영등포,신안산선급행,55.633333,126.90718764336415,37.516268807346414,191794.8061047018,546313.7998538692
pangyo_1st_technovalley,판교역,60,714,마들,서울7호선,55.75,127.05760212496052,37.66541488039195,205082.23647152606,562864.8497685941
pangyo_1st_technovalley,판교역,60,485,지축,서울3호선,55.866667,126.91391974545677,37.64812027107421,192403.37542075143,560947.2457771992
pangyo_1st_technovalley,판교역,60,124,신촌,경의중앙선,55.9,126.9417122928634,37.55968590773477,194849.98865366486,551130.1159434747
pangyo_1st_technovalley,판교역,60,228,은행사거리,동북선,55.916667,127.07673840671522,37.650679933927016,206771.9693826075,561230.6269480274
pangyo_1st_technovalley,판교역,60,662,화랑대,서울6호선,56.2,127.0837918934522,37.61985113066094,207397.47738745157,557809.4825416271
pangyo_1st_technovalley,판교역,60,747,양천향교,서울9호선,56.283333,126.8420157775171,37.56805245046624,186042.85835961808,552068.8390569394
pangyo_1st_technovalley,판교역,60,129,상봉,경춘선,56.316667,127.08507235969924,37.59696394547592,207512.82372952098,555269.3558855635
pangyo_1st_technovalley,판교역,60,419,독산,서울1호선,56.333333,126.88943370369373,37.466051972080976,190218.70003831305,540742.0841974968
pangyo_1st_technovalley,판교역,60,527,상록수,서울4호선,56.333333,126.86667974135314,37.30285945416544,188180.17074769968,522632.7781531236
pangyo_1st_technovalley,판교역,60,637,망원,서울6호선,56.383333,126.91026666775416,37.55586324966307,192071.20439764034,550708.0339105838
pangyo_1st_technovalley,판교역,60,639,상수,서울6호선,56.383333,126.92248528569012,37.54774106782856,193150.09268528718,549805.6084080704
pangyo_1st_technovalley,판교역,60,578,까치산,서울5호선,56.383333,126.84651361784616,37.53210052233123,186433.7064337103,548077.9449264202
pangyo_1st_technovalley,판교역,60,678,광명사거리,서울7호선,56.416667,126.85492120632496,37.47923673038737,187167.78829123982,542209.5592018515
pangyo_1st_technovalley,판교역,60,468,양천구청,서울2호선,56.466667,126.86591341861688,37.51245119251573,188145.3007043629,545894.4927374985
pangyo_1st_technovalley,판교역,60,35,세종대왕릉,경강선,56.5,127.57050292506308,37.29366739046331,250585.6810407891,521756.87495752954
pangyo_1st_technovalley,판교역,60,64,대림삼거리,신안산선,56.633333,126.90795451752606,37.49076358567188,191859.83397805196,543482.9816305152
pangyo_1st_technovalley,판교역,60,319,홍대입구,공항철도,56.733333,126.92695147389504,37.557317050855794,193545.59175163126,550868.1120636537
pangyo_1st_technovalley,판교역,60,740,다산,서울8호선,56.816667,127.14962858746132,37.62444409524007,213208.9892363768,558326.4802119858
pangyo_1st_technovalley,판교역,60,631,응암,서울6호선,56.866667,126.9155089327114,37.59838760929528,192538.6529471858,555427.3204350732
pangyo_1st_technovalley,판교역,60,870,김포공항,서울9호선급행,56.966667,126.80185933329786,37.56215435260769,182493.8473503014,551420.9405518728
pangyo_1st_technovalley,판교역,60,222,장위,동북선,56.966667,127.03758283501756,37.61296613146705,203318.26595929207,557042.6841109
pangyo_1st_technovalley,판교역,60,339,오류동,서울1호선,56.966667,126.84479949873904,37.49446122525611,186275.30873068227,543900.706097295
pangyo_1st_technovalley,판교역,60,627,불광,서울6호선,57.033333,126.9292376904709,37.61080604020588,193752.06885160427,556804.6278566706
pangyo_1st_technovalley,판교역,60,716,도봉산,서울7호선,57.25,127.04639098634294,37.68959877628606,204091.74909150845,565548.48133842
pangyo_1st_technovalley,판교역,60,376,양주,서울1호선,57.283333,127.04469587644334,37.77420098253186,203937.75530071164,574938.5275260846
pangyo_1st_technovalley,판교역,60,92,서강대,경의중앙선,57.3,126.93523354466528,37.55233183205827,194276.99630448286,550314.2756965604
pangyo_1st_technovalley,판교역,60,567,별내별가람,서울4호선,57.416667,127.11835935152828,37.66881778668515,210442.3722928757,563247.5690422939
pangyo_1st_technovalley,판교역,60,612,고덕,서울5호선,57.566667,127.15418692922734,37.555035683940886,213624.03900962803,550623.5730542196
pangyo_1st_technovalley,판교역,60,178,보평,용인경전철,57.6,127.21849922235091,37.25895944800895,219382.83820711146,517774.6690651002
pangyo_1st_technovalley,판교역,60,746,마곡나루,서울9호선,57.633333,126.82731038538564,37.5666956902858,184743.43042340456,551920.5401045226
pangyo_1st_technovalley,판교역,60,62,독산,신안산선,57.7,126.89801360814825,37.46952402208488,190978.14284198818,541126.5783815058
pangyo_1st_technovalley,판교역,60,186,솔샘,우이신설경전철,57.9,127.0135610234414,37.62025446415306,201197.21382612875,557851.032845867
pangyo_1st_technovalley,판교역,60,405,병점,서울1호선,58.0,127.0331172765132,37.20719993771235,202939.80616079806,512008.43260164314
pangyo_1st_technovalley,판교역,60,663,봉화산,서울6호선,58.033333,127.09175060927112,37.61714681111189,208100.39760719845,557509.9890169956
pangyo_1st_technovalley,판교역,60,738,구리,서울8호선,58.15,127.1410155290818,37.60165456231383,212452.44031226917,555795.9096326987
pangyo_1st_technovalley,판교역,60,377,덕계,서울1호선,58.2,127.05665514541836,37.81872917558783,204988.38491043032,579881.4001567638
pangyo_1st_technovalley,판교역,60,636,마포구청,서울6호선,58.216667,126.90330689680026,37.56363639749388,191457.1296507202,551571.3714444314
pangyo_1st_technovalley,판교역,60,577,화곡,서울5호선,58.216667,126.8404140019446,37.54165781085848,185896.3757342047,549139.5850985093
pangyo_1st_technovalley,판교역,60,715,수락산,서울7호선,58.25,127.05534709762767,37.67823543122186,204882.43530886638,564287.6865781241
pangyo_1st_technovalley,판교역,60,481,화정,서울3호선,58.3,126.832718472829,37.63459906302428,185234.6435567957,559456.2070780459
pangyo_1st_technovalley,판교역,60,845,부평,GTX_B,58.316667,126.72511370497426,37.48978396473893,175689.72168519223,543405.7696419606
pangyo_1st_technovalley,판교역,60,130,망우,경춘선,58.316667,127.09167304799372,37.59997933463933,208095.4104179123,555604.5792330009
pangyo_1st_technovalley,판교역,60,526,한대앞,서울4호선,58.333333,126.85377867907413,37.30969643514504,187037.5689524592,523393.26109116594
pangyo_1st_technovalley,판교역,60,632,새절,서울6호선,58.533333,126.9135899335088,37.59083692979173,192368.41637816254,554589.4333859942
pangyo_1st_technovalley,판교역,60,626,역촌,서울6호선,58.533333,126.92290682752925,37.60628390892164,193192.6755077359,556303.1607096347
pangyo_1st_technovalley,판교역,60,152,회룡,의정부경전철,58.616667,127.0470531636638,37.72501316442311,204148.17971406228,569479.1872104723
pangyo_1st_technovalley,판교역,60,908,신풍,신안산선급행,58.633333,126.90605117672447,37.50044075089052,191692.5814312848,544557.1873825267
pangyo_1st_technovalley,판교역,60,221,미아사거리,동북선,58.75,127.03057611730884,37.60846441340084,202699.79112162295,556542.8177733421
pangyo_1st_technovalley,판교역,60,677,천왕,서울7호선,58.75,126.83867517110164,37.48673932957743,185732.25311093742,543044.5868343276
pangyo_1st_technovalley,판교역,60,479,백석,서울3호선,58.8,126.78799615103276,37.64306023472994,181289.2782240255,560403.2895251804
pangyo_1st_technovalley,판교역,60,484,삼송,서울3호선,58.866667,126.89549454506393,37.653152567101166,190777.96434656976,561507.431790603
pangyo_1st_technovalley,판교역,60,467,신정네거리,서울2호선,58.966667,126.85291351093804,37.52019202360079,186997.31123052473,546755.345027097
pangyo_1st_technovalley,판교역,60,869,가좌,경의중앙선,59.066667,126.91484637455451,37.56888524685466,192477.17472238623,552152.9460696967
pangyo_1st_technovalley,판교역,60,37,대곡,서해선,59.3,126.80971694247032,37.6315193723656,183203.683815792,559118.2615166632
pangyo_1st_technovalley,판교역,60,91,홍대입구,경의중앙선,59.3,126.92711676704472,37.55749659897202,193560.21214712894,550888.0284380943
pangyo_1st_technovalley,판교역,60,179,둔전,용인경전철,59.3,127.21361954461663,37.26720607366618,218947.90044684813,518688.91431550856
pangyo_1st_technovalley,판교역,60,108,구리,경의중앙선,59.316667,127.14300635358433,37.6031145359872,212627.99428417406,555958.216602101
pangyo_1st_technovalley,판교역,60,421,광명,서울1호선,59.333333,126.8853967036718,37.4177783112054,189855.04961220297,535384.8104747018
pangyo_1st_technovalley,판교역,60,466,까치산,서울2호선,59.383333,126.84688932629948,37.53139310583104,186466.78660554945,547999.37624111
pangyo_1st_technovalley,판교역,60,379,지행,서울1호선,59.7,127.05582165925696,37.89258267033157,204910.09689403887,588078.6330698065
pangyo_1st_technovalley,판교역,60,613,상일동,서울5호선,59.733333,127.16566050187812,37.55664771393591,214637.53537898153,550804.2141773205
pangyo_1st_technovalley,판교역,60,187,삼양사거리,우이신설경전철,59.766667,127.02052830871898,37.62127586934903,201812.28496325223,557964.5096053665
pangyo_1st_technovalley,판교역,60,745,신방화,서울9호선,59.8,126.81694853560047,37.56754450875388,183828.17719192215,552016.4818209161
pangyo_1st_technovalley,판교역,60,83,대곡,경의중앙선,59.8,126.8098727135928,37.63191815759094,183217.52344977477,559162.4946891872
pangyo_1st_technovalley,판교역,60,133,별내,경춘선,59.816667,127.12727921321871,37.64219936214101,211233.3457546954,560294.2199689263
pangyo_1st_technovalley,판교역,60,153,범골,의정부경전철,59.866667,127.04367521892088,37.72879492163151,203850.18625977973,569898.7851787977
pangyo_1st_technovalley,판교역,60,635,월드컵경기장,서울6호선,59.883333,126.89906444681452,37.569592247612064,191083.01755657216,552232.7954337479
pangyo_1st_technovalley,판교역,60,61,시흥사거리,신안산선,59.95,126.90050843048068,37.45472970379196,191197.10412307462,539484.3746787966
pangyo_1st_technovalley,판교역,60,338,온수,서울1호선,59.966667,126.8238933061918,37.49244945064322,184426.11308201682,543680.6787098981
wirye_plan_area,남위례역,30,735,남위례,서울8호선,0.0,127.13969234334893,37.46249121266242,212358.53684047298,540350.311127827
wirye_plan_area,남위례역,30,723,산성,서울8호선,1.666667,127.1499895659972,37.45687166092399,213270.52237866347,539728.0181882225
wirye_plan_area,남위례역,30,724,복정,서울8호선,1.833333,127.12676817610888,37.470868178941465,211213.88808775824,541278.4239671334
wirye_plan_area,남위례역,30,725,장지,서울8호선,3.5,127.12621866852548,37.47858602461259,211164.1306704346,542134.9363733239
wirye_plan_area,남위례역,30,722,남한산성입구,서울8호선,4.333333,127.16003270270654,37.45203498104027,214160.01438231516,539192.6750561103
wirye_plan_area,남위례역,30,726,문정,서울8호선,5.0,127.12239054688452,37.48599958850546,210824.46092328243,542957.2969012362
wirye_plan_area,남위례역,30,239,남위례,위례선,5.5,127.13948214978772,37.46275421160215,212339.89785247465,540379.4728825322
wirye_plan_area,남위례역,30,721,단대오거리,서울8호선,6.0,127.15672440797957,37.44508841834457,213868.57194640272,538421.210568585
wirye_plan_area,남위례역,30,803,복정,분당선,6.5,127.126555484368,37.47088919380632,211195.07027576305,541280.7310312241
wirye_plan_area,남위례역,30,727,가락시장,서울8호선,6.5,127.11815833405204,37.49313536324696,210449.1615172304,543748.7962592622
wirye_plan_area,남위례역,30,238,위례트램스퀘어,위례선,7.166667,127.14180744696384,37.46718144424226,212544.87579466714,540871.1429401787
wirye_plan_area,남위례역,30,241,복정,위례선,7.333333,127.1270278105517,37.47088445717129,211236.8528729369,541280.2615775759
wirye_plan_area,남위례역,30,720,신흥,서울8호선,7.5,127.14760299428023,37.440910752121255,213062.14207555077,537956.2445324227
wirye_plan_area,남위례역,30,728,송파,서울8호선,8.333333,127.11245977050264,37.499453281817736,209944.37932763508,544449.3859222594
wirye_plan_area,남위례역,30,237,위례역사공원,위례선,8.5,127.14201372859924,37.47018745174672,212562.6212901078,541204.7967961855
wirye_plan_area,남위례역,30,719,수진,서울8호선,9.0,127.14085740225366,37.43749374732599,212465.75667868584,537576.091345933
wirye_plan_area,남위례역,30,802,가천대,분당선,9.5,127.1266911670322,37.44886491716168,211210.3600909792,538836.3530373116
wirye_plan_area,남위례역,30,240,위례스마트시티,위례선,9.583333,127.13472877737894,37.46901415690397,211918.37600782295,541073.6300661976
wirye_plan_area,남위례역,30,729,석촌,서울8호선,10.0,127.1072024211311,37.505234569854736,209478.76137503935,545090.4920080592
wirye_plan_area,남위례역,30,236,위례중앙광장,위례선,10.0,127.14225556910638,37.47415273575992,212583.3499014258,541644.9224820584
wirye_plan_area,남위례역,30,804,수서,분당선,10.5,127.10179180251572,37.487183508394914,209002.5247956375,543086.5274274613
wirye_plan_area,남위례역,30,718,모란,서울8호선,11.0,127.12979700679932,37.43401380632197,211487.4527682334,537188.4615473535
wirye_plan_area,남위례역,30,235,위례별,위례선,11.033333,127.14306219365102,37.477464296284296,212654.1423109359,542012.5696489409
wirye_plan_area,남위례역,30,516,가락시장,서울3호선,11.166667,127.1176994968518,37.49224072819765,210408.70904714483,543649.4526006386
wirye_plan_area,남위례역,30,801,태평,분당선,11.5,127.12780338697468,37.4397579701397,211310.14647431532,537825.7417633232
wirye_plan_area,남위례역,30,234,위례호수공원,위례선,12.05,127.14328724257729,37.48075810498525,212673.4920743366,542378.1689861241
wirye_plan_area,남위례역,30,730,잠실,서울8호선,12.333333,127.10320255466382,37.51422780237127,209124.0012283694,546088.230944805
wirye_plan_area,남위례역,30,517,경찰병원,서울3호선,12.666667,127.12438262870327,37.49583762756161,210999.20193465025,544049.421592523
wirye_plan_area,남위례역,30,233,덕수고등학교,위례선,13.3,127.14567481680112,37.48490567223692,212883.95651980228,542838.8182689981
wirye_plan_area,남위례역,30,800,모란,분당선,13.5,127.12906689217004,37.432299307382586,211423.0957908957,536998.087692357
wirye_plan_area,남위례역,30,515,수서,서울3호선,13.666667,127.1020946489058,37.48744612229928,209029.2771020779,543115.7031180791
wirye_plan_area,남위례역,30,518,오금,서울3호선,14.166667,127.12842533949964,37.50230020627933,211355.72181237262,544767.1644981389
wirye_plan_area,남위례역,30,731,몽촌토성,서울8호선,14.166667,127.11286618903804,37.51782512393169,209977.8716648804,546488.4692795654
wirye_plan_area,남위례역,30,232,위례솔,위례선,14.433333,127.14951410971696,37.487554822477,213223.04939447512,543133.3714868306
wirye_plan_area,남위례역,30,805,대모산입구,분당선,14.5,127.07272520536556,37.49139885544521,206431.49659327947,543551.9929504927
wirye_plan_area,남위례역,30,231,북위례,위례선,15.583333,127.15381650003032,37.489901472632816,213603.12811246834,543394.4319643266
wirye_plan_area,남위례역,30,806,개포동,분당선,15.833333,127.06603356695186,37.48909188383677,205839.89711657923,543295.5132432455
wirye_plan_area,남위례역,30,514,일원,서울3호선,16.166667,127.0842561048024,37.48389237561364,207451.98430139723,542719.7227611504
wirye_plan_area,남위례역,30,774,석촌,서울9호선,16.166667,127.10690960060364,37.50505930875045,209452.89248354378,545071.010818132
wirye_plan_area,남위례역,30,799,야탑,분당선,16.5,127.1286852017904,37.41180416352642,211392.41874202606,534723.374786168
wirye_plan_area,남위례역,30,732,강동구청,서울8호선,16.666667,127.1205230881743,37.53041250323172,210652.98579929862,547886.3513461581
wirye_plan_area,남위례역,30,230,마천,위례선,17.1,127.15165039494376,37.49409143960419,213410.81418129447,543859.1529812095
wirye_plan_area,남위례역,30,883,석촌,서울9호선급행,17.166667,127.10677442004425,37.50520387554385,209440.9216789192,545087.042309411
wirye_plan_area,남위례역,30,451,잠실,서울2호선,17.333333,127.10041380810402,37.5133366015627,208877.5573312333,545989.0521575582
wirye_plan_area,남위례역,30,807,구룡,분당선,17.666667,127.05959630216212,37.48702793012337,205270.74124561946,543066.0617099694
wirye_plan_area,남위례역,30,773,석촌고분,서울9호선,17.983333,127.09697063884455,37.50248404349023,208574.38881982004,544784.2375289107
wirye_plan_area,남위례역,30,513,대청,서울3호선,18.166667,127.07965438746068,37.49351094157151,207044.08465801863,543786.9028490874
wirye_plan_area,남위례역,30,775,송파나루,서울9호선,18.2,127.1122200644706,37.51030427208916,209921.74694585172,545653.6814794868
wirye_plan_area,남위례역,30,733,천호,서울8호선,18.5,127.12322157745128,37.538017360102174,210890.3983426871,548730.7063519051
wirye_plan_area,남위례역,30,622,오금,서울5호선,18.666667,127.12789900357716,37.502175504672856,211309.20053064384,544753.2608445992
wirye_plan_area,남위례역,30,808,도곡,분당선,19.0,127.05528972002826,37.49126963926923,204889.58740289265,543536.603238563
wirye_plan_area,남위례역,30,798,이매,분당선,19.0,127.12828907263012,37.39642775541209,211359.6707253735,533016.771659351
wirye_plan_area,남위례역,30,452,잠실나루,서울2호선,19.333333,127.10378518773568,37.52071866422928,209174.71635098694,546808.6915722984
wirye_plan_area,남위례역,30,450,잠실새내,서울2호선,19.333333,127.08578361601803,37.51162337532623,207584.27913018884,545797.625971368
wirye_plan_area,남위례역,30,772,삼전,서울9호선,20.083333,127.0870865662072,37.504639986996615,207700.1925434112,545022.6649106635
wirye_plan_area,남위례역,30,512,학여울,서울3호선,20.166667,127.07121516297254,37.49685981421995,206297.49653910982,544157.9860053974
wirye_plan_area,남위례역,30,776,한성백제,서울9호선,20.35,127.11527498699265,37.51526192266898,210191.1687230323,546204.244413741
wirye_plan_area,남위례역,30,809,한티,분당선,20.5,127.05289869433383,37.496292233946704,204677.82199365043,544093.9241054715
wirye_plan_area,남위례역,30,623,개롱,서울5호선,20.5,127.13507764191463,37.49793804469948,211944.63180918433,544283.8442037288
wirye_plan_area,남위례역,30,621,방이,서울5호선,20.5,127.1260296858776,37.50863811844353,211142.94939450867,545470.3053227807
wirye_plan_area,남위례역,30,797,서현,분당선,20.833333,127.12345491196908,37.38502792700807,210933.2733739239,531750.990037986
wirye_plan_area,남위례역,30,734,암사,서울8호선,20.833333,127.12752631532123,37.55013385216643,211269.02991861477,550075.998066817
wirye_plan_area,남위례역,30,449,종합운동장,서울2호선,21.333333,127.0738741898419,37.51114024667451,206531.38792136285,545743.11153201
wirye_plan_area,남위례역,30,882,종합운동장,서울9호선급행,21.333333,127.07610376624258,37.51175432363645,206728.4548316606,545811.4233592725
wirye_plan_area,남위례역,30,884,올림픽공원,서울9호선급행,21.416667,127.13105462314178,37.51633991834076,211586.04020333037,546325.7145625938
wirye_plan_area,남위례역,30,839,수서,GTX_A,21.5,127.10246845537694,37.486392416412166,209062.4639369563,542998.79155127
wirye_plan_area,남위례역,30,511,대치,서울3호선,21.666667,127.06288260206011,37.49438321809049,205560.83878125914,543882.5912216605
wirye_plan_area,남위례역,30,453,강변,서울2호선,21.833333,127.0947560262475,37.5352127586193,208374.90848513867,548416.514090757
wirye_plan_area,남위례역,30,810,선릉,분당선,22.333333,127.04887341969834,37.50484218769327,204321.37489646024,545042.6658840684
wirye_plan_area,남위례역,30,624,거여,서울5호선,22.333333,127.14376760607396,37.49333293435531,212713.8481228185,543773.8748815515
wirye_plan_area,남위례역,30,620,올림픽공원,서울5호선,22.333333,127.13097639480684,37.51635736455057,211579.12163537566,546327.6412417506
wirye_plan_area,남위례역,30,607,천호,서울5호선,22.333333,127.12396447570144,37.538500637421805,210955.98546222495,548784.4305445958
wirye_plan_area,남위례역,30,796,수내,분당선,22.833333,127.1143520319864,37.37845478546335,210127.99814908224,531020.4549966251
wirye_plan_area,남위례역,30,771,종합운동장,서울9호선,22.95,127.07598223383413,37.51160225275392,206717.72358601395,545794.5367416851
wirye_plan_area,남위례역,30,778,올림픽공원,서울9호선,23.0,127.13125496218146,37.51625605646414,211603.7644080068,546316.431639188
wirye_plan_area,남위례역,30,510,도곡,서울3호선,23.166667,127.0555675006598,37.491048742482185,204914.1676127927,543512.1010569647
wirye_plan_area,남위례역,30,736,암사역사공원,서울8호선,23.216667,127.1383368701046,37.55730179167237,212223.14846742334,550872.9050641976
wirye_plan_area,남위례역,30,454,구의,서울2호선,23.333333,127.0862247417597,37.53715481665681,207620.68238500145,548631.3332026995
wirye_plan_area,남위례역,30,448,삼성,서울2호선,23.333333,127.06313210133392,37.50891530115271,205581.82061031493,545495.4795345248
wirye_plan_area,남위례역,30,625,마천,서울5호선,23.433333,127.15282678886048,37.49499704089626,213514.68244289994,543959.8312361644
wirye_plan_area,남위례역,30,881,봉은사,서울9호선급행,23.866667,127.0601734237017,37.51442725764903,205319.8380729305,546107.0651613686
wirye_plan_area,남위례역,30,838,삼성,GTX_A,24.333333,127.06254819504764,37.509771638932015,205530.13139315363,545590.4876164575
wirye_plan_area,남위례역,30,811,선정릉,분당선,24.333333,127.043735554321,37.5106387912849,203866.78716116634,545685.7911083113
wirye_plan_area,남위례역,30,608,강동,서울5호선,24.333333,127.13241463712436,37.53588915403585,211703.21953425868,548495.6057800376
wirye_plan_area,남위례역,30,619,둔촌동,서울5호선,24.5,127.13621508958978,37.52766277122959,212040.43792019275,547583.0580758416
wirye_plan_area,남위례역,30,606,광나루,서울5호선,24.833333,127.10363624600872,37.545260871802135,209158.54816054503,549532.5603633125
wirye_plan_area,남위례역,30,885,중앙보훈병원,서울9호선급행,25.083333,127.14826627604758,37.528665428902215,213105.5016313651,547695.9516120916
wirye_plan_area,남위례역,30,509,매봉,서울3호선,25.166667,127.04677618667324,37.48696948538969,204136.92385374318,543058.9345849513
wirye_plan_area,남위례역,30,770,봉은사,서울9호선,25.216667,127.06022236028824,37.5142512509896,205324.17698361285,546087.5334214951
wirye_plan_area,남위례역,30,795,정자,분당선,25.333333,127.10805027517874,37.36637015292752,209571.3955258955,529678.58821441
wirye_plan_area,남위례역,30,777,둔촌오륜,서울9호선,25.333333,127.13951062486169,37.518923227645246,212333.17832595712,546613.5044082915
wirye_plan_area,남위례역,30,447,선릉,서울2호선,25.333333,127.04884944742884,37.50447516204327,204319.2764191641,545001.929658171
wirye_plan_area,남위례역,30,812,강남구청,분당선,25.833333,127.04141846607048,37.516818175071926,203661.62475474845,546371.531552071
wirye_plan_area,남위례역,30,455,건대입구,서울2호선,25.833333,127.06916133687464,37.54039736656281,206112.32611256398,548989.9706929771
wirye_plan_area,남위례역,30,609,길동,서울5호선,26.5,127.14004175872208,37.53789287459892,212376.99754545532,548718.9708636135
wirye_plan_area,남위례역,30,880,선정릉,서울9호선급행,26.733333,127.0440542026834,37.51050736146603,203894.96661760783,545671.2172171577
wirye_plan_area,남위례역,30,605,아차산,서울5호선,27.0,127.08969907636651,37.55192170514021,207926.18620177955,550270.5665336256
wirye_plan_area,남위례역,30,769,삼성중앙,서울9호선,27.033333,127.0533265789544,37.51303446510631,204714.6068241201,545952.1177620228
wirye_plan_area,남위례역,30,456,성수,서울2호선,27.333333,127.05638072816848,37.54448421832996,204982.5320725418,549442.8075744329
wirye_plan_area,남위례역,30,840,성남,GTX_A,27.35,127.12086379733869,37.39508384285294,210702.37232307898,532866.7491260648
wirye_plan_area,남위례역,30,508,양재,서울3호선,27.666667,127.0338695771307,37.48458004712426,202995.5482083967,542793.2496491452
wirye_plan_area,남위례역,30,794,미금,분당선,27.833333,127.10901849475744,37.35005408399885,209659.25388394718,527867.8573474591
wirye_plan_area,남위례역,30,446,역삼,서울2호선,27.833333,127.03636840669158,37.50063961417192,203215.865139945,544575.7337019544
wirye_plan_area,남위례역,30,610,굽은다리,서울5호선,28.166667,127.14284079165738,37.54543249803229,212623.10714413074,549556.1500052796
wirye_plan_area,남위례역,30,779,중앙보훈병원,서울9호선,28.45,127.14848157270966,37.52860977620455,213124.5418217269,547689.8048689549
wirye_plan_area,남위례역,30,737,장자호수공원,서울8호선,28.483333,127.13794890715565,37.58767364990827,212183.91998565456,554243.7812438211
wirye_plan_area,남위례역,30,813,압구정로데오,분당선,28.833333,127.04055846245012,37.52734337097982,203585.09195757113,547539.6631880631
wirye_plan_area,남위례역,30,457,뚝섬,서울2호선,28.833333,127.04703599105132,37.5473444530958,204156.5510879432,549759.8048952087
wirye_plan_area,남위례역,30,768,선정릉,서울9호선,29.1,127.04413239250458,37.510338197449975,203901.88842462035,545652.4454090482
wirye_plan_area,남위례역,30,604,군자,서울5호선,29.166667,127.07978942893898,37.55705115942891,207050.04484861757,550839.0855015432
wirye_plan_area,남위례역,30,445,강남,서울2호선,29.333333,127.02806167769988,37.49811677955261,202481.4286563659,544295.4803679711
wirye_plan_area,남위례역,30,793,오리,분당선,29.833333,127.1089653267135,37.33986223006651,209655.84803235682,526736.7174388769
wirye_plan_area,남위례역,30,611,명일,서울5호선,29.833333,127.1440279234917,37.551293131001216,212727.01977186036,550206.7702101691
wirye_plan_area,남위례역,30,879,신논현,서울9호선급행,29.833333,127.02576262558544,37.50508932731812,202277.9170073122,545069.284885228
wirye_plan_area,남위례역,60,735,남위례,서울8호선,0.0,127.13969234334893,37.46249121266242,212358.53684047298,540350.311127827
wirye_plan_area,남위례역,60,723,산성,서울8호선,1.666667,127.1499895659972,37.45687166092399,213270.52237866347,539728.0181882225
wirye_plan_area,남위례역,60,724,복정,서울8호선,1.833333,127.12676817610888,37.470868178941465,211213.88808775824,541278.4239671334
wirye_plan_area,남위례역,60,725,장지,서울8호선,3.5,127.12621866852548,37.47858602461259,211164.1306704346,542134.9363733239
wirye_plan_area,남위례역,60,722,남한산성입구,서울8호선,4.333333,127.16003270270654,37.45203498104027,214160.01438231516,539192.6750561103
wirye_plan_area,남위례역,60,726,문정,서울8호선,5.0,127.12239054688452,37.48599958850546,210824.46092328243,542957.2969012362
wirye_plan_area,남위례역,60,239,남위례,위례선,5.5,127.13948214978772,37.46275421160215,212339.89785247465,540379.4728825322
wirye_plan_area,남위례역,60,721,단대오거리,서울8호선,6.0,127.15672440797957,37.44508841834457,213868.57194640272,538421.210568585
wirye_plan_area,남위례역,60,803,복정,분당선,6.5,127.126555484368,37.47088919380632,211195.07027576305,541280.7310312241
wirye_plan_area,남위례역,60,727,가락시장,서울8호선,6.5,127.11815833405204,37.49313536324696,210449.1615172304,543748.7962592622
wirye_plan_area,남위례역,60,238,위례트램스퀘어,위례선,7.166667,127.14180744696384,37.46718144424226,212544.87579466714,540871.1429401787
wirye_plan_area,남위례역,60,241,복정,위례선,7.333333,127.1270278105517,37.47088445717129,211236.8528729369,541280.2615775759
wirye_plan_area,남위례역,60,720,신흥,서울8호선,7.5,127.14760299428023,37.440910752121255,213062.14207555077,537956.2445324227
wirye_plan_area,남위례역,60,728,송파,서울8호선,8.333333,127.11245977050264,37.499453281817736,209944.37932763508,544449.3859222594
wirye_plan_area,남위례역,60,237,위례역사공원,위례선,8.5,127.14201372859924,37.47018745174672,212562.6212901078,541204.7967961855
wirye_plan_area,남위례역,60,719,수진,서울8호선,9.0,127.14085740225366,37.43749374732599,212465.75667868584,537576.091345933
wirye_plan_area,남위례역,60,802,가천대,분당선,9.5,127.1266911670322,37.44886491716168,211210.3600909792,538836.3530373116
wirye_plan_area,남위례역,60,240,위례스마트시티,위례선,9.583333,127.13472877737894,37.46901415690397,211918.37600782295,541073.6300661976
wirye_plan_area,남위례역,60,729,석촌,서울8호선,10.0,127.1072024211311,37.505234569854736,209478.76137503935,545090.4920080592
wirye_plan_area,남위례역,60,236,위례중앙광장,위례선,10.0,127.14225556910638,37.47415273575992,212583.3499014258,541644.9224820584
wirye_plan_area,남위례역,60,804,수서,분당선,10.5,127.10179180251572,37.487183508394914,209002.5247956375,543086.5274274613
wirye_plan_area,남위례역,60,718,모란,서울8호선,11.0,127.12979700679932,37.43401380632197,211487.4527682334,537188.4615473535
wirye_plan_area,남위례역,60,235,위례별,위례선,11.033333,127.14306219365102,37.477464296284296,212654.1423109359,542012.5696489409
wirye_plan_area,남위례역,60,516,가락시장,서울3호선,11.166667,127.1176994968518,37.49224072819765,210408.70904714483,543649.4526006386
wirye_plan_area,남위례역,60,801,태평,분당선,11.5,127.12780338697468,37.4397579701397,211310.14647431532,537825.7417633232
wirye_plan_area,남위례역,60,234,위례호수공원,위례선,12.05,127.14328724257729,37.48075810498525,212673.4920743366,542378.1689861241
wirye_plan_area,남위례역,60,730,잠실,서울8호선,12.333333,127.10320255466382,37.51422780237127,209124.0012283694,546088.230944805
wirye_plan_area,남위례역,60,517,경찰병원,서울3호선,12.666667,127.12438262870327,37.49583762756161,210999.20193465025,544049.421592523
wirye_plan_area,남위례역,60,233,덕수고등학교,위례선,13.3,127.14567481680112,37.48490567223692,212883.95651980228,542838.8182689981
wirye_plan_area,남위례역,60,800,모란,분당선,13.5,127.12906689217004,37.432299307382586,211423.0957908957,536998.087692357
wirye_plan_area,남위례역,60,515,수서,서울3호선,13.666667,127.1020946489058,37.48744612229928,209029.2771020779,543115.7031180791
wirye_plan_area,남위례역,60,518,오금,서울3호선,14.166667,127.12842533949964,37.50230020627933,211355.72181237262,544767.1644981389
wirye_plan_area,남위례역,60,731,몽촌토성,서울8호선,14.166667,127.11286618903804,37.51782512393169,209977.8716648804,546488.4692795654
wirye_plan_area,남위례역,60,232,위례솔,위례선,14.433333,127.14951410971696,37.487554822477,213223.04939447512,543133.3714868306
wirye_plan_area,남위례역,60,805,대모산입구,분당선,14.5,127.07272520536556,37.49139885544521,206431.49659327947,543551.9929504927
wirye_plan_area,남위례역,60,231,북위례,위례선,15.583333,127.15381650003032,37.489901472632816,213603.12811246834,543394.4319643266
wirye_plan_area,남위례역,60,806,개포동,분당선,15.833333,127.06603356695186,37.48909188383677,205839.89711657923,543295.5132432455
wirye_plan_area,남위례역,60,514,일원,서울3호선,16.166667,127.0842561048024,37.48389237561364,207451.98430139723,542719.7227611504
wirye_plan_area,남위례역,60,774,석촌,서울9호선,16.166667,127.10690960060364,37.50505930875045,209452.89248354378,545071.010818132
wirye_plan_area,남위례역,60,799,야탑,분당선,16.5,127.1286852017904,37.41180416352642,211392.41874202606,534723.374786168
wirye_plan_area,남위례역,60,732,강동구청,서울8호선,16.666667,127.1205230881743,37.53041250323172,210652.98579929862,547886.3513461581
wirye_plan_area,남위례역,60,230,마천,위례선,17.1,127.15165039494376,37.49409143960419,213410.81418129447,543859.1529812095
wirye_plan_area,남위례역,60,883,석촌,서울9호선급행,17.166667,127.10677442004425,37.50520387554385,209440.9216789192,545087.042309411
wirye_plan_area,남위례역,60,451,잠실,서울2호선,17.333333,127.10041380810402,37.5133366015627,208877.5573312333,545989.0521575582
wirye_plan_area,남위례역,60,807,구룡,분당선,17.666667,127.05959630216212,37.48702793012337,205270.74124561946,543066.0617099694
wirye_plan_area,남위례역,60,773,석촌고분,서울9호선,17.983333,127.09697063884455,37.50248404349023,208574.38881982004,544784.2375289107
wirye_plan_area,남위례역,60,513,대청,서울3호선,18.166667,127.07965438746068,37.49351094157151,207044.08465801863,543786.9028490874
wirye_plan_area,남위례역,60,775,송파나루,서울9호선,18.2,127.1122200644706,37.51030427208916,209921.74694585172,545653.6814794868
wirye_plan_area,남위례역,60,733,천호,서울8호선,18.5,127.12322157745128,37.538017360102174,210890.3983426871,548730.7063519051
wirye_plan_area,남위례역,60,622,오금,서울5호선,18.666667,127.12789900357716,37.502175504672856,211309.20053064384,544753.2608445992
wirye_plan_area,남위례역,60,808,도곡,분당선,19.0,127.05528972002826,37.49126963926923,204889.58740289265,543536.603238563
wirye_plan_area,남위례역,60,798,이매,분당선,19.0,127.12828907263012,37.39642775541209,211359.6707253735,533016.771659351
wirye_plan_area,남위례역,60,452,잠실나루,서울2호선,19.333333,127.10378518773568,37.52071866422928,209174.71635098694,546808.6915722984
wirye_plan_area,남위례역,60,450,잠실새내,서울2호선,19.333333,127.08578361601803,37.51162337532623,207584.27913018884,545797.625971368
wirye_plan_area,남위례역,60,772,삼전,서울9호선,20.083333,127.0870865662072,37.504639986996615,207700.1925434112,545022.6649106635
wirye_plan_area,남위례역,60,512,학여울,서울3호선,20.166667,127.07121516297254,37.49685981421995,206297.49653910982,544157.9860053974
wirye_plan_area,남위례역,60,776,한성백제,서울9호선,20.35,127.11527498699265,37.51526192266898,210191.1687230323,546204.244413741
wirye_plan_area,남위례역,60,809,한티,분당선,20.5,127.05289869433383,37.496292233946704,204677.82199365043,544093.9241054715
wirye_plan_area,남위례역,60,623,개롱,서울5호선,20.5,127.13507764191463,37.49793804469948,211944.63180918433,544283.8442037288
wirye_plan_area,남위례역,60,621,방이,서울5호선,20.5,127.1260296858776,37.50863811844353,211142.94939450867,545470.3053227807
wirye_plan_area,남위례역,60,797,서현,분당선,20.833333,127.12345491196908,37.38502792700807,210933.2733739239,531750.990037986
wirye_plan_area,남위례역,60,734,암사,서울8호선,20.833333,127.12752631532123,37.55013385216643,211269.02991861477,550075.998066817
wirye_plan_area,남위례역,60,449,종합운동장,서울2호선,21.333333,127.0738741898419,37.51114024667451,206531.38792136285,545743.11153201
wirye_plan_area,남위례역,60,882,종합운동장,서울9호선급행,21.333333,127.07610376624258,37.51175432363645,206728.4548316606,545811.4233592725
wirye_plan_area,남위례역,60,884,올림픽공원,서울9호선급행,21.416667,127.13105462314178,37.51633991834076,211586.04020333037,546325.7145625938
wirye_plan_area,남위례역,60,839,수서,GTX_A,21.5,127.10246845537694,37.486392416412166,209062.4639369563,542998.79155127
wirye_plan_area,남위례역,60,511,대치,서울3호선,21.666667,127.06288260206011,37.49438321809049,205560.83878125914,543882.5912216605
wirye_plan_area,남위례역,60,453,강변,서울2호선,21.833333,127.0947560262475,37.5352127586193,208374.90848513867,548416.514090757
wirye_plan_area,남위례역,60,810,선릉,분당선,22.333333,127.04887341969834,37.50484218769327,204321.37489646024,545042.6658840684
wirye_plan_area,남위례역,60,624,거여,서울5호선,22.333333,127.14376760607396,37.49333293435531,212713.8481228185,543773.8748815515
wirye_plan_area,남위례역,60,620,올림픽공원,서울5호선,22.333333,127.13097639480684,37.51635736455057,211579.12163537566,546327.6412417506
wirye_plan_area,남위례역,60,607,천호,서울5호선,22.333333,127.12396447570144,37.538500637421805,210955.98546222495,548784.4305445958
wirye_plan_area,남위례역,60,796,수내,분당선,22.833333,127.1143520319864,37.37845478546335,210127.99814908224,531020.4549966251
wirye_plan_area,남위례역,60,771,종합운동장,서울9호선,22.95,127.07598223383413,37.51160225275392,206717.72358601395,545794.5367416851
wirye_plan_area,남위례역,60,778,올림픽공원,서울9호선,23.0,127.13125496218146,37.51625605646414,211603.7644080068,546316.431639188
wirye_plan_area,남위례역,60,510,도곡,서울3호선,23.166667,127.0555675006598,37.491048742482185,204914.1676127927,543512.1010569647
wirye_plan_area,남위례역,60,736,암사역사공원,서울8호선,23.216667,127.1383368701046,37.55730179167237,212223.14846742334,550872.9050641976
wirye_plan_area,남위례역,60,454,구의,서울2호선,23.333333,127.0862247417597,37.53715481665681,207620.68238500145,548631.3332026995
wirye_plan_area,남위례역,60,448,삼성,서울2호선,23.333333,127.06313210133392,37.50891530115271,205581.82061031493,545495.4795345248
wirye_plan_area,남위례역,60,625,마천,서울5호선,23.433333,127.15282678886048,37.49499704089626,213514.68244289994,543959.8312361644
wirye_plan_area,남위례역,60,881,봉은사,서울9호선급행,23.866667,127.0601734237017,37.51442725764903,205319.8380729305,546107.0651613686
wirye_plan_area,남위례역,60,838,삼성,GTX_A,24.333333,127.06254819504764,37.509771638932015,205530.13139315363,545590.4876164575
wirye_plan_area,남위례역,60,811,선정릉,분당선,24.333333,127.043735554321,37.5106387912849,203866.78716116634,545685.7911083113
wirye_plan_area,남위례역,60,608,강동,서울5호선,24.333333,127.13241463712436,37.53588915403585,211703.21953425868,548495.6057800376
wirye_plan_area,남위례역,60,619,둔촌동,서울5호선,24.5,127.13621508958978,37.52766277122959,212040.43792019275,547583.0580758416
wirye_plan_area,남위례역,60,606,광나루,서울5호선,24.833333,127.10363624600872,37.545260871802135,209158.54816054503,549532.5603633125
wirye_plan_area,남위례역,60,885,중앙보훈병원,서울9호선급행,25.083333,127.14826627604758,37.528665428902215,213105.5016313651,547695.9516120916
wirye_plan_area,남위례역,60,509,매봉,서울3호선,25.166667,127.04677618667324,37.48696948538969,204136.92385374318,543058.9345849513
wirye_plan_area,남위례역,60,770,봉은사,서울9호선,25.216667,127.06022236028824,37.5142512509896,205324.17698361285,546087.5334214951
wirye_plan_area,남위례역,60,795,정자,분당선,25.333333,127.10805027517874,37.36637015292752,209571.3955258955,529678.58821441
wirye_plan_area,남위례역,60,777,둔촌오륜,서울9호선,25.333333,127.13951062486169,37.518923227645246,212333.17832595712,546613.5044082915
wirye_plan_area,남위례역,60,447,선릉,서울2호선,25.333333,127.04884944742884,37.50447516204327,204319.2764191641,545001.929658171
wirye_plan_area,남위례역,60,812,강남구청,분당선,25.833333,127.04141846607048,37.516818175071926,203661.62475474845,546371.531552071
wirye_plan_area,남위례역,60,455,건대입구,서울2호선,25.833333,127.06916133687464,37.54039736656281,206112.32611256398,548989.9706929771
wirye_plan_area,남위례역,60,609,길동,서울5호선,26.5,127.14004175872208,37.53789287459892,212376.99754545532,548718.9708636135
wirye_plan_area,남위례역,60,880,선정릉,서울9호선급행,26.733333,127.0440542026834,37.51050736146603,203894.96661760783,545671.2172171577
wirye_plan_area,남위례역,60,605,아차산,서울5호선,27.0,127.08969907636651,37.55192170514021,207926.18620177955,550270.5665336256
wirye_plan_area,남위례역,60,769,삼성중앙,서울9호선,27.033333,127.0533265789544,37.51303446510631,204714.6068241201,545952.1177620228
wirye_plan_area,남위례역,60,456,성수,서울2호선,27.333333,127.05638072816848,37.54448421832996,204982.5320725418,549442.8075744329
wirye_plan_area,남위례역,60,840,성남,GTX_A,27.35,127.12086379733869,37.39508384285294,210702.37232307898,532866.7491260648
wirye_plan_area,남위례역,60,508,양재,서울3호선,27.666667,127.0338695771307,37.48458004712426,202995.5482083967,542793.2496491452
wirye_plan_area,남위례역,60,794,미금,분당선,27.833333,127.10901849475744,37.35005408399885,209659.25388394718,527867.8573474591
wirye_plan_area,남위례역,60,446,역삼,서울2호선,27.833333,127.03636840669158,37.50063961417192,203215.865139945,544575.7337019544
wirye_plan_area,남위례역,60,610,굽은다리,서울5호선,28.166667,127.14284079165738,37.54543249803229,212623.10714413074,549556.1500052796
wirye_plan_area,남위례역,60,779,중앙보훈병원,서울9호선,28.45,127.14848157270966,37.52860977620455,213124.5418217269,547689.8048689549
wirye_plan_area,남위례역,60,737,장자호수공원,서울8호선,28.483333,127.13794890715565,37.58767364990827,212183.91998565456,554243.7812438211
wirye_plan_area,남위례역,60,813,압구정로데오,분당선,28.833333,127.04055846245012,37.52734337097982,203585.09195757113,547539.6631880631
wirye_plan_area,남위례역,60,457,뚝섬,서울2호선,28.833333,127.04703599105132,37.5473444530958,204156.5510879432,549759.8048952087
wirye_plan_area,남위례역,60,768,선정릉,서울9호선,29.1,127.04413239250458,37.510338197449975,203901.88842462035,545652.4454090482
wirye_plan_area,남위례역,60,604,군자,서울5호선,29.166667,127.07978942893898,37.55705115942891,207050.04484861757,550839.0855015432
wirye_plan_area,남위례역,60,445,강남,서울2호선,29.333333,127.02806167769988,37.49811677955261,202481.4286563659,544295.4803679711
wirye_plan_area,남위례역,60,793,오리,분당선,29.833333,127.1089653267135,37.33986223006651,209655.84803235682,526736.7174388769
wirye_plan_area,남위례역,60,611,명일,서울5호선,29.833333,127.1440279234917,37.551293131001216,212727.01977186036,550206.7702101691
wirye_plan_area,남위례역,60,879,신논현,서울9호선급행,29.833333,127.02576262558544,37.50508932731812,202277.9170073122,545069.284885228
wirye_plan_area,남위례역,60,507,남부터미널,서울3호선,30.166667,127.0163021415056,37.48500070905941,201441.81240348477,542839.5235739402
wirye_plan_area,남위례역,60,27,이매,경강선,30.5,127.12731612795024,37.39471204844055,211273.77588398688,532826.2369661301
wirye_plan_area,남위례역,60,837,서울역,GTX_A,30.55,126.97008315962778,37.55549841523453,197356.54922771093,550664.1778069205
wirye_plan_area,남위례역,60,814,서울숲,분당선,30.666667,127.04468169688803,37.54360242963025,203948.70044643257,549344.3840811735
wirye_plan_area,남위례역,60,458,한양대,서울2호선,30.833333,127.04362373849646,37.55548547037737,203854.59243901298,550663.2148480527
wirye_plan_area,남위례역,60,767,언주,서울9호선,30.933333,127.03388761609956,37.50732567260436,202996.23478349773,545317.7181759753
wirye_plan_area,남위례역,60,738,구리,서울8호선,31.283333,127.1410155290818,37.60165456231383,212452.44031226917,555795.9096326987
wirye_plan_area,남위례역,60,444,교대,서울2호선,31.333333,127.0145212219361,37.49391874143159,201284.14962975867,543829.2820153857
wirye_plan_area,남위례역,60,886,성수,서울2호선,31.333333,127.05640483439984,37.54454029194622,204984.65867835627,549449.0323444682
wirye_plan_area,남위례역,60,603,장한평,서울5호선,31.333333,127.06358974503318,37.56159912471764,205618.32937680001,551342.7641723179
wirye_plan_area,남위례역,60,859,삼성,GTX_C,31.833333,127.06255285659152,37.51027848094224,205530.50614332868,545646.7408877047
wirye_plan_area,남위례역,60,696,강남구청,서울7호선,31.833333,127.0410971937261,37.5171658604025,203633.20561953337,546410.1077753201
wirye_plan_area,남위례역,60,825,정자,신분당선,31.833333,127.10853330157944,37.36731490403886,209614.0628236814,529783.4901042742
wirye_plan_area,남위례역,60,612,고덕,서울5호선,32.0,127.15418692922734,37.555035683940886,213624.03900962803,550623.5730542196
wirye_plan_area,남위례역,60,699,건대입구,서울7호선,32.0,127.07104527435244,37.540787120208606,206278.79168210237,549033.3527304308
wirye_plan_area,남위례역,60,506,교대,서울3호선,32.166667,127.0138279671102,37.49296656096792,201222.858816473,543723.5932123954
wirye_plan_area,남위례역,60,898,성남,경강선,32.5,127.11939278676086,37.39474732415628,210572.16297401124,532829.2347010946
wirye_plan_area,남위례역,60,459,왕십리,서울2호선,32.833333,127.03758032298498,37.561265875713445,203320.3398694815,551304.5406484293
wirye_plan_area,남위례역,60,878,고속터미널,서울9호선급행,32.833333,127.00395600288556,37.50610053366641,200349.78285117284,545181.2113423788
wirye_plan_area,남위례역,60,792,죽전,분당선,33.166667,127.10756652082291,37.32470333266271,209533.8097155799,525054.1813257855
wirye_plan_area,남위례역,60,443,서초,서울2호선,33.333333,127.00770165990149,37.491811823574814,200681.09705594488,543595.3705408658
wirye_plan_area,남위례역,60,739,동구릉,서울8호선,33.4,127.13794969798045,37.61238759691262,212179.96030184178,556986.7577290242
wirye_plan_area,남위례역,60,766,신논현,서울9호선,33.483333,127.02584213308398,37.5049205564883,202284.95215984233,545050.555422012
wirye_plan_area,남위례역,60,602,답십리,서울5호선,33.5,127.05259116240944,37.56695084975485,204646.2418000359,551936.1422094593
wirye_plan_area,남위례역,60,695,학동,서울7호선,33.5,127.03181201807584,37.51434017199306,202812.45382629332,546096.1740769547
wirye_plan_area,남위례역,60,841,구성,GTX_A,33.516667,127.10447748156407,37.29924690741223,209263.14542686948,522228.6297521241
wirye_plan_area,남위례역,60,697,청담,서울7호선,33.833333,127.05357716068204,37.5194288912404,204736.35662773295,546661.8307918379
wirye_plan_area,남위례역,60,698,뚝섬유원지,서울7호선,33.833333,127.06669338787944,37.53153233958963,205894.9119866743,548005.9038781628
wirye_plan_area,남위례역,60,815,왕십리,분당선,34.0,127.03858040056603,37.56196040259133,203408.66823416704,551381.6607395553
wirye_plan_area,남위례역,60,700,어린이대공원,서울7호선,34.0,127.07460765080978,37.54797651986144,206592.9918869369,549831.5329167189
wirye_plan_area,남위례역,60,613,상일동,서울5호선,34.166667,127.16566050187812,37.55664771393591,214637.53537898153,550804.2141773205
wirye_plan_area,남위례역,60,826,미금,신분당선,34.166667,127.10882039582212,37.350043730204725,209641.70324558634,527866.6879963846
wirye_plan_area,남위례역,60,460,상왕십리,서울2호선,34.333333,127.02933321473816,37.564390820548745,202591.57361948778,551651.1133464475
wirye_plan_area,남위례역,60,471,용답,서울2호선,34.333333,127.05086030254466,37.56227214988865,204493.60751192312,551416.7772595936
wirye_plan_area,남위례역,60,26,판교,경강선,34.5,127.11144319589552,37.39478218191577,209868.22643659465,532832.2422259868
wirye_plan_area,남위례역,60,505,고속터미널,서울3호선,34.666667,127.00493444785856,37.50486906037078,200436.30240984852,545044.5377296575
wirye_plan_area,남위례역,60,821,양재,신분당선,34.666667,127.03491881007974,37.483707202554456,203088.3821059551,542696.4093724476
wirye_plan_area,남위례역,60,858,양재,GTX_C,34.783333,127.0337983991954,37.485537462493696,202989.21482791106,542899.5078171258
wirye_plan_area,남위례역,60,894,왕십리,GTX_C,34.833333,127.03900739938722,37.56121627615389,203446.4288528968,551299.0870548529
wirye_plan_area,남위례역,60,701,군자,서울7호선,34.833333,127.07940313207344,37.557012386873,207015.91600889925,550834.7533043631
wirye_plan_area,남위례역,60,824,판교,신분당선,35.133333,127.11115660285478,37.39456947025172,209842.87660537046,532808.6044602178
wirye_plan_area,남위례역,60,694,논현,서울7호선,35.333333,127.021853180708,37.51126113697782,201932.08698737208,545754.1892643344
wirye_plan_area,남위례역,60,877,동작,서울9호선급행,35.416667,126.9785908278192,37.502936332057935,198106.95856346,544830.2336803857
wirye_plan_area,남위례역,60,28,삼동,경강선,35.5,127.20342545155974,37.408720901714815,218009.86943965178,534392.8279322024
wirye_plan_area,남위례역,60,601,마장,서울5호선,35.5,127.04302768358836,37.5661764289573,203801.38183163718,551849.7607255935
wirye_plan_area,남위례역,60,765,사평,서울9호선,35.666667,127.0151631744664,37.50422483239932,201340.73489388876,544973.1332937712
wirye_plan_area,남위례역,60,442,방배,서울2호선,35.833333,126.99759853941435,37.48147207698431,199787.59732370346,542447.7701543716
wirye_plan_area,남위례역,60,461,신당,서울2호선,35.833333,127.01968796261627,37.56568075110923,201739.3908203998,551794.0582552516
wirye_plan_area,남위례역,60,614,강일,서울5호선,35.866667,127.175721364996,37.55746284620904,215526.3310578307,550896.2985630938
wirye_plan_area,남위례역,60,836,연신내,GTX_A,36.016667,126.9202465708694,37.62016672661696,192959.08392437038,557844.1997163899
wirye_plan_area,남위례역,60,791,보정,분당선,36.166667,127.10834005272706,37.31279826193464,209603.8838669656,523732.9911015313
wirye_plan_area,남위례역,60,472,신답,서울2호선,36.333333,127.04706944994533,37.56984395489578,204158.2573144885,552256.9844651851
wirye_plan_area,남위례역,60,504,잠원,서울3호선,36.666667,127.0115777959725,37.51297848809268,201023.59453347445,545944.6319830568
wirye_plan_area,남위례역,60,827,동천,신분당선,36.8,127.10282103853412,37.33792959003132,209111.61169044126,526521.6148640675
wirye_plan_area,남위례역,60,820,강남,신분당선,36.8,127.02829567320644,37.49661485108958,202502.17044503297,544128.7920423816
wirye_plan_area,남위례역,60,693,반포,서울7호선,36.833333,127.01147731905736,37.50812717016541,201014.77703084753,545406.1965265187
wirye_plan_area,남위례역,60,702,중곡,서울7호선,36.833333,127.08437025699816,37.56605296105017,207453.90146350308,551838.5329485752
wirye_plan_area,남위례역,60,822,양재시민의숲,신분당선,36.85,127.03847630891948,37.47013079615356,203403.63954100863,541189.732704508
wirye_plan_area,남위례역,60,860,청량리,GTX_C,36.966667,127.04917491717704,37.580855209690085,204343.6210317288,553479.2020086922
wirye_plan_area,남위례역,60,600,왕십리,서울5호선,37.166667,127.03734963486583,37.562049452577206,203299.92328668796,551391.5003130677
wirye_plan_area,남위례역,60,819,신논현,신분당선,37.166667,127.0246034538366,37.50426117404449,202175.44771492403,544977.3431052591
wirye_plan_area,남위례역,60,764,고속터미널,서울9호선,37.5,127.00404071210666,37.5059333743048,200357.27348885316,545162.6591194415
wirye_plan_area,남위례역,60,350,서울역,서울1호선,38.05,126.97205498738728,37.55599100229629,197530.7961035076,550718.7954802937
wirye_plan_area,남위례역,60,215,왕십리,동북선,38.333333,127.03559724699524,37.561271359815,203145.1286248928,551305.0811104735
wirye_plan_area,남위례역,60,462,동대문역사문화공원,서울2호선,38.333333,127.00912068274076,37.56561222857621,200805.79421102116,551786.3099624042
wirye_plan_area,남위례역,60,473,용두,서울2호선,38.333333,127.03813603839772,37.57410031842874,203368.86100556326,552729.033639746
wirye_plan_area,남위례역,60,818,논현,신분당선,38.45,127.02148163870044,37.5107948116954,201899.24997001133,545702.4255410673
wirye_plan_area,남위례역,60,790,구성,분당선,38.5,127.10567039677504,37.29897873981181,209368.94454651055,522198.98516207596
wirye_plan_area,남위례역,60,615,미사,서울5호선,38.583333,127.1924851378146,37.56301637764626,217006.27810734452,551515.5769214284
wirye_plan_area,남위례역,60,599,행당,서울5호선,38.666667,127.0294924302042,37.557350356449874,202605.88541614005,550869.7093999069
wirye_plan_area,남위례역,60,503,신사,서울3호선,38.666667,127.02031497821802,37.51644325136979,201795.966993871,546329.3076733309
wirye_plan_area,남위례역,60,703,용마산,서울7호선,38.666667,127.08684287860366,37.573766288916445,207671.56028205843,552694.8217588395
wirye_plan_area,남위례역,60,441,사당,서울2호선,38.833333,126.98145992891384,37.47655688046076,198360.07357488794,541902.407726546
wirye_plan_area,남위례역,60,692,고속터미널,서울7호선,39.0,127.00509044776165,37.50343658308469,200450.10447449228,544885.551942929
wirye_plan_area,남위례역,60,549,서울역,서울4호선,39.05,126.9725798587494,37.552889041018354,197577.07298531497,550374.5011400788
wirye_plan_area,남위례역,60,857,정부과천청사,GTX_C,39.15,126.99681401577432,37.432736488679616,199718.02541604784,537038.793048112
wirye_plan_area,남위례역,60,763,신반포,서울9호선,39.15,126.99611730898998,37.50349234382109,199656.68731346374,544891.7355743935
wirye_plan_area,남위례역,60,816,청량리,분당선,39.5,127.04875972294188,37.58054846319079,204306.96458772078,553445.1375384545
wirye_plan_area,남위례역,60,849,서울역,GTX_B,39.55,126.9707980455235,37.55736652877564,197419.7809301195,550871.4963226541
wirye_plan_area,남위례역,60,817,신사,신분당선,39.633333,127.01938995736656,37.51660518723846,201714.18584867846,546347.2632504198
wirye_plan_area,남위례역,60,842,동탄,GTX_A,39.666667,127.0962534758153,37.200156519373536,208545.17396014568,511230.56960966927
wirye_plan_area,남위례역,60,828,수지구청,신분당선,39.7,127.0947672791618,37.32255214257053,208399.62957318188,524814.2196579697
wirye_plan_area,남위례역,60,876,노량진,서울9호선급행,39.833333,126.94090950679448,37.51374810573692,194775.85478449467,546031.6272331623
wirye_plan_area,남위례역,60,823,청계산입구,신분당선,39.85,127.05481605824002,37.448208355455385,204850.48034044087,538757.3584180137
wirye_plan_area,남위례역,60,761,동작,서울9호선,40.083333,126.97846610287309,37.50278592651394,198095.92631684142,544813.5431224455
wirye_plan_area,남위례역,60,598,신금호,서울5호선,40.166667,127.02045619314652,37.55448097674334,201807.5329391817,550551.0302839195
wirye_plan_area,남위례역,60,704,사가정,서울7호선,40.166667,127.08850714914593,37.58097211223812,207817.82589186192,553494.7226719335
wirye_plan_area,남위례역,60,474,신설동,서울2호선,40.333333,127.02491914432684,37.57478114111918,202201.2870755586,552804.2053266234
wirye_plan_area,남위례역,60,463,을지로4가,서울2호선,40.333333,126.99764984161506,37.566626674163885,199792.37098880042,551898.8650305946
wirye_plan_area,남위례역,60,216,마장시장,동북선,40.4,127.03765703005344,37.57016697054961,203326.72132263792,552292.4605772302
wirye_plan_area,남위례역,60,29,경기광주,경강선,40.5,127.25322304647938,37.39897470821774,222421.51161395147,533321.8147290349
wirye_plan_area,남위례역,60,861,광운대,GTX_C,40.516667,127.062239193186,37.62385319901377,205494.42560132712,558252.1893601859
wirye_plan_area,남위례역,60,351,시청,서울1호선,40.55,126.9772040633425,37.56557568030012,197986.02326214145,551782.458691475
wirye_plan_area,남위례역,60,789,신갈,분당선,40.833333,127.1113292802862,37.28614017206379,209872.34987492068,520774.69570582197
wirye_plan_area,남위례역,60,762,구반포,서울9호선,40.883333,126.98746198997472,37.50147537502471,198891.34270650518,544667.9448555456
wirye_plan_area,남위례역,60,348,남영,서울1호선,41.05,126.97132962571818,37.54059055609324,197466.18235008031,549009.5508263084
wirye_plan_area,남위례역,60,548,숙대입구,서울4호선,41.05,126.97200212574523,37.545112610214495,197525.76570690522,549511.4259705162
wirye_plan_area,남위례역,60,550,회현,서울4호선,41.05,126.9787618992552,37.55902192175472,198123.4906718047,551055.0365014027
wirye_plan_area,남위례역,60,502,압구정,서울3호선,41.166667,127.02849480804664,37.52683240163011,202518.76419035025,547482.5605283685
wirye_plan_area,남위례역,60,101,왕십리,경의중앙선,41.333333,127.03834664915074,37.56193672070951,203388.01682387188,551379.0238779183
wirye_plan_area,남위례역,60,835,대곡,GTX_A,41.45,126.81187989448308,37.63138981331919,183394.57928873025,559103.4968477064
wirye_plan_area,남위례역,60,865,용산,GTX_B,41.55,126.96416932404225,37.52976492119563,196832.91457994728,547808.2554906135
wirye_plan_area,남위례역,60,895,인덕원,GTX_C,41.55,126.97686282512318,37.40152897876752,197951.40137563582,533575.4591626312
wirye_plan_area,남위례역,60,616,하남풍산,서울5호선,41.766667,127.20450605959346,37.55284549861083,218070.79724804574,550388.9713320065
wirye_plan_area,남위례역,60,440,낙성대,서울2호선,41.833333,126.9633714730419,37.477128579538125,196760.11854468923,541966.3273394193
wirye_plan_area,남위례역,60,464,을지로3가,서울2호선,41.833333,126.9910443015022,37.56629631337946,199208.78905468408,551862.2339561086
wirye_plan_area,남위례역,60,705,면목,서울7호선,41.833333,127.08749999489152,37.5887397099918,207728.06102279658,554356.7546741668
wirye_plan_area,남위례역,60,691,내방,서울7호선,42.0,126.99366333702754,37.48767847349902,199439.58570417506,543136.6140608302
wirye_plan_area,남위례역,60,597,청구,서울5호선,42.166667,127.01406824543665,37.56014464602058,201242.9923895035,551179.5266217667
wirye_plan_area,남위례역,60,829,성복,신분당선,42.233333,127.08034168829444,37.31342955195196,207121.88814086,523800.57671492104
wirye_plan_area,남위례역,60,544,동작,서울4호선,42.25,126.98029388425194,37.50313526273477,198257.55081332824,544852.279524483
wirye_plan_area,남위례역,60,217,제기동,동북선,42.316667,127.03836834642269,37.57840510699093,203389.18752048028,553206.8239333861
wirye_plan_area,남위례역,60,551,명동,서울4호선,42.55,126.98574103082794,37.56088522014015,198740.16878524498,551261.7241331819
wirye_plan_area,남위례역,60,760,흑석,서울9호선,42.616667,126.96348987575094,37.5091650981065,196771.9706228946,545521.9575898754
wirye_plan_area,남위례역,60,108,구리,경의중앙선,42.783333,127.14300635358433,37.6031145359872,212627.99428417406,555958.216602101
wirye_plan_area,남위례역,60,352,종각,서울1호선,43.05,126.982955850426,37.57016455650105,198494.2748612234,552291.6626256075
wirye_plan_area,남위례역,60,547,삼각지,서울4호선,43.05,126.97289696351694,37.53441317709764,197604.50223689905,548323.8963728406
wirye_plan_area,남위례역,60,862,창동,GTX_C,43.066667,127.04791770800362,37.65375269520752,204228.4415297811,561569.9824143986
wirye_plan_area,남위례역,60,875,여의도,서울9호선급행,43.083333,126.92455402440213,37.52158959075807,193330.57684967242,546902.9670142005
wirye_plan_area,남위례역,60,651,신당,서울6호선,43.166667,127.01613939171752,37.56613394327701,201425.87327254648,551844.2975147811
wirye_plan_area,남위례역,60,100,응봉,경의중앙선,43.333333,127.03465062663128,37.5501726486635,203061.94582078626,550073.2250821003
wirye_plan_area,남위례역,60,788,기흥,분당선,43.333333,127.11596117176872,37.27548895165585,210284.5415713837,519593.0851331903
wirye_plan_area,남위례역,60,465,을지로입구,서울2호선,43.333333,126.98220699926492,37.56602408391536,198428.0323628032,551832.1307875791
wirye_plan_area,남위례역,60,542,사당,서울4호선,43.333333,126.98165285774417,37.47668573822636,198377.1415110576,541916.7058692414
wirye_plan_area,남위례역,60,553,동대문역사문화공원,서울4호선,43.5,127.00788803473624,37.56506741473066,200696.89728237086,551725.8321624142
wirye_plan_area,남위례역,60,706,상봉,서울7호선,43.5,127.08571314404864,37.595737139295096,207569.5363095995,555133.2454912459
wirye_plan_area,남위례역,60,850,청량리,GTX_B,43.55,127.04819242854828,37.581262674858365,204256.81459473236,553524.3810148768
wirye_plan_area,남위례역,60,349,용산,서울1호선,43.55,126.96432105098854,37.52960468897794,196846.31902976034,547790.4666028392
wirye_plan_area,남위례역,60,501,옥수,서울3호선,43.666667,127.0173497078396,37.54164650164616,201533.3031664461,549126.5030881026
wirye_plan_area,남위례역,60,439,서울대입구,서울2호선,43.833333,126.9527461218336,37.48126938801276,195820.51121019124,542426.3204139896
wirye_plan_area,남위례역,60,321,서울역,공항철도,43.883333,126.96970726119268,37.55330002448569,197323.2562281058,550420.1933074764
wirye_plan_area,남위례역,60,487,연신내,서울3호선,44.016667,126.92109402636088,37.61928094369407,193033.81767201266,557745.824039239
wirye_plan_area,남위례역,60,125,서울역,경의중앙선,44.05,126.9713231003322,37.55680561965095,197466.15460123576,550809.2277923786
wirye_plan_area,남위례역,60,552,충무로,서울4호선,44.05,126.99469388630308,37.56139337164911,199531.18895428904,551318.0406179057
wirye_plan_area,남위례역,60,596,동대문역사문화공원,서울5호선,44.166667,127.00562253405715,37.564679338348114,200496.74591457384,551682.7458531518
wirye_plan_area,남위례역,60,617,하남시청,서울5호선,44.166667,127.20652446577,37.54187520306419,218251.82476003267,549171.7888101619
wirye_plan_area,남위례역,60,690,이수,서울7호선,44.166667,126.98159125571313,37.48525347981365,198371.8785387714,542867.6121251262
wirye_plan_area,남위례역,60,347,노량진,서울1호선,44.166667,126.94212727274434,37.51403929133789,194883.53642673613,546063.8782229306
wirye_plan_area,남위례역,60,359,청량리,서울1호선,44.466667,127.04503311544887,37.58010274701368,203977.81564695033,553395.5038251431
wirye_plan_area,남위례역,60,30,초월,경강선,44.5,127.2998832452716,37.37339127196922,226562.04903090032,530494.5414485373
wirye_plan_area,남위례역,60,758,노량진,서울9호선,44.5,126.94093021413612,37.51356859610538,194777.67299691975,546011.7027926018
wirye_plan_area,남위례역,60,848,여의도,GTX_B,44.55,126.92390683863457,37.521768638927696,193273.38170261605,546922.8851978309
wirye_plan_area,남위례역,60,423,시청,서울2호선,44.55,126.97576278093857,37.56376249397046,197858.63685886716,551581.2481631152
wirye_plan_area,남위례역,60,546,신용산,서울4호선,44.55,126.96789823329632,37.52923138639255,197162.49391363972,547748.9207160664
wirye_plan_area,남위례역,60,759,노들,서울9호선,44.616667,126.9531088296662,37.51269866083732,195854.32959375248,545914.5447543565
wirye_plan_area,남위례역,60,652,동묘앞,서울6호선,44.666667,127.01570276450394,37.572132307753456,201387.18714565886,552510.0394980481
wirye_plan_area,남위례역,60,856,금정,GTX_C,44.883333,126.9436721446339,37.372746996326406,195010.7439335654,530382.3307852944
wirye_plan_area,남위례역,60,218,고려대,동북선,44.883333,127.03631477312474,37.58996899999237,203207.29325894406,554490.2124637634
wirye_plan_area,남위례역,60,554,동대문,서울4호선,45.0,127.00933705565537,37.57083797907694,200824.85270046472,552366.3091220168
wirye_plan_area,남위례역,60,595,을지로4가,서울5호선,45.0,126.99808964235947,37.56722384870457,199831.22733173886,551965.1435355458
wirye_plan_area,남위례역,60,650,청구,서울6호선,45.0,127.01384244854054,37.56041608611719,201223.03778706124,551209.6503001188
wirye_plan_area,남위례역,60,353,종로3가,서울1호선,45.05,126.99233795465818,37.570425347752746,199323.1170628845,552320.4984602968
wirye_plan_area,남위례역,60,500,금호,서울3호선,45.166667,127.01581679193748,37.54824925934082,201397.7064352888,549859.3053050353
wirye_plan_area,남위례역,60,830,상현,신분당선,45.25,127.06933533255231,37.29774945722412,206147.50602825498,522059.57398662803
wirye_plan_area,남위례역,60,543,이수,서울4호선,45.25,126.98218414692924,37.4866819129001,198424.3455170546,543026.1392174251
wirye_plan_area,남위례역,60,102,청량리,경의중앙선,45.333333,127.04849116980267,37.58068049315112,204283.23562321468,553459.7790765536
wirye_plan_area,남위례역,60,438,봉천,서울2호선,45.333333,126.9418316933872,37.482419659917305,194855.23576629965,542554.5257241667
wirye_plan_area,남위례역,60,834,킨텍스,GTX_A,45.616667,126.75093530717344,37.66914728008777,178026.1015511783,563306.7349090653
wirye_plan_area,남위례역,60,787,상갈,분당선,45.666667,127.1087702594018,37.26180717695745,209648.52830925735,518073.88680729683
wirye_plan_area,남위례역,60,545,이촌,서울4호선,45.75,126.97437769380484,37.52241216709484,197735.0135206133,546991.8966899788
wirye_plan_area,남위례역,60,109,도농,경의중앙선,45.783333,127.16121817699668,37.60877465682026,214235.08856095918,556589.0337717676
wirye_plan_area,남위례역,60,357,신설동,서울1호선,45.833333,127.02450627352648,37.57600288625438,202164.77986301822,552939.795344911
wirye_plan_area,남위례역,60,541,남태령,서울4호선,45.833333,126.98907757220772,37.46430177367908,199033.7198646567,540542.1511519694
wirye_plan_area,남위례역,60,707,중화,서울7호선,45.833333,127.07936125009704,37.602285109902006,207007.97082241936,555859.5047463276
wirye_plan_area,남위례역,60,689,남성,서울7호선,46.0,126.97063352333238,37.48486445621787,197402.73217963896,542824.6815435878
wirye_plan_area,남위례역,60,488,불광,서울3호선,46.016667,126.93035703948472,37.60997490765768,193850.83292965064,556712.3072669903
wirye_plan_area,남위례역,60,99,옥수,경의중앙선,46.333333,127.0185867229776,37.5403743443041,201642.65391054747,548985.3300202586
wirye_plan_area,남위례역,60,358,제기동,서울1호선,46.466667,127.03444274006958,37.57815380758885,203042.43751887043,553178.798217786
wirye_plan_area,남위례역,60,653,창신,서울6호선,46.5,127.01529141982512,37.57948029984715,201350.71609812137,553325.57587656
wirye_plan_area,남위례역,60,486,구파발,서울3호선,46.516667,126.91881730019298,37.63639757222915,192834.4611972853,559645.7610565944
wirye_plan_area,남위례역,60,629,연신내,서울6호선,46.516667,126.92034672343752,37.61847531082092,192967.76644291863,557656.4631309637
wirye_plan_area,남위례역,60,851,상봉,GTX_B,46.55,127.0881139773615,37.59763458456287,207781.36219065168,555344.0370589779
wirye_plan_area,남위례역,60,424,충정로,서울2호선,46.55,126.96455152782552,37.55978849820035,196867.95402629187,551140.4960266006
wirye_plan_area,남위례역,60,537,과천,서울4호선,46.65,126.99674146651338,37.43291738178273,199711.60515935803,537058.8698282992
wirye_plan_area,남위례역,60,346,대방,서울1호선,46.666667,126.92623406710486,37.5133483698036,193478.37545823457,545988.1776282623
wirye_plan_area,남위례역,60,499,약수,서울3호선,46.666667,127.01098427642752,37.55439350786292,200970.584528655,550541.1823169914
wirye_plan_area,남위례역,60,757,샛강,서울9호선,46.75,126.9285704796848,37.517293054991526,193685.26942272854,546425.8283970866
wirye_plan_area,남위례역,60,874,당산,서울9호선급행,46.75,126.902466324419,37.53384922383786,191379.4349837989,548265.4294476828
wirye_plan_area,남위례역,60,107,양원,경의중앙선,46.783333,127.10814764606556,37.606641053033485,209549.3885098728,556345.5047925212
wirye_plan_area,남위례역,60,181,신설동,우이신설경전철,46.833333,127.02319449821807,37.57641801040539,202048.89184162935,552985.8399266198
wirye_plan_area,남위례역,60,649,약수,서울6호선,46.833333,127.01019294689584,37.5540137609658,200900.66622242314,550499.0270699398
wirye_plan_area,남위례역,60,618,하남검단산,서울5호선,46.866667,127.22341044001392,37.53976294281774,219744.70003285975,548940.764942053
wirye_plan_area,남위례역,60,354,종로5가,서울1호선,47.05,127.00191050851748,37.57100470619648,200168.77746619654,552384.7746287906
wirye_plan_area,남위례역,60,594,종로3가,서울5호선,47.166667,126.99024566990154,37.57259780662603,199138.30478205666,552561.6332903764
wirye_plan_area,남위례역,60,437,신림,서울2호선,47.333333,126.9296473680417,37.48426475767833,193777.73167722297,542760.042606524
wirye_plan_area,남위례역,60,496,을지로3가,서울3호선,47.333333,126.99259461491604,37.56662272166245,199345.75776908695,551898.4495303547
wirye_plan_area,남위례역,60,360,회기,서울1호선,47.466667,127.058156116929,37.58988954795909,205136.30980096495,554482.3642780295
wirye_plan_area,남위례역,60,555,혜화,서울4호선,47.5,127.00191835595663,37.58212081591027,200169.44553121686,553618.534756677
wirye_plan_area,남위례역,60,847,신도림,GTX_B,47.55,126.89075607065696,37.50898772434404,190341.21344585097,545507.2517884633
wirye_plan_area,남위례역,60,586,여의도,서울5호선,47.583333,126.92459047309865,37.52187648529448,193333.8244391693,546934.8061298309
wirye_plan_area,남위례역,60,708,먹골,서울7호선,47.666667,127.07778617847124,37.610485250024645,206868.130573053,556769.5142712035
wirye_plan_area,남위례역,60,756,여의도,서울9호선,47.75,126.92437714675653,37.52147712051884,193314.93083135315,546890.4967819194
wirye_plan_area,남위례역,60,356,동묘앞,서울1호선,47.833333,127.0163839944392,37.57322147627274,201447.34613418486,552630.9348523469
wirye_plan_area,남위례역,60,320,공덕,공항철도,47.883333,126.95205478825476,37.54255858636423,195762.83058727946,549228.6722126721
wirye_plan_area,남위례역,60,654,보문,서울6호선,48.0,127.01968773941684,37.58544175366165,201738.9115302423,553987.3015356598
wirye_plan_area,남위례역,60,364,광운대,서울1호선,48.016667,127.06174689099625,37.623729816733,205450.97456747678,558238.4665301697
wirye_plan_area,남위례역,60,489,녹번,서울3호선,48.016667,126.93586815232014,37.60076080621573,194336.74149914982,555689.2963082086
wirye_plan_area,남위례역,60,345,신길,서울1호선,48.166667,126.91817592758282,37.51689070819467,192766.29949633044,546381.9214206521
wirye_plan_area,남위례역,60,498,동대입구,서울3호선,48.166667,127.00581884359067,37.55909036634736,200514.1280927346,551062.4369506598
wirye_plan_area,남위례역,60,103,회기,경의중앙선,48.333333,127.05817690680097,37.58969117643179,205138.15958588495,554460.3484085517
wirye_plan_area,남위례역,60,648,버티고개,서울6호선,48.333333,127.00691104815432,37.54790967736629,200610.72184000455,549821.5206748538
wirye_plan_area,남위례역,60,896,의왕,GTX_C,48.383333,126.94837584572214,37.3203070640669,195424.1945254305,524562.0907000426
wirye_plan_area,남위례역,60,831,광교중앙,신분당선,48.516667,127.05164498562326,37.2884501592719,204579.58331307242,521026.50512877497
wirye_plan_area,남위례역,60,630,구산,서울6호선,48.516667,126.91731396392704,37.61125772628649,192699.3119403023,556855.6205055112
wirye_plan_area,남위례역,60,425,아현,서울2호선,48.55,126.95620551114132,37.55735678864767,196130.41682897764,550870.9159381877
wirye_plan_area,남위례역,60,644,삼각지,서울6호선,48.55,126.97423441661677,37.53551447052934,197722.74631599398,548446.0931692078
wirye_plan_area,남위례역,60,538,대공원,서울4호선,48.65,127.00653686551745,37.43572575371737,200578.52032600332,537370.5743103623
wirye_plan_area,남위례역,60,536,정부과천청사,서울4호선,48.65,126.98989918923232,37.42649426149006,199105.9565215859,536346.0381511819
wirye_plan_area,남위례역,60,495,종로3가,서울3호선,48.833333,126.99182698976216,37.5716687202438,199277.9892363085,552458.5021568299
wirye_plan_area,남위례역,60,497,충무로,서울3호선,48.833333,126.9941079964346,37.56139947047944,199479.42387108828,551318.7205998417
wirye_plan_area,남위례역,60,540,선바위,서울4호선,48.833333,127.00203740744016,37.45196671145504,200180.27399724541,539173.0747989542
wirye_plan_area,남위례역,60,166,기흥,용인경전철,48.833333,127.11753466306268,37.275446605331936,210424.0996625811,519588.55763669126
wirye_plan_area,남위례역,60,182,보문,우이신설경전철,48.883333,127.01953404635904,37.585078336625045,201725.34504132075,553946.9635372028
wirye_plan_area,남위례역,60,863,의정부,GTX_C,48.933333,127.04695247051094,37.73840702062984,204138.55714664076,570965.7858122262
wirye_plan_area,남위례역,60,688,숭실대입구,서울7호선,49.0,126.95386677948132,37.496018811223465,195920.43279791463,544063.2630206627
wirye_plan_area,남위례역,60,786,청명,분당선,49.0,127.0789575841608,37.25947839664072,207004.19293796527,517812.8097158487
wirye_plan_area,남위례역,60,628,독바위,서울6호선,49.016667,126.93305609503038,37.61838482264798,194089.81332153655,557645.5437156471
wirye_plan_area,남위례역,60,355,동대문,서울1호선,49.05,127.01077039000796,37.571669381552304,200951.46552186567,552458.5986833792
wirye_plan_area,남위례역,60,833,운정중앙,GTX_A,49.266667,126.728457203746,37.71622276595849,176058.0929407133,568537.195468737
wirye_plan_area,남위례역,60,593,광화문,서울5호선,49.333333,126.9762752206268,37.5716380935469,197904.13168448737,552455.336135669
wirye_plan_area,남위례역,60,98,한남,경의중앙선,49.333333,127.00930523910256,37.529487486397066,200822.49622677302,547776.9010976683
wirye_plan_area,남위례역,60,709,태릉입구,서울7호선,49.333333,127.07534622117456,37.61854871377953,206651.97619341323,557664.2961217316
wirye_plan_area,남위례역,60,587,여의나루,서울5호선,49.416667,126.9329458250847,37.52707871139832,194072.8462801959,547511.6290100804
wirye_plan_area,남위례역,60,480,대곡,서울3호선,49.45,126.81105546232916,37.63169523083422,183321.874591101,559137.5412471183
wirye_plan_area,남위례역,60,361,외대앞,서울1호선,49.466667,127.06375491007906,37.59657323790454,205630.28799880328,555224.4999838632
wirye_plan_area,남위례역,60,31,곤지암,경강선,49.5,127.34625353575343,37.35053613625162,230678.59560525586,527972.022620046
wirye_plan_area,남위례역,60,556,한성대입구,서울4호선,49.5,127.00617856974324,37.58849271957477,200545.69736918723,554325.7599228559
wirye_plan_area,남위례역,60,585,신길,서울5호선,49.583333,126.91489053013656,37.51767870939144,192475.9312563214,546469.637295391
wirye_plan_area,남위례역,60,655,안암,서울6호선,49.666667,127.02929395773252,37.5863062738596,202587.34692642672,554083.4746830022
wirye_plan_area,남위례역,60,755,국회의사당,서울9호선,49.683333,126.91744560355306,37.52849815032641,192702.86537742484,547670.2587408808
wirye_plan_area,남위례역,60,106,망우,경의중앙선,49.783333,127.09232878145164,37.59927646084408,208153.39326223067,555526.6247394461
wirye_plan_area,남위례역,60,110,양정,경의중앙선,49.783333,127.19456704830137,37.60418785940635,217180.75296415656,556085.5281118043
wirye_plan_area,남위례역,60,436,신대방,서울2호선,49.833333,126.9136467073756,37.48771506988466,192362.92019104311,543144.1594279433
wirye_plan_area,남위례역,60,656,고려대,서울6호선,49.883333,127.0362946303764,37.59042924688882,203205.49452755295,554541.2940002665
wirye_plan_area,남위례역,60,485,지축,서울3호선,50.016667,126.91391974545677,37.64812027107421,192403.37542075143,560947.2457771992
wirye_plan_area,남위례역,60,124,신촌,경의중앙선,50.05,126.9417122928634,37.55968590773477,194849.98865366486,551130.1159434747
wirye_plan_area,남위례역,60,426,이대,서울2호선,50.05,126.94590072885497,37.55674894220572,195219.87040160835,550803.926333533
wirye_plan_area,남위례역,60,563,창동,서울4호선,50.066667,127.04790976660456,37.65322782584169,204227.77050779705,561511.7268370524
wirye_plan_area,남위례역,60,647,한강진,서울6호선,50.166667,127.00176196884566,37.53967214815189,200155.72041116375,548907.2339334385
wirye_plan_area,남위례역,60,365,월계,서울1호선,50.516667,127.05887359847902,37.63326592447288,205196.65819235324,559296.7111135103
wirye_plan_area,남위례역,60,490,홍제,서울3호선,50.516667,126.94406885541066,37.588796505512455,195060.1260620143,554360.9295372282
wirye_plan_area,남위례역,60,852,별내,GTX_B,50.55,127.12715181757696,37.64239277473612,211222.07303355937,560315.6715454396
wirye_plan_area,남위례역,60,643,효창공원앞,서울6호선,50.55,126.96134445964933,37.539278690543526,196583.65787769228,548864.2656790648
wirye_plan_area,남위례역,60,167,강남대,용인경전철,50.566667,127.12604715514982,37.27014813638295,211179.8527590279,519001.4904814933
wirye_plan_area,남위례역,60,539,경마공원,서울4호선,50.65,127.00794132540386,37.44391524695267,200702.74010083821,538279.5021654221
wirye_plan_area,남위례역,60,687,상도,서울7호선,50.666667,126.94787542522896,37.50291164320335,195391.0401336681,544828.5545636939
wirye_plan_area,남위례역,60,344,영등포,서울1호선,50.666667,126.9074456144662,37.51565923242024,191817.54581684692,546246.1222659803
wirye_plan_area,남위례역,60,645,녹사평,서울6호선,50.716667,126.98646417389271,37.53472691082226,198803.643085785,548358.4578676955
wirye_plan_area,남위례역,60,183,성신여대입구,우이신설경전철,50.766667,127.01653848733218,37.59243308481831,201460.6184990833,554763.2067535262
wirye_plan_area,남위례역,60,494,안국,서울3호선,50.833333,126.98533293693087,37.576442750720375,198704.38172403755,552988.4340418307
wirye_plan_area,남위례역,60,710,공릉,서울7호선,50.833333,127.07301575099794,37.625608525398,206445.6199568214,558447.6975004721
wirye_plan_area,남위례역,60,785,영통,분당선,50.833333,127.0712716363746,37.25144826415261,206323.05659586092,516921.06470390054
wirye_plan_area,남위례역,60,897,상록수,GTX_C,50.883333,126.86671382853962,37.30255697471023,188183.1455039945,522599.20369224565
wirye_plan_area,남위례역,60,319,홍대입구,공항철도,50.883333,126.92695147389504,37.557317050855794,193545.59175163126,550868.1120636537
wirye_plan_area,남위례역,60,873,염창,서울9호선급행,50.916667,126.8749622945185,37.54716168877678,188950.44071390218,549745.8281349415
wirye_plan_area,남위례역,60,362,신이문,서울1호선,50.966667,127.06746352546598,37.60198063407909,205957.37004482117,555824.8898931002
wirye_plan_area,남위례역,60,363,석계,서울1호선,51.016667,127.06557504581733,37.61526781846928,205789.57771002705,557299.5044295022
wirye_plan_area,남위례역,60,631,응암,서울6호선,51.016667,126.9155089327114,37.59838760929528,192538.6529471858,555427.3204350732
wirye_plan_area,남위례역,60,627,불광,서울6호선,51.183333,126.9292376904709,37.61080604020588,193752.06885160427,556804.6278566706
wirye_plan_area,남위례역,60,592,서대문,서울5호선,51.333333,126.96661225423097,37.565725362966354,197050.2633736441,551799.3514299622
wirye_plan_area,남위례역,60,104,중랑,경의중앙선,51.333333,127.07606632960596,37.59489448479159,206717.67826652178,555038.9864462641
wirye_plan_area,남위례역,60,754,당산,서울9호선,51.416667,126.9023567546022,37.53369148410551,191369.7324189334,548247.9323244015
wirye_plan_area,남위례역,60,584,영등포시장,서울5호선,51.416667,126.90511351400252,37.52269057657752,191612.15889890026,547026.7185122897
wirye_plan_area,남위례역,60,557,성신여대입구,서울4호선,51.5,127.0169787253582,37.59292658855122,201499.48880422692,554817.9870704516
wirye_plan_area,남위례역,60,846,부천종합운동장,GTX_B,51.55,126.79775057744192,37.50622561278748,182117.48017905396,545214.3026097837
wirye_plan_area,남위례역,60,427,신촌,서울2호선,51.55,126.93680339463694,37.555191688674775,194415.92746059314,550631.5912426414
wirye_plan_area,남위례역,60,367,창동,서울1호선,51.566667,127.0476185251435,37.653391455520406,204202.0608462001,561529.8749965748
wirye_plan_area,남위례역,60,430,당산,서울2호선,51.583333,126.90261694589547,37.53479411348953,191392.85633858785,548370.2868047587
wirye_plan_area,남위례역,60,195,대방,신림선,51.666667,126.92538142883672,37.51291155746233,193402.95549975958,545939.7564422826
wirye_plan_area,남위례역,60,588,마포,서울5호선,51.75,126.94591379139104,37.53960844051463,195219.9301624518,548901.5364000213
wirye_plan_area,남위례역,60,105,상봉,경의중앙선,51.783333,127.0851919476268,37.59671178171472,207523.41004769315,555241.3780824224
wirye_plan_area,남위례역,60,435,구로디지털단지,서울2호선,51.833333,126.9013451006836,37.4853026389804,191274.6860321077,542877.4803724647
wirye_plan_area,남위례역,60,95,용산,경의중앙선,51.883333,126.96473169613763,37.52957755442685,196882.615041267,547787.4413144169
wirye_plan_area,남위례역,60,657,월곡,서울6호선,52.05,127.04131336263656,37.601619462924056,203648.19608772304,555783.4663720919
wirye_plan_area,남위례역,60,564,노원,서울4호선,52.066667,127.0632937284953,37.65632573519351,205585.08768899064,561856.3684895608
wirye_plan_area,남위례역,60,832,광교,신분당선,52.1,127.04436155242844,37.3020620582772,203933.0211598685,522536.8693272924
wirye_plan_area,남위례역,60,535,인덕원,서울4호선,52.15,126.9766831289701,37.40152443189371,197935.490695727,533574.9584446787
wirye_plan_area,남위례역,60,646,이태원,서울6호선,52.166667,126.99428965640912,37.53450039805834,199495.29274148986,548333.2469663179
wirye_plan_area,남위례역,60,194,샛강,신림선,52.25,126.9292349799816,37.517179038160606,193744.00509673398,546413.1295737075
wirye_plan_area,남위례역,60,168,지석,용인경전철,52.316667,127.13663911569527,37.269748151901375,212119.3797004603,518958.40325049113
wirye_plan_area,남위례역,60,97,서빙고,경의중앙선,52.333333,126.98839897917318,37.51958109244649,198974.4425127023,546677.437756682
wirye_plan_area,남위례역,60,413,금정,서울1호선,52.383333,126.9431833772429,37.372603117255935,194967.44160521572,530366.3883631113
wirye_plan_area,남위례역,60,532,금정,서울4호선,52.383333,126.9433540751319,37.37265770582086,194982.56488603447,530372.4377689376
wirye_plan_area,남위례역,60,481,화정,서울3호선,52.45,126.832718472829,37.63459906302428,185234.6435567957,559456.2070780459
wirye_plan_area,남위례역,60,491,무악재,서울3호선,52.516667,126.9502168715662,37.582615528018,195602.75919098512,553674.6055485802
wirye_plan_area,남위례역,60,893,왕숙,GTX_B,52.55,127.16018057661384,37.6539276919246,214134.91686087474,561600.3953383078
wirye_plan_area,남위례역,60,642,공덕,서울6호선,52.55,126.95187542572616,37.543538926785246,195747.03506940117,549337.4861937859
wirye_plan_area,남위례역,60,562,쌍문,서울4호선,52.566667,127.03462769808984,37.64838115853124,203055.90036212036,560973.2800791163
wirye_plan_area,남위례역,60,686,장승배기,서울7호선,52.666667,126.93935718612674,37.50506903351389,194637.99450289994,545068.4483685484
wirye_plan_area,남위례역,60,632,새절,서울6호선,52.683333,126.9135899335088,37.59083692979173,192368.41637816254,554589.4333859942
wirye_plan_area,남위례역,60,626,역촌,서울6호선,52.683333,126.92290682752925,37.60628390892164,193192.6755077359,556303.1607096347
wirye_plan_area,남위례역,60,111,덕소,경의중앙선,52.783333,127.20900190580424,37.5868166519312,218459.67879702637,554160.2539165996
wirye_plan_area,남위례역,60,591,충정로,서울5호선,52.833333,126.96314124767297,37.56057815467224,196743.3832391913,551228.1864879876
wirye_plan_area,남위례역,60,493,경복궁,서울3호선,52.833333,126.97351447221486,37.57580958905711,197660.37519209922,552918.3890288715
wirye_plan_area,남위례역,60,711,하계,서울7호선,52.833333,127.0680023133773,37.636465980935455,206002.17481196686,559652.4288501306
wirye_plan_area,남위례역,60,201,신림,신림선,52.833333,126.92962603522608,37.484811129617626,193775.89024298516,542820.6840719454
wirye_plan_area,남위례역,60,184,정릉,우이신설경전철,52.866667,127.01354292180284,37.60258107059848,201195.89871810458,555889.477912012
wirye_plan_area,남위례역,60,479,백석,서울3호선,52.95,126.78799615103276,37.64306023472994,181289.2782240255,560403.2895251804
wirye_plan_area,남위례역,60,126,청량리,경춘선,53.0,127.04829370607256,37.58079723729941,204265.78694694155,553472.7273579128
wirye_plan_area,남위례역,60,366,녹천,서울1호선,53.016667,127.0514199869842,37.64451934153432,204538.0578041485,560545.3374558093
wirye_plan_area,남위례역,60,484,삼송,서울3호선,53.016667,126.89549454506393,37.653152567101166,190777.96434656976,561507.431790603
wirye_plan_area,남위례역,60,343,신도림,서울1호선,53.166667,126.89142171185811,37.508943699597765,190400.0603988965,545502.2974862249
wirye_plan_area,남위례역,60,869,가좌,경의중앙선,53.216667,126.91484637455451,37.56888524685466,192477.17472238623,552152.9460696967
wirye_plan_area,남위례역,60,583,영등포구청,서울5호선,53.25,126.89540693655124,37.52419188727966,190754.29519630404,547194.2550391449
wirye_plan_area,남위례역,60,784,망포,분당선,53.333333,127.0573640058352,37.245814814998205,205089.58217017938,516295.0130268206
wirye_plan_area,남위례역,60,196,서울지방병무청,신림선,53.366667,126.92279671048,37.50619800611216,193173.82860203146,545194.8222493436
wirye_plan_area,남위례역,60,589,공덕,서울5호선,53.416667,126.9515833956623,37.54470897326544,195721.2940501389,549467.3604193482
wirye_plan_area,남위례역,60,37,대곡,서해선,53.45,126.80971694247032,37.6315193723656,183203.683815792,559118.2615166632
wirye_plan_area,남위례역,60,753,선유도,서울9호선,53.516667,126.89345483013857,37.53804675795846,190583.47692812103,548732.1685555927
wirye_plan_area,남위례역,60,855,수원,GTX_C,53.55,126.9997395210158,37.26733228283448,199976.89575383582,518681.5324778354
wirye_plan_area,남위례역,60,431,영등포구청,서울2호선,53.583333,126.89664443529789,37.52579535365977,190863.88184866766,547372.0989389027
wirye_plan_area,남위례역,60,658,상월곡,서울6호선,53.716667,127.04911570153688,37.60669614229234,204336.89063108663,556347.2537444459
wirye_plan_area,남위례역,60,434,대림,서울2호선,53.833333,126.89491262980712,37.493413730516,190706.78513316126,543778.3207187456
wirye_plan_area,남위례역,60,169,어정,용인경전철,53.833333,127.1437690636977,37.27496736479221,212750.8996067013,519538.5834779448
wirye_plan_area,남위례역,60,83,대곡,경의중앙선,53.95,126.8098727135928,37.63191815759094,183217.52344977477,559162.4946891872
wirye_plan_area,남위례역,60,558,길음,서울4호선,54.0,127.02515133072453,37.603424972807424,202220.9464853044,555983.3529643206
wirye_plan_area,남위례역,60,368,방학,서울1호선,54.066667,127.04432090971817,37.667526880789865,203910.3237515755,563098.6242105485
wirye_plan_area,남위례역,60,565,상계,서울4호선,54.066667,127.07338094410144,37.66077910400498,206474.8047723596,562351.296690535
wirye_plan_area,남위례역,60,68,여의도,신안산선,54.083333,126.92370590517274,37.521944684340674,193255.63507357487,546942.4384202695
wirye_plan_area,남위례역,60,96,이촌,경의중앙선,54.083333,126.97369624297455,37.52234409069938,197674.77182867282,546984.3576894928
wirye_plan_area,남위례역,60,200,당곡,신림선,54.283333,126.92763562815304,37.490118580503605,193600.30470923262,543409.8746304541
wirye_plan_area,남위례역,60,641,대흥,서울6호선,54.383333,126.94246069813816,37.54764706476496,194915.29615843904,549793.9073452932
wirye_plan_area,남위례역,60,590,애오개,서울5호선,54.5,126.9566727086522,37.55341644480951,196171.49578105248,550433.5655768213
wirye_plan_area,남위례역,60,32,신둔도예촌,경강선,54.5,127.40524573211432,37.315605515371374,235922.04541241564,524116.05667573167
wirye_plan_area,남위례역,60,712,중계,서울7호선,54.5,127.06396503011923,37.64543996979516,205645.14781218537,560648.1986824778
wirye_plan_area,남위례역,60,492,독립문,서울3호선,54.516667,126.9579896188348,37.57428893805548,196288.89668393825,552750.1142055354
wirye_plan_area,남위례역,60,633,증산,서울6호선,54.516667,126.90953013634258,37.583775585482485,192009.10738466252,553806.0414529828
wirye_plan_area,남위례역,60,428,홍대입구,서울2호선,54.55,126.92388306336495,37.55690592242897,193274.43670642193,550822.6968081521
wirye_plan_area,남위례역,60,429,합정,서울2호선,54.583333,126.91445817881906,37.54996227477751,192440.96847214637,550052.7508267201
wirye_plan_area,남위례역,60,202,서원,신림선,54.616667,126.93305769351016,37.47822376686685,194078.87787524378,542089.3530346972
wirye_plan_area,남위례역,60,534,평촌,서울4호선,54.65,126.96363713357556,37.39420295110889,196780.06625207711,532762.7484241809
wirye_plan_area,남위례역,60,661,태릉입구,서울6호선,54.666667,127.07476412074254,37.61733110346816,206600.69281745746,557529.1133329946
wirye_plan_area,남위례역,60,872,가양,서울9호선급행,54.75,126.8544312699492,37.56163536897295,187138.6044958321,551354.8462319784
wirye_plan_area,남위례역,60,582,양평_5호선,서울5호선,54.75,126.88648056471555,37.52556503730169,189965.4150704361,547347.5724137559
wirye_plan_area,남위례역,60,94,효창공원앞,경의중앙선,54.883333,126.96281899756076,37.53860464456577,196713.94664607794,548789.4022655397
wirye_plan_area,남위례역,60,318,디지털미디어시티,공항철도,54.883333,126.89798397849005,37.57746726157213,190988.51432555306,553106.9342433194
wirye_plan_area,남위례역,60,414,명학,서울1호선,54.883333,126.93555966973884,37.38450707867211,194293.07020773532,531687.9805045575
wirye_plan_area,남위례역,60,410,의왕,서울1호선,54.883333,126.9480838426756,37.320310194975306,195398.31246690813,524562.4523580753
wirye_plan_area,남위례역,60,197,보라매,신림선,54.9,126.920464142943,37.50043249354521,192967.0464877993,544555.0963279424
wirye_plan_area,남위례역,60,685,신대방삼거리,서울7호선,55.0,126.92827053743332,37.49973006158815,193657.2671483321,544476.5807623478
wirye_plan_area,남위례역,60,433,신도림,서울2호선,55.05,126.8914426985193,37.508512745116185,190401.86075412013,545454.4648912307
wirye_plan_area,남위례역,60,470,신도림,서울2호선,55.05,126.89135209736028,37.508482578746765,190393.8463465349,545451.1260539704
wirye_plan_area,남위례역,60,561,수유,서울4호선,55.066667,127.02571600748053,37.63809871993018,202269.75494150945,559831.7819308639
wirye_plan_area,남위례역,60,432,문래,서울2호선,55.083333,126.8948748555422,37.518260755852666,190706.52524078867,546536.0261076501
wirye_plan_area,남위례역,60,185,북한산보국문,우이신설경전철,55.15,127.0082013037159,37.61214082533004,200724.11799690532,556950.4514919181
wirye_plan_area,남위례역,60,342,구로,서울1호선,55.166667,126.88231503887692,37.50335353704898,189594.1185430766,544882.8289372745
wirye_plan_area,남위례역,60,659,돌곶이,서울6호선,55.216667,127.05645378899536,37.61055602799525,204984.58234885705,556776.0232480892
wirye_plan_area,남위례역,60,412,군포,서울1호선,55.383333,126.94851268339023,37.354204394944425,195438.3737929454,528324.1449719088
wirye_plan_area,남위례역,60,478,마두,서울3호선,55.45,126.7775426540306,37.65239742682802,180369.14550449164,561441.7611293215
wirye_plan_area,남위례역,60,483,원흥,서울3호선,55.516667,126.87313534197118,37.650661143518434,188804.5120133061,561233.3423971226
wirye_plan_area,남위례역,60,845,부평,GTX_B,55.55,126.72511370497426,37.48978396473893,175689.72168519223,543405.7696419606
wirye_plan_area,남위례역,60,751,염창,서울9호선,55.583333,126.87498009352136,37.54698197986568,188951.98708668913,549725.8805120066
wirye_plan_area,남위례역,60,752,신목동,서울9호선,55.633333,126.88298686255312,37.54446978416588,189659.19876366746,549446.1462969679
wirye_plan_area,남위례역,60,199,보라매병원,신림선,55.65,126.92346980974536,37.492975380760655,193232.14951450322,543727.2333919774
wirye_plan_area,남위례역,60,783,매탄권선,분당선,55.666667,127.0408614400052,37.25242918530788,203625.0863498902,517028.33161130245
wirye_plan_area,남위례역,60,112,도심,경의중앙선,55.783333,127.22287559050048,37.57955322273956,219686.95865764978,553356.9114247571
wirye_plan_area,남위례역,60,170,동백,용인경전철,55.8,127.1527113483014,37.26912941082946,213545.0384554373,518891.91343474435
wirye_plan_area,남위례역,60,533,범계,서울4호선,55.883333,126.95070808487888,37.389767760473866,195634.9410775016,532271.0284307069
wirye_plan_area,남위례역,60,482,원당,서울3호선,55.95,126.84287194743236,37.65300458680754,186134.2774985417,561497.4842122572
wirye_plan_area,남위례역,60,887,곡산,서해선,55.95,126.80139412367495,37.64578782708321,182472.3788315006,560703.437064446
wirye_plan_area,남위례역,60,127,회기,경춘선,56.0,127.05815553967152,37.58973887680055,205136.26917201988,554465.64144383
wirye_plan_area,남위례역,60,38,능곡,서해선,56.05,126.82017315331454,37.61891160398485,184123.97480061723,557717.1109701713
wirye_plan_area,남위례역,60,369,도봉,서울1호선,56.066667,127.04560064954164,37.67941062802147,204022.59045531703,564417.659210516
wirye_plan_area,남위례역,60,713,노원,서울7호선,56.333333,127.0605472338607,37.65455907475965,205342.86143518775,561660.1268687719
wirye_plan_area,남위례역,60,67,영등포,신안산선,56.333333,126.90686843646188,37.51647139157099,191766.60846469164,546336.3120332981
wirye_plan_area,남위례역,60,864,덕정,GTX_C,56.35,127.06199962630198,37.843611067294425,205457.1240725178,582643.4222104833
wirye_plan_area,남위례역,60,634,디지털미디어시티,서울6호선,56.35,126.90129073921771,37.57604372561953,191280.4478907573,552948.626059805
wirye_plan_area,남위례역,60,640,광흥창,서울6호선,56.383333,126.93194527061114,37.547438145098894,193986.03902795608,549771.3404510422
wirye_plan_area,남위례역,60,373,의정부,서울1호선,56.433333,127.04596598630332,37.73839851106466,204051.60539155218,570964.798168356
wirye_plan_area,남위례역,60,559,미아사거리,서울4호선,56.5,127.03014528792202,37.61330680765331,202661.57743866465,557080.2585988895
wirye_plan_area,남위례역,60,660,석계,서울6호선,56.5,127.06619366992828,37.61503616885079,205844.21376217515,557273.8321511532
wirye_plan_area,남위례역,60,662,화랑대,서울6호선,56.5,127.0837918934522,37.61985113066094,207397.47738745157,557809.4825416271
wirye_plan_area,남위례역,60,853,평내호평,GTX_B,56.55,127.24426421988208,37.65365436871494,221554.85200565445,561586.0572078625
wirye_plan_area,남위례역,60,198,보라매공원,신림선,56.583333,126.91835147318744,37.49484403914921,192779.6957165333,543935.0103846987
wirye_plan_area,남위례역,60,581,오목교,서울5호선,56.583333,126.8753826483211,37.52451070152889,188984.25597197973,547231.7960217261
wirye_plan_area,남위례역,60,684,보라매,서울7호선,56.666667,126.92034734244736,37.4999176165529,192956.67004723902,544497.9603744838
wirye_plan_area,남위례역,60,203,서울대벤처타운,신림선,56.833333,126.93366597352362,37.47230261081729,194132.21802447198,541432.1460386373
wirye_plan_area,남위례역,60,93,공덕,경의중앙선,56.883333,126.95215967146096,37.54273218618415,195772.1094690856,549247.9349622946
wirye_plan_area,남위례역,60,531,산본,서울4호선,56.883333,126.93311673818776,37.35807504846096,194074.6420418436,528754.581842827
wirye_plan_area,남위례역,60,82,곡산,경의중앙선,56.95,126.80175886944464,37.64587612155222,182504.58958685756,560713.1687746132
wirye_plan_area,남위례역,60,84,능곡,경의중앙선,56.95,126.82036468715025,37.61908610559208,184140.9214580504,557736.4464239982
wirye_plan_area,남위례역,60,225,월계,동북선,57.016667,127.06101934969882,37.63148268624763,205386.1882059428,559098.9113090044
wirye_plan_area,남위례역,60,469,도림천,서울2호선,57.05,126.88264545062373,37.51448745287615,189624.87517000263,546118.5153278125
wirye_plan_area,남위례역,60,560,미아,서울4호선,57.066667,127.02618198046385,37.62636094653018,202311.2463016442,558529.023330408
wirye_plan_area,남위례역,60,566,불암산,서울4호선,57.066667,127.07904357419956,37.670202707945386,206973.5681815771,563397.6302837662
wirye_plan_area,남위례역,60,411,당정,서울1호선,57.383333,126.94833402499177,37.34363747540078,195421.90361087598,527151.3924498154
wirye_plan_area,남위례역,60,477,정발산,서울3호선,57.45,126.77339877072514,37.65947397722269,180005.36377984498,562228.0642518273
wirye_plan_area,남위례역,60,750,등촌,서울9호선,57.533333,126.86550156090728,37.55075581457467,188114.96770408048,550145.8870591328
wirye_plan_area,남위례역,60,741,별내,서울8호선,57.55,127.12744306462008,37.641980322256536,211247.83990200007,560269.9284111965
wirye_plan_area,남위례역,60,171,초당,용인경전철,57.616667,127.15947848591688,37.26081086407165,214146.81963096932,517969.688634838
wirye_plan_area,남위례역,60,186,솔샘,우이신설경전철,57.75,127.0135610234414,37.62025446415306,201197.21382612875,557851.032845867
wirye_plan_area,남위례역,60,415,안양,서울1호선,57.883333,126.9228276011748,37.40152759291793,193167.04457884995,533577.8491723654
wirye_plan_area,남위례역,60,639,상수,서울6호선,57.883333,126.92248528569012,37.54774106782856,193150.09268528718,549805.6084080704
wirye_plan_area,남위례역,60,150,광운대,경춘선,58.016667,127.06203350607043,37.62379325369998,205476.2721049305,558245.524045104
wirye_plan_area,남위례역,60,370,도봉산,서울1호선,58.066667,127.04604803410368,37.68955803241259,204061.50245053112,565543.944232135
wirye_plan_area,남위례역,60,341,구일,서울1호선,58.166667,126.86981693840856,37.49624291179354,188487.9256222191,544095.0964996777
wirye_plan_area,남위례역,60,226,하계,동북선,58.333333,127.06793576894307,37.63580026947936,205996.35481253953,559578.537532091
wirye_plan_area,남위례역,60,714,마들,서울7호선,58.333333,127.05760212496052,37.66541488039195,205082.23647152606,562864.8497685941
wirye_plan_area,남위례역,60,663,봉화산,서울6호선,58.333333,127.09175060927112,37.61714681111189,208100.39760719845,557509.9890169956
wirye_plan_area,남위례역,60,635,월드컵경기장,서울6호선,58.35,126.89906444681452,37.569592247612064,191083.01755657216,552232.7954337479
wirye_plan_area,남위례역,60,409,성균관대,서울1호선,58.383333,126.97111617206218,37.30031469646502,197439.1488424653,522342.40980408754
wirye_plan_area,남위례역,60,580,목동,서울5호선,58.416667,126.86443578150646,37.526155260627085,188016.85330820255,547415.6599366192
wirye_plan_area,남위례역,60,888,백마,서해선,58.45,126.79435739331409,37.657904782863056,181854.3121642049,562049.637065819
wirye_plan_area,남위례역,60,683,신풍,서울7호선,58.5,126.90977223355294,37.50012633786362,192021.58225771567,544521.9696594639
wirye_plan_area,남위례역,60,844,인천시청,GTX_B,58.55,126.70159843589953,37.45764022699095,173598.77934779413,539844.566903939
wirye_plan_area,남위례역,60,66,도림사거리,신안산선,58.583333,126.90047411183204,37.50798259646756,191200.3149295505,545394.7422817503
wirye_plan_area,남위례역,60,871,마곡나루,서울9호선급행,58.666667,126.82733494276692,37.566874886870906,184745.63653277396,551940.4248648953
wirye_plan_area,남위례역,60,782,수원시청,분당선,58.666667,127.03073907903122,37.26194430398132,202726.72230423917,518084.0033553389
wirye_plan_area,남위례역,60,92,서강대,경의중앙선,58.883333,126.93523354466528,37.55233183205827,194276.99630448286,550314.2756965604
wirye_plan_area,남위례역,60,530,수리산,서울4호선,58.883333,126.92542337203524,37.35015662168507,193392.37306852767,527876.2712110451
wirye_plan_area,남위례역,60,374,가능,서울1호선,58.933333,127.04431599515398,37.7483178103927,203905.648045822,572065.6872795753
wirye_plan_area,남위례역,60,81,백마,경의중앙선,58.95,126.79463673789591,37.6581149752406,181879.0123506639,562072.9123460571
wirye_plan_area,남위례역,60,85,행신,경의중앙선,58.95,126.83431676333676,37.61210224285794,185371.31137041387,556959.0463796728
wirye_plan_area,남위례역,60,129,상봉,경춘선,59.0,127.08507235969924,37.59696394547592,207512.82372952098,555269.3558855635
wirye_plan_area,남위례역,60,128,중랑,경춘선,59.0,127.07605782911482,37.59495580886589,206716.92204682602,555045.7921267998
wirye_plan_area,남위례역,60,229,상계,동북선,59.066667,127.07269989902214,37.65973476689687,206414.80226558988,562235.3388260463
wirye_plan_area,남위례역,60,906,여의도,신안산선급행,59.083333,126.92400189877466,37.5219823061449,193281.8041570703,546946.5927895732
wirye_plan_area,남위례역,60,204,관악산,신림선,59.183333,126.94549473876646,37.46897179908992,195178.3542794916,541061.7996292631
wirye_plan_area,남위례역,60,224,우이천,동북선,59.4,127.05032431192842,37.62463275991327,204442.54305570666,558338.0815928236
wirye_plan_area,남위례역,60,748,가양,서울9호선,59.416667,126.854303019782,37.56148680626476,187127.247675835,551338.3750689263
wirye_plan_area,남위례역,60,372,회룡,서울1호선,59.433333,127.04726842140686,37.72379105526611,204167.22518368074,569343.5533113817
wirye_plan_area,남위례역,60,749,증미,서울9호선,59.5,126.86067178777202,37.558090125876944,187689.3883232586,550960.5302407996
wirye_plan_area,남위례역,60,187,삼양사거리,우이신설경전철,59.616667,127.02052830871898,37.62127586934903,201812.28496325223,557964.5096053665
wirye_plan_area,남위례역,60,91,홍대입구,경의중앙선,59.716667,126.92711676704472,37.55749659897202,193560.21214712894,550888.0284380943
wirye_plan_area,남위례역,60,638,합정,서울6호선,59.716667,126.91337075897056,37.54932592537539,192344.81188431388,549982.2116660534
wirye_plan_area,남위례역,60,579,신정,서울5호선,59.916667,126.8562019133554,37.52504354734238,187288.83470421916,547293.3543510494
wirye_plan_area,남위례역,60,476,주엽,서울3호선,59.95,126.76141908136567,37.67009245582665,178951.30786166742,563409.23505588
wirye_plan_area,남위례역,60,227,서울시립과학관,동북선,60.0,127.0754139228668,37.63873933878493,206656.1524272719,559905.2480134773
