area_name,parcel_id,pnu,jibun,parcel_area_sqm,join_status,estimated_status,note
pangyo_1st_technovalley,4113510900103760031,4113510900103760031,376-31도,295.43376506370697,not_joined_to_building_register,미건축/공지 추정,건축물대장 조인 실패와 실제 미건축 필지가 혼재될 수 있음
pangyo_1st_technovalley,4113510900106680006,4113510900106680006,668-6대,4002.672183757943,not_joined_to_building_register,미건축/공지 추정,건축물대장 조인 실패와 실제 미건축 필지가 혼재될 수 있음
pangyo_1st_technovalley,4113510900106680005,4113510900106680005,668-5대,3761.040492249862,not_joined_to_building_register,미건축/공지 추정,건축물대장 조인 실패와 실제 미건축 필지가 혼재될 수 있음
pangyo_1st_technovalley,4113510900106680004,4113510900106680004,668-4공,9511.048350364828,not_joined_to_building_register,미건축/공지 추정,건축물대장 조인 실패와 실제 미건축 필지가 혼재될 수 있음
pangyo_1st_technovalley,4113510900106680003,4113510900106680003,668-3공,4099.402114543152,not_joined_to_building_register,미건축/공지 추정,건축물대장 조인 실패와 실제 미건축 필지가 혼재될 수 있음
pangyo_1st_technovalley,4113510900106680001,4113510900106680001,668-1도,53709.3097092969,not_joined_to_building_register,미건축/공지 추정,건축물대장 조인 실패와 실제 미건축 필지가 혼재될 수 있음
pangyo_1st_technovalley,4113510900106670007,4113510900106670007,667-7도,13064.12367061964,not_joined_to_building_register,미건축/공지 추정,건축물대장 조인 실패와 실제 미건축 필지가 혼재될 수 있음
pangyo_1st_technovalley,4113510900106670006,4113510900106670006,667-6 도,4399.914739334675,not_joined_to_building_register,미건축/공지 추정,건축물대장 조인 실패와 실제 미건축 필지가 혼재될 수 있음
pangyo_1st_technovalley,4113510900106330002,4113510900106330002,633-2도,8605.282260330825,not_joined_to_building_register,미건축/공지 추정,건축물대장 조인 실패와 실제 미건축 필지가 혼재될 수 있음
pangyo_1st_technovalley,4113510900106330001,4113510900106330001,633-1 도,5659.416671531003,not_joined_to_building_register,미건축/공지 추정,건축물대장 조인 실패와 실제 미건축 필지가 혼재될 수 있음
pangyo_1st_technovalley,4113510900106320001,4113510900106320001,632-1도,954.1119933357585,not_joined_to_building_register,미건축/공지 추정,건축물대장 조인 실패와 실제 미건축 필지가 혼재될 수 있음
pangyo_1st_technovalley,4113510900106310001,4113510900106310001,631-1도,6725.513594531028,not_joined_to_building_register,미건축/공지 추정,건축물대장 조인 실패와 실제 미건축 필지가 혼재될 수 있음
pangyo_1st_technovalley,4113510900106300001,4113510900106300001,630-1도,3117.9997435888044,not_joined_to_building_register,미건축/공지 추정,건축물대장 조인 실패와 실제 미건축 필지가 혼재될 수 있음
pangyo_1st_technovalley,4113510900106290001,4113510900106290001,629-1도,541.4921413135324,not_joined_to_building_register,미건축/공지 추정,건축물대장 조인 실패와 실제 미건축 필지가 혼재될 수 있음
pangyo_1st_technovalley,4113510900106260001,4113510900106260001,626-1도,2136.8949411117137,not_joined_to_building_register,미건축/공지 추정,건축물대장 조인 실패와 실제 미건축 필지가 혼재될 수 있음
pangyo_1st_technovalley,4113510900106240007,4113510900106240007,624-7도,3140.597716576585,not_joined_to_building_register,미건축/공지 추정,건축물대장 조인 실패와 실제 미건축 필지가 혼재될 수 있음
pangyo_1st_technovalley,4113510900106240006,4113510900106240006,624-6도,790.7161028030376,not_joined_to_building_register,미건축/공지 추정,건축물대장 조인 실패와 실제 미건축 필지가 혼재될 수 있음
pangyo_1st_technovalley,4113510900106240005,4113510900106240005,624-5대,2072.9065438126627,not_joined_to_building_register,미건축/공지 추정,건축물대장 조인 실패와 실제 미건축 필지가 혼재될 수 있음
pangyo_1st_technovalley,4113510900106240004,4113510900106240004,624-4대,1818.8333073921158,not_joined_to_building_register,미건축/공지 추정,건축물대장 조인 실패와 실제 미건축 필지가 혼재될 수 있음
pangyo_1st_technovalley,4113510900106240003,4113510900106240003,624-3대,1818.9408549593468,not_joined_to_building_register,미건축/공지 추정,건축물대장 조인 실패와 실제 미건축 필지가 혼재될 수 있음
pangyo_1st_technovalley,4113510900106240002,4113510900106240002,624-2대,1819.012653478869,not_joined_to_building_register,미건축/공지 추정,건축물대장 조인 실패와 실제 미건축 필지가 혼재될 수 있음
pangyo_1st_technovalley,4113510900106240001,4113510900106240001,624-1대,1818.8677554615056,not_joined_to_building_register,미건축/공지 추정,건축물대장 조인 실패와 실제 미건축 필지가 혼재될 수 있음
pangyo_1st_technovalley,4113510900106230005,4113510900106230005,623-5천,51604.59848056285,not_joined_to_building_register,미건축/공지 추정,건축물대장 조인 실패와 실제 미건축 필지가 혼재될 수 있음
pangyo_1st_technovalley,4113510900106230004,4113510900106230004,623-4공,1800.059460812755,not_joined_to_building_register,미건축/공지 추정,건축물대장 조인 실패와 실제 미건축 필지가 혼재될 수 있음
pangyo_1st_technovalley,4113510900106230003,4113510900106230003,623-3공,3805.8920887654253,not_joined_to_building_register,미건축/공지 추정,건축물대장 조인 실패와 실제 미건축 필지가 혼재될 수 있음
pangyo_1st_technovalley,4113510900106230002,4113510900106230002,623-2도,2030.1835812444272,not_joined_to_building_register,미건축/공지 추정,건축물대장 조인 실패와 실제 미건축 필지가 혼재될 수 있음
pangyo_1st_technovalley,4113510900106230001,4113510900106230001,623-1대,3903.905813517654,not_joined_to_building_register,미건축/공지 추정,건축물대장 조인 실패와 실제 미건축 필지가 혼재될 수 있음
pangyo_1st_technovalley,4113510900107030003,4113510900107030003,703-3 도,44977.1434358332,not_joined_to_building_register,미건축/공지 추정,건축물대장 조인 실패와 실제 미건축 필지가 혼재될 수 있음
pangyo_1st_technovalley,4113510900107030001,4113510900107030001,703-1수,5041.609346474754,not_joined_to_building_register,미건축/공지 추정,건축물대장 조인 실패와 실제 미건축 필지가 혼재될 수 있음
pangyo_1st_technovalley,4113510900107010001,4113510900107010001,701-1도,2168.24418257003,not_joined_to_building_register,미건축/공지 추정,건축물대장 조인 실패와 실제 미건축 필지가 혼재될 수 있음
pangyo_1st_technovalley,4113510900106990000,4113510900106990000,699공,4163.906614058948,not_joined_to_building_register,미건축/공지 추정,건축물대장 조인 실패와 실제 미건축 필지가 혼재될 수 있음
pangyo_1st_technovalley,4113510900106980001,4113510900106980001,698-1도,15246.09876777517,not_joined_to_building_register,미건축/공지 추정,건축물대장 조인 실패와 실제 미건축 필지가 혼재될 수 있음
pangyo_1st_technovalley,4113510900106960003,4113510900106960003,696-3공,5425.223009587483,not_joined_to_building_register,미건축/공지 추정,건축물대장 조인 실패와 실제 미건축 필지가 혼재될 수 있음
pangyo_1st_technovalley,4113510900106960002,4113510900106960002,696-2대,3774.7874510983647,not_joined_to_building_register,미건축/공지 추정,건축물대장 조인 실패와 실제 미건축 필지가 혼재될 수 있음
pangyo_1st_technovalley,4113510900106940003,4113510900106940003,694-3도,442.00757868438416,not_joined_to_building_register,미건축/공지 추정,건축물대장 조인 실패와 실제 미건축 필지가 혼재될 수 있음
pangyo_1st_technovalley,4113510900106940002,4113510900106940002,694-2공,2032.293339145367,not_joined_to_building_register,미건축/공지 추정,건축물대장 조인 실패와 실제 미건축 필지가 혼재될 수 있음
pangyo_1st_technovalley,4113510900106930002,4113510900106930002,693-2도,941.7141403605575,not_joined_to_building_register,미건축/공지 추정,건축물대장 조인 실패와 실제 미건축 필지가 혼재될 수 있음
pangyo_1st_technovalley,4113510900106930001,4113510900106930001,693-1대,2880.346839611896,not_joined_to_building_register,미건축/공지 추정,건축물대장 조인 실패와 실제 미건축 필지가 혼재될 수 있음
pangyo_1st_technovalley,4113510900106920001,4113510900106920001,692-1도,855.3606725699368,not_joined_to_building_register,미건축/공지 추정,건축물대장 조인 실패와 실제 미건축 필지가 혼재될 수 있음
pangyo_1st_technovalley,4113510900106900001,4113510900106900001,690-1도,1222.1838597601993,not_joined_to_building_register,미건축/공지 추정,건축물대장 조인 실패와 실제 미건축 필지가 혼재될 수 있음
pangyo_1st_technovalley,4113510900106890001,4113510900106890001,689-1도,1561.895230407737,not_joined_to_building_register,미건축/공지 추정,건축물대장 조인 실패와 실제 미건축 필지가 혼재될 수 있음
pangyo_1st_technovalley,4113510900106880003,4113510900106880003,688-3도,23393.266334744938,not_joined_to_building_register,미건축/공지 추정,건축물대장 조인 실패와 실제 미건축 필지가 혼재될 수 있음
pangyo_1st_technovalley,4113510900106880002,4113510900106880002,688-2수,2099.803765265448,not_joined_to_building_register,미건축/공지 추정,건축물대장 조인 실패와 실제 미건축 필지가 혼재될 수 있음
pangyo_1st_technovalley,4113510900106870002,4113510900106870002,687-2도,1304.359050039669,not_joined_to_building_register,미건축/공지 추정,건축물대장 조인 실패와 실제 미건축 필지가 혼재될 수 있음
pangyo_1st_technovalley,4113510900106870001,4113510900106870001,687-1대,3073.3963210752586,not_joined_to_building_register,미건축/공지 추정,건축물대장 조인 실패와 실제 미건축 필지가 혼재될 수 있음
pangyo_1st_technovalley,4113510900106850001,4113510900106850001,685-1도,929.8345332789904,not_joined_to_building_register,미건축/공지 추정,건축물대장 조인 실패와 실제 미건축 필지가 혼재될 수 있음
pangyo_1st_technovalley,4113510900106120005,4113510900106120005,612-5도,549.8174533196836,not_joined_to_building_register,미건축/공지 추정,건축물대장 조인 실패와 실제 미건축 필지가 혼재될 수 있음
pangyo_1st_technovalley,4113510900106830001,4113510900106830001,683-1도,5154.847080904283,not_joined_to_building_register,미건축/공지 추정,건축물대장 조인 실패와 실제 미건축 필지가 혼재될 수 있음
pangyo_1st_technovalley,4113510900106820001,4113510900106820001,682-1도,695.5549780851802,not_joined_to_building_register,미건축/공지 추정,건축물대장 조인 실패와 실제 미건축 필지가 혼재될 수 있음
pangyo_1st_technovalley,4113510900106810001,4113510900106810001,681-1도,943.7861113179897,not_joined_to_building_register,미건축/공지 추정,건축물대장 조인 실패와 실제 미건축 필지가 혼재될 수 있음
pangyo_1st_technovalley,4113510900106800001,4113510900106800001,680-1공,11883.072427044466,not_joined_to_building_register,미건축/공지 추정,건축물대장 조인 실패와 실제 미건축 필지가 혼재될 수 있음
pangyo_1st_technovalley,4113510900106790001,4113510900106790001,679-1도,2480.831051419581,not_joined_to_building_register,미건축/공지 추정,건축물대장 조인 실패와 실제 미건축 필지가 혼재될 수 있음
pangyo_1st_technovalley,4113510900106780001,4113510900106780001,678-1공,2629.7343675384013,not_joined_to_building_register,미건축/공지 추정,건축물대장 조인 실패와 실제 미건축 필지가 혼재될 수 있음
pangyo_1st_technovalley,4113510900106770000,4113510900106770000,677공,8323.774163092357,not_joined_to_building_register,미건축/공지 추정,건축물대장 조인 실패와 실제 미건축 필지가 혼재될 수 있음
pangyo_1st_technovalley,4113510900106760003,4113510900106760003,676-3도,963.6239999315139,not_joined_to_building_register,미건축/공지 추정,건축물대장 조인 실패와 실제 미건축 필지가 혼재될 수 있음
pangyo_1st_technovalley,4113510900106760002,4113510900106760002,676-2도,226.71757684113553,not_joined_to_building_register,미건축/공지 추정,건축물대장 조인 실패와 실제 미건축 필지가 혼재될 수 있음
pangyo_1st_technovalley,4113510900106760001,4113510900106760001,676-1수,2669.3911946023322,not_joined_to_building_register,미건축/공지 추정,건축물대장 조인 실패와 실제 미건축 필지가 혼재될 수 있음
pangyo_1st_technovalley,4113510900106750001,4113510900106750001,675-1도,6702.343327501103,not_joined_to_building_register,미건축/공지 추정,건축물대장 조인 실패와 실제 미건축 필지가 혼재될 수 있음
pangyo_1st_technovalley,4113510900106730001,4113510900106730001,673-1도,2040.1844971548512,not_joined_to_building_register,미건축/공지 추정,건축물대장 조인 실패와 실제 미건축 필지가 혼재될 수 있음
pangyo_1st_technovalley,4113510900106720006,4113510900106720006,672-6도,11810.824863223786,not_joined_to_building_register,미건축/공지 추정,건축물대장 조인 실패와 실제 미건축 필지가 혼재될 수 있음
pangyo_1st_technovalley,4113510900106720005,4113510900106720005,672-5대,1545.0713063606709,not_joined_to_building_register,미건축/공지 추정,건축물대장 조인 실패와 실제 미건축 필지가 혼재될 수 있음
pangyo_1st_technovalley,4113510900106720004,4113510900106720004,672-4대,1500.94506067616,not_joined_to_building_register,미건축/공지 추정,건축물대장 조인 실패와 실제 미건축 필지가 혼재될 수 있음
pangyo_1st_technovalley,4113510900106720003,4113510900106720003,672-3대,1456.007328958869,not_joined_to_building_register,미건축/공지 추정,건축물대장 조인 실패와 실제 미건축 필지가 혼재될 수 있음
pangyo_1st_technovalley,4113510900106720002,4113510900106720002,672-2대,1332.8886960443854,not_joined_to_building_register,미건축/공지 추정,건축물대장 조인 실패와 실제 미건축 필지가 혼재될 수 있음
pangyo_1st_technovalley,4113510900106720001,4113510900106720001,672-1대,1459.0074302893318,not_joined_to_building_register,미건축/공지 추정,건축물대장 조인 실패와 실제 미건축 필지가 혼재될 수 있음
pangyo_1st_technovalley,4113510900106710004,4113510900106710004,671-4도,3153.550744815114,not_joined_to_building_register,미건축/공지 추정,건축물대장 조인 실패와 실제 미건축 필지가 혼재될 수 있음
pangyo_1st_technovalley,4113510900106700001,4113510900106700001,670-1도,2341.140229217118,not_joined_to_building_register,미건축/공지 추정,건축물대장 조인 실패와 실제 미건축 필지가 혼재될 수 있음
wirye_plan_area,1171010900106300009,1171010900106300009,630-9 답,325.9759326775043,not_joined_to_building_register,미건축/공지 추정,건축물대장 조인 실패와 실제 미건축 필지가 혼재될 수 있음
wirye_plan_area,1171010900106300008,1171010900106300008,630-8 답,176.3366404597699,not_joined_to_building_register,미건축/공지 추정,건축물대장 조인 실패와 실제 미건축 필지가 혼재될 수 있음
wirye_plan_area,1171010900106300002,1171010900106300002,630-2 답,326.127034578383,not_joined_to_building_register,미건축/공지 추정,건축물대장 조인 실패와 실제 미건축 필지가 혼재될 수 있음
wirye_plan_area,1171010900106300001,1171010900106300001,630-1답,202.25643021460942,not_joined_to_building_register,미건축/공지 추정,건축물대장 조인 실패와 실제 미건축 필지가 혼재될 수 있음
wirye_plan_area,1171010900106270007,1171010900106270007,627-7 답,74.17424197209046,not_joined_to_building_register,미건축/공지 추정,건축물대장 조인 실패와 실제 미건축 필지가 혼재될 수 있음
wirye_plan_area,1171010900106260005,1171010900106260005,626-5 답,41.856203429945054,not_joined_to_building_register,미건축/공지 추정,건축물대장 조인 실패와 실제 미건축 필지가 혼재될 수 있음
wirye_plan_area,1171010900106260001,1171010900106260001,626-1답,121.70359401983663,not_joined_to_building_register,미건축/공지 추정,건축물대장 조인 실패와 실제 미건축 필지가 혼재될 수 있음
wirye_plan_area,1171010900106260000,1171010900106260000,626답,80.748148590823,not_joined_to_building_register,미건축/공지 추정,건축물대장 조인 실패와 실제 미건축 필지가 혼재될 수 있음
wirye_plan_area,1171010900106250009,1171010900106250009,625-9 답,139.6277075540757,not_joined_to_building_register,미건축/공지 추정,건축물대장 조인 실패와 실제 미건축 필지가 혼재될 수 있음
wirye_plan_area,1171010900106250008,1171010900106250008,625-8 답,64.99549405875699,not_joined_to_building_register,미건축/공지 추정,건축물대장 조인 실패와 실제 미건축 필지가 혼재될 수 있음
wirye_plan_area,1171010900106250001,1171010900106250001,625-1 구,9.051429847689212,not_joined_to_building_register,미건축/공지 추정,건축물대장 조인 실패와 실제 미건축 필지가 혼재될 수 있음
wirye_plan_area,1171010900106240005,1171010900106240005,624-5 답,34.89341499341114,not_joined_to_building_register,미건축/공지 추정,건축물대장 조인 실패와 실제 미건축 필지가 혼재될 수 있음
wirye_plan_area,1171010900106230007,1171010900106230007,623-7 답,0.06500095383316888,not_joined_to_building_register,미건축/공지 추정,건축물대장 조인 실패와 실제 미건축 필지가 혼재될 수 있음
wirye_plan_area,1171010900106220009,1171010900106220009,622-9 답,190.39489873207967,not_joined_to_building_register,미건축/공지 추정,건축물대장 조인 실패와 실제 미건축 필지가 혼재될 수 있음
wirye_plan_area,1171010900106080015,1171010900106080015,608-15답,8.880215123586538,not_joined_to_building_register,미건축/공지 추정,건축물대장 조인 실패와 실제 미건축 필지가 혼재될 수 있음
wirye_plan_area,1171010900106030011,1171010900106030011,603-11 주,47.1417344610927,not_joined_to_building_register,미건축/공지 추정,건축물대장 조인 실패와 실제 미건축 필지가 혼재될 수 있음
wirye_plan_area,1171010900106030009,1171010900106030009,603-9 답,165.22879389512963,not_joined_to_building_register,미건축/공지 추정,건축물대장 조인 실패와 실제 미건축 필지가 혼재될 수 있음
wirye_plan_area,1171010900106030003,1171010900106030003,603-3 주,38.04508080475683,not_joined_to_building_register,미건축/공지 추정,건축물대장 조인 실패와 실제 미건축 필지가 혼재될 수 있음
wirye_plan_area,1171010900106020046,1171010900106020046,602-46 답,0.42003724136497944,not_joined_to_building_register,미건축/공지 추정,건축물대장 조인 실패와 실제 미건축 필지가 혼재될 수 있음
wirye_plan_area,1171010900100190038,1171010900100190038,19-38 천,213.15542949374827,not_joined_to_building_register,미건축/공지 추정,건축물대장 조인 실패와 실제 미건축 필지가 혼재될 수 있음
wirye_plan_area,1171010900100190036,1171010900100190036,19-36 잡,30.036716682319664,not_joined_to_building_register,미건축/공지 추정,건축물대장 조인 실패와 실제 미건축 필지가 혼재될 수 있음
wirye_plan_area,1171010900100190037,1171010900100190037,19-37 천,174.06287914944477,not_joined_to_building_register,미건축/공지 추정,건축물대장 조인 실패와 실제 미건축 필지가 혼재될 수 있음
wirye_plan_area,1171010900100190039,1171010900100190039,19-39 천,126.30570380124041,not_joined_to_building_register,미건축/공지 추정,건축물대장 조인 실패와 실제 미건축 필지가 혼재될 수 있음
wirye_plan_area,1171010900100190040,1171010900100190040,19-40 천,18.66040267753276,not_joined_to_building_register,미건축/공지 추정,건축물대장 조인 실패와 실제 미건축 필지가 혼재될 수 있음
wirye_plan_area,1171010900100190043,1171010900100190043,19-43 천,22.911992236453408,not_joined_to_building_register,미건축/공지 추정,건축물대장 조인 실패와 실제 미건축 필지가 혼재될 수 있음
wirye_plan_area,1171010900100190044,1171010900100190044,19-44 천,3.0736520359253134,not_joined_to_building_register,미건축/공지 추정,건축물대장 조인 실패와 실제 미건축 필지가 혼재될 수 있음
wirye_plan_area,1171010900100190045,1171010900100190045,19-45 천,2.469990248355533,not_joined_to_building_register,미건축/공지 추정,건축물대장 조인 실패와 실제 미건축 필지가 혼재될 수 있음
wirye_plan_area,1171010900100190046,1171010900100190046,19-46 천,0.14651864084562946,not_joined_to_building_register,미건축/공지 추정,건축물대장 조인 실패와 실제 미건축 필지가 혼재될 수 있음
wirye_plan_area,1171010900100570022,1171010900100570022,57-22도,40.119240927098325,not_joined_to_building_register,미건축/공지 추정,건축물대장 조인 실패와 실제 미건축 필지가 혼재될 수 있음
wirye_plan_area,1171010900100570023,1171010900100570023,57-23도,56.50176937537108,not_joined_to_building_register,미건축/공지 추정,건축물대장 조인 실패와 실제 미건축 필지가 혼재될 수 있음
wirye_plan_area,1171010900106970052,1171010900106970052,697-52 천,50.88425304561247,not_joined_to_building_register,미건축/공지 추정,건축물대장 조인 실패와 실제 미건축 필지가 혼재될 수 있음
wirye_plan_area,1171010900105740002,1171010900105740002,574-2 답,46.15617320191481,not_joined_to_building_register,미건축/공지 추정,건축물대장 조인 실패와 실제 미건축 필지가 혼재될 수 있음
wirye_plan_area,1171010900103190010,1171010900103190010,319-10 도,20.624888111798043,not_joined_to_building_register,미건축/공지 추정,건축물대장 조인 실패와 실제 미건축 필지가 혼재될 수 있음
wirye_plan_area,1171010900103190016,1171010900103190016,319-16 전,91.32768172176138,not_joined_to_building_register,미건축/공지 추정,건축물대장 조인 실패와 실제 미건축 필지가 혼재될 수 있음
wirye_plan_area,1171010900103190021,1171010900103190021,319-21천,682.9417362770098,not_joined_to_building_register,미건축/공지 추정,건축물대장 조인 실패와 실제 미건축 필지가 혼재될 수 있음
wirye_plan_area,1171010900103190026,1171010900103190026,319-26 구,11.14139521747948,not_joined_to_building_register,미건축/공지 추정,건축물대장 조인 실패와 실제 미건축 필지가 혼재될 수 있음
wirye_plan_area,1171010900103190035,1171010900103190035,319-35도,55.938961276428785,not_joined_to_building_register,미건축/공지 추정,건축물대장 조인 실패와 실제 미건축 필지가 혼재될 수 있음
wirye_plan_area,1171010900103190039,1171010900103190039,319-39구,23.862379007484336,not_joined_to_building_register,미건축/공지 추정,건축물대장 조인 실패와 실제 미건축 필지가 혼재될 수 있음
wirye_plan_area,1171010900103190040,1171010900103190040,319-40 잡,19.52849821566079,not_joined_to_building_register,미건축/공지 추정,건축물대장 조인 실패와 실제 미건축 필지가 혼재될 수 있음
wirye_plan_area,1171010900103190059,1171010900103190059,319-59 도,94.91873603060765,not_joined_to_building_register,미건축/공지 추정,건축물대장 조인 실패와 실제 미건축 필지가 혼재될 수 있음
wirye_plan_area,1171010900103190060,1171010900103190060,319-60 도,60.100139888910796,not_joined_to_building_register,미건축/공지 추정,건축물대장 조인 실패와 실제 미건축 필지가 혼재될 수 있음
wirye_plan_area,1171010900103190063,1171010900103190063,319-63 구,1.4828681350312947,not_joined_to_building_register,미건축/공지 추정,건축물대장 조인 실패와 실제 미건축 필지가 혼재될 수 있음
wirye_plan_area,1171010900103190064,1171010900103190064,319-64 구,69.66767287859895,not_joined_to_building_register,미건축/공지 추정,건축물대장 조인 실패와 실제 미건축 필지가 혼재될 수 있음
wirye_plan_area,1171010900103190067,1171010900103190067,319-67 천,8.692259124759275,not_joined_to_building_register,미건축/공지 추정,건축물대장 조인 실패와 실제 미건축 필지가 혼재될 수 있음
wirye_plan_area,1171010900103190068,1171010900103190068,319-68 천,7.358761565626991,not_joined_to_building_register,미건축/공지 추정,건축물대장 조인 실패와 실제 미건축 필지가 혼재될 수 있음
wirye_plan_area,1171010900103190069,1171010900103190069,319-69 천,85.26537884939927,not_joined_to_building_register,미건축/공지 추정,건축물대장 조인 실패와 실제 미건축 필지가 혼재될 수 있음
wirye_plan_area,1171010900103190070,1171010900103190070,319-70 천,48.765339218167355,not_joined_to_building_register,미건축/공지 추정,건축물대장 조인 실패와 실제 미건축 필지가 혼재될 수 있음
wirye_plan_area,1171010900103190071,1171010900103190071,319-71 도,150.87026160766902,not_joined_to_building_register,미건축/공지 추정,건축물대장 조인 실패와 실제 미건축 필지가 혼재될 수 있음
wirye_plan_area,1171010900103190072,1171010900103190072,319-72 도,75.21531461585224,not_joined_to_building_register,미건축/공지 추정,건축물대장 조인 실패와 실제 미건축 필지가 혼재될 수 있음
wirye_plan_area,1171010900103190073,1171010900103190073,319-73 구,38.31091400258664,not_joined_to_building_register,미건축/공지 추정,건축물대장 조인 실패와 실제 미건축 필지가 혼재될 수 있음
wirye_plan_area,1171010900103190075,1171010900103190075,319-75 도,7.854158094859153,not_joined_to_building_register,미건축/공지 추정,건축물대장 조인 실패와 실제 미건축 필지가 혼재될 수 있음
wirye_plan_area,1171010900103190076,1171010900103190076,319-76 천,21.702678762590093,not_joined_to_building_register,미건축/공지 추정,건축물대장 조인 실패와 실제 미건축 필지가 혼재될 수 있음
wirye_plan_area,1171010900103190077,1171010900103190077,319-77 천,108.22734971514802,not_joined_to_building_register,미건축/공지 추정,건축물대장 조인 실패와 실제 미건축 필지가 혼재될 수 있음
wirye_plan_area,1171010900103190078,1171010900103190078,319-78 도,1.8828886990958036,not_joined_to_building_register,미건축/공지 추정,건축물대장 조인 실패와 실제 미건축 필지가 혼재될 수 있음
wirye_plan_area,1171010900103190080,1171010900103190080,319-80 도,167.77349125119673,not_joined_to_building_register,미건축/공지 추정,건축물대장 조인 실패와 실제 미건축 필지가 혼재될 수 있음
wirye_plan_area,1171010900103190085,1171010900103190085,319-85 도,20.426992792421217,not_joined_to_building_register,미건축/공지 추정,건축물대장 조인 실패와 실제 미건축 필지가 혼재될 수 있음
wirye_plan_area,1171010900103190086,1171010900103190086,319-86 도,32.376794485293246,not_joined_to_building_register,미건축/공지 추정,건축물대장 조인 실패와 실제 미건축 필지가 혼재될 수 있음
wirye_plan_area,1171010900103190087,1171010900103190087,319-87 천,7.938160259217061,not_joined_to_building_register,미건축/공지 추정,건축물대장 조인 실패와 실제 미건축 필지가 혼재될 수 있음
wirye_plan_area,1171010900103190088,1171010900103190088,319-88 천,36.87286606133638,not_joined_to_building_register,미건축/공지 추정,건축물대장 조인 실패와 실제 미건축 필지가 혼재될 수 있음
wirye_plan_area,1171010900103190089,1171010900103190089,319-89 도,14.26302748740854,not_joined_to_building_register,미건축/공지 추정,건축물대장 조인 실패와 실제 미건축 필지가 혼재될 수 있음
wirye_plan_area,1171010900103580000,1171010900103580000,358잡,458.55655849207096,not_joined_to_building_register,미건축/공지 추정,건축물대장 조인 실패와 실제 미건축 필지가 혼재될 수 있음
wirye_plan_area,1171010900103590000,1171010900103590000,359 도,166.92157512030343,not_joined_to_building_register,미건축/공지 추정,건축물대장 조인 실패와 실제 미건축 필지가 혼재될 수 있음
wirye_plan_area,1171010900103600000,1171010900103600000,360답,2076.150222726095,not_joined_to_building_register,미건축/공지 추정,건축물대장 조인 실패와 실제 미건축 필지가 혼재될 수 있음
wirye_plan_area,1171010900103600002,1171010900103600002,360-2 도,50.45803848658688,not_joined_to_building_register,미건축/공지 추정,건축물대장 조인 실패와 실제 미건축 필지가 혼재될 수 있음
wirye_plan_area,1171010900103610000,1171010900103610000,361임,130.16977759714325,not_joined_to_building_register,미건축/공지 추정,건축물대장 조인 실패와 실제 미건축 필지가 혼재될 수 있음
wirye_plan_area,1171010900103610008,1171010900103610008,361-8 임,11.454048148925084,not_joined_to_building_register,미건축/공지 추정,건축물대장 조인 실패와 실제 미건축 필지가 혼재될 수 있음
wirye_plan_area,1171010900103630000,1171010900103630000,363전,2623.1485673625075,not_joined_to_building_register,미건축/공지 추정,건축물대장 조인 실패와 실제 미건축 필지가 혼재될 수 있음
wirye_plan_area,1171010900103640000,1171010900103640000,364천,191.18810070738957,not_joined_to_building_register,미건축/공지 추정,건축물대장 조인 실패와 실제 미건축 필지가 혼재될 수 있음
wirye_plan_area,1171010900103650000,1171010900103650000,365임,165.6648780268294,not_joined_to_building_register,미건축/공지 추정,건축물대장 조인 실패와 실제 미건축 필지가 혼재될 수 있음
wirye_plan_area,1171010900103660000,1171010900103660000,366천,1635.5772543050837,not_joined_to_building_register,미건축/공지 추정,건축물대장 조인 실패와 실제 미건축 필지가 혼재될 수 있음
wirye_plan_area,1171010900105380001,1171010900105380001,538-1답,124.12020761743429,not_joined_to_building_register,미건축/공지 추정,건축물대장 조인 실패와 실제 미건축 필지가 혼재될 수 있음
wirye_plan_area,1171010900103670000,1171010900103670000,367전,2791.535268989095,not_joined_to_building_register,미건축/공지 추정,건축물대장 조인 실패와 실제 미건축 필지가 혼재될 수 있음
wirye_plan_area,1171010900103670001,1171010900103670001,367-1전,185.70920825101553,not_joined_to_building_register,미건축/공지 추정,건축물대장 조인 실패와 실제 미건축 필지가 혼재될 수 있음
wirye_plan_area,1171010900103680000,1171010900103680000,368전,1696.4643147250345,not_joined_to_building_register,미건축/공지 추정,건축물대장 조인 실패와 실제 미건축 필지가 혼재될 수 있음
wirye_plan_area,1171010900103930002,1171010900103930002,393-2전,1287.1316901837145,not_joined_to_building_register,미건축/공지 추정,건축물대장 조인 실패와 실제 미건축 필지가 혼재될 수 있음
wirye_plan_area,1171010900103940000,1171010900103940000,394답,1041.2260567526246,not_joined_to_building_register,미건축/공지 추정,건축물대장 조인 실패와 실제 미건축 필지가 혼재될 수 있음
wirye_plan_area,1171010900104270004,1171010900104270004,427-4답,476.5938753740447,not_joined_to_building_register,미건축/공지 추정,건축물대장 조인 실패와 실제 미건축 필지가 혼재될 수 있음
wirye_plan_area,1171010900104270005,1171010900104270005,427-5 답,8.71169582147976,not_joined_to_building_register,미건축/공지 추정,건축물대장 조인 실패와 실제 미건축 필지가 혼재될 수 있음
wirye_plan_area,1171010900104270006,1171010900104270006,427-6 답,142.93932543669638,not_joined_to_building_register,미건축/공지 추정,건축물대장 조인 실패와 실제 미건축 필지가 혼재될 수 있음
wirye_plan_area,1171010900104270007,1171010900104270007,427-7 답,902.2341303800956,not_joined_to_building_register,미건축/공지 추정,건축물대장 조인 실패와 실제 미건축 필지가 혼재될 수 있음
wirye_plan_area,1171010900104280000,1171010900104280000,428 답,1593.4633323059497,not_joined_to_building_register,미건축/공지 추정,건축물대장 조인 실패와 실제 미건축 필지가 혼재될 수 있음
wirye_plan_area,1171010900104280001,1171010900104280001,428-1답,1123.4353328056236,not_joined_to_building_register,미건축/공지 추정,건축물대장 조인 실패와 실제 미건축 필지가 혼재될 수 있음
wirye_plan_area,1171010900104280003,1171010900104280003,428-3 답,253.8292883732022,not_joined_to_building_register,미건축/공지 추정,건축물대장 조인 실패와 실제 미건축 필지가 혼재될 수 있음
wirye_plan_area,1171010900104290000,1171010900104290000,429전,830.0140060607268,not_joined_to_building_register,미건축/공지 추정,건축물대장 조인 실패와 실제 미건축 필지가 혼재될 수 있음
wirye_plan_area,1171010900104300000,1171010900104300000,430 전,372.20295268459535,not_joined_to_building_register,미건축/공지 추정,건축물대장 조인 실패와 실제 미건축 필지가 혼재될 수 있음
wirye_plan_area,1171010900104310001,1171010900104310001,431-1전,278.28637867754213,not_joined_to_building_register,미건축/공지 추정,건축물대장 조인 실패와 실제 미건축 필지가 혼재될 수 있음
wirye_plan_area,1171010900104310004,1171010900104310004,431-4전,457.9793949816689,not_joined_to_building_register,미건축/공지 추정,건축물대장 조인 실패와 실제 미건축 필지가 혼재될 수 있음
wirye_plan_area,1171010900104310005,1171010900104310005,431-5답,209.55119931076214,not_joined_to_building_register,미건축/공지 추정,건축물대장 조인 실패와 실제 미건축 필지가 혼재될 수 있음
wirye_plan_area,1171010900104310008,1171010900104310008,431-8 임,709.5606307116319,not_joined_to_building_register,미건축/공지 추정,건축물대장 조인 실패와 실제 미건축 필지가 혼재될 수 있음
wirye_plan_area,1171010900104320001,1171010900104320001,432-1 답,1264.163799057115,not_joined_to_building_register,미건축/공지 추정,건축물대장 조인 실패와 실제 미건축 필지가 혼재될 수 있음
wirye_plan_area,1171010900104320004,1171010900104320004,432-4답,230.61986874701665,not_joined_to_building_register,미건축/공지 추정,건축물대장 조인 실패와 실제 미건축 필지가 혼재될 수 있음
wirye_plan_area,1171010900104320005,1171010900104320005,432-5답,14.443170572322956,not_joined_to_building_register,미건축/공지 추정,건축물대장 조인 실패와 실제 미건축 필지가 혼재될 수 있음
wirye_plan_area,1171010900104320008,1171010900104320008,432-8 답,24.421341000113483,not_joined_to_building_register,미건축/공지 추정,건축물대장 조인 실패와 실제 미건축 필지가 혼재될 수 있음
wirye_plan_area,1171010900104320009,1171010900104320009,432-9 답,108.22000396552933,not_joined_to_building_register,미건축/공지 추정,건축물대장 조인 실패와 실제 미건축 필지가 혼재될 수 있음
wirye_plan_area,1171010900104320010,1171010900104320010,432-10 답,3.1574381812548653,not_joined_to_building_register,미건축/공지 추정,건축물대장 조인 실패와 실제 미건축 필지가 혼재될 수 있음
wirye_plan_area,1171010900104320011,1171010900104320011,432-11 임,40.24552586501236,not_joined_to_building_register,미건축/공지 추정,건축물대장 조인 실패와 실제 미건축 필지가 혼재될 수 있음
wirye_plan_area,1171010900104330001,1171010900104330001,433-1 답,20.240786768792514,not_joined_to_building_register,미건축/공지 추정,건축물대장 조인 실패와 실제 미건축 필지가 혼재될 수 있음
wirye_plan_area,1171010900105360000,1171010900105360000,536 잡,477.7894792829552,not_joined_to_building_register,미건축/공지 추정,건축물대장 조인 실패와 실제 미건축 필지가 혼재될 수 있음
wirye_plan_area,1171010900105360005,1171010900105360005,536-5 잡,14.05672627918707,not_joined_to_building_register,미건축/공지 추정,건축물대장 조인 실패와 실제 미건축 필지가 혼재될 수 있음
wirye_plan_area,1171010900105370000,1171010900105370000,537답,345.3510035348939,not_joined_to_building_register,미건축/공지 추정,건축물대장 조인 실패와 실제 미건축 필지가 혼재될 수 있음
wirye_plan_area,1171010900105370001,1171010900105370001,537-1답,427.8376114978916,not_joined_to_building_register,미건축/공지 추정,건축물대장 조인 실패와 실제 미건축 필지가 혼재될 수 있음
wirye_plan_area,1171010900105380005,1171010900105380005,538-5 도,709.5085796727484,not_joined_to_building_register,미건축/공지 추정,건축물대장 조인 실패와 실제 미건축 필지가 혼재될 수 있음
wirye_plan_area,1171010900105380006,1171010900105380006,538-6 도,435.0369551630282,not_joined_to_building_register,미건축/공지 추정,건축물대장 조인 실패와 실제 미건축 필지가 혼재될 수 있음
wirye_plan_area,1171010900105380007,1171010900105380007,538-7 도,159.449564252517,not_joined_to_building_register,미건축/공지 추정,건축물대장 조인 실패와 실제 미건축 필지가 혼재될 수 있음
wirye_plan_area,1171010900105380009,1171010900105380009,538-9 도,144.03190426587324,not_joined_to_building_register,미건축/공지 추정,건축물대장 조인 실패와 실제 미건축 필지가 혼재될 수 있음
wirye_plan_area,1171010900105390002,1171010900105390002,539-2잡,813.1591788307945,not_joined_to_building_register,미건축/공지 추정,건축물대장 조인 실패와 실제 미건축 필지가 혼재될 수 있음
wirye_plan_area,1171010900105390004,1171010900105390004,539-4 잡,3.974808053753279,not_joined_to_building_register,미건축/공지 추정,건축물대장 조인 실패와 실제 미건축 필지가 혼재될 수 있음
wirye_plan_area,1171010900105390008,1171010900105390008,539-8 잡,6.380891804822408,not_joined_to_building_register,미건축/공지 추정,건축물대장 조인 실패와 실제 미건축 필지가 혼재될 수 있음
wirye_plan_area,1171010900105410015,1171010900105410015,541-15 구,106.87054817636547,not_joined_to_building_register,미건축/공지 추정,건축물대장 조인 실패와 실제 미건축 필지가 혼재될 수 있음
wirye_plan_area,1171010900105440012,1171010900105440012,544-12 잡,1.5117776715779132,not_joined_to_building_register,미건축/공지 추정,건축물대장 조인 실패와 실제 미건축 필지가 혼재될 수 있음
wirye_plan_area,1171010900105440013,1171010900105440013,544-13 잡,22.39887654519761,not_joined_to_building_register,미건축/공지 추정,건축물대장 조인 실패와 실제 미건축 필지가 혼재될 수 있음
wirye_plan_area,1171010900105460012,1171010900105460012,546-12구,27.886875730397303,not_joined_to_building_register,미건축/공지 추정,건축물대장 조인 실패와 실제 미건축 필지가 혼재될 수 있음
wirye_plan_area,1171010900105460018,1171010900105460018,546-18도,14.83675273694528,not_joined_to_building_register,미건축/공지 추정,건축물대장 조인 실패와 실제 미건축 필지가 혼재될 수 있음
wirye_plan_area,1171010900105460019,1171010900105460019,546-19 도,35.61430636961456,not_joined_to_building_register,미건축/공지 추정,건축물대장 조인 실패와 실제 미건축 필지가 혼재될 수 있음
wirye_plan_area,1171010900105460020,1171010900105460020,546-20 잡,41.96671813051723,not_joined_to_building_register,미건축/공지 추정,건축물대장 조인 실패와 실제 미건축 필지가 혼재될 수 있음
wirye_plan_area,1171010900105510005,1171010900105510005,551-5전,123.13081344624955,not_joined_to_building_register,미건축/공지 추정,건축물대장 조인 실패와 실제 미건축 필지가 혼재될 수 있음
wirye_plan_area,1171010900105510012,1171010900105510012,551-12전,54.113335665629364,not_joined_to_building_register,미건축/공지 추정,건축물대장 조인 실패와 실제 미건축 필지가 혼재될 수 있음
wirye_plan_area,1171010900105510019,1171010900105510019,551-19 도,46.05337538849133,not_joined_to_building_register,미건축/공지 추정,건축물대장 조인 실패와 실제 미건축 필지가 혼재될 수 있음
wirye_plan_area,1171010900105510021,1171010900105510021,551-21 도,1993.9623876641285,not_joined_to_building_register,미건축/공지 추정,건축물대장 조인 실패와 실제 미건축 필지가 혼재될 수 있음
wirye_plan_area,1171010900105510022,1171010900105510022,551-22 도,15.333216739900411,not_joined_to_building_register,미건축/공지 추정,건축물대장 조인 실패와 실제 미건축 필지가 혼재될 수 있음
wirye_plan_area,1171010900105520006,1171010900105520006,552-6 답,101.1412828593321,not_joined_to_building_register,미건축/공지 추정,건축물대장 조인 실패와 실제 미건축 필지가 혼재될 수 있음
wirye_plan_area,1171010900105530002,1171010900105530002,553-2 도,1.6011207379349592,not_joined_to_building_register,미건축/공지 추정,건축물대장 조인 실패와 실제 미건축 필지가 혼재될 수 있음
wirye_plan_area,1171010900105530014,1171010900105530014,553-14 도,156.95759018382378,not_joined_to_building_register,미건축/공지 추정,건축물대장 조인 실패와 실제 미건축 필지가 혼재될 수 있음
wirye_plan_area,1171010900105530020,1171010900105530020,553-20 도,162.694540037807,not_joined_to_building_register,미건축/공지 추정,건축물대장 조인 실패와 실제 미건축 필지가 혼재될 수 있음
wirye_plan_area,1171010900105530033,1171010900105530033,553-33 도,183.15540958619883,not_joined_to_building_register,미건축/공지 추정,건축물대장 조인 실패와 실제 미건축 필지가 혼재될 수 있음
wirye_plan_area,1171010900105530034,1171010900105530034,553-34 도,17.763616649982918,not_joined_to_building_register,미건축/공지 추정,건축물대장 조인 실패와 실제 미건축 필지가 혼재될 수 있음
wirye_plan_area,1171010900105530035,1171010900105530035,553-35 도,20.37012670554279,not_joined_to_building_register,미건축/공지 추정,건축물대장 조인 실패와 실제 미건축 필지가 혼재될 수 있음
wirye_plan_area,1171010900105530036,1171010900105530036,553-36도,470.72384357665663,not_joined_to_building_register,미건축/공지 추정,건축물대장 조인 실패와 실제 미건축 필지가 혼재될 수 있음
wirye_plan_area,1171010900105530039,1171010900105530039,553-39 구,156.62648984147816,not_joined_to_building_register,미건축/공지 추정,건축물대장 조인 실패와 실제 미건축 필지가 혼재될 수 있음
wirye_plan_area,1171010900105530040,1171010900105530040,553-40 도,1253.4427999131265,not_joined_to_building_register,미건축/공지 추정,건축물대장 조인 실패와 실제 미건축 필지가 혼재될 수 있음
wirye_plan_area,1171010900105530041,1171010900105530041,553-41 구,28.415931311567153,not_joined_to_building_register,미건축/공지 추정,건축물대장 조인 실패와 실제 미건축 필지가 혼재될 수 있음
wirye_plan_area,1171010900105530042,1171010900105530042,553-42 도,149.9184688497566,not_joined_to_building_register,미건축/공지 추정,건축물대장 조인 실패와 실제 미건축 필지가 혼재될 수 있음
wirye_plan_area,1171010900105550010,1171010900105550010,555-10 답,31.453505930148527,not_joined_to_building_register,미건축/공지 추정,건축물대장 조인 실패와 실제 미건축 필지가 혼재될 수 있음
wirye_plan_area,1171010900105550011,1171010900105550011,555-11 도,850.4006048488427,not_joined_to_building_register,미건축/공지 추정,건축물대장 조인 실패와 실제 미건축 필지가 혼재될 수 있음
wirye_plan_area,1171010900105560012,1171010900105560012,556-12전,718.3559525149958,not_joined_to_building_register,미건축/공지 추정,건축물대장 조인 실패와 실제 미건축 필지가 혼재될 수 있음
wirye_plan_area,1171010900105560015,1171010900105560015,556-15 전,464.748209802105,not_joined_to_building_register,미건축/공지 추정,건축물대장 조인 실패와 실제 미건축 필지가 혼재될 수 있음
wirye_plan_area,1171010900105560016,1171010900105560016,556-16 도,135.6810216407647,not_joined_to_building_register,미건축/공지 추정,건축물대장 조인 실패와 실제 미건축 필지가 혼재될 수 있음
wirye_plan_area,1171010900105560017,1171010900105560017,556-17 전,1294.4379000821384,not_joined_to_building_register,미건축/공지 추정,건축물대장 조인 실패와 실제 미건축 필지가 혼재될 수 있음
wirye_plan_area,1171010900105560018,1171010900105560018,556-18 전,1014.6579863177199,not_joined_to_building_register,미건축/공지 추정,건축물대장 조인 실패와 실제 미건축 필지가 혼재될 수 있음
wirye_plan_area,1171010900105560019,1171010900105560019,556-19 전,201.89125371142364,not_joined_to_building_register,미건축/공지 추정,건축물대장 조인 실패와 실제 미건축 필지가 혼재될 수 있음
wirye_plan_area,1171010900105560020,1171010900105560020,556-20전,286.2688530231009,not_joined_to_building_register,미건축/공지 추정,건축물대장 조인 실패와 실제 미건축 필지가 혼재될 수 있음
wirye_plan_area,1171010900105560021,1171010900105560021,556-21도,174.5678795647855,not_joined_to_building_register,미건축/공지 추정,건축물대장 조인 실패와 실제 미건축 필지가 혼재될 수 있음
wirye_plan_area,1171010900105570010,1171010900105570010,557-10 전,54.862005322563135,not_joined_to_building_register,미건축/공지 추정,건축물대장 조인 실패와 실제 미건축 필지가 혼재될 수 있음
wirye_plan_area,1171010900105570011,1171010900105570011,557-11 전,344.14543997315707,not_joined_to_building_register,미건축/공지 추정,건축물대장 조인 실패와 실제 미건축 필지가 혼재될 수 있음
wirye_plan_area,1171010900105570012,1171010900105570012,557-12 전,11.032520500643063,not_joined_to_building_register,미건축/공지 추정,건축물대장 조인 실패와 실제 미건축 필지가 혼재될 수 있음
wirye_plan_area,1171010900105610033,1171010900105610033,561-33답,122.60581837023244,not_joined_to_building_register,미건축/공지 추정,건축물대장 조인 실패와 실제 미건축 필지가 혼재될 수 있음
wirye_plan_area,1171010900105600008,1171010900105600008,560-8 도,261.31979528562084,not_joined_to_building_register,미건축/공지 추정,건축물대장 조인 실패와 실제 미건축 필지가 혼재될 수 있음
wirye_plan_area,1171010900105600010,1171010900105600010,560-10 도,3.0177924583123503,not_joined_to_building_register,미건축/공지 추정,건축물대장 조인 실패와 실제 미건축 필지가 혼재될 수 있음
wirye_plan_area,1171010900105610017,1171010900105610017,561-17답,1891.220131740303,not_joined_to_building_register,미건축/공지 추정,건축물대장 조인 실패와 실제 미건축 필지가 혼재될 수 있음
wirye_plan_area,1171010900105610027,1171010900105610027,561-27 답,129.05764899005717,not_joined_to_building_register,미건축/공지 추정,건축물대장 조인 실패와 실제 미건축 필지가 혼재될 수 있음
wirye_plan_area,1171010900105610029,1171010900105610029,561-29 답,883.2975223437755,not_joined_to_building_register,미건축/공지 추정,건축물대장 조인 실패와 실제 미건축 필지가 혼재될 수 있음
wirye_plan_area,1171010900105610032,1171010900105610032,561-32답,101.78076782424452,not_joined_to_building_register,미건축/공지 추정,건축물대장 조인 실패와 실제 미건축 필지가 혼재될 수 있음
wirye_plan_area,1171010900105610047,1171010900105610047,561-47 답,49.78912006540486,not_joined_to_building_register,미건축/공지 추정,건축물대장 조인 실패와 실제 미건축 필지가 혼재될 수 있음
wirye_plan_area,1171010900105610055,1171010900105610055,561-55 답,24.224429873992754,not_joined_to_building_register,미건축/공지 추정,건축물대장 조인 실패와 실제 미건축 필지가 혼재될 수 있음
wirye_plan_area,1171010900105610056,1171010900105610056,561-56 답,527.1914857622813,not_joined_to_building_register,미건축/공지 추정,건축물대장 조인 실패와 실제 미건축 필지가 혼재될 수 있음
wirye_plan_area,1171010900105610058,1171010900105610058,561-58 전,2067.614975184561,not_joined_to_building_register,미건축/공지 추정,건축물대장 조인 실패와 실제 미건축 필지가 혼재될 수 있음
wirye_plan_area,1171010900105610068,1171010900105610068,561-68 도,1025.4955948618708,not_joined_to_building_register,미건축/공지 추정,건축물대장 조인 실패와 실제 미건축 필지가 혼재될 수 있음
wirye_plan_area,1171010900105610070,1171010900105610070,561-70답,12.226044848476162,not_joined_to_building_register,미건축/공지 추정,건축물대장 조인 실패와 실제 미건축 필지가 혼재될 수 있음
wirye_plan_area,1171010900105610072,1171010900105610072,561-72 도,90.81837212430601,not_joined_to_building_register,미건축/공지 추정,건축물대장 조인 실패와 실제 미건축 필지가 혼재될 수 있음
wirye_plan_area,1171010900105630002,1171010900105630002,563-2 전,1662.4281223209327,not_joined_to_building_register,미건축/공지 추정,건축물대장 조인 실패와 실제 미건축 필지가 혼재될 수 있음
wirye_plan_area,1171010900105630003,1171010900105630003,563-3 전,669.8302631020638,not_joined_to_building_register,미건축/공지 추정,건축물대장 조인 실패와 실제 미건축 필지가 혼재될 수 있음
wirye_plan_area,1171010900105650006,1171010900105650006,565-6답,780.2823562927622,not_joined_to_building_register,미건축/공지 추정,건축물대장 조인 실패와 실제 미건축 필지가 혼재될 수 있음
wirye_plan_area,1171010900105650008,1171010900105650008,565-8답,1461.655661579368,not_joined_to_building_register,미건축/공지 추정,건축물대장 조인 실패와 실제 미건축 필지가 혼재될 수 있음
wirye_plan_area,1171010900105660006,1171010900105660006,566-6 전,1195.7269042923376,not_joined_to_building_register,미건축/공지 추정,건축물대장 조인 실패와 실제 미건축 필지가 혼재될 수 있음
wirye_plan_area,1171010900105660008,1171010900105660008,566-8 답,49.953594005317896,not_joined_to_building_register,미건축/공지 추정,건축물대장 조인 실패와 실제 미건축 필지가 혼재될 수 있음
wirye_plan_area,1171010900105660009,1171010900105660009,566-9구,2156.691969211992,not_joined_to_building_register,미건축/공지 추정,건축물대장 조인 실패와 실제 미건축 필지가 혼재될 수 있음
wirye_plan_area,1171010900105660011,1171010900105660011,566-11답,1775.2621773200235,not_joined_to_building_register,미건축/공지 추정,건축물대장 조인 실패와 실제 미건축 필지가 혼재될 수 있음
wirye_plan_area,1171010900105660014,1171010900105660014,566-14 답,747.8908539750846,not_joined_to_building_register,미건축/공지 추정,건축물대장 조인 실패와 실제 미건축 필지가 혼재될 수 있음
wirye_plan_area,1171010900105660016,1171010900105660016,566-16답,345.74598021530767,not_joined_to_building_register,미건축/공지 추정,건축물대장 조인 실패와 실제 미건축 필지가 혼재될 수 있음
wirye_plan_area,1171010900105660018,1171010900105660018,566-18답,317.4036761447571,not_joined_to_building_register,미건축/공지 추정,건축물대장 조인 실패와 실제 미건축 필지가 혼재될 수 있음
wirye_plan_area,1171010900105660020,1171010900105660020,566-20답,361.6802860005507,not_joined_to_building_register,미건축/공지 추정,건축물대장 조인 실패와 실제 미건축 필지가 혼재될 수 있음
wirye_plan_area,1171010900105660021,1171010900105660021,566-21답,143.7003235015121,not_joined_to_building_register,미건축/공지 추정,건축물대장 조인 실패와 실제 미건축 필지가 혼재될 수 있음
wirye_plan_area,1171010900105660022,1171010900105660022,566-22답,88.51825245757873,not_joined_to_building_register,미건축/공지 추정,건축물대장 조인 실패와 실제 미건축 필지가 혼재될 수 있음
wirye_plan_area,1171010900105660023,1171010900105660023,566-23답,0.19731482694909588,not_joined_to_building_register,미건축/공지 추정,건축물대장 조인 실패와 실제 미건축 필지가 혼재될 수 있음
wirye_plan_area,1171010900105660024,1171010900105660024,566-24구,94.23990586375226,not_joined_to_building_register,미건축/공지 추정,건축물대장 조인 실패와 실제 미건축 필지가 혼재될 수 있음
wirye_plan_area,1171010900105660025,1171010900105660025,566-25답,200.52829020419642,not_joined_to_building_register,미건축/공지 추정,건축물대장 조인 실패와 실제 미건축 필지가 혼재될 수 있음
wirye_plan_area,1171010900105660026,1171010900105660026,566-26답,286.00437815700144,not_joined_to_building_register,미건축/공지 추정,건축물대장 조인 실패와 실제 미건축 필지가 혼재될 수 있음
wirye_plan_area,1171010900105810003,1171010900105810003,581-3 잡,13.423689622679142,not_joined_to_building_register,미건축/공지 추정,건축물대장 조인 실패와 실제 미건축 필지가 혼재될 수 있음
wirye_plan_area,1171010900105670005,1171010900105670005,567-5답,501.1202393644992,not_joined_to_building_register,미건축/공지 추정,건축물대장 조인 실패와 실제 미건축 필지가 혼재될 수 있음
wirye_plan_area,1171010900105670006,1171010900105670006,567-6답,295.16238319961985,not_joined_to_building_register,미건축/공지 추정,건축물대장 조인 실패와 실제 미건축 필지가 혼재될 수 있음
wirye_plan_area,1171010900105680006,1171010900105680006,568-6답,11.931612621163918,not_joined_to_building_register,미건축/공지 추정,건축물대장 조인 실패와 실제 미건축 필지가 혼재될 수 있음
wirye_plan_area,1171010900105680010,1171010900105680010,568-10 전,68.56033935746792,not_joined_to_building_register,미건축/공지 추정,건축물대장 조인 실패와 실제 미건축 필지가 혼재될 수 있음
wirye_plan_area,1171010900105680011,1171010900105680011,568-11답,20.208022492802172,not_joined_to_building_register,미건축/공지 추정,건축물대장 조인 실패와 실제 미건축 필지가 혼재될 수 있음
wirye_plan_area,1171010900105680012,1171010900105680012,568-12답,29.116221751336113,not_joined_to_building_register,미건축/공지 추정,건축물대장 조인 실패와 실제 미건축 필지가 혼재될 수 있음
wirye_plan_area,1171010900105680013,1171010900105680013,568-13구,13.758118735022586,not_joined_to_building_register,미건축/공지 추정,건축물대장 조인 실패와 실제 미건축 필지가 혼재될 수 있음
wirye_plan_area,1171010900105680014,1171010900105680014,568-14답,70.92838228709395,not_joined_to_building_register,미건축/공지 추정,건축물대장 조인 실패와 실제 미건축 필지가 혼재될 수 있음
wirye_plan_area,1171010900105680015,1171010900105680015,568-15 도,51.85820349435644,not_joined_to_building_register,미건축/공지 추정,건축물대장 조인 실패와 실제 미건축 필지가 혼재될 수 있음
wirye_plan_area,1171010900105840012,1171010900105840012,584-12수,104.44144431971955,not_joined_to_building_register,미건축/공지 추정,건축물대장 조인 실패와 실제 미건축 필지가 혼재될 수 있음
wirye_plan_area,1171010900105720000,1171010900105720000,572답,204.932039621919,not_joined_to_building_register,미건축/공지 추정,건축물대장 조인 실패와 실제 미건축 필지가 혼재될 수 있음
wirye_plan_area,1171010900105730005,1171010900105730005,573-5 답,487.7958013799052,not_joined_to_building_register,미건축/공지 추정,건축물대장 조인 실패와 실제 미건축 필지가 혼재될 수 있음
wirye_plan_area,1171010900105730006,1171010900105730006,573-6 답,566.5424764657774,not_joined_to_building_register,미건축/공지 추정,건축물대장 조인 실패와 실제 미건축 필지가 혼재될 수 있음
wirye_plan_area,1171010900105740005,1171010900105740005,574-5 전,620.0374376469674,not_joined_to_building_register,미건축/공지 추정,건축물대장 조인 실패와 실제 미건축 필지가 혼재될 수 있음
wirye_plan_area,1171010900105740006,1171010900105740006,574-6 답,44.098854806946996,not_joined_to_building_register,미건축/공지 추정,건축물대장 조인 실패와 실제 미건축 필지가 혼재될 수 있음
wirye_plan_area,1171010900105740007,1171010900105740007,574-7 답,312.07775755933216,not_joined_to_building_register,미건축/공지 추정,건축물대장 조인 실패와 실제 미건축 필지가 혼재될 수 있음
wirye_plan_area,1171010900105810009,1171010900105810009,581-9 전,144.216245251906,not_joined_to_building_register,미건축/공지 추정,건축물대장 조인 실패와 실제 미건축 필지가 혼재될 수 있음
wirye_plan_area,1171010900105840006,1171010900105840006,584-6수,965.8161724971444,not_joined_to_building_register,미건축/공지 추정,건축물대장 조인 실패와 실제 미건축 필지가 혼재될 수 있음
wirye_plan_area,1171010900105750001,1171010900105750001,575-1 전,1022.8835549428611,not_joined_to_building_register,미건축/공지 추정,건축물대장 조인 실패와 실제 미건축 필지가 혼재될 수 있음
wirye_plan_area,1171010900105750003,1171010900105750003,575-3 전,32.08609896858106,not_joined_to_building_register,미건축/공지 추정,건축물대장 조인 실패와 실제 미건축 필지가 혼재될 수 있음
wirye_plan_area,1171010900105760002,1171010900105760002,576-2답,294.6455351437917,not_joined_to_building_register,미건축/공지 추정,건축물대장 조인 실패와 실제 미건축 필지가 혼재될 수 있음
wirye_plan_area,1171010900105760003,1171010900105760003,576-3답,307.67140570427415,not_joined_to_building_register,미건축/공지 추정,건축물대장 조인 실패와 실제 미건축 필지가 혼재될 수 있음
wirye_plan_area,1171010900105760004,1171010900105760004,576-4답,145.37860505984818,not_joined_to_building_register,미건축/공지 추정,건축물대장 조인 실패와 실제 미건축 필지가 혼재될 수 있음
wirye_plan_area,1171010900105770002,1171010900105770002,577-2답,181.3027954604521,not_joined_to_building_register,미건축/공지 추정,건축물대장 조인 실패와 실제 미건축 필지가 혼재될 수 있음
wirye_plan_area,1171010900105770003,1171010900105770003,577-3답,305.1884689382535,not_joined_to_building_register,미건축/공지 추정,건축물대장 조인 실패와 실제 미건축 필지가 혼재될 수 있음
wirye_plan_area,1171010900105770004,1171010900105770004,577-4답,166.87790090607254,not_joined_to_building_register,미건축/공지 추정,건축물대장 조인 실패와 실제 미건축 필지가 혼재될 수 있음
wirye_plan_area,1171010900105780002,1171010900105780002,578-2도,89.93377238343389,not_joined_to_building_register,미건축/공지 추정,건축물대장 조인 실패와 실제 미건축 필지가 혼재될 수 있음
wirye_plan_area,1171010900105790001,1171010900105790001,579-1 도,715.2357710893959,not_joined_to_building_register,미건축/공지 추정,건축물대장 조인 실패와 실제 미건축 필지가 혼재될 수 있음
wirye_plan_area,1171010900105790002,1171010900105790002,579-2 도,35.74034067928672,not_joined_to_building_register,미건축/공지 추정,건축물대장 조인 실패와 실제 미건축 필지가 혼재될 수 있음
wirye_plan_area,1171010900105790005,1171010900105790005,579-5 차,5736.951863033169,not_joined_to_building_register,미건축/공지 추정,건축물대장 조인 실패와 실제 미건축 필지가 혼재될 수 있음
wirye_plan_area,1171010900105840017,1171010900105840017,584-17 수,40.364954500686565,not_joined_to_building_register,미건축/공지 추정,건축물대장 조인 실패와 실제 미건축 필지가 혼재될 수 있음
wirye_plan_area,1171010900105850001,1171010900105850001,585-1수,338.34059970247785,not_joined_to_building_register,미건축/공지 추정,건축물대장 조인 실패와 실제 미건축 필지가 혼재될 수 있음
wirye_plan_area,1171010900105850002,1171010900105850002,585-2 수,205.4691780028487,not_joined_to_building_register,미건축/공지 추정,건축물대장 조인 실패와 실제 미건축 필지가 혼재될 수 있음
wirye_plan_area,1171010900105860002,1171010900105860002,586-2 전,7539.285879727071,not_joined_to_building_register,미건축/공지 추정,건축물대장 조인 실패와 실제 미건축 필지가 혼재될 수 있음
wirye_plan_area,1171010900105860004,1171010900105860004,586-4 잡,1345.1128797162864,not_joined_to_building_register,미건축/공지 추정,건축물대장 조인 실패와 실제 미건축 필지가 혼재될 수 있음
wirye_plan_area,1171010900105860005,1171010900105860005,586-5 전,1427.3459494506901,not_joined_to_building_register,미건축/공지 추정,건축물대장 조인 실패와 실제 미건축 필지가 혼재될 수 있음
wirye_plan_area,1171010900105860010,1171010900105860010,586-10천,182.78293662759813,not_joined_to_building_register,미건축/공지 추정,건축물대장 조인 실패와 실제 미건축 필지가 혼재될 수 있음
wirye_plan_area,1171010900105860011,1171010900105860011,586-11천,14.08878497853682,not_joined_to_building_register,미건축/공지 추정,건축물대장 조인 실패와 실제 미건축 필지가 혼재될 수 있음
wirye_plan_area,1171010900105860012,1171010900105860012,586-12도,10.876659127053259,not_joined_to_building_register,미건축/공지 추정,건축물대장 조인 실패와 실제 미건축 필지가 혼재될 수 있음
wirye_plan_area,1171010900105860013,1171010900105860013,586-13답,184.37129538990203,not_joined_to_building_register,미건축/공지 추정,건축물대장 조인 실패와 실제 미건축 필지가 혼재될 수 있음
wirye_plan_area,1171010900105860014,1171010900105860014,586-14도,349.7648139816106,not_joined_to_building_register,미건축/공지 추정,건축물대장 조인 실패와 실제 미건축 필지가 혼재될 수 있음
wirye_plan_area,1171010900105860015,1171010900105860015,586-15천,47.893695926525126,not_joined_to_building_register,미건축/공지 추정,건축물대장 조인 실패와 실제 미건축 필지가 혼재될 수 있음
wirye_plan_area,1171010900105860016,1171010900105860016,586-16도,19.72951328342772,not_joined_to_building_register,미건축/공지 추정,건축물대장 조인 실패와 실제 미건축 필지가 혼재될 수 있음
wirye_plan_area,1171010900105860017,1171010900105860017,586-17천,31.836098131882586,not_joined_to_building_register,미건축/공지 추정,건축물대장 조인 실패와 실제 미건축 필지가 혼재될 수 있음
wirye_plan_area,1171010900105860018,1171010900105860018,586-18도,275.10495967917745,not_joined_to_building_register,미건축/공지 추정,건축물대장 조인 실패와 실제 미건축 필지가 혼재될 수 있음
wirye_plan_area,1171010900105860019,1171010900105860019,586-19수,73.3409392970478,not_joined_to_building_register,미건축/공지 추정,건축물대장 조인 실패와 실제 미건축 필지가 혼재될 수 있음
wirye_plan_area,1171010900105860020,1171010900105860020,586-20수,62.60064746234112,not_joined_to_building_register,미건축/공지 추정,건축물대장 조인 실패와 실제 미건축 필지가 혼재될 수 있음
wirye_plan_area,1171010900105860021,1171010900105860021,586-21수,89.25944774659628,not_joined_to_building_register,미건축/공지 추정,건축물대장 조인 실패와 실제 미건축 필지가 혼재될 수 있음
wirye_plan_area,1171010900105860022,1171010900105860022,586-22수,542.3532154254358,not_joined_to_building_register,미건축/공지 추정,건축물대장 조인 실패와 실제 미건축 필지가 혼재될 수 있음
wirye_plan_area,1171010900105860023,1171010900105860023,586-23 잡,12.55966903414873,not_joined_to_building_register,미건축/공지 추정,건축물대장 조인 실패와 실제 미건축 필지가 혼재될 수 있음
wirye_plan_area,1171010900105920015,1171010900105920015,592-15 답,2245.182999718273,not_joined_to_building_register,미건축/공지 추정,건축물대장 조인 실패와 실제 미건축 필지가 혼재될 수 있음
wirye_plan_area,1171010900105870000,1171010900105870000,587답,1352.1821887735207,not_joined_to_building_register,미건축/공지 추정,건축물대장 조인 실패와 실제 미건축 필지가 혼재될 수 있음
wirye_plan_area,1171010900105870002,1171010900105870002,587-2 답,7.871509926175402,not_joined_to_building_register,미건축/공지 추정,건축물대장 조인 실패와 실제 미건축 필지가 혼재될 수 있음
wirye_plan_area,1171010900105870003,1171010900105870003,587-3답,152.47547066263203,not_joined_to_building_register,미건축/공지 추정,건축물대장 조인 실패와 실제 미건축 필지가 혼재될 수 있음
wirye_plan_area,1171010900105880003,1171010900105880003,588-3전,1422.118174322145,not_joined_to_building_register,미건축/공지 추정,건축물대장 조인 실패와 실제 미건축 필지가 혼재될 수 있음
wirye_plan_area,1171010900105880004,1171010900105880004,588-4답,21.375619764805915,not_joined_to_building_register,미건축/공지 추정,건축물대장 조인 실패와 실제 미건축 필지가 혼재될 수 있음
wirye_plan_area,1171010900105910001,1171010900105910001,591-1전,845.9472586543496,not_joined_to_building_register,미건축/공지 추정,건축물대장 조인 실패와 실제 미건축 필지가 혼재될 수 있음
wirye_plan_area,1171010900105910002,1171010900105910002,591-2 답,2869.69897533401,not_joined_to_building_register,미건축/공지 추정,건축물대장 조인 실패와 실제 미건축 필지가 혼재될 수 있음
wirye_plan_area,1171010900105910003,1171010900105910003,591-3수,2352.3313077093894,not_joined_to_building_register,미건축/공지 추정,건축물대장 조인 실패와 실제 미건축 필지가 혼재될 수 있음
wirye_plan_area,1171010900105910004,1171010900105910004,591-4답,25.550987061651426,not_joined_to_building_register,미건축/공지 추정,건축물대장 조인 실패와 실제 미건축 필지가 혼재될 수 있음
wirye_plan_area,1171010900105910005,1171010900105910005,591-5 답,59.23161242222926,not_joined_to_building_register,미건축/공지 추정,건축물대장 조인 실패와 실제 미건축 필지가 혼재될 수 있음
wirye_plan_area,1171010900105920001,1171010900105920001,592-1답,1329.7464809206451,not_joined_to_building_register,미건축/공지 추정,건축물대장 조인 실패와 실제 미건축 필지가 혼재될 수 있음
wirye_plan_area,1171010900105920002,1171010900105920002,592-2구,41.99296276362857,not_joined_to_building_register,미건축/공지 추정,건축물대장 조인 실패와 실제 미건축 필지가 혼재될 수 있음
wirye_plan_area,1171010900105920003,1171010900105920003,592-3답,801.6613460788913,not_joined_to_building_register,미건축/공지 추정,건축물대장 조인 실패와 실제 미건축 필지가 혼재될 수 있음
wirye_plan_area,1171010900105920004,1171010900105920004,592-4답,4.764275373028949,not_joined_to_building_register,미건축/공지 추정,건축물대장 조인 실패와 실제 미건축 필지가 혼재될 수 있음
wirye_plan_area,1171010900105920005,1171010900105920005,592-5 전,697.1300140158802,not_joined_to_building_register,미건축/공지 추정,건축물대장 조인 실패와 실제 미건축 필지가 혼재될 수 있음
wirye_plan_area,1171010900105920006,1171010900105920006,592-6답,82.42384426474317,not_joined_to_building_register,미건축/공지 추정,건축물대장 조인 실패와 실제 미건축 필지가 혼재될 수 있음
wirye_plan_area,1171010900105920007,1171010900105920007,592-7답,453.0477916256424,not_joined_to_building_register,미건축/공지 추정,건축물대장 조인 실패와 실제 미건축 필지가 혼재될 수 있음
wirye_plan_area,1171010900105920009,1171010900105920009,592-9답,9.720006148156994,not_joined_to_building_register,미건축/공지 추정,건축물대장 조인 실패와 실제 미건축 필지가 혼재될 수 있음
wirye_plan_area,1171010900105920010,1171010900105920010,592-10구,328.1342187088391,not_joined_to_building_register,미건축/공지 추정,건축물대장 조인 실패와 실제 미건축 필지가 혼재될 수 있음
wirye_plan_area,1171010900105920011,1171010900105920011,592-11 답,38.90738319082705,not_joined_to_building_register,미건축/공지 추정,건축물대장 조인 실패와 실제 미건축 필지가 혼재될 수 있음
wirye_plan_area,1171010900105920012,1171010900105920012,592-12답,270.40832085276867,not_joined_to_building_register,미건축/공지 추정,건축물대장 조인 실패와 실제 미건축 필지가 혼재될 수 있음
wirye_plan_area,1171010900105920013,1171010900105920013,592-13구,216.39498593272697,not_joined_to_building_register,미건축/공지 추정,건축물대장 조인 실패와 실제 미건축 필지가 혼재될 수 있음
wirye_plan_area,1171010900105920014,1171010900105920014,592-14답,281.9470861147999,not_joined_to_building_register,미건축/공지 추정,건축물대장 조인 실패와 실제 미건축 필지가 혼재될 수 있음
wirye_plan_area,1171010900105920016,1171010900105920016,592-16 전,816.5692465438065,not_joined_to_building_register,미건축/공지 추정,건축물대장 조인 실패와 실제 미건축 필지가 혼재될 수 있음
wirye_plan_area,1171010900105920017,1171010900105920017,592-17답,725.9045241966326,not_joined_to_building_register,미건축/공지 추정,건축물대장 조인 실패와 실제 미건축 필지가 혼재될 수 있음
wirye_plan_area,1171010900105920018,1171010900105920018,592-18답,123.98425855554504,not_joined_to_building_register,미건축/공지 추정,건축물대장 조인 실패와 실제 미건축 필지가 혼재될 수 있음
wirye_plan_area,1171010900105920019,1171010900105920019,592-19답,181.1295085396358,not_joined_to_building_register,미건축/공지 추정,건축물대장 조인 실패와 실제 미건축 필지가 혼재될 수 있음
wirye_plan_area,1171010900105920020,1171010900105920020,592-20답,266.2345443686521,not_joined_to_building_register,미건축/공지 추정,건축물대장 조인 실패와 실제 미건축 필지가 혼재될 수 있음
wirye_plan_area,1171010900105920021,1171010900105920021,592-21답,1492.516307645893,not_joined_to_building_register,미건축/공지 추정,건축물대장 조인 실패와 실제 미건축 필지가 혼재될 수 있음
wirye_plan_area,1171010900105920022,1171010900105920022,592-22 답,0.051130678412658434,not_joined_to_building_register,미건축/공지 추정,건축물대장 조인 실패와 실제 미건축 필지가 혼재될 수 있음
wirye_plan_area,1171010900105920024,1171010900105920024,592-24답,699.1574322924389,not_joined_to_building_register,미건축/공지 추정,건축물대장 조인 실패와 실제 미건축 필지가 혼재될 수 있음
wirye_plan_area,1171010900105920025,1171010900105920025,592-25답,699.518555005005,not_joined_to_building_register,미건축/공지 추정,건축물대장 조인 실패와 실제 미건축 필지가 혼재될 수 있음
wirye_plan_area,1171010900105920026,1171010900105920026,592-26답,731.8600896776146,not_joined_to_building_register,미건축/공지 추정,건축물대장 조인 실패와 실제 미건축 필지가 혼재될 수 있음
wirye_plan_area,1171010900105920027,1171010900105920027,592-27 전,748.8363649433591,not_joined_to_building_register,미건축/공지 추정,건축물대장 조인 실패와 실제 미건축 필지가 혼재될 수 있음
wirye_plan_area,1171010900105920032,1171010900105920032,592-32답,355.3256808713457,not_joined_to_building_register,미건축/공지 추정,건축물대장 조인 실패와 실제 미건축 필지가 혼재될 수 있음
wirye_plan_area,1171010900105920035,1171010900105920035,592-35답,15.763284472279754,not_joined_to_building_register,미건축/공지 추정,건축물대장 조인 실패와 실제 미건축 필지가 혼재될 수 있음
wirye_plan_area,1171010900105920036,1171010900105920036,592-36 답,135.69835553802903,not_joined_to_building_register,미건축/공지 추정,건축물대장 조인 실패와 실제 미건축 필지가 혼재될 수 있음
wirye_plan_area,1171010900105930001,1171010900105930001,593-1 전,271.424627319689,not_joined_to_building_register,미건축/공지 추정,건축물대장 조인 실패와 실제 미건축 필지가 혼재될 수 있음
wirye_plan_area,1171010900105930002,1171010900105930002,593-2구,536.6772523413333,not_joined_to_building_register,미건축/공지 추정,건축물대장 조인 실패와 실제 미건축 필지가 혼재될 수 있음
wirye_plan_area,1171010900105940002,1171010900105940002,594-2답,335.381435013718,not_joined_to_building_register,미건축/공지 추정,건축물대장 조인 실패와 실제 미건축 필지가 혼재될 수 있음
wirye_plan_area,1171010900105950004,1171010900105950004,595-4답,10.158124611148706,not_joined_to_building_register,미건축/공지 추정,건축물대장 조인 실패와 실제 미건축 필지가 혼재될 수 있음
wirye_plan_area,1171010900105950005,1171010900105950005,595-5답,2120.101819163173,not_joined_to_building_register,미건축/공지 추정,건축물대장 조인 실패와 실제 미건축 필지가 혼재될 수 있음
wirye_plan_area,1171010900105950006,1171010900105950006,595-6답,574.9473997522749,not_joined_to_building_register,미건축/공지 추정,건축물대장 조인 실패와 실제 미건축 필지가 혼재될 수 있음
wirye_plan_area,1171010900105950007,1171010900105950007,595-7답,30.315367387524322,not_joined_to_building_register,미건축/공지 추정,건축물대장 조인 실패와 실제 미건축 필지가 혼재될 수 있음
wirye_plan_area,1171010900105950008,1171010900105950008,595-8답,1312.368077239022,not_joined_to_building_register,미건축/공지 추정,건축물대장 조인 실패와 실제 미건축 필지가 혼재될 수 있음
wirye_plan_area,1171010900105960006,1171010900105960006,596-6구,32.02524736147994,not_joined_to_building_register,미건축/공지 추정,건축물대장 조인 실패와 실제 미건축 필지가 혼재될 수 있음
wirye_plan_area,1171010900105960012,1171010900105960012,596-12답,139.75800295855115,not_joined_to_building_register,미건축/공지 추정,건축물대장 조인 실패와 실제 미건축 필지가 혼재될 수 있음
wirye_plan_area,1171010900105960013,1171010900105960013,596-13답,162.11115441778875,not_joined_to_building_register,미건축/공지 추정,건축물대장 조인 실패와 실제 미건축 필지가 혼재될 수 있음
wirye_plan_area,1171010900105960014,1171010900105960014,596-14답,523.9957187482644,not_joined_to_building_register,미건축/공지 추정,건축물대장 조인 실패와 실제 미건축 필지가 혼재될 수 있음
wirye_plan_area,1171010900105970005,1171010900105970005,597-5 답,64.96418401960318,not_joined_to_building_register,미건축/공지 추정,건축물대장 조인 실패와 실제 미건축 필지가 혼재될 수 있음
wirye_plan_area,1171010900105980001,1171010900105980001,598-1 답,1182.0439758465336,not_joined_to_building_register,미건축/공지 추정,건축물대장 조인 실패와 실제 미건축 필지가 혼재될 수 있음
wirye_plan_area,1171010900105980002,1171010900105980002,598-2 답,96.43465634532575,not_joined_to_building_register,미건축/공지 추정,건축물대장 조인 실패와 실제 미건축 필지가 혼재될 수 있음
wirye_plan_area,1171010900105980004,1171010900105980004,598-4 답,135.13931228659794,not_joined_to_building_register,미건축/공지 추정,건축물대장 조인 실패와 실제 미건축 필지가 혼재될 수 있음
wirye_plan_area,1171010900106000002,1171010900106000002,600-2 차,18033.355264100333,not_joined_to_building_register,미건축/공지 추정,건축물대장 조인 실패와 실제 미건축 필지가 혼재될 수 있음
wirye_plan_area,1171010900106000005,1171010900106000005,600-5대,7.395641521615953,not_joined_to_building_register,미건축/공지 추정,건축물대장 조인 실패와 실제 미건축 필지가 혼재될 수 있음
wirye_plan_area,1171010900106000008,1171010900106000008,600-8 답,347.14690359028526,not_joined_to_building_register,미건축/공지 추정,건축물대장 조인 실패와 실제 미건축 필지가 혼재될 수 있음
wirye_plan_area,1171010900106000016,1171010900106000016,600-16 답,56.462914791351054,not_joined_to_building_register,미건축/공지 추정,건축물대장 조인 실패와 실제 미건축 필지가 혼재될 수 있음
wirye_plan_area,1171010900106000026,1171010900106000026,600-26 답,166.0221180292331,not_joined_to_building_register,미건축/공지 추정,건축물대장 조인 실패와 실제 미건축 필지가 혼재될 수 있음
wirye_plan_area,1171010900106000031,1171010900106000031,600-31도,313.77810192919776,not_joined_to_building_register,미건축/공지 추정,건축물대장 조인 실패와 실제 미건축 필지가 혼재될 수 있음
wirye_plan_area,1171010900106000035,1171010900106000035,600-35답,558.8283283569109,not_joined_to_building_register,미건축/공지 추정,건축물대장 조인 실패와 실제 미건축 필지가 혼재될 수 있음
wirye_plan_area,1171010900106000036,1171010900106000036,600-36답,17.939251903673398,not_joined_to_building_register,미건축/공지 추정,건축물대장 조인 실패와 실제 미건축 필지가 혼재될 수 있음
wirye_plan_area,1171010900106000037,1171010900106000037,600-37답,9.574270477755741,not_joined_to_building_register,미건축/공지 추정,건축물대장 조인 실패와 실제 미건축 필지가 혼재될 수 있음
wirye_plan_area,1171010900106010002,1171010900106010002,601-2전,608.1488603080027,not_joined_to_building_register,미건축/공지 추정,건축물대장 조인 실패와 실제 미건축 필지가 혼재될 수 있음
wirye_plan_area,1171010900106010003,1171010900106010003,601-3 잡,80.9138432947388,not_joined_to_building_register,미건축/공지 추정,건축물대장 조인 실패와 실제 미건축 필지가 혼재될 수 있음
wirye_plan_area,1171010900106010006,1171010900106010006,601-6 답,211.79305027682958,not_joined_to_building_register,미건축/공지 추정,건축물대장 조인 실패와 실제 미건축 필지가 혼재될 수 있음
wirye_plan_area,1171010900106020006,1171010900106020006,602-6 답,132.98241092289658,not_joined_to_building_register,미건축/공지 추정,건축물대장 조인 실패와 실제 미건축 필지가 혼재될 수 있음
wirye_plan_area,1171010900106020007,1171010900106020007,602-7 전,712.4983604773732,not_joined_to_building_register,미건축/공지 추정,건축물대장 조인 실패와 실제 미건축 필지가 혼재될 수 있음
wirye_plan_area,1171010900106020009,1171010900106020009,602-9 답,318.5184816935551,not_joined_to_building_register,미건축/공지 추정,건축물대장 조인 실패와 실제 미건축 필지가 혼재될 수 있음
wirye_plan_area,1171010900106020010,1171010900106020010,602-10답,38.45321188204543,not_joined_to_building_register,미건축/공지 추정,건축물대장 조인 실패와 실제 미건축 필지가 혼재될 수 있음
wirye_plan_area,1171010900106020014,1171010900106020014,602-14 답,353.07152867054174,not_joined_to_building_register,미건축/공지 추정,건축물대장 조인 실패와 실제 미건축 필지가 혼재될 수 있음
wirye_plan_area,1171010900106020018,1171010900106020018,602-18 답,68.567611243985,not_joined_to_building_register,미건축/공지 추정,건축물대장 조인 실패와 실제 미건축 필지가 혼재될 수 있음
wirye_plan_area,1171010900106020021,1171010900106020021,602-21 답,0.7825384092536531,not_joined_to_building_register,미건축/공지 추정,건축물대장 조인 실패와 실제 미건축 필지가 혼재될 수 있음
wirye_plan_area,1171010900106020029,1171010900106020029,602-29도,194.14303208356216,not_joined_to_building_register,미건축/공지 추정,건축물대장 조인 실패와 실제 미건축 필지가 혼재될 수 있음
wirye_plan_area,1171010900106020045,1171010900106020045,602-45 답,42.94542302665464,not_joined_to_building_register,미건축/공지 추정,건축물대장 조인 실패와 실제 미건축 필지가 혼재될 수 있음
wirye_plan_area,1171010900108780001,1171010900108780001,878-1 공,7656.1487500306675,not_joined_to_building_register,미건축/공지 추정,건축물대장 조인 실패와 실제 미건축 필지가 혼재될 수 있음
wirye_plan_area,1171010900108800002,1171010900108800002,880-2 대,1065.877750253616,not_joined_to_building_register,미건축/공지 추정,건축물대장 조인 실패와 실제 미건축 필지가 혼재될 수 있음
wirye_plan_area,1171010900108800003,1171010900108800003,880-3 도,203.88981958015955,not_joined_to_building_register,미건축/공지 추정,건축물대장 조인 실패와 실제 미건축 필지가 혼재될 수 있음
wirye_plan_area,1171010900108810001,1171010900108810001,881-1 도,179.93500507872554,not_joined_to_building_register,미건축/공지 추정,건축물대장 조인 실패와 실제 미건축 필지가 혼재될 수 있음
wirye_plan_area,1171010900108810002,1171010900108810002,881-2 공,1199.4415031433605,not_joined_to_building_register,미건축/공지 추정,건축물대장 조인 실패와 실제 미건축 필지가 혼재될 수 있음
wirye_plan_area,1171010900108810003,1171010900108810003,881-3 도,680.1697570051879,not_joined_to_building_register,미건축/공지 추정,건축물대장 조인 실패와 실제 미건축 필지가 혼재될 수 있음
wirye_plan_area,1171010900108810004,1171010900108810004,881-4 도,2655.785728142857,not_joined_to_building_register,미건축/공지 추정,건축물대장 조인 실패와 실제 미건축 필지가 혼재될 수 있음
wirye_plan_area,1171010900108820002,1171010900108820002,882-2 공,2099.972016150872,not_joined_to_building_register,미건축/공지 추정,건축물대장 조인 실패와 실제 미건축 필지가 혼재될 수 있음
wirye_plan_area,1171010900108820003,1171010900108820003,882-3 도,685.1106638134816,not_joined_to_building_register,미건축/공지 추정,건축물대장 조인 실패와 실제 미건축 필지가 혼재될 수 있음
wirye_plan_area,1171010900108830001,1171010900108830001,883-1 도,1571.1972261317164,not_joined_to_building_register,미건축/공지 추정,건축물대장 조인 실패와 실제 미건축 필지가 혼재될 수 있음
wirye_plan_area,1171010900108840001,1171010900108840001,884-1 도,1571.1972265111158,not_joined_to_building_register,미건축/공지 추정,건축물대장 조인 실패와 실제 미건축 필지가 혼재될 수 있음
wirye_plan_area,1171010900108850001,1171010900108850001,885-1 공,7602.000848248695,not_joined_to_building_register,미건축/공지 추정,건축물대장 조인 실패와 실제 미건축 필지가 혼재될 수 있음
wirye_plan_area,1171010900108850002,1171010900108850002,885-2 도,198.80145260705078,not_joined_to_building_register,미건축/공지 추정,건축물대장 조인 실패와 실제 미건축 필지가 혼재될 수 있음
wirye_plan_area,1171010900108880000,1171010900108880000,888 공,12204.492212297178,not_joined_to_building_register,미건축/공지 추정,건축물대장 조인 실패와 실제 미건축 필지가 혼재될 수 있음
wirye_plan_area,1171010900108900000,1171010900108900000,890 종,2029.9296086008726,not_joined_to_building_register,미건축/공지 추정,건축물대장 조인 실패와 실제 미건축 필지가 혼재될 수 있음
wirye_plan_area,1171010900108910000,1171010900108910000,891 대,2946.9028620417093,not_joined_to_building_register,미건축/공지 추정,건축물대장 조인 실패와 실제 미건축 필지가 혼재될 수 있음
wirye_plan_area,1171010900108920001,1171010900108920001,892-1 도,239.87379217138823,not_joined_to_building_register,미건축/공지 추정,건축물대장 조인 실패와 실제 미건축 필지가 혼재될 수 있음
wirye_plan_area,1171010900108920002,1171010900108920002,892-2 공,1200.0987500945641,not_joined_to_building_register,미건축/공지 추정,건축물대장 조인 실패와 실제 미건축 필지가 혼재될 수 있음
wirye_plan_area,1171010900108920003,1171010900108920003,892-3 도,685.0791832426537,not_joined_to_building_register,미건축/공지 추정,건축물대장 조인 실패와 실제 미건축 필지가 혼재될 수 있음
wirye_plan_area,1171010900108930000,1171010900108930000,893 대,5590.173190920691,not_joined_to_building_register,미건축/공지 추정,건축물대장 조인 실패와 실제 미건축 필지가 혼재될 수 있음
wirye_plan_area,1171010900108930001,1171010900108930001,893-1 도,239.87379210554258,not_joined_to_building_register,미건축/공지 추정,건축물대장 조인 실패와 실제 미건축 필지가 혼재될 수 있음
wirye_plan_area,1171010900108930002,1171010900108930002,893-2 공,1200.0126507572504,not_joined_to_building_register,미건축/공지 추정,건축물대장 조인 실패와 실제 미건축 필지가 혼재될 수 있음
wirye_plan_area,1171010900108930003,1171010900108930003,893-3 도,665.0855536198364,not_joined_to_building_register,미건축/공지 추정,건축물대장 조인 실패와 실제 미건축 필지가 혼재될 수 있음
wirye_plan_area,1171010900108940001,1171010900108940001,894-1 도,1388.4595228176424,not_joined_to_building_register,미건축/공지 추정,건축물대장 조인 실패와 실제 미건축 필지가 혼재될 수 있음
wirye_plan_area,1171010900108950001,1171010900108950001,895-1 도,1388.2057272752093,not_joined_to_building_register,미건축/공지 추정,건축물대장 조인 실패와 실제 미건축 필지가 혼재될 수 있음
wirye_plan_area,1171010900108960001,1171010900108960001,896-1 도,3606.7376669357077,not_joined_to_building_register,미건축/공지 추정,건축물대장 조인 실패와 실제 미건축 필지가 혼재될 수 있음
wirye_plan_area,1171010900108960002,1171010900108960002,896-2 도,599.7205576920082,not_joined_to_building_register,미건축/공지 추정,건축물대장 조인 실패와 실제 미건축 필지가 혼재될 수 있음
wirye_plan_area,1171010900108970001,1171010900108970001,897-1 도,3996.8623398316513,not_joined_to_building_register,미건축/공지 추정,건축물대장 조인 실패와 실제 미건축 필지가 혼재될 수 있음
wirye_plan_area,1171010900108970002,1171010900108970002,897-2 도,599.7265575323614,not_joined_to_building_register,미건축/공지 추정,건축물대장 조인 실패와 실제 미건축 필지가 혼재될 수 있음
wirye_plan_area,1171010900108980001,1171010900108980001,898-1 공,776.6156053644388,not_joined_to_building_register,미건축/공지 추정,건축물대장 조인 실패와 실제 미건축 필지가 혼재될 수 있음
wirye_plan_area,1171010900108980002,1171010900108980002,898-2 공,2052.040935635119,not_joined_to_building_register,미건축/공지 추정,건축물대장 조인 실패와 실제 미건축 필지가 혼재될 수 있음
wirye_plan_area,1171010900108980003,1171010900108980003,898-3 공,890.4143754242019,not_joined_to_building_register,미건축/공지 추정,건축물대장 조인 실패와 실제 미건축 필지가 혼재될 수 있음
wirye_plan_area,1171010900108980004,1171010900108980004,898-4 도,2172.152103719495,not_joined_to_building_register,미건축/공지 추정,건축물대장 조인 실패와 실제 미건축 필지가 혼재될 수 있음
wirye_plan_area,1171010900108990001,1171010900108990001,899-1 공,909.8646630809544,not_joined_to_building_register,미건축/공지 추정,건축물대장 조인 실패와 실제 미건축 필지가 혼재될 수 있음
wirye_plan_area,1171010900109010001,1171010900109010001,901-1 공,5257.725722945712,not_joined_to_building_register,미건축/공지 추정,건축물대장 조인 실패와 실제 미건축 필지가 혼재될 수 있음
wirye_plan_area,1171010900109010002,1171010900109010002,901-2 공,3543.453974784746,not_joined_to_building_register,미건축/공지 추정,건축물대장 조인 실패와 실제 미건축 필지가 혼재될 수 있음
wirye_plan_area,1171010900109040004,1171010900109040004,904-4 대,1509.7967040412677,not_joined_to_building_register,미건축/공지 추정,건축물대장 조인 실패와 실제 미건축 필지가 혼재될 수 있음
wirye_plan_area,1171010900109050001,1171010900109050001,905-1 공,1290.9311798383856,not_joined_to_building_register,미건축/공지 추정,건축물대장 조인 실패와 실제 미건축 필지가 혼재될 수 있음
wirye_plan_area,1171010900109050002,1171010900109050002,905-2 공,953.1224157817837,not_joined_to_building_register,미건축/공지 추정,건축물대장 조인 실패와 실제 미건축 필지가 혼재될 수 있음
wirye_plan_area,1171010900109050003,1171010900109050003,905-3 공,6433.202341739748,not_joined_to_building_register,미건축/공지 추정,건축물대장 조인 실패와 실제 미건축 필지가 혼재될 수 있음
wirye_plan_area,1171010900109050004,1171010900109050004,905-4 공,1862.1913920741258,not_joined_to_building_register,미건축/공지 추정,건축물대장 조인 실패와 실제 미건축 필지가 혼재될 수 있음
wirye_plan_area,1171010900109060000,1171010900109060000,906 잡,2972.420118226686,not_joined_to_building_register,미건축/공지 추정,건축물대장 조인 실패와 실제 미건축 필지가 혼재될 수 있음
wirye_plan_area,1171010900109340015,1171010900109340015,934-15 전,11.436053443300473,not_joined_to_building_register,미건축/공지 추정,건축물대장 조인 실패와 실제 미건축 필지가 혼재될 수 있음
wirye_plan_area,1171010900109340016,1171010900109340016,934-16 전,225.15548386012713,not_joined_to_building_register,미건축/공지 추정,건축물대장 조인 실패와 실제 미건축 필지가 혼재될 수 있음
wirye_plan_area,1171010900109340017,1171010900109340017,934-17 전,55.51285321808471,not_joined_to_building_register,미건축/공지 추정,건축물대장 조인 실패와 실제 미건축 필지가 혼재될 수 있음
wirye_plan_area,1171010900109170000,1171010900109170000,917 도,12658.293945023614,not_joined_to_building_register,미건축/공지 추정,건축물대장 조인 실패와 실제 미건축 필지가 혼재될 수 있음
wirye_plan_area,1171010900109170001,1171010900109170001,917-1 도,26370.817145298428,not_joined_to_building_register,미건축/공지 추정,건축물대장 조인 실패와 실제 미건축 필지가 혼재될 수 있음
wirye_plan_area,1171010900109170002,1171010900109170002,917-2 도,12842.308977109362,not_joined_to_building_register,미건축/공지 추정,건축물대장 조인 실패와 실제 미건축 필지가 혼재될 수 있음
wirye_plan_area,1171010900109170003,1171010900109170003,917-3 도,11043.285928060977,not_joined_to_building_register,미건축/공지 추정,건축물대장 조인 실패와 실제 미건축 필지가 혼재될 수 있음
wirye_plan_area,1171010900109170004,1171010900109170004,917-4 도,11133.209039456602,not_joined_to_building_register,미건축/공지 추정,건축물대장 조인 실패와 실제 미건축 필지가 혼재될 수 있음
wirye_plan_area,1171010900109170005,1171010900109170005,917-5 도,10475.696943924773,not_joined_to_building_register,미건축/공지 추정,건축물대장 조인 실패와 실제 미건축 필지가 혼재될 수 있음
wirye_plan_area,1171010900109170006,1171010900109170006,917-6 도,11526.31547565417,not_joined_to_building_register,미건축/공지 추정,건축물대장 조인 실패와 실제 미건축 필지가 혼재될 수 있음
wirye_plan_area,1171010900109170007,1171010900109170007,917-7 도,1935.2931837807967,not_joined_to_building_register,미건축/공지 추정,건축물대장 조인 실패와 실제 미건축 필지가 혼재될 수 있음
wirye_plan_area,1171010900109170008,1171010900109170008,917-8 도,2068.2013936290646,not_joined_to_building_register,미건축/공지 추정,건축물대장 조인 실패와 실제 미건축 필지가 혼재될 수 있음
wirye_plan_area,1171010900109340018,1171010900109340018,934-18 전,71.1915994649646,not_joined_to_building_register,미건축/공지 추정,건축물대장 조인 실패와 실제 미건축 필지가 혼재될 수 있음
wirye_plan_area,1171010900109360007,1171010900109360007,936-7 전,798.605505443617,not_joined_to_building_register,미건축/공지 추정,건축물대장 조인 실패와 실제 미건축 필지가 혼재될 수 있음
wirye_plan_area,1171010900109410013,1171010900109410013,941-13 전,1489.0741124529036,not_joined_to_building_register,미건축/공지 추정,건축물대장 조인 실패와 실제 미건축 필지가 혼재될 수 있음
wirye_plan_area,1171010900109170009,1171010900109170009,917-9 도,13434.932447329636,not_joined_to_building_register,미건축/공지 추정,건축물대장 조인 실패와 실제 미건축 필지가 혼재될 수 있음
wirye_plan_area,1171010900109170010,1171010900109170010,917-10 도,13057.631620572423,not_joined_to_building_register,미건축/공지 추정,건축물대장 조인 실패와 실제 미건축 필지가 혼재될 수 있음
wirye_plan_area,1171010900109170011,1171010900109170011,917-11 도,133.84439631420997,not_joined_to_building_register,미건축/공지 추정,건축물대장 조인 실패와 실제 미건축 필지가 혼재될 수 있음
wirye_plan_area,1171010900109170012,1171010900109170012,917-12 도,18496.06661918811,not_joined_to_building_register,미건축/공지 추정,건축물대장 조인 실패와 실제 미건축 필지가 혼재될 수 있음
wirye_plan_area,1171010900109170018,1171010900109170018,917-18 도,191.9542116788847,not_joined_to_building_register,미건축/공지 추정,건축물대장 조인 실패와 실제 미건축 필지가 혼재될 수 있음
wirye_plan_area,1171010900109170019,1171010900109170019,917-19 도,215.97702636971422,not_joined_to_building_register,미건축/공지 추정,건축물대장 조인 실패와 실제 미건축 필지가 혼재될 수 있음
wirye_plan_area,1171010900109170020,1171010900109170020,917-20 도,2492.530567521805,not_joined_to_building_register,미건축/공지 추정,건축물대장 조인 실패와 실제 미건축 필지가 혼재될 수 있음
wirye_plan_area,1171010900109170021,1171010900109170021,917-21 도,159.99472743654286,not_joined_to_building_register,미건축/공지 추정,건축물대장 조인 실패와 실제 미건축 필지가 혼재될 수 있음
wirye_plan_area,1171010900109170022,1171010900109170022,917-22 도,1111.8521238569142,not_joined_to_building_register,미건축/공지 추정,건축물대장 조인 실패와 실제 미건축 필지가 혼재될 수 있음
wirye_plan_area,1171010900109170031,1171010900109170031,917-31 도,7640.062551510075,not_joined_to_building_register,미건축/공지 추정,건축물대장 조인 실패와 실제 미건축 필지가 혼재될 수 있음
wirye_plan_area,1171010900109270000,1171010900109270000,927 도,24.00148836032843,not_joined_to_building_register,미건축/공지 추정,건축물대장 조인 실패와 실제 미건축 필지가 혼재될 수 있음
wirye_plan_area,1171010900109280000,1171010900109280000,928 도,84.81885943001011,not_joined_to_building_register,미건축/공지 추정,건축물대장 조인 실패와 실제 미건축 필지가 혼재될 수 있음
wirye_plan_area,1171010900109280004,1171010900109280004,928-4 도,145.8981973266845,not_joined_to_building_register,미건축/공지 추정,건축물대장 조인 실패와 실제 미건축 필지가 혼재될 수 있음
wirye_plan_area,1171010900109280005,1171010900109280005,928-5 도,94.73175904633304,not_joined_to_building_register,미건축/공지 추정,건축물대장 조인 실패와 실제 미건축 필지가 혼재될 수 있음
wirye_plan_area,1171010900109340000,1171010900109340000,934 창,307.80785908439043,not_joined_to_building_register,미건축/공지 추정,건축물대장 조인 실패와 실제 미건축 필지가 혼재될 수 있음
wirye_plan_area,1171010900109340001,1171010900109340001,934-1 전,188.03121119803382,not_joined_to_building_register,미건축/공지 추정,건축물대장 조인 실패와 실제 미건축 필지가 혼재될 수 있음
wirye_plan_area,1171010900109340007,1171010900109340007,934-7 전,24.4849780085025,not_joined_to_building_register,미건축/공지 추정,건축물대장 조인 실패와 실제 미건축 필지가 혼재될 수 있음
wirye_plan_area,1171010900109340010,1171010900109340010,934-10 전,797.556343565071,not_joined_to_building_register,미건축/공지 추정,건축물대장 조인 실패와 실제 미건축 필지가 혼재될 수 있음
wirye_plan_area,1171010900109340014,1171010900109340014,934-14 전,13.592354277307999,not_joined_to_building_register,미건축/공지 추정,건축물대장 조인 실패와 실제 미건축 필지가 혼재될 수 있음
wirye_plan_area,1171010900109340019,1171010900109340019,934-19전,6100.1503171827535,not_joined_to_building_register,미건축/공지 추정,건축물대장 조인 실패와 실제 미건축 필지가 혼재될 수 있음
wirye_plan_area,1171010900109350000,1171010900109350000,935 답,40.51324954273707,not_joined_to_building_register,미건축/공지 추정,건축물대장 조인 실패와 실제 미건축 필지가 혼재될 수 있음
wirye_plan_area,1171010900109350001,1171010900109350001,935-1구,82.77963141681158,not_joined_to_building_register,미건축/공지 추정,건축물대장 조인 실패와 실제 미건축 필지가 혼재될 수 있음
wirye_plan_area,1171010900109350002,1171010900109350002,935-2 도,99.3326420484569,not_joined_to_building_register,미건축/공지 추정,건축물대장 조인 실패와 실제 미건축 필지가 혼재될 수 있음
wirye_plan_area,1171010900109350003,1171010900109350003,935-3 답,58.4869093151538,not_joined_to_building_register,미건축/공지 추정,건축물대장 조인 실패와 실제 미건축 필지가 혼재될 수 있음
wirye_plan_area,1171010900109350004,1171010900109350004,935-4 도,24.596583696754834,not_joined_to_building_register,미건축/공지 추정,건축물대장 조인 실패와 실제 미건축 필지가 혼재될 수 있음
wirye_plan_area,1171010900109350006,1171010900109350006,935-6 도,544.1262762355831,not_joined_to_building_register,미건축/공지 추정,건축물대장 조인 실패와 실제 미건축 필지가 혼재될 수 있음
wirye_plan_area,1171010900109350008,1171010900109350008,935-8 도,65.50796357974552,not_joined_to_building_register,미건축/공지 추정,건축물대장 조인 실패와 실제 미건축 필지가 혼재될 수 있음
wirye_plan_area,1171010900109350009,1171010900109350009,935-9 답,168.86204614116517,not_joined_to_building_register,미건축/공지 추정,건축물대장 조인 실패와 실제 미건축 필지가 혼재될 수 있음
wirye_plan_area,1171010900109350010,1171010900109350010,935-10 구,116.76845847703864,not_joined_to_building_register,미건축/공지 추정,건축물대장 조인 실패와 실제 미건축 필지가 혼재될 수 있음
wirye_plan_area,1171010900109350011,1171010900109350011,935-11 도,6.258779281789902,not_joined_to_building_register,미건축/공지 추정,건축물대장 조인 실패와 실제 미건축 필지가 혼재될 수 있음
wirye_plan_area,1171010900109350012,1171010900109350012,935-12 도,73.32705409202194,not_joined_to_building_register,미건축/공지 추정,건축물대장 조인 실패와 실제 미건축 필지가 혼재될 수 있음
wirye_plan_area,1171010900109350014,1171010900109350014,935-14 도,174.1082124108854,not_joined_to_building_register,미건축/공지 추정,건축물대장 조인 실패와 실제 미건축 필지가 혼재될 수 있음
wirye_plan_area,1171010900109350018,1171010900109350018,935-18 도,24.249731275818,not_joined_to_building_register,미건축/공지 추정,건축물대장 조인 실패와 실제 미건축 필지가 혼재될 수 있음
wirye_plan_area,1171010900109350019,1171010900109350019,935-19 도,222.65983095202307,not_joined_to_building_register,미건축/공지 추정,건축물대장 조인 실패와 실제 미건축 필지가 혼재될 수 있음
wirye_plan_area,1171010900109350020,1171010900109350020,935-20도,2.4319633650890506,not_joined_to_building_register,미건축/공지 추정,건축물대장 조인 실패와 실제 미건축 필지가 혼재될 수 있음
wirye_plan_area,1171010900109350021,1171010900109350021,935-21도,82.55476966096845,not_joined_to_building_register,미건축/공지 추정,건축물대장 조인 실패와 실제 미건축 필지가 혼재될 수 있음
wirye_plan_area,1171010900109360002,1171010900109360002,936-2 도,11.059162039621487,not_joined_to_building_register,미건축/공지 추정,건축물대장 조인 실패와 실제 미건축 필지가 혼재될 수 있음
wirye_plan_area,1171010900109360003,1171010900109360003,936-3 도,32.953141738710414,not_joined_to_building_register,미건축/공지 추정,건축물대장 조인 실패와 실제 미건축 필지가 혼재될 수 있음
wirye_plan_area,1171010900109360004,1171010900109360004,936-4 전,598.5038016614878,not_joined_to_building_register,미건축/공지 추정,건축물대장 조인 실패와 실제 미건축 필지가 혼재될 수 있음
wirye_plan_area,1171010900109360006,1171010900109360006,936-6 도,37.22044204592258,not_joined_to_building_register,미건축/공지 추정,건축물대장 조인 실패와 실제 미건축 필지가 혼재될 수 있음
wirye_plan_area,1171010900109360008,1171010900109360008,936-8도,314.85726829274347,not_joined_to_building_register,미건축/공지 추정,건축물대장 조인 실패와 실제 미건축 필지가 혼재될 수 있음
wirye_plan_area,1171010900109360009,1171010900109360009,936-9도,1.5128281604347964,not_joined_to_building_register,미건축/공지 추정,건축물대장 조인 실패와 실제 미건축 필지가 혼재될 수 있음
wirye_plan_area,1171010900109360010,1171010900109360010,936-10전,53.6532397641676,not_joined_to_building_register,미건축/공지 추정,건축물대장 조인 실패와 실제 미건축 필지가 혼재될 수 있음
wirye_plan_area,1171010900109360011,1171010900109360011,936-11전,1373.754255075525,not_joined_to_building_register,미건축/공지 추정,건축물대장 조인 실패와 실제 미건축 필지가 혼재될 수 있음
wirye_plan_area,1171010900109360012,1171010900109360012,936-12전,235.3584350130321,not_joined_to_building_register,미건축/공지 추정,건축물대장 조인 실패와 실제 미건축 필지가 혼재될 수 있음
wirye_plan_area,1171010900109400000,1171010900109400000,940 도,99.30849925923982,not_joined_to_building_register,미건축/공지 추정,건축물대장 조인 실패와 실제 미건축 필지가 혼재될 수 있음
wirye_plan_area,1171010900109410001,1171010900109410001,941-1 전,152.17999141248882,not_joined_to_building_register,미건축/공지 추정,건축물대장 조인 실패와 실제 미건축 필지가 혼재될 수 있음
wirye_plan_area,1171010900109410009,1171010900109410009,941-9 전,843.0097439608153,not_joined_to_building_register,미건축/공지 추정,건축물대장 조인 실패와 실제 미건축 필지가 혼재될 수 있음
wirye_plan_area,1171010900109410010,1171010900109410010,941-10 잡,85.49548739677458,not_joined_to_building_register,미건축/공지 추정,건축물대장 조인 실패와 실제 미건축 필지가 혼재될 수 있음
wirye_plan_area,1171010900109410011,1171010900109410011,941-11 전,559.8070029894669,not_joined_to_building_register,미건축/공지 추정,건축물대장 조인 실패와 실제 미건축 필지가 혼재될 수 있음
wirye_plan_area,1171010900109410012,1171010900109410012,941-12 전,260.0969787971727,not_joined_to_building_register,미건축/공지 추정,건축물대장 조인 실패와 실제 미건축 필지가 혼재될 수 있음
wirye_plan_area,1171010900109430000,1171010900109430000,943 구,75.89672584030527,not_joined_to_building_register,미건축/공지 추정,건축물대장 조인 실패와 실제 미건축 필지가 혼재될 수 있음
wirye_plan_area,1171010900109430002,1171010900109430002,943-2 도,365.34857525919693,not_joined_to_building_register,미건축/공지 추정,건축물대장 조인 실패와 실제 미건축 필지가 혼재될 수 있음
wirye_plan_area,1171010900109430003,1171010900109430003,943-3 도,49.534514320611066,not_joined_to_building_register,미건축/공지 추정,건축물대장 조인 실패와 실제 미건축 필지가 혼재될 수 있음
wirye_plan_area,1171010900109440000,1171010900109440000,944 구,943.1954839576897,not_joined_to_building_register,미건축/공지 추정,건축물대장 조인 실패와 실제 미건축 필지가 혼재될 수 있음
wirye_plan_area,1171010900109450000,1171010900109450000,945 답,120.6722952905334,not_joined_to_building_register,미건축/공지 추정,건축물대장 조인 실패와 실제 미건축 필지가 혼재될 수 있음
wirye_plan_area,1171010900109450001,1171010900109450001,945-1 답,19.307659563183176,not_joined_to_building_register,미건축/공지 추정,건축물대장 조인 실패와 실제 미건축 필지가 혼재될 수 있음
wirye_plan_area,1171010900109450002,1171010900109450002,945-2 천,68.69061200517999,not_joined_to_building_register,미건축/공지 추정,건축물대장 조인 실패와 실제 미건축 필지가 혼재될 수 있음
wirye_plan_area,1171010900109450003,1171010900109450003,945-3 천,65.68320793135447,not_joined_to_building_register,미건축/공지 추정,건축물대장 조인 실패와 실제 미건축 필지가 혼재될 수 있음
wirye_plan_area,1171010900109450004,1171010900109450004,945-4 천,0.4948010412304018,not_joined_to_building_register,미건축/공지 추정,건축물대장 조인 실패와 실제 미건축 필지가 혼재될 수 있음
wirye_plan_area,1171010900109450005,1171010900109450005,945-5 수,1572.0523777495328,not_joined_to_building_register,미건축/공지 추정,건축물대장 조인 실패와 실제 미건축 필지가 혼재될 수 있음
wirye_plan_area,1171010900106330007,1171010900106330007,633-7답,4.258971461958367,not_joined_to_building_register,미건축/공지 추정,건축물대장 조인 실패와 실제 미건축 필지가 혼재될 수 있음
wirye_plan_area,1171010900106330012,1171010900106330012,633-12 답,2.7624695471573997,not_joined_to_building_register,미건축/공지 추정,건축물대장 조인 실패와 실제 미건축 필지가 혼재될 수 있음
wirye_plan_area,1171010900106330014,1171010900106330014,633-14 답,31.48235335430975,not_joined_to_building_register,미건축/공지 추정,건축물대장 조인 실패와 실제 미건축 필지가 혼재될 수 있음
wirye_plan_area,1171010900106330018,1171010900106330018,633-18 답,89.5581007967465,not_joined_to_building_register,미건축/공지 추정,건축물대장 조인 실패와 실제 미건축 필지가 혼재될 수 있음
wirye_plan_area,1171010900106340011,1171010900106340011,634-11 도,3975.1891183643756,not_joined_to_building_register,미건축/공지 추정,건축물대장 조인 실패와 실제 미건축 필지가 혼재될 수 있음
wirye_plan_area,1171010900106340013,1171010900106340013,634-13 도,712.5163418246145,not_joined_to_building_register,미건축/공지 추정,건축물대장 조인 실패와 실제 미건축 필지가 혼재될 수 있음
wirye_plan_area,1171011300200710037,1171011300200710037,산71-37 임,5573.546540619424,not_joined_to_building_register,미건축/공지 추정,건축물대장 조인 실패와 실제 미건축 필지가 혼재될 수 있음
wirye_plan_area,1171011300106570028,1171011300106570028,657-28 도,2220.1169173618678,not_joined_to_building_register,미건축/공지 추정,건축물대장 조인 실패와 실제 미건축 필지가 혼재될 수 있음
wirye_plan_area,1171011300106570027,1171011300106570027,657-27 도,350.0589156350123,not_joined_to_building_register,미건축/공지 추정,건축물대장 조인 실패와 실제 미건축 필지가 혼재될 수 있음
wirye_plan_area,1171011300106570026,1171011300106570026,657-26 도,4631.70151879538,not_joined_to_building_register,미건축/공지 추정,건축물대장 조인 실패와 실제 미건축 필지가 혼재될 수 있음
wirye_plan_area,1171011300106570025,1171011300106570025,657-25 도,102.05720719520394,not_joined_to_building_register,미건축/공지 추정,건축물대장 조인 실패와 실제 미건축 필지가 혼재될 수 있음
wirye_plan_area,1171011300106570024,1171011300106570024,657-24 도,1397.3841566132428,not_joined_to_building_register,미건축/공지 추정,건축물대장 조인 실패와 실제 미건축 필지가 혼재될 수 있음
wirye_plan_area,1171011300106570023,1171011300106570023,657-23 도,93.00155293624437,not_joined_to_building_register,미건축/공지 추정,건축물대장 조인 실패와 실제 미건축 필지가 혼재될 수 있음
wirye_plan_area,1171011300106570022,1171011300106570022,657-22 도,1130.972443983916,not_joined_to_building_register,미건축/공지 추정,건축물대장 조인 실패와 실제 미건축 필지가 혼재될 수 있음
wirye_plan_area,1171011300106570021,1171011300106570021,657-21 도,93.04305220480475,not_joined_to_building_register,미건축/공지 추정,건축물대장 조인 실패와 실제 미건축 필지가 혼재될 수 있음
wirye_plan_area,1171011300106570020,1171011300106570020,657-20 도,4203.562099357,not_joined_to_building_register,미건축/공지 추정,건축물대장 조인 실패와 실제 미건축 필지가 혼재될 수 있음
wirye_plan_area,1171011300106570013,1171011300106570013,657-13 도,5195.3400061840475,not_joined_to_building_register,미건축/공지 추정,건축물대장 조인 실패와 실제 미건축 필지가 혼재될 수 있음
wirye_plan_area,1171011300106570012,1171011300106570012,657-12 도,45187.83411349781,not_joined_to_building_register,미건축/공지 추정,건축물대장 조인 실패와 실제 미건축 필지가 혼재될 수 있음
wirye_plan_area,1171011300106570032,1171011300106570032,657-32 도,454.9968274309334,not_joined_to_building_register,미건축/공지 추정,건축물대장 조인 실패와 실제 미건축 필지가 혼재될 수 있음
wirye_plan_area,1171011300106570011,1171011300106570011,657-11 도,14984.951510159433,not_joined_to_building_register,미건축/공지 추정,건축물대장 조인 실패와 실제 미건축 필지가 혼재될 수 있음
wirye_plan_area,1171011300106570010,1171011300106570010,657-10 도,8057.263451322822,not_joined_to_building_register,미건축/공지 추정,건축물대장 조인 실패와 실제 미건축 필지가 혼재될 수 있음
wirye_plan_area,1171011300106570009,1171011300106570009,657-9 도,10395.357662206838,not_joined_to_building_register,미건축/공지 추정,건축물대장 조인 실패와 실제 미건축 필지가 혼재될 수 있음
wirye_plan_area,1171011300106570008,1171011300106570008,657-8 도,892.4142377624142,not_joined_to_building_register,미건축/공지 추정,건축물대장 조인 실패와 실제 미건축 필지가 혼재될 수 있음
wirye_plan_area,1171011300106570007,1171011300106570007,657-7 도,6287.4674808854,not_joined_to_building_register,미건축/공지 추정,건축물대장 조인 실패와 실제 미건축 필지가 혼재될 수 있음
wirye_plan_area,1171011300106570002,1171011300106570002,657-2 도,5984.924462569346,not_joined_to_building_register,미건축/공지 추정,건축물대장 조인 실패와 실제 미건축 필지가 혼재될 수 있음
wirye_plan_area,1171011300106570000,1171011300106570000,657 도,32409.2881729075,not_joined_to_building_register,미건축/공지 추정,건축물대장 조인 실패와 실제 미건축 필지가 혼재될 수 있음
wirye_plan_area,1171011300106560003,1171011300106560003,656-3 도,271.9582443901808,not_joined_to_building_register,미건축/공지 추정,건축물대장 조인 실패와 실제 미건축 필지가 혼재될 수 있음
wirye_plan_area,1171011300106550001,1171011300106550001,655-1 천,1576.46997827716,not_joined_to_building_register,미건축/공지 추정,건축물대장 조인 실패와 실제 미건축 필지가 혼재될 수 있음
wirye_plan_area,1171011300106540002,1171011300106540002,654-2 공,860.7701031178335,not_joined_to_building_register,미건축/공지 추정,건축물대장 조인 실패와 실제 미건축 필지가 혼재될 수 있음
wirye_plan_area,1171011300106510001,1171011300106510001,651-1 공,3172.6844071158903,not_joined_to_building_register,미건축/공지 추정,건축물대장 조인 실패와 실제 미건축 필지가 혼재될 수 있음
wirye_plan_area,1171011300106490002,1171011300106490002,649-2 도,2169.1513974509253,not_joined_to_building_register,미건축/공지 추정,건축물대장 조인 실패와 실제 미건축 필지가 혼재될 수 있음
wirye_plan_area,1171011300106490001,1171011300106490001,649-1 공,1360.148518711786,not_joined_to_building_register,미건축/공지 추정,건축물대장 조인 실패와 실제 미건축 필지가 혼재될 수 있음
wirye_plan_area,1171011300106480001,1171011300106480001,648-1 공,1896.7222361952463,not_joined_to_building_register,미건축/공지 추정,건축물대장 조인 실패와 실제 미건축 필지가 혼재될 수 있음
wirye_plan_area,1171011300106470000,1171011300106470000,647 대,22501.189446009877,not_joined_to_building_register,미건축/공지 추정,건축물대장 조인 실패와 실제 미건축 필지가 혼재될 수 있음
wirye_plan_area,1171011300106460000,1171011300106460000,646 잡,893.817663910314,not_joined_to_building_register,미건축/공지 추정,건축물대장 조인 실패와 실제 미건축 필지가 혼재될 수 있음
wirye_plan_area,1171011300106400002,1171011300106400002,640-2 대,268.54867813488966,not_joined_to_building_register,미건축/공지 추정,건축물대장 조인 실패와 실제 미건축 필지가 혼재될 수 있음
wirye_plan_area,1171011300106400001,1171011300106400001,640-1 대,269.19766773022764,not_joined_to_building_register,미건축/공지 추정,건축물대장 조인 실패와 실제 미건축 필지가 혼재될 수 있음
wirye_plan_area,1171011300106380000,1171011300106380000,638 대,230.85098460960927,not_joined_to_building_register,미건축/공지 추정,건축물대장 조인 실패와 실제 미건축 필지가 혼재될 수 있음
wirye_plan_area,1171011300106370004,1171011300106370004,637-4 대,244.85085957914373,not_joined_to_building_register,미건축/공지 추정,건축물대장 조인 실패와 실제 미건축 필지가 혼재될 수 있음
wirye_plan_area,1171011300106370003,1171011300106370003,637-3 대,244.74456120150415,not_joined_to_building_register,미건축/공지 추정,건축물대장 조인 실패와 실제 미건축 필지가 혼재될 수 있음
wirye_plan_area,1171011300106370002,1171011300106370002,637-2 대,244.87355905029972,not_joined_to_building_register,미건축/공지 추정,건축물대장 조인 실패와 실제 미건축 필지가 혼재될 수 있음
wirye_plan_area,1171011300106370001,1171011300106370001,637-1 대,244.72541134699543,not_joined_to_building_register,미건축/공지 추정,건축물대장 조인 실패와 실제 미건축 필지가 혼재될 수 있음
wirye_plan_area,1171011300106370000,1171011300106370000,637 대,229.58400498890944,not_joined_to_building_register,미건축/공지 추정,건축물대장 조인 실패와 실제 미건축 필지가 혼재될 수 있음
wirye_plan_area,1171011300106360009,1171011300106360009,636-9 대,283.82993168541236,not_joined_to_building_register,미건축/공지 추정,건축물대장 조인 실패와 실제 미건축 필지가 혼재될 수 있음
wirye_plan_area,1171011300106360008,1171011300106360008,636-8 대,283.82993165971186,not_joined_to_building_register,미건축/공지 추정,건축물대장 조인 실패와 실제 미건축 필지가 혼재될 수 있음
wirye_plan_area,1171011300106360007,1171011300106360007,636-7 대,283.8521312949581,not_joined_to_building_register,미건축/공지 추정,건축물대장 조인 실패와 실제 미건축 필지가 혼재될 수 있음
wirye_plan_area,1171011300106360006,1171011300106360006,636-6 대,277.6573809759476,not_joined_to_building_register,미건축/공지 추정,건축물대장 조인 실패와 실제 미건축 필지가 혼재될 수 있음
wirye_plan_area,1171011300106360005,1171011300106360005,636-5 대,277.69988039386067,not_joined_to_building_register,미건축/공지 추정,건축물대장 조인 실패와 실제 미건축 필지가 혼재될 수 있음
wirye_plan_area,1171011300106360004,1171011300106360004,636-4 대,283.8299317402052,not_joined_to_building_register,미건축/공지 추정,건축물대장 조인 실패와 실제 미건축 필지가 혼재될 수 있음
wirye_plan_area,1171011300106360003,1171011300106360003,636-3 대,283.82993182614,not_joined_to_building_register,미건축/공지 추정,건축물대장 조인 실패와 실제 미건축 필지가 혼재될 수 있음
wirye_plan_area,1171011300106360002,1171011300106360002,636-2 대,283.8521313637878,not_joined_to_building_register,미건축/공지 추정,건축물대장 조인 실패와 실제 미건축 필지가 혼재될 수 있음
wirye_plan_area,1171011300106360001,1171011300106360001,636-1 대,274.91572528197156,not_joined_to_building_register,미건축/공지 추정,건축물대장 조인 실패와 실제 미건축 필지가 혼재될 수 있음
wirye_plan_area,1171011300106360000,1171011300106360000,636 대,274.9569245160468,not_joined_to_building_register,미건축/공지 추정,건축물대장 조인 실패와 실제 미건축 필지가 혼재될 수 있음
wirye_plan_area,1171011300106350009,1171011300106350009,635-9 대,266.9049538635336,not_joined_to_building_register,미건축/공지 추정,건축물대장 조인 실패와 실제 미건축 필지가 혼재될 수 있음
wirye_plan_area,1171011300106350008,1171011300106350008,635-8 대,266.90495385068556,not_joined_to_building_register,미건축/공지 추정,건축물대장 조인 실패와 실제 미건축 필지가 혼재될 수 있음
wirye_plan_area,1171011300106350007,1171011300106350007,635-7 대,266.7905056581918,not_joined_to_building_register,미건축/공지 추정,건축물대장 조인 실패와 실제 미건축 필지가 혼재될 수 있음
wirye_plan_area,1171011300106350006,1171011300106350006,635-6 대,260.7565528387642,not_joined_to_building_register,미건축/공지 추정,건축물대장 조인 실패와 실제 미건축 필지가 혼재될 수 있음
wirye_plan_area,1171011300106350005,1171011300106350005,635-5 대,260.82360183667623,not_joined_to_building_register,미건축/공지 추정,건축물대장 조인 실패와 실제 미건축 필지가 혼재될 수 있음
wirye_plan_area,1171011300106350004,1171011300106350004,635-4 대,266.93000352366215,not_joined_to_building_register,미건축/공지 추정,건축물대장 조인 실패와 실제 미건축 필지가 혼재될 수 있음
wirye_plan_area,1171011300106350003,1171011300106350003,635-3 대,266.9300035219591,not_joined_to_building_register,미건축/공지 추정,건축물대장 조인 실패와 실제 미건축 필지가 혼재될 수 있음
wirye_plan_area,1171011300106350002,1171011300106350002,635-2 대,267.01940208382985,not_joined_to_building_register,미건축/공지 추정,건축물대장 조인 실패와 실제 미건축 필지가 혼재될 수 있음
wirye_plan_area,1171011300106350001,1171011300106350001,635-1 대,258.0344967184726,not_joined_to_building_register,미건축/공지 추정,건축물대장 조인 실패와 실제 미건축 필지가 혼재될 수 있음
wirye_plan_area,1171011300106350000,1171011300106350000,635 대,257.79020053778817,not_joined_to_building_register,미건축/공지 추정,건축물대장 조인 실패와 실제 미건축 필지가 혼재될 수 있음
wirye_plan_area,1171011300106340005,1171011300106340005,634-5 대,258.9620315428144,not_joined_to_building_register,미건축/공지 추정,건축물대장 조인 실패와 실제 미건축 필지가 혼재될 수 있음
wirye_plan_area,1171011300106340004,1171011300106340004,634-4 대,258.8598331698246,not_joined_to_building_register,미건축/공지 추정,건축물대장 조인 실패와 실제 미건축 필지가 혼재될 수 있음
wirye_plan_area,1171011300106340003,1171011300106340003,634-3 대,258.96203159799796,not_joined_to_building_register,미건축/공지 추정,건축물대장 조인 실패와 실제 미건축 필지가 혼재될 수 있음
wirye_plan_area,1171011300106340001,1171011300106340001,634-1 대,247.83796062283344,not_joined_to_building_register,미건축/공지 추정,건축물대장 조인 실패와 실제 미건축 필지가 혼재될 수 있음
wirye_plan_area,1171011300106330002,1171011300106330002,633-2 대,244.8381095900052,not_joined_to_building_register,미건축/공지 추정,건축물대장 조인 실패와 실제 미건축 필지가 혼재될 수 있음
wirye_plan_area,1171011300106330001,1171011300106330001,633-1 대,244.731011313111,not_joined_to_building_register,미건축/공지 추정,건축물대장 조인 실패와 실제 미건축 필지가 혼재될 수 있음
wirye_plan_area,1171011300106330000,1171011300106330000,633 대,229.50495630542656,not_joined_to_building_register,미건축/공지 추정,건축물대장 조인 실패와 실제 미건축 필지가 혼재될 수 있음
wirye_plan_area,1171011300106320008,1171011300106320008,632-8 대,222.50691918211416,not_joined_to_building_register,미건축/공지 추정,건축물대장 조인 실패와 실제 미건축 필지가 혼재될 수 있음
wirye_plan_area,1171011300106320007,1171011300106320007,632-7 대,239.18215080961926,not_joined_to_building_register,미건축/공지 추정,건축물대장 조인 실패와 실제 미건축 필지가 혼재될 수 있음
wirye_plan_area,1171011300106320006,1171011300106320006,632-6 대,239.28794907126854,not_joined_to_building_register,미건축/공지 추정,건축물대장 조인 실패와 실제 미건축 필지가 혼재될 수 있음
wirye_plan_area,1171011300106320005,1171011300106320005,632-5 대,239.18215085324397,not_joined_to_building_register,미건축/공지 추정,건축물대장 조인 실패와 실제 미건축 필지가 혼재될 수 있음
wirye_plan_area,1171011300106320004,1171011300106320004,632-4 대,238.533311269905,not_joined_to_building_register,미건축/공지 추정,건축물대장 조인 실패와 실제 미건축 필지가 혼재될 수 있음
wirye_plan_area,1171011300106320003,1171011300106320003,632-3 대,239.2879491114468,not_joined_to_building_register,미건축/공지 추정,건축물대장 조인 실패와 실제 미건축 필지가 혼재될 수 있음
wirye_plan_area,1171011300106320002,1171011300106320002,632-2 대,239.18215076888907,not_joined_to_building_register,미건축/공지 추정,건축물대장 조인 실패와 실제 미건축 필지가 혼재될 수 있음
wirye_plan_area,1171011300106320001,1171011300106320001,632-1 대,239.18215082717228,not_joined_to_building_register,미건축/공지 추정,건축물대장 조인 실패와 실제 미건축 필지가 혼재될 수 있음
wirye_plan_area,1171011300106310007,1171011300106310007,631-7 대,223.3523053709402,not_joined_to_building_register,미건축/공지 추정,건축물대장 조인 실패와 실제 미건축 필지가 혼재될 수 있음
wirye_plan_area,1171011300106310006,1171011300106310006,631-6 대,229.45530723396405,not_joined_to_building_register,미건축/공지 추정,건축물대장 조인 실패와 실제 미건축 필지가 혼재될 수 있음
wirye_plan_area,1171011300106310005,1171011300106310005,631-5 대,229.55180564014904,not_joined_to_building_register,미건축/공지 추정,건축물대장 조인 실패와 실제 미건축 필지가 혼재될 수 있음
wirye_plan_area,1171011300106310003,1171011300106310003,631-3 대,229.55630557703807,not_joined_to_building_register,미건축/공지 추정,건축물대장 조인 실패와 실제 미건축 필지가 혼재될 수 있음
wirye_plan_area,1171011300106310002,1171011300106310002,631-2 대,229.4480073318676,not_joined_to_building_register,미건축/공지 추정,건축물대장 조인 실패와 실제 미건축 필지가 혼재될 수 있음
wirye_plan_area,1171011300106310001,1171011300106310001,631-1 대,229.44515739492684,not_joined_to_building_register,미건축/공지 추정,건축물대장 조인 실패와 실제 미건축 필지가 혼재될 수 있음
wirye_plan_area,1171011300106310000,1171011300106310000,631 대,223.19220802416658,not_joined_to_building_register,미건축/공지 추정,건축물대장 조인 실패와 실제 미건축 필지가 혼재될 수 있음
wirye_plan_area,1171011300106300007,1171011300106300007,630-7 대,223.3061061004077,not_joined_to_building_register,미건축/공지 추정,건축물대장 조인 실패와 실제 미건축 필지가 혼재될 수 있음
wirye_plan_area,1171011300106300006,1171011300106300006,630-6 대,229.34420885255352,not_joined_to_building_register,미건축/공지 추정,건축물대장 조인 실패와 실제 미건축 필지가 혼재될 수 있음
wirye_plan_area,1171011300106300005,1171011300106300005,630-5 대,229.44800724513752,not_joined_to_building_register,미건축/공지 추정,건축물대장 조인 실패와 실제 미건축 필지가 혼재될 수 있음
wirye_plan_area,1171011300106300003,1171011300106300003,630-3 대,229.5490056375931,not_joined_to_building_register,미건축/공지 추정,건축물대장 조인 실패와 실제 미건축 필지가 혼재될 수 있음
wirye_plan_area,1171011300106300002,1171011300106300002,630-2 대,229.44800723420653,not_joined_to_building_register,미건축/공지 추정,건축물대장 조인 실패와 실제 미건축 필지가 혼재될 수 있음
wirye_plan_area,1171011300106300001,1171011300106300001,630-1 대,229.55630547730775,not_joined_to_building_register,미건축/공지 추정,건축물대장 조인 실패와 실제 미건축 필지가 혼재될 수 있음
wirye_plan_area,1171011300106290009,1171011300106290009,629-9 대,294.81725491288915,not_joined_to_building_register,미건축/공지 추정,건축물대장 조인 실패와 실제 미건축 필지가 혼재될 수 있음
wirye_plan_area,1171011300106290008,1171011300106290008,629-8 대,294.91235333685773,not_joined_to_building_register,미건축/공지 추정,건축물대장 조인 실패와 실제 미건축 필지가 혼재될 수 있음
wirye_plan_area,1171011300106290007,1171011300106290007,629-7 대,294.8172548383061,not_joined_to_building_register,미건축/공지 추정,건축물대장 조인 실패와 실제 미건축 필지가 혼재될 수 있음
wirye_plan_area,1171011300106290006,1171011300106290006,629-6 대,286.2843922118237,not_joined_to_building_register,미건축/공지 추정,건축물대장 조인 실패와 실제 미건축 필지가 혼재될 수 있음
wirye_plan_area,1171011300106290004,1171011300106290004,629-4 대,294.79235535263535,not_joined_to_building_register,미건축/공지 추정,건축물대장 조인 실패와 실제 미건축 필지가 혼재될 수 있음
wirye_plan_area,1171011300106290003,1171011300106290003,629-3 대,294.79235535515784,not_joined_to_building_register,미건축/공지 추정,건축물대장 조인 실패와 실제 미건축 필지가 혼재될 수 있음
wirye_plan_area,1171011300106290002,1171011300106290002,629-2 대,294.792355373584,not_joined_to_building_register,미건축/공지 추정,건축물대장 조인 실패와 실제 미건축 필지가 혼재될 수 있음
wirye_plan_area,1171011300106290001,1171011300106290001,629-1 대,294.53455953205327,not_joined_to_building_register,미건축/공지 추정,건축물대장 조인 실패와 실제 미건축 필지가 혼재될 수 있음
wirye_plan_area,1171011300106290000,1171011300106290000,629 대,294.67935710462535,not_joined_to_building_register,미건축/공지 추정,건축물대장 조인 실패와 실제 미건축 필지가 혼재될 수 있음
wirye_plan_area,1171011300106270015,1171011300106270015,627-15 대,267.70829100565993,not_joined_to_building_register,미건축/공지 추정,건축물대장 조인 실패와 실제 미건축 필지가 혼재될 수 있음
wirye_plan_area,1171011300106270014,1171011300106270014,627-14 대,267.70829096796666,not_joined_to_building_register,미건축/공지 추정,건축물대장 조인 실패와 실제 미건축 필지가 혼재될 수 있음
wirye_plan_area,1171011300106270013,1171011300106270013,627-13 대,267.5605433757596,not_joined_to_building_register,미건축/공지 추정,건축물대장 조인 실패와 실제 미건축 필지가 혼재될 수 있음
wirye_plan_area,1171011300106270012,1171011300106270012,627-12 대,267.80483946793083,not_joined_to_building_register,미건축/공지 추정,건축물대장 조인 실패와 실제 미건축 필지가 혼재될 수 있음
wirye_plan_area,1171011300106270011,1171011300106270011,627-11 대,267.8300889901125,not_joined_to_building_register,미건축/공지 추정,건축물대장 조인 실패와 실제 미건축 필지가 혼재될 수 있음
wirye_plan_area,1171011300106270010,1171011300106270010,627-10 대,267.9029877702925,not_joined_to_building_register,미건축/공지 추정,건축물대장 조인 실패와 실제 미건축 필지가 혼재될 수 있음
wirye_plan_area,1171011300106270009,1171011300106270009,627-9 대,258.8262838893773,not_joined_to_building_register,미건축/공지 추정,건축물대장 조인 실패와 실제 미건축 필지가 혼재될 수 있음
wirye_plan_area,1171011300106270008,1171011300106270008,627-8 대,261.4297921067072,not_joined_to_building_register,미건축/공지 추정,건축물대장 조인 실패와 실제 미건축 필지가 혼재될 수 있음
wirye_plan_area,1171011300106270007,1171011300106270007,627-7 대,267.5518435963071,not_joined_to_building_register,미건축/공지 추정,건축물대장 조인 실패와 실제 미건축 필지가 혼재될 수 있음
wirye_plan_area,1171011300106270006,1171011300106270006,627-6 대,267.5770932017473,not_joined_to_building_register,미건축/공지 추정,건축물대장 조인 실패와 실제 미건축 필지가 혼재될 수 있음
wirye_plan_area,1171011300106270003,1171011300106270003,627-3 대,267.813489367571,not_joined_to_building_register,미건축/공지 추정,건축물대장 조인 실패와 실제 미건축 필지가 혼재될 수 있음
wirye_plan_area,1171011300106270002,1171011300106270002,627-2 대,268.03268586149255,not_joined_to_building_register,미건축/공지 추정,건축물대장 조인 실패와 실제 미건축 필지가 혼재될 수 있음
wirye_plan_area,1171011300106270000,1171011300106270000,627 대,261.28729432162385,not_joined_to_building_register,미건축/공지 추정,건축물대장 조인 실패와 실제 미건축 필지가 혼재될 수 있음
wirye_plan_area,1171011300106260010,1171011300106260010,626-10 대,258.84363344928124,not_joined_to_building_register,미건축/공지 추정,건축물대장 조인 실패와 실제 미건축 필지가 혼재될 수 있음
wirye_plan_area,1171011300106260009,1171011300106260009,626-9 대,258.8517333710305,not_joined_to_building_register,미건축/공지 추정,건축물대장 조인 실패와 실제 미건축 필지가 혼재될 수 있음
wirye_plan_area,1171011300106260005,1171011300106260005,626-5 대,259.1406987134793,not_joined_to_building_register,미건축/공지 추정,건축물대장 조인 실패와 실제 미건축 필지가 혼재될 수 있음
wirye_plan_area,1171011300106260004,1171011300106260004,626-4 대,259.1487486055727,not_joined_to_building_register,미건축/공지 추정,건축물대장 조인 실패와 실제 미건축 필지가 혼재될 수 있음
wirye_plan_area,1171011300106260003,1171011300106260003,626-3 대,259.25909683332475,not_joined_to_building_register,미건축/공지 추정,건축물대장 조인 실패와 실제 미건축 필지가 혼재될 수 있음
wirye_plan_area,1171011300106260002,1171011300106260002,626-2 대,259.2590968307723,not_joined_to_building_register,미건축/공지 추정,건축물대장 조인 실패와 실제 미건축 필지가 혼재될 수 있음
wirye_plan_area,1171011300106260001,1171011300106260001,626-1 대,306.09807292509197,not_joined_to_building_register,미건축/공지 추정,건축물대장 조인 실패와 실제 미건축 필지가 혼재될 수 있음
wirye_plan_area,1171011300106260000,1171011300106260000,626 대,315.6387193972823,not_joined_to_building_register,미건축/공지 추정,건축물대장 조인 실패와 실제 미건축 필지가 혼재될 수 있음
wirye_plan_area,1171011300106250004,1171011300106250004,625-4 대,244.79486051284013,not_joined_to_building_register,미건축/공지 추정,건축물대장 조인 실패와 실제 미건축 필지가 혼재될 수 있음
wirye_plan_area,1171011300106250002,1171011300106250002,625-2 대,244.87845909398268,not_joined_to_building_register,미건축/공지 추정,건축물대장 조인 실패와 실제 미건축 필지가 혼재될 수 있음
wirye_plan_area,1171011300106250001,1171011300106250001,625-1 대,244.7302613513908,not_joined_to_building_register,미건축/공지 추정,건축물대장 조인 실패와 실제 미건축 필지가 혼재될 수 있음
wirye_plan_area,1171011300106240004,1171011300106240004,624-4 대,252.0004441782583,not_joined_to_building_register,미건축/공지 추정,건축물대장 조인 실패와 실제 미건축 필지가 혼재될 수 있음
wirye_plan_area,1171011300106240002,1171011300106240002,624-2 대,270.0970527226754,not_joined_to_building_register,미건축/공지 추정,건축물대장 조인 실패와 실제 미건축 필지가 혼재될 수 있음
wirye_plan_area,1171011300106240001,1171011300106240001,624-1 대,269.94885499756043,not_joined_to_building_register,미건축/공지 추정,건축물대장 조인 실패와 실제 미건축 필지가 혼재될 수 있음
wirye_plan_area,1171011300106230004,1171011300106230004,623-4 대,241.31311617736327,not_joined_to_building_register,미건축/공지 추정,건축물대장 조인 실패와 실제 미건축 필지가 혼재될 수 있음
wirye_plan_area,1171011300106230003,1171011300106230003,623-3 대,259.3302260887586,not_joined_to_building_register,미건축/공지 추정,건축물대장 조인 실패와 실제 미건축 필지가 혼재될 수 있음
wirye_plan_area,1171011300106230002,1171011300106230002,623-2 대,259.3016265170597,not_joined_to_building_register,미건축/공지 추정,건축물대장 조인 실패와 실제 미건축 필지가 혼재될 수 있음
wirye_plan_area,1171011300106230001,1171011300106230001,623-1 대,259.4027247772237,not_joined_to_building_register,미건축/공지 추정,건축물대장 조인 실패와 실제 미건축 필지가 혼재될 수 있음
wirye_plan_area,1171011300106220003,1171011300106220003,622-3 대,248.36810218556047,not_joined_to_building_register,미건축/공지 추정,건축물대장 조인 실패와 실제 미건축 필지가 혼재될 수 있음
wirye_plan_area,1171011300106220002,1171011300106220002,622-2 대,237.09058364483613,not_joined_to_building_register,미건축/공지 추정,건축물대장 조인 실패와 실제 미건축 필지가 혼재될 수 있음
wirye_plan_area,1171011300106220001,1171011300106220001,622-1 대,236.98528543775984,not_joined_to_building_register,미건축/공지 추정,건축물대장 조인 실패와 실제 미건축 필지가 혼재될 수 있음
wirye_plan_area,1171011300106210008,1171011300106210008,621-8 대,214.51209789634305,not_joined_to_building_register,미건축/공지 추정,건축물대장 조인 실패와 실제 미건축 필지가 혼재될 수 있음
wirye_plan_area,1171011300106210007,1171011300106210007,621-7 대,233.99143439333633,not_joined_to_building_register,미건축/공지 추정,건축물대장 조인 실패와 실제 미건축 필지가 혼재될 수 있음
wirye_plan_area,1171011300106210006,1171011300106210006,621-6 대,233.99383432392642,not_joined_to_building_register,미건축/공지 추정,건축물대장 조인 실패와 실제 미건축 필지가 혼재될 수 있음
wirye_plan_area,1171011300106210005,1171011300106210005,621-5 대,233.99383439412233,not_joined_to_building_register,미건축/공지 추정,건축물대장 조인 실패와 실제 미건축 필지가 혼재될 수 있음
wirye_plan_area,1171011300106210004,1171011300106210004,621-4 대,233.99143437610337,not_joined_to_building_register,미건축/공지 추정,건축물대장 조인 실패와 실제 미건축 필지가 혼재될 수 있음
wirye_plan_area,1171011300106210003,1171011300106210003,621-3 대,233.88683609993004,not_joined_to_building_register,미건축/공지 추정,건축물대장 조인 실패와 실제 미건축 필지가 혼재될 수 있음
wirye_plan_area,1171011300106210002,1171011300106210002,621-2 대,233.99143441500453,not_joined_to_building_register,미건축/공지 추정,건축물대장 조인 실패와 실제 미건축 필지가 혼재될 수 있음
wirye_plan_area,1171011300106210001,1171011300106210001,621-1 대,233.99383437165818,not_joined_to_building_register,미건축/공지 추정,건축물대장 조인 실패와 실제 미건축 필지가 혼재될 수 있음
wirye_plan_area,1171011300106210000,1171011300106210000,621 대,233.99383440204778,not_joined_to_building_register,미건축/공지 추정,건축물대장 조인 실패와 실제 미건축 필지가 혼재될 수 있음
wirye_plan_area,1171011300106200003,1171011300106200003,620-3 대,235.27901362493472,not_joined_to_building_register,미건축/공지 추정,건축물대장 조인 실패와 실제 미건축 필지가 혼재될 수 있음
wirye_plan_area,1171011300106200002,1171011300106200002,620-2 대,235.04031738556168,not_joined_to_building_register,미건축/공지 추정,건축물대장 조인 실패와 실제 미건축 필지가 혼재될 수 있음
wirye_plan_area,1171011300106200001,1171011300106200001,620-1 대,235.28771334832564,not_joined_to_building_register,미건축/공지 추정,건축물대장 조인 실패와 실제 미건축 필지가 혼재될 수 있음
wirye_plan_area,1171011300106190017,1171011300106190017,619-17 대,216.4860159292945,not_joined_to_building_register,미건축/공지 추정,건축물대장 조인 실패와 실제 미건축 필지가 혼재될 수 있음
wirye_plan_area,1171011300106190016,1171011300106190016,619-16 대,216.3853674954568,not_joined_to_building_register,미건축/공지 추정,건축물대장 조인 실패와 실제 미건축 필지가 혼재될 수 있음
wirye_plan_area,1171011300106190015,1171011300106190015,619-15 대,216.3812176171709,not_joined_to_building_register,미건축/공지 추정,건축물대장 조인 실패와 실제 미건축 필지가 혼재될 수 있음
wirye_plan_area,1171011300106190014,1171011300106190014,619-14 대,216.3474180875063,not_joined_to_building_register,미건축/공지 추정,건축물대장 조인 실패와 실제 미건축 필지가 혼재될 수 있음
wirye_plan_area,1171011300106190013,1171011300106190013,619-13 대,216.453516400801,not_joined_to_building_register,미건축/공지 추정,건축물대장 조인 실패와 실제 미건축 필지가 혼재될 수 있음
wirye_plan_area,1171011300106190012,1171011300106190012,619-12 대,216.35151807652008,not_joined_to_building_register,미건축/공지 추정,건축물대장 조인 실패와 실제 미건축 필지가 혼재될 수 있음
wirye_plan_area,1171011300106190011,1171011300106190011,619-11 대,216.38536749526634,not_joined_to_building_register,미건축/공지 추정,건축물대장 조인 실패와 실제 미건축 필지가 혼재될 수 있음
wirye_plan_area,1171011300106190010,1171011300106190010,619-10 대,210.120768334197,not_joined_to_building_register,미건축/공지 추정,건축물대장 조인 실패와 실제 미건축 필지가 혼재될 수 있음
wirye_plan_area,1171011300106190009,1171011300106190009,619-9 대,210.24851636620343,not_joined_to_building_register,미건축/공지 추정,건축물대장 조인 실패와 실제 미건축 필지가 혼재될 수 있음
wirye_plan_area,1171011300106190008,1171011300106190008,619-8 대,216.35151815829596,not_joined_to_building_register,미건축/공지 추정,건축물대장 조인 실패와 실제 미건축 필지가 혼재될 수 있음
wirye_plan_area,1171011300106190007,1171011300106190007,619-7 대,216.45351656572228,not_joined_to_building_register,미건축/공지 추정,건축물대장 조인 실패와 실제 미건축 필지가 혼재될 수 있음
wirye_plan_area,1171011300106190006,1171011300106190006,619-6 대,216.45351654434756,not_joined_to_building_register,미건축/공지 추정,건축물대장 조인 실패와 실제 미건축 필지가 혼재될 수 있음
wirye_plan_area,1171011300106190005,1171011300106190005,619-5 대,216.3515180938899,not_joined_to_building_register,미건축/공지 추정,건축물대장 조인 실패와 실제 미건축 필지가 혼재될 수 있음
wirye_plan_area,1171011300106190004,1171011300106190004,619-4 대,216.4860160217745,not_joined_to_building_register,미건축/공지 추정,건축물대장 조인 실패와 실제 미건축 필지가 혼재될 수 있음
wirye_plan_area,1171011300106190003,1171011300106190003,619-3 대,216.38536761824741,not_joined_to_building_register,미건축/공지 추정,건축물대장 조인 실패와 실제 미건축 필지가 혼재될 수 있음
wirye_plan_area,1171011300106190002,1171011300106190002,619-2 대,216.38121765197153,not_joined_to_building_register,미건축/공지 추정,건축물대장 조인 실패와 실제 미건축 필지가 혼재될 수 있음
wirye_plan_area,1171011300106190001,1171011300106190001,619-1 대,210.48341265104673,not_joined_to_building_register,미건축/공지 추정,건축물대장 조인 실패와 실제 미건축 필지가 혼재될 수 있음
wirye_plan_area,1171011300106180011,1171011300106180011,618-11 대,311.73898263459523,not_joined_to_building_register,미건축/공지 추정,건축물대장 조인 실패와 실제 미건축 필지가 혼재될 수 있음
wirye_plan_area,1171011300106180010,1171011300106180010,618-10 대,311.9854786943625,not_joined_to_building_register,미건축/공지 추정,건축물대장 조인 실패와 실제 미건축 필지가 혼재될 수 있음
wirye_plan_area,1171011300106180009,1171011300106180009,618-9 대,312.005978364339,not_joined_to_building_register,미건축/공지 추정,건축물대장 조인 실패와 실제 미건축 필지가 혼재될 수 있음
wirye_plan_area,1171011300106180008,1171011300106180008,618-8 대,312.1397761399143,not_joined_to_building_register,미건축/공지 추정,건축물대장 조인 실패와 실제 미건축 필지가 혼재될 수 있음
wirye_plan_area,1171011300106180007,1171011300106180007,618-7 대,295.91838720103675,not_joined_to_building_register,미건축/공지 추정,건축물대장 조인 실패와 실제 미건축 필지가 혼재될 수 있음
wirye_plan_area,1171011300106180006,1171011300106180006,618-6 대,295.61859216258273,not_joined_to_building_register,미건축/공지 추정,건축물대장 조인 실패와 실제 미건축 필지가 혼재될 수 있음
wirye_plan_area,1171011300106180002,1171011300106180002,618-2 대,312.00597845225917,not_joined_to_building_register,미건축/공지 추정,건축물대장 조인 실패와 실제 미건축 필지가 혼재될 수 있음
wirye_plan_area,1171011300106170011,1171011300106170011,617-11 대,312.10687644359655,not_joined_to_building_register,미건축/공지 추정,건축물대장 조인 실패와 실제 미건축 필지가 혼재될 수 있음
wirye_plan_area,1171011300106170009,1171011300106170009,617-9 대,312.13977586485464,not_joined_to_building_register,미건축/공지 추정,건축물대장 조인 실패와 실제 미건축 필지가 혼재될 수 있음
wirye_plan_area,1171011300106170008,1171011300106170008,617-8 대,312.00597801651804,not_joined_to_building_register,미건축/공지 추정,건축물대장 조인 실패와 실제 미건축 필지가 혼재될 수 있음
wirye_plan_area,1171011300106170007,1171011300106170007,617-7 대,295.8057887498586,not_joined_to_building_register,미건축/공지 추정,건축물대장 조인 실패와 실제 미건축 필지가 혼재될 수 있음
wirye_plan_area,1171011300106170006,1171011300106170006,617-6 대,295.71584030035336,not_joined_to_building_register,미건축/공지 추정,건축물대장 조인 실패와 실제 미건축 필지가 혼재될 수 있음
wirye_plan_area,1171011300106170005,1171011300106170005,617-5 대,311.8603304852881,not_joined_to_building_register,미건축/공지 추정,건축물대장 조인 실패와 실제 미건축 필지가 혼재될 수 있음
wirye_plan_area,1171011300106170004,1171011300106170004,617-4 대,311.86033050091623,not_joined_to_building_register,미건축/공지 추정,건축물대장 조인 실패와 실제 미건축 필지가 혼재될 수 있음
wirye_plan_area,1171011300106160007,1171011300106160007,616-7 대,224.41403857148356,not_joined_to_building_register,미건축/공지 추정,건축물대장 조인 실패와 실제 미건축 필지가 혼재될 수 있음
wirye_plan_area,1171011300106160006,1171011300106160006,616-6 대,220.66939887205498,not_joined_to_building_register,미건축/공지 추정,건축물대장 조인 실패와 실제 미건축 필지가 혼재될 수 있음
wirye_plan_area,1171011300106160005,1171011300106160005,616-5 대,220.66209894992483,not_joined_to_building_register,미건축/공지 추정,건축물대장 조인 실패와 실제 미건축 필지가 혼재될 수 있음
wirye_plan_area,1171011300106160004,1171011300106160004,616-4 대,220.66144897103212,not_joined_to_building_register,미건축/공지 추정,건축물대장 조인 실패와 실제 미건축 필지가 혼재될 수 있음
wirye_plan_area,1171011300106160003,1171011300106160003,616-3 대,220.559900609797,not_joined_to_building_register,미건축/공지 추정,건축물대장 조인 실패와 실제 미건축 필지가 혼재될 수 있음
wirye_plan_area,1171011300106160002,1171011300106160002,616-2 대,220.254355559251,not_joined_to_building_register,미건축/공지 추정,건축물대장 조인 실패와 실제 미건축 필지가 혼재될 수 있음
wirye_plan_area,1171011300106160001,1171011300106160001,616-1 대,204.60225741798243,not_joined_to_building_register,미건축/공지 추정,건축물대장 조인 실패와 실제 미건축 필지가 혼재될 수 있음
wirye_plan_area,1171011300106150012,1171011300106150012,615-12 대,215.02353947214186,not_joined_to_building_register,미건축/공지 추정,건축물대장 조인 실패와 실제 미건축 필지가 혼재될 수 있음
wirye_plan_area,1171011300106150011,1171011300106150011,615-11 대,215.1256378720978,not_joined_to_building_register,미건축/공지 추정,건축물대장 조인 실패와 실제 미건축 필지가 혼재될 수 있음
wirye_plan_area,1171011300106150010,1171011300106150010,615-10 대,215.12563784215115,not_joined_to_building_register,미건축/공지 추정,건축물대장 조인 실패와 실제 미건축 필지가 혼재될 수 있음
wirye_plan_area,1171011300106150009,1171011300106150009,615-9 대,215.02353947631462,not_joined_to_building_register,미건축/공지 추정,건축물대장 조인 실패와 실제 미건축 필지가 혼재될 수 있음
wirye_plan_area,1171011300106150008,1171011300106150008,615-8 대,208.87763837946721,not_joined_to_building_register,미건축/공지 추정,건축물대장 조인 실패와 실제 미건축 필지가 혼재될 수 있음
wirye_plan_area,1171011300106150007,1171011300106150007,615-7 대,208.92323771057957,not_joined_to_building_register,미건축/공지 추정,건축물대장 조인 실패와 실제 미건축 필지가 혼재될 수 있음
wirye_plan_area,1171011300106150006,1171011300106150006,615-6 대,215.0235395786509,not_joined_to_building_register,미건축/공지 추정,건축물대장 조인 실패와 실제 미건축 필지가 혼재될 수 있음
wirye_plan_area,1171011300106150005,1171011300106150005,615-5 대,215.1256379078376,not_joined_to_building_register,미건축/공지 추정,건축물대장 조인 실패와 실제 미건축 필지가 혼재될 수 있음
wirye_plan_area,1171011300106150004,1171011300106150004,615-4 대,215.12563792870358,not_joined_to_building_register,미건축/공지 추정,건축물대장 조인 실패와 실제 미건축 필지가 혼재될 수 있음
wirye_plan_area,1171011300106150003,1171011300106150003,615-3 대,215.02353959047952,not_joined_to_building_register,미건축/공지 추정,건축물대장 조인 실패와 실제 미건축 필지가 혼재될 수 있음
wirye_plan_area,1171011300106150002,1171011300106150002,615-2 대,215.02353956865778,not_joined_to_building_register,미건축/공지 추정,건축물대장 조인 실패와 실제 미건축 필지가 혼재될 수 있음
wirye_plan_area,1171011300106150001,1171011300106150001,615-1 대,215.0235394551308,not_joined_to_building_register,미건축/공지 추정,건축물대장 조인 실패와 실제 미건축 필지가 혼재될 수 있음
wirye_plan_area,1171011300106140011,1171011300106140011,614-11 대,280.4227367396422,not_joined_to_building_register,미건축/공지 추정,건축물대장 조인 실패와 실제 미건축 필지가 혼재될 수 있음
wirye_plan_area,1171011300106140010,1171011300106140010,614-10 대,280.58733407181563,not_joined_to_building_register,미건축/공지 추정,건축물대장 조인 실패와 실제 미건축 필지가 혼재될 수 있음
wirye_plan_area,1171011300106140008,1171011300106140008,614-8 대,280.61608356397096,not_joined_to_building_register,미건축/공지 추정,건축물대장 조인 실패와 실제 미건축 필지가 혼재될 수 있음
wirye_plan_area,1171011300106140007,1171011300106140007,614-7 대,264.1742482013711,not_joined_to_building_register,미건축/공지 추정,건축물대장 조인 실패와 실제 미건축 필지가 혼재될 수 있음
wirye_plan_area,1171011300106140006,1171011300106140006,614-6 대,275.0630230443919,not_joined_to_building_register,미건축/공지 추정,건축물대장 조인 실패와 실제 미건축 필지가 혼재될 수 있음
wirye_plan_area,1171011300106140005,1171011300106140005,614-5 대,275.9943080474807,not_joined_to_building_register,미건축/공지 추정,건축물대장 조인 실패와 실제 미건축 필지가 혼재될 수 있음
wirye_plan_area,1171011300106140003,1171011300106140003,614-3 대,276.01950768445334,not_joined_to_building_register,미건축/공지 추정,건축물대장 조인 실패와 실제 미건축 필지가 혼재될 수 있음
wirye_plan_area,1171011300106140002,1171011300106140002,614-2 대,275.9777583397165,not_joined_to_building_register,미건축/공지 추정,건축물대장 조인 실패와 실제 미건축 필지가 혼재될 수 있음
wirye_plan_area,1171011300106140001,1171011300106140001,614-1 대,274.38248402719574,not_joined_to_building_register,미건축/공지 추정,건축물대장 조인 실패와 실제 미건축 필지가 혼재될 수 있음
wirye_plan_area,1171011300106140000,1171011300106140000,614 대,270.4648969770282,not_joined_to_building_register,미건축/공지 추정,건축물대장 조인 실패와 실제 미건축 필지가 혼재될 수 있음
wirye_plan_area,1171011300106130009,1171011300106130009,613-9 대,269.3368648784033,not_joined_to_building_register,미건축/공지 추정,건축물대장 조인 실패와 실제 미건축 필지가 혼재될 수 있음
wirye_plan_area,1171011300106130008,1171011300106130008,613-8 대,269.1541678093545,not_joined_to_building_register,미건축/공지 추정,건축물대장 조인 실패와 실제 미건축 필지가 혼재될 수 있음
wirye_plan_area,1171011300106130007,1171011300106130007,613-7 대,269.27751580923115,not_joined_to_building_register,미건축/공지 추정,건축물대장 조인 실패와 실제 미건축 필지가 혼재될 수 있음
wirye_plan_area,1171011300106130006,1171011300106130006,613-6 대,271.2853835542473,not_joined_to_building_register,미건축/공지 추정,건축물대장 조인 실패와 실제 미건축 필지가 혼재될 수 있음
wirye_plan_area,1171011300106130005,1171011300106130005,613-5 대,268.3592807132632,not_joined_to_building_register,미건축/공지 추정,건축물대장 조인 실패와 실제 미건축 필지가 혼재될 수 있음
wirye_plan_area,1171011300106130004,1171011300106130004,613-4 대,274.6413796129679,not_joined_to_building_register,미건축/공지 추정,건축물대장 조인 실패와 실제 미건축 필지가 혼재될 수 있음
wirye_plan_area,1171011300106130002,1171011300106130002,613-2 대,274.5089316978615,not_joined_to_building_register,미건축/공지 추정,건축물대장 조인 실패와 실제 미건축 필지가 혼재될 수 있음
wirye_plan_area,1171011300106130001,1171011300106130001,613-1 대,312.95401297661283,not_joined_to_building_register,미건축/공지 추정,건축물대장 조인 실패와 실제 미건축 필지가 혼재될 수 있음
wirye_plan_area,1171011300106130000,1171011300106130000,613 대,269.4365133201763,not_joined_to_building_register,미건축/공지 추정,건축물대장 조인 실패와 실제 미건축 필지가 혼재될 수 있음
wirye_plan_area,1171011300106120018,1171011300106120018,612-18 대,298.5804439328743,not_joined_to_building_register,미건축/공지 추정,건축물대장 조인 실패와 실제 미건축 필지가 혼재될 수 있음
wirye_plan_area,1171011300106120017,1171011300106120017,612-17 대,298.2117998261418,not_joined_to_building_register,미건축/공지 추정,건축물대장 조인 실패와 실제 미건축 필지가 혼재될 수 있음
wirye_plan_area,1171011300106120016,1171011300106120016,612-16 대,298.31399818219745,not_joined_to_building_register,미건축/공지 추정,건축물대장 조인 실패와 실제 미건축 필지가 혼재될 수 있음
wirye_plan_area,1171011300106120015,1171011300106120015,612-15 대,254.8479978241215,not_joined_to_building_register,미건축/공지 추정,건축물대장 조인 실패와 실제 미건축 필지가 혼재될 수 있음
wirye_plan_area,1171011300106120014,1171011300106120014,612-14 대,254.7287497761071,not_joined_to_building_register,미건축/공지 추정,건축물대장 조인 실패와 실제 미건축 필지가 혼재될 수 있음
wirye_plan_area,1171011300106120012,1171011300106120012,612-12 대,254.7386495791891,not_joined_to_building_register,미건축/공지 추정,건축물대장 조인 실패와 실제 미건축 필지가 혼재될 수 있음
wirye_plan_area,1171011300106120011,1171011300106120011,612-11 대,255.08909391260767,not_joined_to_building_register,미건축/공지 추정,건축물대장 조인 실패와 실제 미건축 필지가 혼재될 수 있음
wirye_plan_area,1171011300106120008,1171011300106120008,612-8 대,244.74676049156383,not_joined_to_building_register,미건축/공지 추정,건축물대장 조인 실패와 실제 미건축 필지가 혼재될 수 있음
wirye_plan_area,1171011300106120007,1171011300106120007,612-7 대,244.88415827155933,not_joined_to_building_register,미건축/공지 추정,건축물대장 조인 실패와 실제 미건축 필지가 혼재될 수 있음
wirye_plan_area,1171011300106120005,1171011300106120005,612-5 대,272.2685175225983,not_joined_to_building_register,미건축/공지 추정,건축물대장 조인 실패와 실제 미건축 필지가 혼재될 수 있음
wirye_plan_area,1171011300106120004,1171011300106120004,612-4 대,272.1534193549085,not_joined_to_building_register,미건축/공지 추정,건축물대장 조인 실패와 실제 미건축 필지가 혼재될 수 있음
wirye_plan_area,1171011300106120003,1171011300106120003,612-3 대,272.48951395338037,not_joined_to_building_register,미건축/공지 추정,건축물대장 조인 실패와 실제 미건축 필지가 혼재될 수 있음
wirye_plan_area,1171011300106120002,1171011300106120002,612-2 대,266.96285292685644,not_joined_to_building_register,미건축/공지 추정,건축물대장 조인 실패와 실제 미건축 필지가 혼재될 수 있음
wirye_plan_area,1171011300106120001,1171011300106120001,612-1 대,269.9728544763897,not_joined_to_building_register,미건축/공지 추정,건축물대장 조인 실패와 실제 미건축 필지가 혼재될 수 있음
wirye_plan_area,1171011300106120000,1171011300106120000,612 대,265.7316726800587,not_joined_to_building_register,미건축/공지 추정,건축물대장 조인 실패와 실제 미건축 필지가 혼재될 수 있음
wirye_plan_area,1171011300106110011,1171011300106110011,611-11 대,237.2048816180698,not_joined_to_building_register,미건축/공지 추정,건축물대장 조인 실패와 실제 미건축 필지가 혼재될 수 있음
wirye_plan_area,1171011300106110010,1171011300106110010,611-10 대,232.4033588665336,not_joined_to_building_register,미건축/공지 추정,건축물대장 조인 실패와 실제 미건축 필지가 혼재될 수 있음
wirye_plan_area,1171011300106110007,1171011300106110007,611-7 대,274.8737753000083,not_joined_to_building_register,미건축/공지 추정,건축물대장 조인 실패와 실제 미건축 필지가 혼재될 수 있음
wirye_plan_area,1171011300106110005,1171011300106110005,611-5 대,243.49323043767416,not_joined_to_building_register,미건축/공지 추정,건축물대장 조인 실패와 실제 미건축 필지가 혼재될 수 있음
wirye_plan_area,1171011300106110003,1171011300106110003,611-3 대,299.1557344855576,not_joined_to_building_register,미건축/공지 추정,건축물대장 조인 실패와 실제 미건축 필지가 혼재될 수 있음
wirye_plan_area,1171011300106110001,1171011300106110001,611-1 대,329.9634885690579,not_joined_to_building_register,미건축/공지 추정,건축물대장 조인 실패와 실제 미건축 필지가 혼재될 수 있음
wirye_plan_area,1171011300106110000,1171011300106110000,611 대,279.83574539078467,not_joined_to_building_register,미건축/공지 추정,건축물대장 조인 실패와 실제 미건축 필지가 혼재될 수 있음
wirye_plan_area,1171011300106100010,1171011300106100010,610-10 대,237.49317675120102,not_joined_to_building_register,미건축/공지 추정,건축물대장 조인 실패와 실제 미건축 필지가 혼재될 수 있음
wirye_plan_area,1171011300106100009,1171011300106100009,610-9 대,264.35974423961704,not_joined_to_building_register,미건축/공지 추정,건축물대장 조인 실패와 실제 미건축 필지가 혼재될 수 있음
wirye_plan_area,1171011300106100008,1171011300106100008,610-8 대,260.0592134800789,not_joined_to_building_register,미건축/공지 추정,건축물대장 조인 실패와 실제 미건축 필지가 혼재될 수 있음
wirye_plan_area,1171011300106100007,1171011300106100007,610-7 대,259.9288156029268,not_joined_to_building_register,미건축/공지 추정,건축물대장 조인 실패와 실제 미건축 필지가 혼재될 수 있음
wirye_plan_area,1171011300106100006,1171011300106100006,610-6 대,298.6495423479723,not_joined_to_building_register,미건축/공지 추정,건축물대장 조인 실패와 실제 미건축 필지가 혼재될 수 있음
wirye_plan_area,1171011300106100004,1171011300106100004,610-4 대,267.59289233798864,not_joined_to_building_register,미건축/공지 추정,건축물대장 조인 실패와 실제 미건축 필지가 혼재될 수 있음
wirye_plan_area,1171011300106100003,1171011300106100003,610-3 대,240.33233114904812,not_joined_to_building_register,미건축/공지 추정,건축물대장 조인 실패와 실제 미건축 필지가 혼재될 수 있음
wirye_plan_area,1171011300106100002,1171011300106100002,610-2 대,224.97057842503432,not_joined_to_building_register,미건축/공지 추정,건축물대장 조인 실패와 실제 미건축 필지가 혼재될 수 있음
wirye_plan_area,1171011300106070001,1171011300106070001,607-1 공,3542.2113732762414,not_joined_to_building_register,미건축/공지 추정,건축물대장 조인 실패와 실제 미건축 필지가 혼재될 수 있음
wirye_plan_area,1171011300106050002,1171011300106050002,605-2 대,999.8360549099025,not_joined_to_building_register,미건축/공지 추정,건축물대장 조인 실패와 실제 미건축 필지가 혼재될 수 있음
wirye_plan_area,1171011300106050001,1171011300106050001,605-1 도,375.4214566146444,not_joined_to_building_register,미건축/공지 추정,건축물대장 조인 실패와 실제 미건축 필지가 혼재될 수 있음
wirye_plan_area,1171011300106040005,1171011300106040005,604-5 도,6022.689657976857,not_joined_to_building_register,미건축/공지 추정,건축물대장 조인 실패와 실제 미건축 필지가 혼재될 수 있음
wirye_plan_area,1171011300106040001,1171011300106040001,604-1 도,469.63603952745484,not_joined_to_building_register,미건축/공지 추정,건축물대장 조인 실패와 실제 미건축 필지가 혼재될 수 있음
wirye_plan_area,1171011300106030000,1171011300106030000,603 대,4629.532566156405,not_joined_to_building_register,미건축/공지 추정,건축물대장 조인 실패와 실제 미건축 필지가 혼재될 수 있음
wirye_plan_area,1171011300105990002,1171011300105990002,599-2 공,10292.171750825555,not_joined_to_building_register,미건축/공지 추정,건축물대장 조인 실패와 실제 미건축 필지가 혼재될 수 있음
wirye_plan_area,1171011300105990001,1171011300105990001,599-1 공,8691.036386246818,not_joined_to_building_register,미건축/공지 추정,건축물대장 조인 실패와 실제 미건축 필지가 혼재될 수 있음
wirye_plan_area,1171011300105980000,1171011300105980000,598 학,11029.525609814258,not_joined_to_building_register,미건축/공지 추정,건축물대장 조인 실패와 실제 미건축 필지가 혼재될 수 있음
wirye_plan_area,1171011300105970002,1171011300105970002,597-2 공,3178.971880598591,not_joined_to_building_register,미건축/공지 추정,건축물대장 조인 실패와 실제 미건축 필지가 혼재될 수 있음
wirye_plan_area,1171011300105970001,1171011300105970001,597-1 공,9181.508613966997,not_joined_to_building_register,미건축/공지 추정,건축물대장 조인 실패와 실제 미건축 필지가 혼재될 수 있음
wirye_plan_area,1171011300105960001,1171011300105960001,596-1 공,4730.341368578467,not_joined_to_building_register,미건축/공지 추정,건축물대장 조인 실패와 실제 미건축 필지가 혼재될 수 있음
wirye_plan_area,1171011300105940002,1171011300105940002,594-2 대,35318.39326190919,not_joined_to_building_register,미건축/공지 추정,건축물대장 조인 실패와 실제 미건축 필지가 혼재될 수 있음
wirye_plan_area,1171011300105940001,1171011300105940001,594-1 대,30050.517323817574,not_joined_to_building_register,미건축/공지 추정,건축물대장 조인 실패와 실제 미건축 필지가 혼재될 수 있음
wirye_plan_area,1171011300105870001,1171011300105870001,587-1 도,32.18602120557635,not_joined_to_building_register,미건축/공지 추정,건축물대장 조인 실패와 실제 미건축 필지가 혼재될 수 있음
wirye_plan_area,1171011300105860002,1171011300105860002,586-2 전,9.607207919847133,not_joined_to_building_register,미건축/공지 추정,건축물대장 조인 실패와 실제 미건축 필지가 혼재될 수 있음
wirye_plan_area,1171011300105860001,1171011300105860001,586-1 전,355.9608457314276,not_joined_to_building_register,미건축/공지 추정,건축물대장 조인 실패와 실제 미건축 필지가 혼재될 수 있음
wirye_plan_area,1171011300105750001,1171011300105750001,575-1 전,3773.9818783982428,not_joined_to_building_register,미건축/공지 추정,건축물대장 조인 실패와 실제 미건축 필지가 혼재될 수 있음
wirye_plan_area,1171011300105730004,1171011300105730004,573-4 임,227.86290905131392,not_joined_to_building_register,미건축/공지 추정,건축물대장 조인 실패와 실제 미건축 필지가 혼재될 수 있음
wirye_plan_area,1171011300105730003,1171011300105730003,573-3 임,1457.6663944956395,not_joined_to_building_register,미건축/공지 추정,건축물대장 조인 실패와 실제 미건축 필지가 혼재될 수 있음
wirye_plan_area,1171011300105730002,1171011300105730002,573-2 임,13413.710118084658,not_joined_to_building_register,미건축/공지 추정,건축물대장 조인 실패와 실제 미건축 필지가 혼재될 수 있음
wirye_plan_area,1171011300105730001,1171011300105730001,573-1 임,231.5564278666138,not_joined_to_building_register,미건축/공지 추정,건축물대장 조인 실패와 실제 미건축 필지가 혼재될 수 있음
wirye_plan_area,1171011300105720005,1171011300105720005,572-5 임,795.2355692553507,not_joined_to_building_register,미건축/공지 추정,건축물대장 조인 실패와 실제 미건축 필지가 혼재될 수 있음
wirye_plan_area,1171011300105720004,1171011300105720004,572-4 임,159.05658555045474,not_joined_to_building_register,미건축/공지 추정,건축물대장 조인 실패와 실제 미건축 필지가 혼재될 수 있음
wirye_plan_area,1171011300105720003,1171011300105720003,572-3 임,43.50273691202848,not_joined_to_building_register,미건축/공지 추정,건축물대장 조인 실패와 실제 미건축 필지가 혼재될 수 있음
wirye_plan_area,1171011300105720002,1171011300105720002,572-2 임,1250.1833398476545,not_joined_to_building_register,미건축/공지 추정,건축물대장 조인 실패와 실제 미건축 필지가 혼재될 수 있음
wirye_plan_area,1171011300105720001,1171011300105720001,572-1 임,5391.891464024151,not_joined_to_building_register,미건축/공지 추정,건축물대장 조인 실패와 실제 미건축 필지가 혼재될 수 있음
wirye_plan_area,1171011300105160001,1171011300105160001,516-1 잡,57.18061066018477,not_joined_to_building_register,미건축/공지 추정,건축물대장 조인 실패와 실제 미건축 필지가 혼재될 수 있음
wirye_plan_area,1171011300105130001,1171011300105130001,513-1 잡,61.58918170872737,not_joined_to_building_register,미건축/공지 추정,건축물대장 조인 실패와 실제 미건축 필지가 혼재될 수 있음
wirye_plan_area,1171011300105030003,1171011300105030003,503-3 잡,108.76666305360715,not_joined_to_building_register,미건축/공지 추정,건축물대장 조인 실패와 실제 미건축 필지가 혼재될 수 있음
wirye_plan_area,1171011300104970002,1171011300104970002,497-2 임,10920.710600477523,not_joined_to_building_register,미건축/공지 추정,건축물대장 조인 실패와 실제 미건축 필지가 혼재될 수 있음
wirye_plan_area,1171011300104870014,1171011300104870014,487-14 잡,171.8555985071185,not_joined_to_building_register,미건축/공지 추정,건축물대장 조인 실패와 실제 미건축 필지가 혼재될 수 있음
wirye_plan_area,1171011300104870009,1171011300104870009,487-9 잡,174.63128298723106,not_joined_to_building_register,미건축/공지 추정,건축물대장 조인 실패와 실제 미건축 필지가 혼재될 수 있음
wirye_plan_area,1171011300104760001,1171011300104760001,476-1 임,3123.431426305667,not_joined_to_building_register,미건축/공지 추정,건축물대장 조인 실패와 실제 미건축 필지가 혼재될 수 있음
wirye_plan_area,1171011300104530001,1171011300104530001,453-1 답,1706.863329328473,not_joined_to_building_register,미건축/공지 추정,건축물대장 조인 실패와 실제 미건축 필지가 혼재될 수 있음
wirye_plan_area,1171011300104490000,1171011300104490000,449답,3344.920954557939,not_joined_to_building_register,미건축/공지 추정,건축물대장 조인 실패와 실제 미건축 필지가 혼재될 수 있음
wirye_plan_area,1171011300104430005,1171011300104430005,443-5 잡,53.63002527646918,not_joined_to_building_register,미건축/공지 추정,건축물대장 조인 실패와 실제 미건축 필지가 혼재될 수 있음
wirye_plan_area,1171011300104430004,1171011300104430004,443-4 잡,70.28029182529887,not_joined_to_building_register,미건축/공지 추정,건축물대장 조인 실패와 실제 미건축 필지가 혼재될 수 있음
wirye_plan_area,1171011300104430003,1171011300104430003,443-3 잡,24.554758998299526,not_joined_to_building_register,미건축/공지 추정,건축물대장 조인 실패와 실제 미건축 필지가 혼재될 수 있음
wirye_plan_area,1171011300104430002,1171011300104430002,443-2 잡,63.19737036612056,not_joined_to_building_register,미건축/공지 추정,건축물대장 조인 실패와 실제 미건축 필지가 혼재될 수 있음
wirye_plan_area,1171011300104430001,1171011300104430001,443-1 잡,15.059261211882108,not_joined_to_building_register,미건축/공지 추정,건축물대장 조인 실패와 실제 미건축 필지가 혼재될 수 있음
wirye_plan_area,1171011300104340000,1171011300104340000,434답,131.25951057511497,not_joined_to_building_register,미건축/공지 추정,건축물대장 조인 실패와 실제 미건축 필지가 혼재될 수 있음
wirye_plan_area,1171011300104330000,1171011300104330000,433전,230.56843227240154,not_joined_to_building_register,미건축/공지 추정,건축물대장 조인 실패와 실제 미건축 필지가 혼재될 수 있음
wirye_plan_area,1171011300104310000,1171011300104310000,431답,1652.8055234227327,not_joined_to_building_register,미건축/공지 추정,건축물대장 조인 실패와 실제 미건축 필지가 혼재될 수 있음
wirye_plan_area,1171011300104300000,1171011300104300000,430답,3644.0850835319384,not_joined_to_building_register,미건축/공지 추정,건축물대장 조인 실패와 실제 미건축 필지가 혼재될 수 있음
wirye_plan_area,1171011300104290000,1171011300104290000,429전,1655.1989273988818,not_joined_to_building_register,미건축/공지 추정,건축물대장 조인 실패와 실제 미건축 필지가 혼재될 수 있음
wirye_plan_area,1171011300104280006,1171011300104280006,428-6 도,368.88221070832566,not_joined_to_building_register,미건축/공지 추정,건축물대장 조인 실패와 실제 미건축 필지가 혼재될 수 있음
wirye_plan_area,1171011300104280005,1171011300104280005,428-5 도,720.7920093407313,not_joined_to_building_register,미건축/공지 추정,건축물대장 조인 실패와 실제 미건축 필지가 혼재될 수 있음
wirye_plan_area,1171011300104280004,1171011300104280004,428-4 잡,93.5202641498702,not_joined_to_building_register,미건축/공지 추정,건축물대장 조인 실패와 실제 미건축 필지가 혼재될 수 있음
wirye_plan_area,1171011300104280003,1171011300104280003,428-3 잡,129.8984301977851,not_joined_to_building_register,미건축/공지 추정,건축물대장 조인 실패와 실제 미건축 필지가 혼재될 수 있음
wirye_plan_area,1171011300104280002,1171011300104280002,428-2 잡,349.4511487965097,not_joined_to_building_register,미건축/공지 추정,건축물대장 조인 실패와 실제 미건축 필지가 혼재될 수 있음
wirye_plan_area,1171011300104280001,1171011300104280001,428-1 도,4.705348254044138,not_joined_to_building_register,미건축/공지 추정,건축물대장 조인 실패와 실제 미건축 필지가 혼재될 수 있음
wirye_plan_area,1171011300104280000,1171011300104280000,428대,2064.58968971742,not_joined_to_building_register,미건축/공지 추정,건축물대장 조인 실패와 실제 미건축 필지가 혼재될 수 있음
wirye_plan_area,1171011300104270000,1171011300104270000,427전,2418.6199866423503,not_joined_to_building_register,미건축/공지 추정,건축물대장 조인 실패와 실제 미건축 필지가 혼재될 수 있음
wirye_plan_area,1171011300104320000,1171011300104320000,432답,281.08046692760354,not_joined_to_building_register,미건축/공지 추정,건축물대장 조인 실패와 실제 미건축 필지가 혼재될 수 있음
wirye_plan_area,1171011300104250000,1171011300104250000,425대,523.277840759535,not_joined_to_building_register,미건축/공지 추정,건축물대장 조인 실패와 실제 미건축 필지가 혼재될 수 있음
wirye_plan_area,1171011300104240004,1171011300104240004,424-4 잡,1152.1441508830799,not_joined_to_building_register,미건축/공지 추정,건축물대장 조인 실패와 실제 미건축 필지가 혼재될 수 있음
wirye_plan_area,1171011300104240003,1171011300104240003,424-3 잡,814.6912688248779,not_joined_to_building_register,미건축/공지 추정,건축물대장 조인 실패와 실제 미건축 필지가 혼재될 수 있음
wirye_plan_area,1171011300104240002,1171011300104240002,424-2 잡,448.33923462650745,not_joined_to_building_register,미건축/공지 추정,건축물대장 조인 실패와 실제 미건축 필지가 혼재될 수 있음
wirye_plan_area,1171011300104240001,1171011300104240001,424-1천,3051.5918814290653,not_joined_to_building_register,미건축/공지 추정,건축물대장 조인 실패와 실제 미건축 필지가 혼재될 수 있음
wirye_plan_area,1171011300104240000,1171011300104240000,424답,11243.551858634157,not_joined_to_building_register,미건축/공지 추정,건축물대장 조인 실패와 실제 미건축 필지가 혼재될 수 있음
wirye_plan_area,1171011300104230000,1171011300104230000,423전,1076.8251916024903,not_joined_to_building_register,미건축/공지 추정,건축물대장 조인 실패와 실제 미건축 필지가 혼재될 수 있음
wirye_plan_area,1171011300104220000,1171011300104220000,422전,115.02774785131412,not_joined_to_building_register,미건축/공지 추정,건축물대장 조인 실패와 실제 미건축 필지가 혼재될 수 있음
wirye_plan_area,1171011300104210000,1171011300104210000,421 임,14.831487306678962,not_joined_to_building_register,미건축/공지 추정,건축물대장 조인 실패와 실제 미건축 필지가 혼재될 수 있음
wirye_plan_area,1171011300103950144,1171011300103950144,395-144 답,0.5694378331317833,not_joined_to_building_register,미건축/공지 추정,건축물대장 조인 실패와 실제 미건축 필지가 혼재될 수 있음
wirye_plan_area,1171011300103950143,1171011300103950143,395-143 도,4.4243967742705985,not_joined_to_building_register,미건축/공지 추정,건축물대장 조인 실패와 실제 미건축 필지가 혼재될 수 있음
wirye_plan_area,1171011300103950142,1171011300103950142,395-142 전,18.849666552459,not_joined_to_building_register,미건축/공지 추정,건축물대장 조인 실패와 실제 미건축 필지가 혼재될 수 있음
wirye_plan_area,1171011300103950141,1171011300103950141,395-141 답,47.49196398123414,not_joined_to_building_register,미건축/공지 추정,건축물대장 조인 실패와 실제 미건축 필지가 혼재될 수 있음
wirye_plan_area,1171011300103950140,1171011300103950140,395-140 답,15.285556937458548,not_joined_to_building_register,미건축/공지 추정,건축물대장 조인 실패와 실제 미건축 필지가 혼재될 수 있음
wirye_plan_area,1171011300103950139,1171011300103950139,395-139 답,4.483752329478411,not_joined_to_building_register,미건축/공지 추정,건축물대장 조인 실패와 실제 미건축 필지가 혼재될 수 있음
wirye_plan_area,1171011300103950138,1171011300103950138,395-138 도,4.412449469526322,not_joined_to_building_register,미건축/공지 추정,건축물대장 조인 실패와 실제 미건축 필지가 혼재될 수 있음
wirye_plan_area,1171011300103950137,1171011300103950137,395-137 도,1.3156883167554678,not_joined_to_building_register,미건축/공지 추정,건축물대장 조인 실패와 실제 미건축 필지가 혼재될 수 있음
wirye_plan_area,1171011300103950136,1171011300103950136,395-136 전,2.479636066457773,not_joined_to_building_register,미건축/공지 추정,건축물대장 조인 실패와 실제 미건축 필지가 혼재될 수 있음
wirye_plan_area,1171011300103950107,1171011300103950107,395-107 도,39.52356911042263,not_joined_to_building_register,미건축/공지 추정,건축물대장 조인 실패와 실제 미건축 필지가 혼재될 수 있음
wirye_plan_area,1171011300103950106,1171011300103950106,395-106 전,19.05484117529273,not_joined_to_building_register,미건축/공지 추정,건축물대장 조인 실패와 실제 미건축 필지가 혼재될 수 있음
wirye_plan_area,1171011300103950105,1171011300103950105,395-105 도,144.96720112757487,not_joined_to_building_register,미건축/공지 추정,건축물대장 조인 실패와 실제 미건축 필지가 혼재될 수 있음
wirye_plan_area,1171011300103950104,1171011300103950104,395-104 도,28.68291472852386,not_joined_to_building_register,미건축/공지 추정,건축물대장 조인 실패와 실제 미건축 필지가 혼재될 수 있음
wirye_plan_area,1171011300103950103,1171011300103950103,395-103 전,4.554038674424148,not_joined_to_building_register,미건축/공지 추정,건축물대장 조인 실패와 실제 미건축 필지가 혼재될 수 있음
wirye_plan_area,1171011300103950102,1171011300103950102,395-102 도,496.9565199917071,not_joined_to_building_register,미건축/공지 추정,건축물대장 조인 실패와 실제 미건축 필지가 혼재될 수 있음
wirye_plan_area,1171011300103950101,1171011300103950101,395-101 도,157.83668356464852,not_joined_to_building_register,미건축/공지 추정,건축물대장 조인 실패와 실제 미건축 필지가 혼재될 수 있음
wirye_plan_area,1171011300103950100,1171011300103950100,395-100 전,49.91100452988736,not_joined_to_building_register,미건축/공지 추정,건축물대장 조인 실패와 실제 미건축 필지가 혼재될 수 있음
wirye_plan_area,1171011300103950099,1171011300103950099,395-99 답,74.17779488031178,not_joined_to_building_register,미건축/공지 추정,건축물대장 조인 실패와 실제 미건축 필지가 혼재될 수 있음
wirye_plan_area,1171011300103950098,1171011300103950098,395-98 답,36.76411216338349,not_joined_to_building_register,미건축/공지 추정,건축물대장 조인 실패와 실제 미건축 필지가 혼재될 수 있음
wirye_plan_area,1171011300103950097,1171011300103950097,395-97 도,32.70889397429386,not_joined_to_building_register,미건축/공지 추정,건축물대장 조인 실패와 실제 미건축 필지가 혼재될 수 있음
wirye_plan_area,1171011300103950096,1171011300103950096,395-96 도,12.76934793859301,not_joined_to_building_register,미건축/공지 추정,건축물대장 조인 실패와 실제 미건축 필지가 혼재될 수 있음
wirye_plan_area,1171011300103950095,1171011300103950095,395-95 답,403.69345512438724,not_joined_to_building_register,미건축/공지 추정,건축물대장 조인 실패와 실제 미건축 필지가 혼재될 수 있음
wirye_plan_area,1171011300103950094,1171011300103950094,395-94 답,516.0965446360376,not_joined_to_building_register,미건축/공지 추정,건축물대장 조인 실패와 실제 미건축 필지가 혼재될 수 있음
wirye_plan_area,1171011300103950093,1171011300103950093,395-93 답,620.6862434357554,not_joined_to_building_register,미건축/공지 추정,건축물대장 조인 실패와 실제 미건축 필지가 혼재될 수 있음
wirye_plan_area,1171011300103950092,1171011300103950092,395-92 답,8.573421533709087,not_joined_to_building_register,미건축/공지 추정,건축물대장 조인 실패와 실제 미건축 필지가 혼재될 수 있음
wirye_plan_area,1171011300103950091,1171011300103950091,395-91 답,1152.061474180926,not_joined_to_building_register,미건축/공지 추정,건축물대장 조인 실패와 실제 미건축 필지가 혼재될 수 있음
wirye_plan_area,1171011300103950090,1171011300103950090,395-90 답,13.095868738800464,not_joined_to_building_register,미건축/공지 추정,건축물대장 조인 실패와 실제 미건축 필지가 혼재될 수 있음
wirye_plan_area,1171011300103950089,1171011300103950089,395-89 답,187.91467935013614,not_joined_to_building_register,미건축/공지 추정,건축물대장 조인 실패와 실제 미건축 필지가 혼재될 수 있음
wirye_plan_area,1171011300103950088,1171011300103950088,395-88 답,65.31800181109377,not_joined_to_building_register,미건축/공지 추정,건축물대장 조인 실패와 실제 미건축 필지가 혼재될 수 있음
wirye_plan_area,1171011300103950086,1171011300103950086,395-86 천,402.43485326509443,not_joined_to_building_register,미건축/공지 추정,건축물대장 조인 실패와 실제 미건축 필지가 혼재될 수 있음
wirye_plan_area,1171011300103950085,1171011300103950085,395-85 임,1268.5665831722588,not_joined_to_building_register,미건축/공지 추정,건축물대장 조인 실패와 실제 미건축 필지가 혼재될 수 있음
wirye_plan_area,1171011300103950084,1171011300103950084,395-84 도,123.83461518020319,not_joined_to_building_register,미건축/공지 추정,건축물대장 조인 실패와 실제 미건축 필지가 혼재될 수 있음
wirye_plan_area,1171011300103950083,1171011300103950083,395-83 도,486.89049576986247,not_joined_to_building_register,미건축/공지 추정,건축물대장 조인 실패와 실제 미건축 필지가 혼재될 수 있음
wirye_plan_area,1171011300103950082,1171011300103950082,395-82 구,30.486770967591355,not_joined_to_building_register,미건축/공지 추정,건축물대장 조인 실패와 실제 미건축 필지가 혼재될 수 있음
wirye_plan_area,1171011300103950081,1171011300103950081,395-81 전,799.5189580225853,not_joined_to_building_register,미건축/공지 추정,건축물대장 조인 실패와 실제 미건축 필지가 혼재될 수 있음
wirye_plan_area,1171011300103950079,1171011300103950079,395-79 답,658.3848213902684,not_joined_to_building_register,미건축/공지 추정,건축물대장 조인 실패와 실제 미건축 필지가 혼재될 수 있음
wirye_plan_area,1171011300103950078,1171011300103950078,395-78 답,429.8843819379898,not_joined_to_building_register,미건축/공지 추정,건축물대장 조인 실패와 실제 미건축 필지가 혼재될 수 있음
wirye_plan_area,1171011300103950077,1171011300103950077,395-77 답,398.37328855221983,not_joined_to_building_register,미건축/공지 추정,건축물대장 조인 실패와 실제 미건축 필지가 혼재될 수 있음
wirye_plan_area,1171011300103950076,1171011300103950076,395-76 답,1114.6976850488588,not_joined_to_building_register,미건축/공지 추정,건축물대장 조인 실패와 실제 미건축 필지가 혼재될 수 있음
wirye_plan_area,1171011300103950075,1171011300103950075,395-75 전,6.266724055744442,not_joined_to_building_register,미건축/공지 추정,건축물대장 조인 실패와 실제 미건축 필지가 혼재될 수 있음
wirye_plan_area,1171011300103950074,1171011300103950074,395-74 전,7.338605297754156,not_joined_to_building_register,미건축/공지 추정,건축물대장 조인 실패와 실제 미건축 필지가 혼재될 수 있음
wirye_plan_area,1171011300103950073,1171011300103950073,395-73 전,320.68494457105527,not_joined_to_building_register,미건축/공지 추정,건축물대장 조인 실패와 실제 미건축 필지가 혼재될 수 있음
wirye_plan_area,1171011300103950072,1171011300103950072,395-72 전,492.49329291222125,not_joined_to_building_register,미건축/공지 추정,건축물대장 조인 실패와 실제 미건축 필지가 혼재될 수 있음
wirye_plan_area,1171011300103950071,1171011300103950071,395-71 전,177.04263998978792,not_joined_to_building_register,미건축/공지 추정,건축물대장 조인 실패와 실제 미건축 필지가 혼재될 수 있음
wirye_plan_area,1171011300103950070,1171011300103950070,395-70 답,150.60487446199488,not_joined_to_building_register,미건축/공지 추정,건축물대장 조인 실패와 실제 미건축 필지가 혼재될 수 있음
wirye_plan_area,1171011300103950069,1171011300103950069,395-69 답,105.25629437561658,not_joined_to_building_register,미건축/공지 추정,건축물대장 조인 실패와 실제 미건축 필지가 혼재될 수 있음
wirye_plan_area,1171011300103950068,1171011300103950068,395-68 대,56.26259287772612,not_joined_to_building_register,미건축/공지 추정,건축물대장 조인 실패와 실제 미건축 필지가 혼재될 수 있음
wirye_plan_area,1171011300103950067,1171011300103950067,395-67 대,764.4387154762484,not_joined_to_building_register,미건축/공지 추정,건축물대장 조인 실패와 실제 미건축 필지가 혼재될 수 있음
wirye_plan_area,1171011300103950066,1171011300103950066,395-66 대,372.1564563803716,not_joined_to_building_register,미건축/공지 추정,건축물대장 조인 실패와 실제 미건축 필지가 혼재될 수 있음
wirye_plan_area,1171011300103950065,1171011300103950065,395-65 대,610.7468331297868,not_joined_to_building_register,미건축/공지 추정,건축물대장 조인 실패와 실제 미건축 필지가 혼재될 수 있음
wirye_plan_area,1171011300103950064,1171011300103950064,395-64 전,337.89479997422063,not_joined_to_building_register,미건축/공지 추정,건축물대장 조인 실패와 실제 미건축 필지가 혼재될 수 있음
wirye_plan_area,1171011300103950063,1171011300103950063,395-63 전,324.8025061608322,not_joined_to_building_register,미건축/공지 추정,건축물대장 조인 실패와 실제 미건축 필지가 혼재될 수 있음
wirye_plan_area,1171011300103950062,1171011300103950062,395-62 전,2356.2624724000716,not_joined_to_building_register,미건축/공지 추정,건축물대장 조인 실패와 실제 미건축 필지가 혼재될 수 있음
wirye_plan_area,1171011300103950061,1171011300103950061,395-61 답,23.973237903453455,not_joined_to_building_register,미건축/공지 추정,건축물대장 조인 실패와 실제 미건축 필지가 혼재될 수 있음
wirye_plan_area,1171011300103950059,1171011300103950059,395-59 도,48.28899550564437,not_joined_to_building_register,미건축/공지 추정,건축물대장 조인 실패와 실제 미건축 필지가 혼재될 수 있음
wirye_plan_area,1171011300103950058,1171011300103950058,395-58 도,114.53018739268613,not_joined_to_building_register,미건축/공지 추정,건축물대장 조인 실패와 실제 미건축 필지가 혼재될 수 있음
wirye_plan_area,1171011300103950053,1171011300103950053,395-53 전,544.8942821332645,not_joined_to_building_register,미건축/공지 추정,건축물대장 조인 실패와 실제 미건축 필지가 혼재될 수 있음
wirye_plan_area,1171011300103950052,1171011300103950052,395-52 도,133.58101487737954,not_joined_to_building_register,미건축/공지 추정,건축물대장 조인 실패와 실제 미건축 필지가 혼재될 수 있음
wirye_plan_area,1171011300103950051,1171011300103950051,395-51 전,4045.8610643848733,not_joined_to_building_register,미건축/공지 추정,건축물대장 조인 실패와 실제 미건축 필지가 혼재될 수 있음
wirye_plan_area,1171011300103950049,1171011300103950049,395-49 도,19.696025343490042,not_joined_to_building_register,미건축/공지 추정,건축물대장 조인 실패와 실제 미건축 필지가 혼재될 수 있음
wirye_plan_area,1171011300103950048,1171011300103950048,395-48 답,222.32252205919707,not_joined_to_building_register,미건축/공지 추정,건축물대장 조인 실패와 실제 미건축 필지가 혼재될 수 있음
wirye_plan_area,1171011300103950047,1171011300103950047,395-47 도,19.487549790633683,not_joined_to_building_register,미건축/공지 추정,건축물대장 조인 실패와 실제 미건축 필지가 혼재될 수 있음
wirye_plan_area,1171011300103950046,1171011300103950046,395-46 전,922.0045454026493,not_joined_to_building_register,미건축/공지 추정,건축물대장 조인 실패와 실제 미건축 필지가 혼재될 수 있음
wirye_plan_area,1171011300103950045,1171011300103950045,395-45 답,383.43836653240265,not_joined_to_building_register,미건축/공지 추정,건축물대장 조인 실패와 실제 미건축 필지가 혼재될 수 있음
wirye_plan_area,1171011300103950044,1171011300103950044,395-44 답,59.29437849413444,not_joined_to_building_register,미건축/공지 추정,건축물대장 조인 실패와 실제 미건축 필지가 혼재될 수 있음
wirye_plan_area,1171011300103950043,1171011300103950043,395-43 전,33.28420121479572,not_joined_to_building_register,미건축/공지 추정,건축물대장 조인 실패와 실제 미건축 필지가 혼재될 수 있음
wirye_plan_area,1171011300103950041,1171011300103950041,395-41 도,157.99794264615053,not_joined_to_building_register,미건축/공지 추정,건축물대장 조인 실패와 실제 미건축 필지가 혼재될 수 있음
wirye_plan_area,1171011300103950039,1171011300103950039,395-39 천,52.60004838103324,not_joined_to_building_register,미건축/공지 추정,건축물대장 조인 실패와 실제 미건축 필지가 혼재될 수 있음
wirye_plan_area,1171011300103950038,1171011300103950038,395-38 천,62.27805419226016,not_joined_to_building_register,미건축/공지 추정,건축물대장 조인 실패와 실제 미건축 필지가 혼재될 수 있음
wirye_plan_area,1171011300103950037,1171011300103950037,395-37 구,148.40649549291018,not_joined_to_building_register,미건축/공지 추정,건축물대장 조인 실패와 실제 미건축 필지가 혼재될 수 있음
wirye_plan_area,1171011300103950031,1171011300103950031,395-31 도,71.32580179796538,not_joined_to_building_register,미건축/공지 추정,건축물대장 조인 실패와 실제 미건축 필지가 혼재될 수 있음
wirye_plan_area,1171011300103950028,1171011300103950028,395-28 답,1072.5343078027126,not_joined_to_building_register,미건축/공지 추정,건축물대장 조인 실패와 실제 미건축 필지가 혼재될 수 있음
wirye_plan_area,1171011300103950135,1171011300103950135,395-135 전,1.4882320336441777,not_joined_to_building_register,미건축/공지 추정,건축물대장 조인 실패와 실제 미건축 필지가 혼재될 수 있음
wirye_plan_area,1171011300103950080,1171011300103950080,395-80 전,802.3385359421081,not_joined_to_building_register,미건축/공지 추정,건축물대장 조인 실패와 실제 미건축 필지가 혼재될 수 있음
wirye_plan_area,1171011300103910001,1171011300103910001,391-1답,235.3721278362663,not_joined_to_building_register,미건축/공지 추정,건축물대장 조인 실패와 실제 미건축 필지가 혼재될 수 있음
wirye_plan_area,1171011300103770000,1171011300103770000,377전,484.8370410842926,not_joined_to_building_register,미건축/공지 추정,건축물대장 조인 실패와 실제 미건축 필지가 혼재될 수 있음
wirye_plan_area,1171011300103760004,1171011300103760004,376-4 도,55.292112185877656,not_joined_to_building_register,미건축/공지 추정,건축물대장 조인 실패와 실제 미건축 필지가 혼재될 수 있음
wirye_plan_area,1171011300103760001,1171011300103760001,376-1도,30.708851980733257,not_joined_to_building_register,미건축/공지 추정,건축물대장 조인 실패와 실제 미건축 필지가 혼재될 수 있음
wirye_plan_area,1171011300103760000,1171011300103760000,376답,369.7057891523555,not_joined_to_building_register,미건축/공지 추정,건축물대장 조인 실패와 실제 미건축 필지가 혼재될 수 있음
wirye_plan_area,1171011300103710008,1171011300103710008,371-8 대,2612.384513766272,not_joined_to_building_register,미건축/공지 추정,건축물대장 조인 실패와 실제 미건축 필지가 혼재될 수 있음
wirye_plan_area,1171011300103710007,1171011300103710007,371-7 잡,20.46377787083557,not_joined_to_building_register,미건축/공지 추정,건축물대장 조인 실패와 실제 미건축 필지가 혼재될 수 있음
wirye_plan_area,1171011300103710003,1171011300103710003,371-3답,431.28906554883343,not_joined_to_building_register,미건축/공지 추정,건축물대장 조인 실패와 실제 미건축 필지가 혼재될 수 있음
wirye_plan_area,1171011300103710002,1171011300103710002,371-2 잡,96.2537994066024,not_joined_to_building_register,미건축/공지 추정,건축물대장 조인 실패와 실제 미건축 필지가 혼재될 수 있음
wirye_plan_area,1171011300103710000,1171011300103710000,371대,466.3799067481997,not_joined_to_building_register,미건축/공지 추정,건축물대장 조인 실패와 실제 미건축 필지가 혼재될 수 있음
wirye_plan_area,1171011300103950134,1171011300103950134,395-134 도,8.410959603363874,not_joined_to_building_register,미건축/공지 추정,건축물대장 조인 실패와 실제 미건축 필지가 혼재될 수 있음
wirye_plan_area,1171011300103670001,1171011300103670001,367-1 공,25.068125690231724,not_joined_to_building_register,미건축/공지 추정,건축물대장 조인 실패와 실제 미건축 필지가 혼재될 수 있음
wirye_plan_area,1171011300103670000,1171011300103670000,367전,2613.2479023699852,not_joined_to_building_register,미건축/공지 추정,건축물대장 조인 실패와 실제 미건축 필지가 혼재될 수 있음
wirye_plan_area,1171011300103660000,1171011300103660000,366전,643.3958226015668,not_joined_to_building_register,미건축/공지 추정,건축물대장 조인 실패와 실제 미건축 필지가 혼재될 수 있음
wirye_plan_area,1171011300103610000,1171011300103610000,361전,2925.3156964441055,not_joined_to_building_register,미건축/공지 추정,건축물대장 조인 실패와 실제 미건축 필지가 혼재될 수 있음
wirye_plan_area,1171011300103950133,1171011300103950133,395-133 도,3.1714159513882603,not_joined_to_building_register,미건축/공지 추정,건축물대장 조인 실패와 실제 미건축 필지가 혼재될 수 있음
wirye_plan_area,1171011300103950132,1171011300103950132,395-132 전,1.7498108282282978,not_joined_to_building_register,미건축/공지 추정,건축물대장 조인 실패와 실제 미건축 필지가 혼재될 수 있음
wirye_plan_area,1171011300102960007,1171011300102960007,296-7구,160.22687903736278,not_joined_to_building_register,미건축/공지 추정,건축물대장 조인 실패와 실제 미건축 필지가 혼재될 수 있음
wirye_plan_area,1171011300102960006,1171011300102960006,296-6학,12.863462967469161,not_joined_to_building_register,미건축/공지 추정,건축물대장 조인 실패와 실제 미건축 필지가 혼재될 수 있음
wirye_plan_area,1171011300102660087,1171011300102660087,266-87 도,436.64886282540755,not_joined_to_building_register,미건축/공지 추정,건축물대장 조인 실패와 실제 미건축 필지가 혼재될 수 있음
wirye_plan_area,1171011300102660086,1171011300102660086,266-86 전,2.2885796583016575,not_joined_to_building_register,미건축/공지 추정,건축물대장 조인 실패와 실제 미건축 필지가 혼재될 수 있음
wirye_plan_area,1171011300102660085,1171011300102660085,266-85 전,99.12511290410339,not_joined_to_building_register,미건축/공지 추정,건축물대장 조인 실패와 실제 미건축 필지가 혼재될 수 있음
wirye_plan_area,1171011300102660084,1171011300102660084,266-84 전,234.65640418937107,not_joined_to_building_register,미건축/공지 추정,건축물대장 조인 실패와 실제 미건축 필지가 혼재될 수 있음
wirye_plan_area,1171011300102660083,1171011300102660083,266-83 대,148.41106698837328,not_joined_to_building_register,미건축/공지 추정,건축물대장 조인 실패와 실제 미건축 필지가 혼재될 수 있음
wirye_plan_area,1171011300103950131,1171011300103950131,395-131 답,0.37944989181564354,not_joined_to_building_register,미건축/공지 추정,건축물대장 조인 실패와 실제 미건축 필지가 혼재될 수 있음
wirye_plan_area,1171011300102660082,1171011300102660082,266-82 대,6.536073792874838,not_joined_to_building_register,미건축/공지 추정,건축물대장 조인 실패와 실제 미건축 필지가 혼재될 수 있음
wirye_plan_area,1171011300102660081,1171011300102660081,266-81 도,126.00249565328383,not_joined_to_building_register,미건축/공지 추정,건축물대장 조인 실패와 실제 미건축 필지가 혼재될 수 있음
wirye_plan_area,1171011300102660080,1171011300102660080,266-80 대,0.8846347592405936,not_joined_to_building_register,미건축/공지 추정,건축물대장 조인 실패와 실제 미건축 필지가 혼재될 수 있음
wirye_plan_area,1171011300102660077,1171011300102660077,266-77 도,13.381051608574097,not_joined_to_building_register,미건축/공지 추정,건축물대장 조인 실패와 실제 미건축 필지가 혼재될 수 있음
wirye_plan_area,1171011300102660071,1171011300102660071,266-71 전,1.1753255796596043,not_joined_to_building_register,미건축/공지 추정,건축물대장 조인 실패와 실제 미건축 필지가 혼재될 수 있음
wirye_plan_area,1171011300102660061,1171011300102660061,266-61 답,187.471803079878,not_joined_to_building_register,미건축/공지 추정,건축물대장 조인 실패와 실제 미건축 필지가 혼재될 수 있음
wirye_plan_area,1171011300102660060,1171011300102660060,266-60 답,541.6915308917305,not_joined_to_building_register,미건축/공지 추정,건축물대장 조인 실패와 실제 미건축 필지가 혼재될 수 있음
wirye_plan_area,1171011300102660058,1171011300102660058,266-58 전,70.17902281629006,not_joined_to_building_register,미건축/공지 추정,건축물대장 조인 실패와 실제 미건축 필지가 혼재될 수 있음
wirye_plan_area,1171011300102660057,1171011300102660057,266-57 전,54.561443274124635,not_joined_to_building_register,미건축/공지 추정,건축물대장 조인 실패와 실제 미건축 필지가 혼재될 수 있음
wirye_plan_area,1171011300102660056,1171011300102660056,266-56 도,104.84792319742915,not_joined_to_building_register,미건축/공지 추정,건축물대장 조인 실패와 실제 미건축 필지가 혼재될 수 있음
wirye_plan_area,1171011300102660055,1171011300102660055,266-55 전,3.659681090608713,not_joined_to_building_register,미건축/공지 추정,건축물대장 조인 실패와 실제 미건축 필지가 혼재될 수 있음
wirye_plan_area,1171011300102660051,1171011300102660051,266-51 전,89.65854922061723,not_joined_to_building_register,미건축/공지 추정,건축물대장 조인 실패와 실제 미건축 필지가 혼재될 수 있음
wirye_plan_area,1171011300102660050,1171011300102660050,266-50 도,28.984464443447294,not_joined_to_building_register,미건축/공지 추정,건축물대장 조인 실패와 실제 미건축 필지가 혼재될 수 있음
wirye_plan_area,1171011300102660046,1171011300102660046,266-46 전,4.999092538871665,not_joined_to_building_register,미건축/공지 추정,건축물대장 조인 실패와 실제 미건축 필지가 혼재될 수 있음
wirye_plan_area,1171011300102660045,1171011300102660045,266-45 전,33.469085766722934,not_joined_to_building_register,미건축/공지 추정,건축물대장 조인 실패와 실제 미건축 필지가 혼재될 수 있음
wirye_plan_area,1171011300102660042,1171011300102660042,266-42답,117.91110591523379,not_joined_to_building_register,미건축/공지 추정,건축물대장 조인 실패와 실제 미건축 필지가 혼재될 수 있음
wirye_plan_area,1171011300102660041,1171011300102660041,266-41 전,95.72148869321894,not_joined_to_building_register,미건축/공지 추정,건축물대장 조인 실패와 실제 미건축 필지가 혼재될 수 있음
wirye_plan_area,1171011300102660040,1171011300102660040,266-40대,200.79219737058966,not_joined_to_building_register,미건축/공지 추정,건축물대장 조인 실패와 실제 미건축 필지가 혼재될 수 있음
wirye_plan_area,1171011300102660039,1171011300102660039,266-39대,161.4262205347881,not_joined_to_building_register,미건축/공지 추정,건축물대장 조인 실패와 실제 미건축 필지가 혼재될 수 있음
wirye_plan_area,1171011300102660038,1171011300102660038,266-38 대,228.52339636989288,not_joined_to_building_register,미건축/공지 추정,건축물대장 조인 실패와 실제 미건축 필지가 혼재될 수 있음
wirye_plan_area,1171011300102660037,1171011300102660037,266-37전,191.18187695390452,not_joined_to_building_register,미건축/공지 추정,건축물대장 조인 실패와 실제 미건축 필지가 혼재될 수 있음
wirye_plan_area,1171011300102660036,1171011300102660036,266-36전,155.35980509215315,not_joined_to_building_register,미건축/공지 추정,건축물대장 조인 실패와 실제 미건축 필지가 혼재될 수 있음
wirye_plan_area,1171011300102660035,1171011300102660035,266-35 대,98.71525394732802,not_joined_to_building_register,미건축/공지 추정,건축물대장 조인 실패와 실제 미건축 필지가 혼재될 수 있음
wirye_plan_area,1171011300102660034,1171011300102660034,266-34대,185.8406950094866,not_joined_to_building_register,미건축/공지 추정,건축물대장 조인 실패와 실제 미건축 필지가 혼재될 수 있음
wirye_plan_area,1171011300102660033,1171011300102660033,266-33대,199.25085921516902,not_joined_to_building_register,미건축/공지 추정,건축물대장 조인 실패와 실제 미건축 필지가 혼재될 수 있음
wirye_plan_area,1171011300102660032,1171011300102660032,266-32 대,113.22263197024554,not_joined_to_building_register,미건축/공지 추정,건축물대장 조인 실패와 실제 미건축 필지가 혼재될 수 있음
wirye_plan_area,1171011300102660027,1171011300102660027,266-27 전,75.48942687638926,not_joined_to_building_register,미건축/공지 추정,건축물대장 조인 실패와 실제 미건축 필지가 혼재될 수 있음
wirye_plan_area,1171011300102660022,1171011300102660022,266-22 전,106.90512567348694,not_joined_to_building_register,미건축/공지 추정,건축물대장 조인 실패와 실제 미건축 필지가 혼재될 수 있음
wirye_plan_area,1171011300102660021,1171011300102660021,266-21 전,3.5602296969278457,not_joined_to_building_register,미건축/공지 추정,건축물대장 조인 실패와 실제 미건축 필지가 혼재될 수 있음
wirye_plan_area,1171011300102660014,1171011300102660014,266-14 대,203.06902819822264,not_joined_to_building_register,미건축/공지 추정,건축물대장 조인 실패와 실제 미건축 필지가 혼재될 수 있음
wirye_plan_area,1171011300102660004,1171011300102660004,266-4 전,290.88867964643225,not_joined_to_building_register,미건축/공지 추정,건축물대장 조인 실패와 실제 미건축 필지가 혼재될 수 있음
wirye_plan_area,1171011300102260021,1171011300102260021,226-21 답,0.9303955255450531,not_joined_to_building_register,미건축/공지 추정,건축물대장 조인 실패와 실제 미건축 필지가 혼재될 수 있음
wirye_plan_area,1171011300102250161,1171011300102250161,225-161 대,217.0444200519428,not_joined_to_building_register,미건축/공지 추정,건축물대장 조인 실패와 실제 미건축 필지가 혼재될 수 있음
wirye_plan_area,1171011300102250148,1171011300102250148,225-148 대,16.125267913274747,not_joined_to_building_register,미건축/공지 추정,건축물대장 조인 실패와 실제 미건축 필지가 혼재될 수 있음
wirye_plan_area,1171011300102250125,1171011300102250125,225-125대,126.9411160371022,not_joined_to_building_register,미건축/공지 추정,건축물대장 조인 실패와 실제 미건축 필지가 혼재될 수 있음
wirye_plan_area,1171011300200330013,1171011300200330013,산33-13 도,692.0417837237931,not_joined_to_building_register,미건축/공지 추정,건축물대장 조인 실패와 실제 미건축 필지가 혼재될 수 있음
wirye_plan_area,1171011300200330022,1171011300200330022,산33-22 임,1.2013306614112416,not_joined_to_building_register,미건축/공지 추정,건축물대장 조인 실패와 실제 미건축 필지가 혼재될 수 있음
wirye_plan_area,1171011300200330025,1171011300200330025,산33-25 도,178.7737901245407,not_joined_to_building_register,미건축/공지 추정,건축물대장 조인 실패와 실제 미건축 필지가 혼재될 수 있음
wirye_plan_area,1171011300200330026,1171011300200330026,산33-26 도,19.07129240028177,not_joined_to_building_register,미건축/공지 추정,건축물대장 조인 실패와 실제 미건축 필지가 혼재될 수 있음
wirye_plan_area,1171011300200330027,1171011300200330027,산33-27 도,165.5902377139021,not_joined_to_building_register,미건축/공지 추정,건축물대장 조인 실패와 실제 미건축 필지가 혼재될 수 있음
wirye_plan_area,1171011300200330028,1171011300200330028,산33-28 임,457.3029843250109,not_joined_to_building_register,미건축/공지 추정,건축물대장 조인 실패와 실제 미건축 필지가 혼재될 수 있음
wirye_plan_area,1171011300200330029,1171011300200330029,산33-29 임,2.722748165585501,not_joined_to_building_register,미건축/공지 추정,건축물대장 조인 실패와 실제 미건축 필지가 혼재될 수 있음
wirye_plan_area,1171011300200330030,1171011300200330030,산33-30 도,13.01526792355071,not_joined_to_building_register,미건축/공지 추정,건축물대장 조인 실패와 실제 미건축 필지가 혼재될 수 있음
wirye_plan_area,1171011300200330031,1171011300200330031,산33-31 임,4.423053799113387,not_joined_to_building_register,미건축/공지 추정,건축물대장 조인 실패와 실제 미건축 필지가 혼재될 수 있음
wirye_plan_area,1171011300200330038,1171011300200330038,산33-38 도,14.502589409506811,not_joined_to_building_register,미건축/공지 추정,건축물대장 조인 실패와 실제 미건축 필지가 혼재될 수 있음
wirye_plan_area,1171011300200330039,1171011300200330039,산33-39 임,16.48640796359662,not_joined_to_building_register,미건축/공지 추정,건축물대장 조인 실패와 실제 미건축 필지가 혼재될 수 있음
wirye_plan_area,1171011300200330040,1171011300200330040,산33-40 임,28.872375407816868,not_joined_to_building_register,미건축/공지 추정,건축물대장 조인 실패와 실제 미건축 필지가 혼재될 수 있음
wirye_plan_area,1171011300200710027,1171011300200710027,산71-27 임,226.04802657705406,not_joined_to_building_register,미건축/공지 추정,건축물대장 조인 실패와 실제 미건축 필지가 혼재될 수 있음
wirye_plan_area,1171011300200710035,1171011300200710035,산71-35 임,1871.6888620943287,not_joined_to_building_register,미건축/공지 추정,건축물대장 조인 실패와 실제 미건축 필지가 혼재될 수 있음
wirye_plan_area,1171011300200710036,1171011300200710036,산71-36 임,36.784915280467395,not_joined_to_building_register,미건축/공지 추정,건축물대장 조인 실패와 실제 미건축 필지가 혼재될 수 있음
wirye_plan_area,1171011300200710044,1171011300200710044,산71-44 임,0.4373274604872991,not_joined_to_building_register,미건축/공지 추정,건축물대장 조인 실패와 실제 미건축 필지가 혼재될 수 있음
wirye_plan_area,1171011300200710048,1171011300200710048,산71-48 임,1148.8648181931926,not_joined_to_building_register,미건축/공지 추정,건축물대장 조인 실패와 실제 미건축 필지가 혼재될 수 있음
wirye_plan_area,1171011300200710052,1171011300200710052,산71-52 임,67.15118940006225,not_joined_to_building_register,미건축/공지 추정,건축물대장 조인 실패와 실제 미건축 필지가 혼재될 수 있음
wirye_plan_area,1171011300200710053,1171011300200710053,산71-53 임,407.3889946953369,not_joined_to_building_register,미건축/공지 추정,건축물대장 조인 실패와 실제 미건축 필지가 혼재될 수 있음
wirye_plan_area,1171011300200710054,1171011300200710054,산71-54 임,17.09540727347794,not_joined_to_building_register,미건축/공지 추정,건축물대장 조인 실패와 실제 미건축 필지가 혼재될 수 있음
wirye_plan_area,1171011300200710056,1171011300200710056,산71-56 임,165.86670698131243,not_joined_to_building_register,미건축/공지 추정,건축물대장 조인 실패와 실제 미건축 필지가 혼재될 수 있음
wirye_plan_area,1171011300200710057,1171011300200710057,산71-57 임,6260.004857534095,not_joined_to_building_register,미건축/공지 추정,건축물대장 조인 실패와 실제 미건축 필지가 혼재될 수 있음
wirye_plan_area,1171011300102250150,1171011300102250150,225-150 도,73.94651461593419,not_joined_to_building_register,미건축/공지 추정,건축물대장 조인 실패와 실제 미건축 필지가 혼재될 수 있음
wirye_plan_area,1171011300102250153,1171011300102250153,225-153 대,75.94879536406575,not_joined_to_building_register,미건축/공지 추정,건축물대장 조인 실패와 실제 미건축 필지가 혼재될 수 있음
wirye_plan_area,1171011300102260022,1171011300102260022,226-22 도,52.0014223832081,not_joined_to_building_register,미건축/공지 추정,건축물대장 조인 실패와 실제 미건축 필지가 혼재될 수 있음
wirye_plan_area,1171011300102250151,1171011300102250151,225-151 대,137.85919424463532,not_joined_to_building_register,미건축/공지 추정,건축물대장 조인 실패와 실제 미건축 필지가 혼재될 수 있음
wirye_plan_area,1171011300102260020,1171011300102260020,226-20 답,72.69598464470228,not_joined_to_building_register,미건축/공지 추정,건축물대장 조인 실패와 실제 미건축 필지가 혼재될 수 있음
wirye_plan_area,1171011300102250112,1171011300102250112,225-112대,143.29878921085106,not_joined_to_building_register,미건축/공지 추정,건축물대장 조인 실패와 실제 미건축 필지가 혼재될 수 있음
wirye_plan_area,1171011300102250157,1171011300102250157,225-157 대,67.51204418659732,not_joined_to_building_register,미건축/공지 추정,건축물대장 조인 실패와 실제 미건축 필지가 혼재될 수 있음
wirye_plan_area,1171011300102250152,1171011300102250152,225-152 대,53.79244903197579,not_joined_to_building_register,미건축/공지 추정,건축물대장 조인 실패와 실제 미건축 필지가 혼재될 수 있음
wirye_plan_area,1171011300102250126,1171011300102250126,225-126대,147.52820614761242,not_joined_to_building_register,미건축/공지 추정,건축물대장 조인 실패와 실제 미건축 필지가 혼재될 수 있음
wirye_plan_area,1171011300106570029,1171011300106570029,657-29 도,349.8284696573222,not_joined_to_building_register,미건축/공지 추정,건축물대장 조인 실패와 실제 미건축 필지가 혼재될 수 있음
wirye_plan_area,1171011300102250162,1171011300102250162,225-162 대,57.81481732475187,not_joined_to_building_register,미건축/공지 추정,건축물대장 조인 실패와 실제 미건축 필지가 혼재될 수 있음
wirye_plan_area,1171011300102250128,1171011300102250128,225-128대,165.47894762126163,not_joined_to_building_register,미건축/공지 추정,건축물대장 조인 실패와 실제 미건축 필지가 혼재될 수 있음
wirye_plan_area,1171011300200710055,1171011300200710055,산71-55 임,1440.1473333419844,not_joined_to_building_register,미건축/공지 추정,건축물대장 조인 실패와 실제 미건축 필지가 혼재될 수 있음
wirye_plan_area,1171011300102250124,1171011300102250124,225-124 대,1.4889315320588898,not_joined_to_building_register,미건축/공지 추정,건축물대장 조인 실패와 실제 미건축 필지가 혼재될 수 있음
wirye_plan_area,1171011300102250160,1171011300102250160,225-160 대,1.043262206277966,not_joined_to_building_register,미건축/공지 추정,건축물대장 조인 실패와 실제 미건축 필지가 혼재될 수 있음
wirye_plan_area,1171011300102250158,1171011300102250158,225-158 도,59.1340895674773,not_joined_to_building_register,미건축/공지 추정,건축물대장 조인 실패와 실제 미건축 필지가 혼재될 수 있음
wirye_plan_area,1171011300102660043,1171011300102660043,266-43답,204.8110355484785,not_joined_to_building_register,미건축/공지 추정,건축물대장 조인 실패와 실제 미건축 필지가 혼재될 수 있음
wirye_plan_area,1171011300102250113,1171011300102250113,225-113 대,68.3520241692195,not_joined_to_building_register,미건축/공지 추정,건축물대장 조인 실패와 실제 미건축 필지가 혼재될 수 있음
wirye_plan_area,1171011300102630019,1171011300102630019,263-19 잡,506.82991333132304,not_joined_to_building_register,미건축/공지 추정,건축물대장 조인 실패와 실제 미건축 필지가 혼재될 수 있음
wirye_plan_area,1171011300102250159,1171011300102250159,225-159 대,24.103977973308712,not_joined_to_building_register,미건축/공지 추정,건축물대장 조인 실패와 실제 미건축 필지가 혼재될 수 있음
wirye_plan_area,1171011300102250156,1171011300102250156,225-156 대,146.84095417568963,not_joined_to_building_register,미건축/공지 추정,건축물대장 조인 실패와 실제 미건축 필지가 혼재될 수 있음
wirye_plan_area,1171011300102250155,1171011300102250155,225-155 대,15.167772834062495,not_joined_to_building_register,미건축/공지 추정,건축물대장 조인 실패와 실제 미건축 필지가 혼재될 수 있음
wirye_plan_area,1171011300102250154,1171011300102250154,225-154 도,82.21671347975246,not_joined_to_building_register,미건축/공지 추정,건축물대장 조인 실패와 실제 미건축 필지가 혼재될 수 있음
wirye_plan_area,1171011300106630000,1171011300106630000,663 임,4.262040433564749,not_joined_to_building_register,미건축/공지 추정,건축물대장 조인 실패와 실제 미건축 필지가 혼재될 수 있음
wirye_plan_area,1171011300106590000,1171011300106590000,659 전,1884.2586756734909,not_joined_to_building_register,미건축/공지 추정,건축물대장 조인 실패와 실제 미건축 필지가 혼재될 수 있음
wirye_plan_area,1171011300106580000,1171011300106580000,658 대,39.521130210080415,not_joined_to_building_register,미건축/공지 추정,건축물대장 조인 실패와 실제 미건축 필지가 혼재될 수 있음
wirye_plan_area,1171011300106570077,1171011300106570077,657-77 도,160.00692479311124,not_joined_to_building_register,미건축/공지 추정,건축물대장 조인 실패와 실제 미건축 필지가 혼재될 수 있음
wirye_plan_area,1171011300106570076,1171011300106570076,657-76 도,160.0648239615238,not_joined_to_building_register,미건축/공지 추정,건축물대장 조인 실패와 실제 미건축 필지가 혼재될 수 있음
wirye_plan_area,1171011300106570071,1171011300106570071,657-71 도,217.32930264203415,not_joined_to_building_register,미건축/공지 추정,건축물대장 조인 실패와 실제 미건축 필지가 혼재될 수 있음
wirye_plan_area,1171011300106570068,1171011300106570068,657-68 도,152.0154536201047,not_joined_to_building_register,미건축/공지 추정,건축물대장 조인 실패와 실제 미건축 필지가 혼재될 수 있음
wirye_plan_area,1171011300106570066,1171011300106570066,657-66 도,152.05095313329764,not_joined_to_building_register,미건축/공지 추정,건축물대장 조인 실패와 실제 미건축 필지가 혼재될 수 있음
wirye_plan_area,1171011300106570059,1171011300106570059,657-59 도,30.421260418345156,not_joined_to_building_register,미건축/공지 추정,건축물대장 조인 실패와 실제 미건축 필지가 혼재될 수 있음
wirye_plan_area,1171011300106570058,1171011300106570058,657-58 도,64.89400562761993,not_joined_to_building_register,미건축/공지 추정,건축물대장 조인 실패와 실제 미건축 필지가 혼재될 수 있음
wirye_plan_area,1171011300106570057,1171011300106570057,657-57 도,606.3768408816732,not_joined_to_building_register,미건축/공지 추정,건축물대장 조인 실패와 실제 미건축 필지가 혼재될 수 있음
wirye_plan_area,1171011300106570056,1171011300106570056,657-56 도,86.19891271714326,not_joined_to_building_register,미건축/공지 추정,건축물대장 조인 실패와 실제 미건축 필지가 혼재될 수 있음
wirye_plan_area,1171011300106570055,1171011300106570055,657-55 도,1092.5088174539335,not_joined_to_building_register,미건축/공지 추정,건축물대장 조인 실패와 실제 미건축 필지가 혼재될 수 있음
wirye_plan_area,1171011300106570054,1171011300106570054,657-54 도,877.9726185195169,not_joined_to_building_register,미건축/공지 추정,건축물대장 조인 실패와 실제 미건축 필지가 혼재될 수 있음
wirye_plan_area,1171011300106570053,1171011300106570053,657-53 도,3261.31990700562,not_joined_to_building_register,미건축/공지 추정,건축물대장 조인 실패와 실제 미건축 필지가 혼재될 수 있음
wirye_plan_area,1171011300106570052,1171011300106570052,657-52 도,2594.4643426636617,not_joined_to_building_register,미건축/공지 추정,건축물대장 조인 실패와 실제 미건축 필지가 혼재될 수 있음
wirye_plan_area,1171011300106570050,1171011300106570050,657-50 도,30.421260438158782,not_joined_to_building_register,미건축/공지 추정,건축물대장 조인 실패와 실제 미건축 필지가 혼재될 수 있음
wirye_plan_area,1171011300106570049,1171011300106570049,657-49 도,62.081650912261985,not_joined_to_building_register,미건축/공지 추정,건축물대장 조인 실패와 실제 미건축 필지가 혼재될 수 있음
wirye_plan_area,1171011300106570048,1171011300106570048,657-48 도,30.40646066579459,not_joined_to_building_register,미건축/공지 추정,건축물대장 조인 실패와 실제 미건축 필지가 혼재될 수 있음
wirye_plan_area,1171011300106570047,1171011300106570047,657-47 도,62.13620002870113,not_joined_to_building_register,미건축/공지 추정,건축물대장 조인 실패와 실제 미건축 필지가 혼재될 수 있음
wirye_plan_area,1171011300106570046,1171011300106570046,657-46 도,2117.39012357032,not_joined_to_building_register,미건축/공지 추정,건축물대장 조인 실패와 실제 미건축 필지가 혼재될 수 있음
wirye_plan_area,1171011300106570045,1171011300106570045,657-45 도,648.0898196943106,not_joined_to_building_register,미건축/공지 추정,건축물대장 조인 실패와 실제 미건축 필지가 혼재될 수 있음
wirye_plan_area,1171011300106570044,1171011300106570044,657-44 도,2004.3803405261424,not_joined_to_building_register,미건축/공지 추정,건축물대장 조인 실패와 실제 미건축 필지가 혼재될 수 있음
wirye_plan_area,1171011300106570043,1171011300106570043,657-43 도,1387.7912127393479,not_joined_to_building_register,미건축/공지 추정,건축물대장 조인 실패와 실제 미건축 필지가 혼재될 수 있음
wirye_plan_area,1171011300106570042,1171011300106570042,657-42 도,777.8634801226482,not_joined_to_building_register,미건축/공지 추정,건축물대장 조인 실패와 실제 미건축 필지가 혼재될 수 있음
wirye_plan_area,1171011300106570041,1171011300106570041,657-41 도,1986.0591319440919,not_joined_to_building_register,미건축/공지 추정,건축물대장 조인 실패와 실제 미건축 필지가 혼재될 수 있음
wirye_plan_area,1171011300106570040,1171011300106570040,657-40 도,2595.093683286106,not_joined_to_building_register,미건축/공지 추정,건축물대장 조인 실패와 실제 미건축 필지가 혼재될 수 있음
wirye_plan_area,1171011300106570037,1171011300106570037,657-37 도,30.325811986020618,not_joined_to_building_register,미건축/공지 추정,건축물대장 조인 실패와 실제 미건축 필지가 혼재될 수 있음
wirye_plan_area,1171011300106570036,1171011300106570036,657-36 도,62.03690165121675,not_joined_to_building_register,미건축/공지 추정,건축물대장 조인 실패와 실제 미건축 필지가 혼재될 수 있음
wirye_plan_area,1171011300106570035,1171011300106570035,657-35 도,2909.7956223532324,not_joined_to_building_register,미건축/공지 추정,건축물대장 조인 실패와 실제 미건축 필지가 혼재될 수 있음
wirye_plan_area,1171011300106570034,1171011300106570034,657-34 도,687.5559846971267,not_joined_to_building_register,미건축/공지 추정,건축물대장 조인 실패와 실제 미건축 필지가 혼재될 수 있음
wirye_plan_area,1171011300106570033,1171011300106570033,657-33 도,425.08205891879436,not_joined_to_building_register,미건축/공지 추정,건축물대장 조인 실패와 실제 미건축 필지가 혼재될 수 있음
wirye_plan_area,1171011300106570031,1171011300106570031,657-31 도,3190.0961083438015,not_joined_to_building_register,미건축/공지 추정,건축물대장 조인 실패와 실제 미건축 필지가 혼재될 수 있음
wirye_plan_area,1171011300106570030,1171011300106570030,657-30 도,777.9418788733116,not_joined_to_building_register,미건축/공지 추정,건축물대장 조인 실패와 실제 미건축 필지가 혼재될 수 있음
wirye_plan_area,4113110700100540025,4113110700100540025,54-25 도,89.0252003277001,not_joined_to_building_register,미건축/공지 추정,건축물대장 조인 실패와 실제 미건축 필지가 혼재될 수 있음
wirye_plan_area,4113110700100540023,4113110700100540023,54-23도,34.7739216246805,not_joined_to_building_register,미건축/공지 추정,건축물대장 조인 실패와 실제 미건축 필지가 혼재될 수 있음
wirye_plan_area,4113110700100540008,4113110700100540008,54-8도,6.517295335862897,not_joined_to_building_register,미건축/공지 추정,건축물대장 조인 실패와 실제 미건축 필지가 혼재될 수 있음
wirye_plan_area,4113110700100410013,4113110700100410013,41-13 도,410.02829235375094,not_joined_to_building_register,미건축/공지 추정,건축물대장 조인 실패와 실제 미건축 필지가 혼재될 수 있음
wirye_plan_area,4113110700100260003,4113110700100260003,26-3구,4.198132618998091,not_joined_to_building_register,미건축/공지 추정,건축물대장 조인 실패와 실제 미건축 필지가 혼재될 수 있음
wirye_plan_area,4113110800105230013,4113110800105230013,523-13도,2497.104094602624,not_joined_to_building_register,미건축/공지 추정,건축물대장 조인 실패와 실제 미건축 필지가 혼재될 수 있음
wirye_plan_area,4113110800105230012,4113110800105230012,523-12도,2065.579375669597,not_joined_to_building_register,미건축/공지 추정,건축물대장 조인 실패와 실제 미건축 필지가 혼재될 수 있음
wirye_plan_area,4113110800105230011,4113110800105230011,523-11도,90.10635293109142,not_joined_to_building_register,미건축/공지 추정,건축물대장 조인 실패와 실제 미건축 필지가 혼재될 수 있음
wirye_plan_area,4113110800105210003,4113110800105210003,521-3수,22649.023598927597,not_joined_to_building_register,미건축/공지 추정,건축물대장 조인 실패와 실제 미건축 필지가 혼재될 수 있음
wirye_plan_area,4113110800105210002,4113110800105210002,521-2수,15658.001087626486,not_joined_to_building_register,미건축/공지 추정,건축물대장 조인 실패와 실제 미건축 필지가 혼재될 수 있음
wirye_plan_area,4113110800105210001,4113110800105210001,521-1공,2854.607762510589,not_joined_to_building_register,미건축/공지 추정,건축물대장 조인 실패와 실제 미건축 필지가 혼재될 수 있음
wirye_plan_area,4113110800105200001,4113110800105200001,520-1공,2570.357177116304,not_joined_to_building_register,미건축/공지 추정,건축물대장 조인 실패와 실제 미건축 필지가 혼재될 수 있음
wirye_plan_area,4113110800105150002,4113110800105150002,515-2도,18461.97097200558,not_joined_to_building_register,미건축/공지 추정,건축물대장 조인 실패와 실제 미건축 필지가 혼재될 수 있음
wirye_plan_area,4113110800105150001,4113110800105150001,515-1도,3274.7664630564204,not_joined_to_building_register,미건축/공지 추정,건축물대장 조인 실패와 실제 미건축 필지가 혼재될 수 있음
wirye_plan_area,4113110800105140005,4113110800105140005,514-5도,11323.742960659434,not_joined_to_building_register,미건축/공지 추정,건축물대장 조인 실패와 실제 미건축 필지가 혼재될 수 있음
wirye_plan_area,4113110800105140004,4113110800105140004,514-4도,8475.621113890225,not_joined_to_building_register,미건축/공지 추정,건축물대장 조인 실패와 실제 미건축 필지가 혼재될 수 있음
wirye_plan_area,4113110800105140003,4113110800105140003,514-3도,2301.5467191154844,not_joined_to_building_register,미건축/공지 추정,건축물대장 조인 실패와 실제 미건축 필지가 혼재될 수 있음
wirye_plan_area,4113110800105140002,4113110800105140002,514-2공,1079.489405925261,not_joined_to_building_register,미건축/공지 추정,건축물대장 조인 실패와 실제 미건축 필지가 혼재될 수 있음
wirye_plan_area,4113110800105140001,4113110800105140001,514-1공,1895.0506547342684,not_joined_to_building_register,미건축/공지 추정,건축물대장 조인 실패와 실제 미건축 필지가 혼재될 수 있음
wirye_plan_area,4113110800104970057,4113110800104970057,497-57 대,71.71338259714241,not_joined_to_building_register,미건축/공지 추정,건축물대장 조인 실패와 실제 미건축 필지가 혼재될 수 있음
wirye_plan_area,4113110800105120002,4113110800105120002,512-2도,3670.4225853959774,not_joined_to_building_register,미건축/공지 추정,건축물대장 조인 실패와 실제 미건축 필지가 혼재될 수 있음
wirye_plan_area,4113110800105120001,4113110800105120001,512-1공,2789.624324447631,not_joined_to_building_register,미건축/공지 추정,건축물대장 조인 실패와 실제 미건축 필지가 혼재될 수 있음
wirye_plan_area,4113110800105110001,4113110800105110001,511-1공,2292.9050103977775,not_joined_to_building_register,미건축/공지 추정,건축물대장 조인 실패와 실제 미건축 필지가 혼재될 수 있음
wirye_plan_area,4113110800105100005,4113110800105100005,510-5도,21881.683228751535,not_joined_to_building_register,미건축/공지 추정,건축물대장 조인 실패와 실제 미건축 필지가 혼재될 수 있음
wirye_plan_area,4113110800105100004,4113110800105100004,510-4도,1015.150837976461,not_joined_to_building_register,미건축/공지 추정,건축물대장 조인 실패와 실제 미건축 필지가 혼재될 수 있음
wirye_plan_area,4113110800105100003,4113110800105100003,510-3공,995.3119074761487,not_joined_to_building_register,미건축/공지 추정,건축물대장 조인 실패와 실제 미건축 필지가 혼재될 수 있음
wirye_plan_area,4113110800105100002,4113110800105100002,510-2공,3535.1170951930835,not_joined_to_building_register,미건축/공지 추정,건축물대장 조인 실패와 실제 미건축 필지가 혼재될 수 있음
wirye_plan_area,4113110800105100001,4113110800105100001,510-1공,3805.789769080661,not_joined_to_building_register,미건축/공지 추정,건축물대장 조인 실패와 실제 미건축 필지가 혼재될 수 있음
wirye_plan_area,4113110800105090004,4113110800105090004,509-4도,7772.46526104459,not_joined_to_building_register,미건축/공지 추정,건축물대장 조인 실패와 실제 미건축 필지가 혼재될 수 있음
wirye_plan_area,4113110800105920012,4113110800105920012,592-12도,1150.225636813505,not_joined_to_building_register,미건축/공지 추정,건축물대장 조인 실패와 실제 미건축 필지가 혼재될 수 있음
wirye_plan_area,4113110800105920010,4113110800105920010,592-10대,285.91491040542417,not_joined_to_building_register,미건축/공지 추정,건축물대장 조인 실패와 실제 미건축 필지가 혼재될 수 있음
wirye_plan_area,4113110800105920005,4113110800105920005,592-5대,286.15035672189526,not_joined_to_building_register,미건축/공지 추정,건축물대장 조인 실패와 실제 미건축 필지가 혼재될 수 있음
wirye_plan_area,4113110800105920002,4113110800105920002,592-2대,286.12485703042046,not_joined_to_building_register,미건축/공지 추정,건축물대장 조인 실패와 실제 미건축 필지가 혼재될 수 있음
wirye_plan_area,4113110800105920001,4113110800105920001,592-1대,287.0078428644896,not_joined_to_building_register,미건축/공지 추정,건축물대장 조인 실패와 실제 미건축 필지가 혼재될 수 있음
wirye_plan_area,4113110800105900007,4113110800105900007,590-7도,507.19260802112353,not_joined_to_building_register,미건축/공지 추정,건축물대장 조인 실패와 실제 미건축 필지가 혼재될 수 있음
wirye_plan_area,4113110800105900001,4113110800105900001,590-1대,299.360394312517,not_joined_to_building_register,미건축/공지 추정,건축물대장 조인 실패와 실제 미건축 필지가 혼재될 수 있음
wirye_plan_area,4113110800105890001,4113110800105890001,589-1도,1872.4355922747104,not_joined_to_building_register,미건축/공지 추정,건축물대장 조인 실패와 실제 미건축 필지가 혼재될 수 있음
wirye_plan_area,4113110800105880008,4113110800105880008,588-8도,740.3763153359994,not_joined_to_building_register,미건축/공지 추정,건축물대장 조인 실패와 실제 미건축 필지가 혼재될 수 있음
wirye_plan_area,4113110800105880007,4113110800105880007,588-7대,293.9892306495833,not_joined_to_building_register,미건축/공지 추정,건축물대장 조인 실패와 실제 미건축 필지가 혼재될 수 있음
wirye_plan_area,4113110800105880002,4113110800105880002,588-2대,293.3372912646573,not_joined_to_building_register,미건축/공지 추정,건축물대장 조인 실패와 실제 미건축 필지가 혼재될 수 있음
wirye_plan_area,4113110800105870005,4113110800105870005,587-5도,740.2275175584364,not_joined_to_building_register,미건축/공지 추정,건축물대장 조인 실패와 실제 미건축 필지가 혼재될 수 있음
wirye_plan_area,4113110800105860017,4113110800105860017,586-17공,1192.4232564226834,not_joined_to_building_register,미건축/공지 추정,건축물대장 조인 실패와 실제 미건축 필지가 혼재될 수 있음
wirye_plan_area,4113110800105860016,4113110800105860016,586-16공,523.9470382566992,not_joined_to_building_register,미건축/공지 추정,건축물대장 조인 실패와 실제 미건축 필지가 혼재될 수 있음
wirye_plan_area,4113110800105860015,4113110800105860015,586-15도,2220.592150936325,not_joined_to_building_register,미건축/공지 추정,건축물대장 조인 실패와 실제 미건축 필지가 혼재될 수 있음
wirye_plan_area,4113110800105860014,4113110800105860014,586-14도,155.83754816932512,not_joined_to_building_register,미건축/공지 추정,건축물대장 조인 실패와 실제 미건축 필지가 혼재될 수 있음
wirye_plan_area,4113110800105860013,4113110800105860013,586-13도,100.02349420676761,not_joined_to_building_register,미건축/공지 추정,건축물대장 조인 실패와 실제 미건축 필지가 혼재될 수 있음
wirye_plan_area,4113110800105860012,4113110800105860012,586-12대,284.0855392306415,not_joined_to_building_register,미건축/공지 추정,건축물대장 조인 실패와 실제 미건축 필지가 혼재될 수 있음
wirye_plan_area,4113110800104990211,4113110800104990211,499-211주,887.3007950870985,not_joined_to_building_register,미건축/공지 추정,건축물대장 조인 실패와 실제 미건축 필지가 혼재될 수 있음
wirye_plan_area,4113110800104990182,4113110800104990182,499-182전,29.739744427300053,not_joined_to_building_register,미건축/공지 추정,건축물대장 조인 실패와 실제 미건축 필지가 혼재될 수 있음
wirye_plan_area,4113110800105040007,4113110800105040007,504-7도,8020.169568193126,not_joined_to_building_register,미건축/공지 추정,건축물대장 조인 실패와 실제 미건축 필지가 혼재될 수 있음
wirye_plan_area,4113110800105840010,4113110800105840010,584-10대,289.8777462615424,not_joined_to_building_register,미건축/공지 추정,건축물대장 조인 실패와 실제 미건축 필지가 혼재될 수 있음
wirye_plan_area,4113110800105040006,4113110800105040006,504-6도,13809.352726395076,not_joined_to_building_register,미건축/공지 추정,건축물대장 조인 실패와 실제 미건축 필지가 혼재될 수 있음
wirye_plan_area,4113110800105040005,4113110800105040005,504-5도,1098.324640828966,not_joined_to_building_register,미건축/공지 추정,건축물대장 조인 실패와 실제 미건축 필지가 혼재될 수 있음
wirye_plan_area,4113110800105040004,4113110800105040004,504-4공,1028.131868429223,not_joined_to_building_register,미건축/공지 추정,건축물대장 조인 실패와 실제 미건축 필지가 혼재될 수 있음
wirye_plan_area,4113110800105040003,4113110800105040003,504-3공,3126.63651888643,not_joined_to_building_register,미건축/공지 추정,건축물대장 조인 실패와 실제 미건축 필지가 혼재될 수 있음
wirye_plan_area,4113110800105040001,4113110800105040001,504-1공,3295.8790901150833,not_joined_to_building_register,미건축/공지 추정,건축물대장 조인 실패와 실제 미건축 필지가 혼재될 수 있음
wirye_plan_area,4113110800105030001,4113110800105030001,503-1공,1896.214711444083,not_joined_to_building_register,미건축/공지 추정,건축물대장 조인 실패와 실제 미건축 필지가 혼재될 수 있음
wirye_plan_area,4113110800105020004,4113110800105020004,502-4 도,37.77418746453324,not_joined_to_building_register,미건축/공지 추정,건축물대장 조인 실패와 실제 미건축 필지가 혼재될 수 있음
wirye_plan_area,4113110800105020002,4113110800105020002,502-2도,24582.995032794755,not_joined_to_building_register,미건축/공지 추정,건축물대장 조인 실패와 실제 미건축 필지가 혼재될 수 있음
wirye_plan_area,4113110800105020001,4113110800105020001,502-1공,1464.0695596711419,not_joined_to_building_register,미건축/공지 추정,건축물대장 조인 실패와 실제 미건축 필지가 혼재될 수 있음
wirye_plan_area,4113110800104970056,4113110800104970056,497-56 도,112.51615611323687,not_joined_to_building_register,미건축/공지 추정,건축물대장 조인 실패와 실제 미건축 필지가 혼재될 수 있음
wirye_plan_area,4113110800105010001,4113110800105010001,501-1대,1000.1878667617048,not_joined_to_building_register,미건축/공지 추정,건축물대장 조인 실패와 실제 미건축 필지가 혼재될 수 있음
wirye_plan_area,4113110800105000008,4113110800105000008,500-8 도,774.1944850501785,not_joined_to_building_register,미건축/공지 추정,건축물대장 조인 실패와 실제 미건축 필지가 혼재될 수 있음
wirye_plan_area,4113110800105000007,4113110800105000007,500-7공,2581.2450323911858,not_joined_to_building_register,미건축/공지 추정,건축물대장 조인 실패와 실제 미건축 필지가 혼재될 수 있음
wirye_plan_area,4113110800105000005,4113110800105000005,500-5도,2231.5957171567306,not_joined_to_building_register,미건축/공지 추정,건축물대장 조인 실패와 실제 미건축 필지가 혼재될 수 있음
wirye_plan_area,4113110800105000004,4113110800105000004,500-4공,1049.2484777743528,not_joined_to_building_register,미건축/공지 추정,건축물대장 조인 실패와 실제 미건축 필지가 혼재될 수 있음
wirye_plan_area,4113110800105000003,4113110800105000003,500-3도,253.24592681473445,not_joined_to_building_register,미건축/공지 추정,건축물대장 조인 실패와 실제 미건축 필지가 혼재될 수 있음
wirye_plan_area,4113110800105000002,4113110800105000002,500-2공,4384.76686067992,not_joined_to_building_register,미건축/공지 추정,건축물대장 조인 실패와 실제 미건축 필지가 혼재될 수 있음
wirye_plan_area,4113110800105000001,4113110800105000001,500-1공,3491.679826413628,not_joined_to_building_register,미건축/공지 추정,건축물대장 조인 실패와 실제 미건축 필지가 혼재될 수 있음
wirye_plan_area,4113110800104990420,4113110800104990420,499-420 도,23.658273654011726,not_joined_to_building_register,미건축/공지 추정,건축물대장 조인 실패와 실제 미건축 필지가 혼재될 수 있음
wirye_plan_area,4113110800104990419,4113110800104990419,499-419 답,602.7363048560358,not_joined_to_building_register,미건축/공지 추정,건축물대장 조인 실패와 실제 미건축 필지가 혼재될 수 있음
wirye_plan_area,4113110800104990418,4113110800104990418,499-418 답,935.6974138047283,not_joined_to_building_register,미건축/공지 추정,건축물대장 조인 실패와 실제 미건축 필지가 혼재될 수 있음
wirye_plan_area,4113110800104990395,4113110800104990395,499-395 도,235.46180684837418,not_joined_to_building_register,미건축/공지 추정,건축물대장 조인 실패와 실제 미건축 필지가 혼재될 수 있음
wirye_plan_area,4113110800104990358,4113110800104990358,499-358천,42.325051733065884,not_joined_to_building_register,미건축/공지 추정,건축물대장 조인 실패와 실제 미건축 필지가 혼재될 수 있음
wirye_plan_area,4113110800104990357,4113110800104990357,499-357천,28.95274381332055,not_joined_to_building_register,미건축/공지 추정,건축물대장 조인 실패와 실제 미건축 필지가 혼재될 수 있음
wirye_plan_area,4113110800104990356,4113110800104990356,499-356천,193.36347510512917,not_joined_to_building_register,미건축/공지 추정,건축물대장 조인 실패와 실제 미건축 필지가 혼재될 수 있음
wirye_plan_area,4113110800104990355,4113110800104990355,499-355천,8.47347921300377,not_joined_to_building_register,미건축/공지 추정,건축물대장 조인 실패와 실제 미건축 필지가 혼재될 수 있음
wirye_plan_area,4113110800104990212,4113110800104990212,499-212구,57.89524457045997,not_joined_to_building_register,미건축/공지 추정,건축물대장 조인 실패와 실제 미건축 필지가 혼재될 수 있음
wirye_plan_area,4113110800104990183,4113110800104990183,499-183천,85.94352500440401,not_joined_to_building_register,미건축/공지 추정,건축물대장 조인 실패와 실제 미건축 필지가 혼재될 수 있음
wirye_plan_area,4113110800104990092,4113110800104990092,499-92주,46.41319358655198,not_joined_to_building_register,미건축/공지 추정,건축물대장 조인 실패와 실제 미건축 필지가 혼재될 수 있음
wirye_plan_area,4113110800104990185,4113110800104990185,499-185도,58.45781830849736,not_joined_to_building_register,미건축/공지 추정,건축물대장 조인 실패와 실제 미건축 필지가 혼재될 수 있음
wirye_plan_area,4113110800104990105,4113110800104990105,499-105도,32.215954282088454,not_joined_to_building_register,미건축/공지 추정,건축물대장 조인 실패와 실제 미건축 필지가 혼재될 수 있음
wirye_plan_area,4113110800104990353,4113110800104990353,499-353구,44.586022008216986,not_joined_to_building_register,미건축/공지 추정,건축물대장 조인 실패와 실제 미건축 필지가 혼재될 수 있음
wirye_plan_area,4113110800104990352,4113110800104990352,499-352구,243.45440042109936,not_joined_to_building_register,미건축/공지 추정,건축물대장 조인 실패와 실제 미건축 필지가 혼재될 수 있음
wirye_plan_area,4113110800104990351,4113110800104990351,499-351구,972.6512141011199,not_joined_to_building_register,미건축/공지 추정,건축물대장 조인 실패와 실제 미건축 필지가 혼재될 수 있음
wirye_plan_area,4113110800104990350,4113110800104990350,499-350천,11.761690352701166,not_joined_to_building_register,미건축/공지 추정,건축물대장 조인 실패와 실제 미건축 필지가 혼재될 수 있음
wirye_plan_area,4113110800104990349,4113110800104990349,499-349구,6.016551747499862,not_joined_to_building_register,미건축/공지 추정,건축물대장 조인 실패와 실제 미건축 필지가 혼재될 수 있음
wirye_plan_area,4113110800104990348,4113110800104990348,499-348천,194.22776562977603,not_joined_to_building_register,미건축/공지 추정,건축물대장 조인 실패와 실제 미건축 필지가 혼재될 수 있음
wirye_plan_area,4113110800104990347,4113110800104990347,499-347천,876.2719967928665,not_joined_to_building_register,미건축/공지 추정,건축물대장 조인 실패와 실제 미건축 필지가 혼재될 수 있음
wirye_plan_area,4113110800104990104,4113110800104990104,499-104전,429.5638859474036,not_joined_to_building_register,미건축/공지 추정,건축물대장 조인 실패와 실제 미건축 필지가 혼재될 수 있음
wirye_plan_area,4113110800104990346,4113110800104990346,499-346답,138.44223582126747,not_joined_to_building_register,미건축/공지 추정,건축물대장 조인 실패와 실제 미건축 필지가 혼재될 수 있음
wirye_plan_area,4113110800104990344,4113110800104990344,499-344천,360.94351090129544,not_joined_to_building_register,미건축/공지 추정,건축물대장 조인 실패와 실제 미건축 필지가 혼재될 수 있음
wirye_plan_area,4113110800104990343,4113110800104990343,499-343천,137.1201202103755,not_joined_to_building_register,미건축/공지 추정,건축물대장 조인 실패와 실제 미건축 필지가 혼재될 수 있음
wirye_plan_area,4113110800104990342,4113110800104990342,499-342전,99.34939858258039,not_joined_to_building_register,미건축/공지 추정,건축물대장 조인 실패와 실제 미건축 필지가 혼재될 수 있음
wirye_plan_area,4113110800104990341,4113110800104990341,499-341천,74.80103223246336,not_joined_to_building_register,미건축/공지 추정,건축물대장 조인 실패와 실제 미건축 필지가 혼재될 수 있음
wirye_plan_area,4113110800104990340,4113110800104990340,499-340도,23.440398620613454,not_joined_to_building_register,미건축/공지 추정,건축물대장 조인 실패와 실제 미건축 필지가 혼재될 수 있음
wirye_plan_area,4113110800104990213,4113110800104990213,499-213주,76.46322868984718,not_joined_to_building_register,미건축/공지 추정,건축물대장 조인 실패와 실제 미건축 필지가 혼재될 수 있음
wirye_plan_area,4113110800104990339,4113110800104990339,499-339도,93.53681306235026,not_joined_to_building_register,미건축/공지 추정,건축물대장 조인 실패와 실제 미건축 필지가 혼재될 수 있음
wirye_plan_area,4113110800104990338,4113110800104990338,499-338도,175.081119011283,not_joined_to_building_register,미건축/공지 추정,건축물대장 조인 실패와 실제 미건축 필지가 혼재될 수 있음
wirye_plan_area,4113110800105830014,4113110800105830014,583-14대,255.7264943714319,not_joined_to_building_register,미건축/공지 추정,건축물대장 조인 실패와 실제 미건축 필지가 혼재될 수 있음
wirye_plan_area,4113110800105830013,4113110800105830013,583-13대,255.79089335152986,not_joined_to_building_register,미건축/공지 추정,건축물대장 조인 실패와 실제 미건축 필지가 혼재될 수 있음
wirye_plan_area,4113110800105820007,4113110800105820007,582-7대,255.54504764743018,not_joined_to_building_register,미건축/공지 추정,건축물대장 조인 실패와 실제 미건축 필지가 혼재될 수 있음
wirye_plan_area,4113110800105810018,4113110800105810018,581-18도,740.4395139217552,not_joined_to_building_register,미건축/공지 추정,건축물대장 조인 실패와 실제 미건축 필지가 혼재될 수 있음
wirye_plan_area,4113110800104990334,4113110800104990334,499-334도,235.46896675538198,not_joined_to_building_register,미건축/공지 추정,건축물대장 조인 실패와 실제 미건축 필지가 혼재될 수 있음
wirye_plan_area,4113110800104990333,4113110800104990333,499-333도,3451.4755796262857,not_joined_to_building_register,미건축/공지 추정,건축물대장 조인 실패와 실제 미건축 필지가 혼재될 수 있음
wirye_plan_area,4113110800104990293,4113110800104990293,499-293천,75.26472183453315,not_joined_to_building_register,미건축/공지 추정,건축물대장 조인 실패와 실제 미건축 필지가 혼재될 수 있음
wirye_plan_area,4113110800104990292,4113110800104990292,499-292천,23.00755958969122,not_joined_to_building_register,미건축/공지 추정,건축물대장 조인 실패와 실제 미건축 필지가 혼재될 수 있음
wirye_plan_area,4113110800104990289,4113110800104990289,499-289천,12.531654506636428,not_joined_to_building_register,미건축/공지 추정,건축물대장 조인 실패와 실제 미건축 필지가 혼재될 수 있음
wirye_plan_area,4113110800104990287,4113110800104990287,499-287도,44.32253737325074,not_joined_to_building_register,미건축/공지 추정,건축물대장 조인 실패와 실제 미건축 필지가 혼재될 수 있음
wirye_plan_area,4113110800104990285,4113110800104990285,499-285천,11.468552633464647,not_joined_to_building_register,미건축/공지 추정,건축물대장 조인 실패와 실제 미건축 필지가 혼재될 수 있음
wirye_plan_area,4113110800104990284,4113110800104990284,499-284수,81.44506448193759,not_joined_to_building_register,미건축/공지 추정,건축물대장 조인 실패와 실제 미건축 필지가 혼재될 수 있음
wirye_plan_area,4113110800104990283,4113110800104990283,499-283천,1170.2428555475276,not_joined_to_building_register,미건축/공지 추정,건축물대장 조인 실패와 실제 미건축 필지가 혼재될 수 있음
wirye_plan_area,4113110800104990282,4113110800104990282,499-282천,885.5018708078486,not_joined_to_building_register,미건축/공지 추정,건축물대장 조인 실패와 실제 미건축 필지가 혼재될 수 있음
wirye_plan_area,4113110800104990281,4113110800104990281,499-281천,89.98562318914747,not_joined_to_building_register,미건축/공지 추정,건축물대장 조인 실패와 실제 미건축 필지가 혼재될 수 있음
wirye_plan_area,4113110800104990280,4113110800104990280,499-280천,193.6082871247697,not_joined_to_building_register,미건축/공지 추정,건축물대장 조인 실패와 실제 미건축 필지가 혼재될 수 있음
wirye_plan_area,4113110800104990279,4113110800104990279,499-279천,73.54498910486922,not_joined_to_building_register,미건축/공지 추정,건축물대장 조인 실패와 실제 미건축 필지가 혼재될 수 있음
wirye_plan_area,4113110800104990276,4113110800104990276,499-276천,198.97836144791899,not_joined_to_building_register,미건축/공지 추정,건축물대장 조인 실패와 실제 미건축 필지가 혼재될 수 있음
wirye_plan_area,4113110800105800003,4113110800105800003,580-3도,1864.9175114106774,not_joined_to_building_register,미건축/공지 추정,건축물대장 조인 실패와 실제 미건축 필지가 혼재될 수 있음
wirye_plan_area,4113110800104990275,4113110800104990275,499-275천,195.48129464224186,not_joined_to_building_register,미건축/공지 추정,건축물대장 조인 실패와 실제 미건축 필지가 혼재될 수 있음
wirye_plan_area,4113110800104990271,4113110800104990271,499-271구,2400.5892595660034,not_joined_to_building_register,미건축/공지 추정,건축물대장 조인 실패와 실제 미건축 필지가 혼재될 수 있음
wirye_plan_area,4113110800104990270,4113110800104990270,499-270천,783.2902910434323,not_joined_to_building_register,미건축/공지 추정,건축물대장 조인 실패와 실제 미건축 필지가 혼재될 수 있음
wirye_plan_area,4113110800104990268,4113110800104990268,499-268천,41.76826852635474,not_joined_to_building_register,미건축/공지 추정,건축물대장 조인 실패와 실제 미건축 필지가 혼재될 수 있음
wirye_plan_area,4113110800104990267,4113110800104990267,499-267천,386.68732620833225,not_joined_to_building_register,미건축/공지 추정,건축물대장 조인 실패와 실제 미건축 필지가 혼재될 수 있음
wirye_plan_area,4113110800104990266,4113110800104990266,499-266구,1543.8789654555048,not_joined_to_building_register,미건축/공지 추정,건축물대장 조인 실패와 실제 미건축 필지가 혼재될 수 있음
wirye_plan_area,4113110800104990264,4113110800104990264,499-264천,40.59622733904667,not_joined_to_building_register,미건축/공지 추정,건축물대장 조인 실패와 실제 미건축 필지가 혼재될 수 있음
wirye_plan_area,4113110800104990263,4113110800104990263,499-263천,52.962284558305804,not_joined_to_building_register,미건축/공지 추정,건축물대장 조인 실패와 실제 미건축 필지가 혼재될 수 있음
wirye_plan_area,4113110800104990262,4113110800104990262,499-262천,74.11383994942024,not_joined_to_building_register,미건축/공지 추정,건축물대장 조인 실패와 실제 미건축 필지가 혼재될 수 있음
wirye_plan_area,4113110800104990261,4113110800104990261,499-261구,99.38345071870293,not_joined_to_building_register,미건축/공지 추정,건축물대장 조인 실패와 실제 미건축 필지가 혼재될 수 있음
wirye_plan_area,4113110800104990258,4113110800104990258,499-258구,24.434851682455356,not_joined_to_building_register,미건축/공지 추정,건축물대장 조인 실패와 실제 미건축 필지가 혼재될 수 있음
wirye_plan_area,4113110800104990253,4113110800104990253,499-253답,81.21194642104076,not_joined_to_building_register,미건축/공지 추정,건축물대장 조인 실패와 실제 미건축 필지가 혼재될 수 있음
wirye_plan_area,4113110800104990249,4113110800104990249,499-249전,65.09535169064397,not_joined_to_building_register,미건축/공지 추정,건축물대장 조인 실패와 실제 미건축 필지가 혼재될 수 있음
wirye_plan_area,4113110800104990248,4113110800104990248,499-248전,50.701225582364415,not_joined_to_building_register,미건축/공지 추정,건축물대장 조인 실패와 실제 미건축 필지가 혼재될 수 있음
wirye_plan_area,4113110800104990247,4113110800104990247,499-247대,33.43217315204305,not_joined_to_building_register,미건축/공지 추정,건축물대장 조인 실패와 실제 미건축 필지가 혼재될 수 있음
wirye_plan_area,4113110800104990246,4113110800104990246,499-246대,24.984576928466627,not_joined_to_building_register,미건축/공지 추정,건축물대장 조인 실패와 실제 미건축 필지가 혼재될 수 있음
wirye_plan_area,4113110800104990243,4113110800104990243,499-243차,200.45781898619768,not_joined_to_building_register,미건축/공지 추정,건축물대장 조인 실패와 실제 미건축 필지가 혼재될 수 있음
wirye_plan_area,4113110800104990239,4113110800104990239,499-239대,164.82685722710045,not_joined_to_building_register,미건축/공지 추정,건축물대장 조인 실패와 실제 미건축 필지가 혼재될 수 있음
wirye_plan_area,4113110800104990237,4113110800104990237,499-237구,21.097181899335823,not_joined_to_building_register,미건축/공지 추정,건축물대장 조인 실패와 실제 미건축 필지가 혼재될 수 있음
wirye_plan_area,4113110800104990235,4113110800104990235,499-235대,114.57831384346036,not_joined_to_building_register,미건축/공지 추정,건축물대장 조인 실패와 실제 미건축 필지가 혼재될 수 있음
wirye_plan_area,4113110800104990234,4113110800104990234,499-234구,108.18513709310434,not_joined_to_building_register,미건축/공지 추정,건축물대장 조인 실패와 실제 미건축 필지가 혼재될 수 있음
wirye_plan_area,4113110800104990233,4113110800104990233,499-233구,78.04945700992921,not_joined_to_building_register,미건축/공지 추정,건축물대장 조인 실패와 실제 미건축 필지가 혼재될 수 있음
wirye_plan_area,4113110800104990229,4113110800104990229,499-229전,2466.6834891505086,not_joined_to_building_register,미건축/공지 추정,건축물대장 조인 실패와 실제 미건축 필지가 혼재될 수 있음
wirye_plan_area,4113110800104990227,4113110800104990227,499-227주,838.4099893020634,not_joined_to_building_register,미건축/공지 추정,건축물대장 조인 실패와 실제 미건축 필지가 혼재될 수 있음
wirye_plan_area,4113110800104990226,4113110800104990226,499-226구,12.679907205410647,not_joined_to_building_register,미건축/공지 추정,건축물대장 조인 실패와 실제 미건축 필지가 혼재될 수 있음
wirye_plan_area,4113110800104990225,4113110800104990225,499-225전,327.008014244214,not_joined_to_building_register,미건축/공지 추정,건축물대장 조인 실패와 실제 미건축 필지가 혼재될 수 있음
wirye_plan_area,4113110800104990223,4113110800104990223,499-223도,25.606530429844206,not_joined_to_building_register,미건축/공지 추정,건축물대장 조인 실패와 실제 미건축 필지가 혼재될 수 있음
wirye_plan_area,4113110800104990222,4113110800104990222,499-222주,661.6718486147848,not_joined_to_building_register,미건축/공지 추정,건축물대장 조인 실패와 실제 미건축 필지가 혼재될 수 있음
wirye_plan_area,4113110800104990221,4113110800104990221,499-221차,201.80351621658326,not_joined_to_building_register,미건축/공지 추정,건축물대장 조인 실패와 실제 미건축 필지가 혼재될 수 있음
wirye_plan_area,4113110800104990220,4113110800104990220,499-220차,202.03490892580004,not_joined_to_building_register,미건축/공지 추정,건축물대장 조인 실패와 실제 미건축 필지가 혼재될 수 있음
wirye_plan_area,4113110800104990216,4113110800104990216,499-216구,28.84520295175395,not_joined_to_building_register,미건축/공지 추정,건축물대장 조인 실패와 실제 미건축 필지가 혼재될 수 있음
wirye_plan_area,4113110800104990215,4113110800104990215,499-215구,7.749515945956313,not_joined_to_building_register,미건축/공지 추정,건축물대장 조인 실패와 실제 미건축 필지가 혼재될 수 있음
wirye_plan_area,4113110800104990214,4113110800104990214,499-214전,583.7818054531791,not_joined_to_building_register,미건축/공지 추정,건축물대장 조인 실패와 실제 미건축 필지가 혼재될 수 있음
wirye_plan_area,4113110800104990181,4113110800104990181,499-181답,40.45451464940627,not_joined_to_building_register,미건축/공지 추정,건축물대장 조인 실패와 실제 미건축 필지가 혼재될 수 있음
wirye_plan_area,4113110800104990180,4113110800104990180,499-180답,82.00260522020226,not_joined_to_building_register,미건축/공지 추정,건축물대장 조인 실패와 실제 미건축 필지가 혼재될 수 있음
wirye_plan_area,4113110800104990179,4113110800104990179,499-179도,65.42919429286603,not_joined_to_building_register,미건축/공지 추정,건축물대장 조인 실패와 실제 미건축 필지가 혼재될 수 있음
wirye_plan_area,4113110800104990178,4113110800104990178,499-178답,325.63751773182605,not_joined_to_building_register,미건축/공지 추정,건축물대장 조인 실패와 실제 미건축 필지가 혼재될 수 있음
wirye_plan_area,4113110800104990177,4113110800104990177,499-177답,553.8970803520901,not_joined_to_building_register,미건축/공지 추정,건축물대장 조인 실패와 실제 미건축 필지가 혼재될 수 있음
wirye_plan_area,4113110800104990176,4113110800104990176,499-176도,13.103472858265429,not_joined_to_building_register,미건축/공지 추정,건축물대장 조인 실패와 실제 미건축 필지가 혼재될 수 있음
wirye_plan_area,4113110800104990175,4113110800104990175,499-175도,100.62660728526042,not_joined_to_building_register,미건축/공지 추정,건축물대장 조인 실패와 실제 미건축 필지가 혼재될 수 있음
wirye_plan_area,4113110800104990174,4113110800104990174,499-174도,189.66999238903244,not_joined_to_building_register,미건축/공지 추정,건축물대장 조인 실패와 실제 미건축 필지가 혼재될 수 있음
wirye_plan_area,4113110800104990173,4113110800104990173,499-173도,26.84147898709738,not_joined_to_building_register,미건축/공지 추정,건축물대장 조인 실패와 실제 미건축 필지가 혼재될 수 있음
wirye_plan_area,4113110800104990170,4113110800104990170,499-170답,3535.9955148031318,not_joined_to_building_register,미건축/공지 추정,건축물대장 조인 실패와 실제 미건축 필지가 혼재될 수 있음
wirye_plan_area,4113110800104990168,4113110800104990168,499-168구,10.027179304458805,not_joined_to_building_register,미건축/공지 추정,건축물대장 조인 실패와 실제 미건축 필지가 혼재될 수 있음
wirye_plan_area,4113110800104990167,4113110800104990167,499-167도,20.92744905760096,not_joined_to_building_register,미건축/공지 추정,건축물대장 조인 실패와 실제 미건축 필지가 혼재될 수 있음
wirye_plan_area,4113110800104990165,4113110800104990165,499-165답,3178.304824894883,not_joined_to_building_register,미건축/공지 추정,건축물대장 조인 실패와 실제 미건축 필지가 혼재될 수 있음
wirye_plan_area,4113110800104990164,4113110800104990164,499-164답,2016.084567117873,not_joined_to_building_register,미건축/공지 추정,건축물대장 조인 실패와 실제 미건축 필지가 혼재될 수 있음
wirye_plan_area,4113110800104990161,4113110800104990161,499-161천,24.379041111243335,not_joined_to_building_register,미건축/공지 추정,건축물대장 조인 실패와 실제 미건축 필지가 혼재될 수 있음
wirye_plan_area,4113110800104990160,4113110800104990160,499-160천,313.351228427713,not_joined_to_building_register,미건축/공지 추정,건축물대장 조인 실패와 실제 미건축 필지가 혼재될 수 있음
wirye_plan_area,4113110800104990103,4113110800104990103,499-103전,64.96489906363891,not_joined_to_building_register,미건축/공지 추정,건축물대장 조인 실패와 실제 미건축 필지가 혼재될 수 있음
wirye_plan_area,4113110800104990098,4113110800104990098,499-98차,201.30243159010638,not_joined_to_building_register,미건축/공지 추정,건축물대장 조인 실패와 실제 미건축 필지가 혼재될 수 있음
wirye_plan_area,4113110800104990087,4113110800104990087,499-87도,2743.0932653418977,not_joined_to_building_register,미건축/공지 추정,건축물대장 조인 실패와 실제 미건축 필지가 혼재될 수 있음
wirye_plan_area,4113110800104990086,4113110800104990086,499-86전,686.6119819666905,not_joined_to_building_register,미건축/공지 추정,건축물대장 조인 실패와 실제 미건축 필지가 혼재될 수 있음
wirye_plan_area,4113110800104990082,4113110800104990082,499-82구,14.614576617879639,not_joined_to_building_register,미건축/공지 추정,건축물대장 조인 실패와 실제 미건축 필지가 혼재될 수 있음
wirye_plan_area,4113110800104970051,4113110800104970051,497-51천,1496.3500805612782,not_joined_to_building_register,미건축/공지 추정,건축물대장 조인 실패와 실제 미건축 필지가 혼재될 수 있음
wirye_plan_area,4113110800104970050,4113110800104970050,497-50답,78.58349413369024,not_joined_to_building_register,미건축/공지 추정,건축물대장 조인 실패와 실제 미건축 필지가 혼재될 수 있음
wirye_plan_area,4113110800104970049,4113110800104970049,497-49답,18.88632924712872,not_joined_to_building_register,미건축/공지 추정,건축물대장 조인 실패와 실제 미건축 필지가 혼재될 수 있음
wirye_plan_area,4113110800104970048,4113110800104970048,497-48답,391.7056735660759,not_joined_to_building_register,미건축/공지 추정,건축물대장 조인 실패와 실제 미건축 필지가 혼재될 수 있음
wirye_plan_area,4113110800104970047,4113110800104970047,497-47답,239.34137649440245,not_joined_to_building_register,미건축/공지 추정,건축물대장 조인 실패와 실제 미건축 필지가 혼재될 수 있음
wirye_plan_area,4113110800104970046,4113110800104970046,497-46구,18.00030347041534,not_joined_to_building_register,미건축/공지 추정,건축물대장 조인 실패와 실제 미건축 필지가 혼재될 수 있음
wirye_plan_area,4113110800104970045,4113110800104970045,497-45 답,5.8177349388329915,not_joined_to_building_register,미건축/공지 추정,건축물대장 조인 실패와 실제 미건축 필지가 혼재될 수 있음
wirye_plan_area,4113110800104970044,4113110800104970044,497-44 구,396.1329632324849,not_joined_to_building_register,미건축/공지 추정,건축물대장 조인 실패와 실제 미건축 필지가 혼재될 수 있음
wirye_plan_area,4113110800104970043,4113110800104970043,497-43수,5.809103591079948,not_joined_to_building_register,미건축/공지 추정,건축물대장 조인 실패와 실제 미건축 필지가 혼재될 수 있음
wirye_plan_area,4113110800104970042,4113110800104970042,497-42수,518.4979178031043,not_joined_to_building_register,미건축/공지 추정,건축물대장 조인 실패와 실제 미건축 필지가 혼재될 수 있음
wirye_plan_area,4113110800104970041,4113110800104970041,497-41수,52.91131126892189,not_joined_to_building_register,미건축/공지 추정,건축물대장 조인 실패와 실제 미건축 필지가 혼재될 수 있음
wirye_plan_area,4113110800104970040,4113110800104970040,497-40천,41.203555533510226,not_joined_to_building_register,미건축/공지 추정,건축물대장 조인 실패와 실제 미건축 필지가 혼재될 수 있음
wirye_plan_area,4113110800104970039,4113110800104970039,497-39천,1382.4463676630512,not_joined_to_building_register,미건축/공지 추정,건축물대장 조인 실패와 실제 미건축 필지가 혼재될 수 있음
wirye_plan_area,4113110800104970038,4113110800104970038,497-38천,18.445899416677864,not_joined_to_building_register,미건축/공지 추정,건축물대장 조인 실패와 실제 미건축 필지가 혼재될 수 있음
wirye_plan_area,4113110800104970037,4113110800104970037,497-37잡,643.07730864247,not_joined_to_building_register,미건축/공지 추정,건축물대장 조인 실패와 실제 미건축 필지가 혼재될 수 있음
wirye_plan_area,4113110800104970036,4113110800104970036,497-36도,1293.8336941495847,not_joined_to_building_register,미건축/공지 추정,건축물대장 조인 실패와 실제 미건축 필지가 혼재될 수 있음
wirye_plan_area,4113110800104970035,4113110800104970035,497-35수,22.940725664815897,not_joined_to_building_register,미건축/공지 추정,건축물대장 조인 실패와 실제 미건축 필지가 혼재될 수 있음
wirye_plan_area,4113110800104970034,4113110800104970034,497-34수,98.98060764074467,not_joined_to_building_register,미건축/공지 추정,건축물대장 조인 실패와 실제 미건축 필지가 혼재될 수 있음
wirye_plan_area,4113110800104970033,4113110800104970033,497-33수,176.65722691424634,not_joined_to_building_register,미건축/공지 추정,건축물대장 조인 실패와 실제 미건축 필지가 혼재될 수 있음
wirye_plan_area,4113110800104970032,4113110800104970032,497-32수,62.22711005245673,not_joined_to_building_register,미건축/공지 추정,건축물대장 조인 실패와 실제 미건축 필지가 혼재될 수 있음
wirye_plan_area,4113110800104970031,4113110800104970031,497-31수,58.7602147712505,not_joined_to_building_register,미건축/공지 추정,건축물대장 조인 실패와 실제 미건축 필지가 혼재될 수 있음
wirye_plan_area,4113110800104970030,4113110800104970030,497-30수,281.20434334620643,not_joined_to_building_register,미건축/공지 추정,건축물대장 조인 실패와 실제 미건축 필지가 혼재될 수 있음
wirye_plan_area,4113110800104970029,4113110800104970029,497-29수,90.8103400160583,not_joined_to_building_register,미건축/공지 추정,건축물대장 조인 실패와 실제 미건축 필지가 혼재될 수 있음
wirye_plan_area,4113110800104970028,4113110800104970028,497-28 수,240.09943436471679,not_joined_to_building_register,미건축/공지 추정,건축물대장 조인 실패와 실제 미건축 필지가 혼재될 수 있음
wirye_plan_area,4113110800104970027,4113110800104970027,497-27수,229.93606814894616,not_joined_to_building_register,미건축/공지 추정,건축물대장 조인 실패와 실제 미건축 필지가 혼재될 수 있음
wirye_plan_area,4113110800104970026,4113110800104970026,497-26 수,1505.7853165957895,not_joined_to_building_register,미건축/공지 추정,건축물대장 조인 실패와 실제 미건축 필지가 혼재될 수 있음
wirye_plan_area,4113110800104970025,4113110800104970025,497-25 수,154.89946370028898,not_joined_to_building_register,미건축/공지 추정,건축물대장 조인 실패와 실제 미건축 필지가 혼재될 수 있음
wirye_plan_area,4113110800104970024,4113110800104970024,497-24 대,16.366258918703632,not_joined_to_building_register,미건축/공지 추정,건축물대장 조인 실패와 실제 미건축 필지가 혼재될 수 있음
wirye_plan_area,4113110800104970023,4113110800104970023,497-23 수,145.7134868887602,not_joined_to_building_register,미건축/공지 추정,건축물대장 조인 실패와 실제 미건축 필지가 혼재될 수 있음
wirye_plan_area,4113110800104970022,4113110800104970022,497-22 수,230.3906105959745,not_joined_to_building_register,미건축/공지 추정,건축물대장 조인 실패와 실제 미건축 필지가 혼재될 수 있음
wirye_plan_area,4113110800104970021,4113110800104970021,497-21 도,78.6043547910568,not_joined_to_building_register,미건축/공지 추정,건축물대장 조인 실패와 실제 미건축 필지가 혼재될 수 있음
wirye_plan_area,4113110800104970020,4113110800104970020,497-20 도,306.0122971296625,not_joined_to_building_register,미건축/공지 추정,건축물대장 조인 실패와 실제 미건축 필지가 혼재될 수 있음
wirye_plan_area,4113110800104970019,4113110800104970019,497-19잡,139.77247629276258,not_joined_to_building_register,미건축/공지 추정,건축물대장 조인 실패와 실제 미건축 필지가 혼재될 수 있음
wirye_plan_area,4113110800104970018,4113110800104970018,497-18대,8.186202873465392,not_joined_to_building_register,미건축/공지 추정,건축물대장 조인 실패와 실제 미건축 필지가 혼재될 수 있음
wirye_plan_area,4113110800104970017,4113110800104970017,497-17 도,303.09396501584905,not_joined_to_building_register,미건축/공지 추정,건축물대장 조인 실패와 실제 미건축 필지가 혼재될 수 있음
wirye_plan_area,4113110800104970016,4113110800104970016,497-16 전,102.95262246750646,not_joined_to_building_register,미건축/공지 추정,건축물대장 조인 실패와 실제 미건축 필지가 혼재될 수 있음
wirye_plan_area,4113110800104970015,4113110800104970015,497-15 도,55.63240927544753,not_joined_to_building_register,미건축/공지 추정,건축물대장 조인 실패와 실제 미건축 필지가 혼재될 수 있음
wirye_plan_area,4113110800104970014,4113110800104970014,497-14도,755.4932342728368,not_joined_to_building_register,미건축/공지 추정,건축물대장 조인 실패와 실제 미건축 필지가 혼재될 수 있음
wirye_plan_area,4113110800104970013,4113110800104970013,497-13차,35791.79354095589,not_joined_to_building_register,미건축/공지 추정,건축물대장 조인 실패와 실제 미건축 필지가 혼재될 수 있음
wirye_plan_area,4113110800104460002,4113110800104460002,446-2도,13.591081855477434,not_joined_to_building_register,미건축/공지 추정,건축물대장 조인 실패와 실제 미건축 필지가 혼재될 수 있음
wirye_plan_area,4113110800103830018,4113110800103830018,383-18 구,49.50988318030187,not_joined_to_building_register,미건축/공지 추정,건축물대장 조인 실패와 실제 미건축 필지가 혼재될 수 있음
wirye_plan_area,4113110800103830017,4113110800103830017,383-17구,60.09521256251064,not_joined_to_building_register,미건축/공지 추정,건축물대장 조인 실패와 실제 미건축 필지가 혼재될 수 있음
wirye_plan_area,4113110800103830016,4113110800103830016,383-16구,24.93426322219203,not_joined_to_building_register,미건축/공지 추정,건축물대장 조인 실패와 실제 미건축 필지가 혼재될 수 있음
wirye_plan_area,4113110800103830012,4113110800103830012,383-12구,123.8999251733655,not_joined_to_building_register,미건축/공지 추정,건축물대장 조인 실패와 실제 미건축 필지가 혼재될 수 있음
wirye_plan_area,4113110800100870016,4113110800100870016,87-16대,52.53873143033108,not_joined_to_building_register,미건축/공지 추정,건축물대장 조인 실패와 실제 미건축 필지가 혼재될 수 있음
wirye_plan_area,4113110800100870015,4113110800100870015,87-15도,100.94947767930505,not_joined_to_building_register,미건축/공지 추정,건축물대장 조인 실패와 실제 미건축 필지가 혼재될 수 있음
wirye_plan_area,4113110800100850023,4113110800100850023,85-23도,802.2861224057895,not_joined_to_building_register,미건축/공지 추정,건축물대장 조인 실패와 실제 미건축 필지가 혼재될 수 있음
wirye_plan_area,4113110800100850021,4113110800100850021,85-21대,153.08483752667516,not_joined_to_building_register,미건축/공지 추정,건축물대장 조인 실패와 실제 미건축 필지가 혼재될 수 있음
wirye_plan_area,4113110800100850014,4113110800100850014,85-14대,80.44688725944714,not_joined_to_building_register,미건축/공지 추정,건축물대장 조인 실패와 실제 미건축 필지가 혼재될 수 있음
wirye_plan_area,4113110800100850013,4113110800100850013,85-13대,201.33587293417312,not_joined_to_building_register,미건축/공지 추정,건축물대장 조인 실패와 실제 미건축 필지가 혼재될 수 있음
wirye_plan_area,4113110800100850012,4113110800100850012,85-12대,170.61184226079098,not_joined_to_building_register,미건축/공지 추정,건축물대장 조인 실패와 실제 미건축 필지가 혼재될 수 있음
wirye_plan_area,4113110800100800010,4113110800100800010,80-10 답,79.29372341885937,not_joined_to_building_register,미건축/공지 추정,건축물대장 조인 실패와 실제 미건축 필지가 혼재될 수 있음
wirye_plan_area,4113110800100800009,4113110800100800009,80-9답,359.4171037044715,not_joined_to_building_register,미건축/공지 추정,건축물대장 조인 실패와 실제 미건축 필지가 혼재될 수 있음
wirye_plan_area,4113110800100800008,4113110800100800008,80-8답,26.086604169739882,not_joined_to_building_register,미건축/공지 추정,건축물대장 조인 실패와 실제 미건축 필지가 혼재될 수 있음
wirye_plan_area,4113110800100790011,4113110800100790011,79-11 도,235.5596853657047,not_joined_to_building_register,미건축/공지 추정,건축물대장 조인 실패와 실제 미건축 필지가 혼재될 수 있음
wirye_plan_area,4113110800100790010,4113110800100790010,79-10답,3199.486450158095,not_joined_to_building_register,미건축/공지 추정,건축물대장 조인 실패와 실제 미건축 필지가 혼재될 수 있음
wirye_plan_area,4113110800100790009,4113110800100790009,79-9도,94.12331400297728,not_joined_to_building_register,미건축/공지 추정,건축물대장 조인 실패와 실제 미건축 필지가 혼재될 수 있음
wirye_plan_area,4113110800100790008,4113110800100790008,79-8대,323.33112413288114,not_joined_to_building_register,미건축/공지 추정,건축물대장 조인 실패와 실제 미건축 필지가 혼재될 수 있음
wirye_plan_area,4113110800100790007,4113110800100790007,79-7도,181.64093161492673,not_joined_to_building_register,미건축/공지 추정,건축물대장 조인 실패와 실제 미건축 필지가 혼재될 수 있음
wirye_plan_area,4113110800100790005,4113110800100790005,79-5도,149.31606945727196,not_joined_to_building_register,미건축/공지 추정,건축물대장 조인 실패와 실제 미건축 필지가 혼재될 수 있음
wirye_plan_area,4113110800100790003,4113110800100790003,79-3도,9.649419878572592,not_joined_to_building_register,미건축/공지 추정,건축물대장 조인 실패와 실제 미건축 필지가 혼재될 수 있음
wirye_plan_area,4113110800100790002,4113110800100790002,79-2도,7.601890298353821,not_joined_to_building_register,미건축/공지 추정,건축물대장 조인 실패와 실제 미건축 필지가 혼재될 수 있음
wirye_plan_area,4113110800100780007,4113110800100780007,78-7대,67.14106120776584,not_joined_to_building_register,미건축/공지 추정,건축물대장 조인 실패와 실제 미건축 필지가 혼재될 수 있음
wirye_plan_area,4113110800100780005,4113110800100780005,78-5대,527.9058775626918,not_joined_to_building_register,미건축/공지 추정,건축물대장 조인 실패와 실제 미건축 필지가 혼재될 수 있음
wirye_plan_area,4113110800100730004,4113110800100730004,73-4전,749.7341629497828,not_joined_to_building_register,미건축/공지 추정,건축물대장 조인 실패와 실제 미건축 필지가 혼재될 수 있음
wirye_plan_area,4113110800100590029,4113110800100590029,59-29 전,27038.169887683354,not_joined_to_building_register,미건축/공지 추정,건축물대장 조인 실패와 실제 미건축 필지가 혼재될 수 있음
wirye_plan_area,4113110800100590028,4113110800100590028,59-28대,82.40281233554208,not_joined_to_building_register,미건축/공지 추정,건축물대장 조인 실패와 실제 미건축 필지가 혼재될 수 있음
wirye_plan_area,4113110800100590027,4113110800100590027,59-27전,5743.44998307351,not_joined_to_building_register,미건축/공지 추정,건축물대장 조인 실패와 실제 미건축 필지가 혼재될 수 있음
wirye_plan_area,4113110800100590025,4113110800100590025,59-25대,586.5486093232247,not_joined_to_building_register,미건축/공지 추정,건축물대장 조인 실패와 실제 미건축 필지가 혼재될 수 있음
wirye_plan_area,4113110800100590024,4113110800100590024,59-24전,149.2550438217493,not_joined_to_building_register,미건축/공지 추정,건축물대장 조인 실패와 실제 미건축 필지가 혼재될 수 있음
wirye_plan_area,4113110800100590023,4113110800100590023,59-23전,855.5580158690384,not_joined_to_building_register,미건축/공지 추정,건축물대장 조인 실패와 실제 미건축 필지가 혼재될 수 있음
wirye_plan_area,4113110800100590022,4113110800100590022,59-22대,36.368415883902294,not_joined_to_building_register,미건축/공지 추정,건축물대장 조인 실패와 실제 미건축 필지가 혼재될 수 있음
wirye_plan_area,4113110800100590021,4113110800100590021,59-21대,6.281027013448926,not_joined_to_building_register,미건축/공지 추정,건축물대장 조인 실패와 실제 미건축 필지가 혼재될 수 있음
wirye_plan_area,4113110800100590020,4113110800100590020,59-20대,87.081160933231,not_joined_to_building_register,미건축/공지 추정,건축물대장 조인 실패와 실제 미건축 필지가 혼재될 수 있음
wirye_plan_area,4113110800100590018,4113110800100590018,59-18대,710.1300514556849,not_joined_to_building_register,미건축/공지 추정,건축물대장 조인 실패와 실제 미건축 필지가 혼재될 수 있음
wirye_plan_area,4113110800100590007,4113110800100590007,59-7대,298.931978053599,not_joined_to_building_register,미건축/공지 추정,건축물대장 조인 실패와 실제 미건축 필지가 혼재될 수 있음
wirye_plan_area,4113110800100590006,4113110800100590006,59-6대,464.59067305445933,not_joined_to_building_register,미건축/공지 추정,건축물대장 조인 실패와 실제 미건축 필지가 혼재될 수 있음
wirye_plan_area,4113110800100590005,4113110800100590005,59-5대,184.4068553975523,not_joined_to_building_register,미건축/공지 추정,건축물대장 조인 실패와 실제 미건축 필지가 혼재될 수 있음
wirye_plan_area,4113110800100460015,4113110800100460015,46-15 전,9237.869787506708,not_joined_to_building_register,미건축/공지 추정,건축물대장 조인 실패와 실제 미건축 필지가 혼재될 수 있음
wirye_plan_area,4113110800100460014,4113110800100460014,46-14전,3921.202033330512,not_joined_to_building_register,미건축/공지 추정,건축물대장 조인 실패와 실제 미건축 필지가 혼재될 수 있음
wirye_plan_area,4113110800100460002,4113110800100460002,46-2전,62.56735141853862,not_joined_to_building_register,미건축/공지 추정,건축물대장 조인 실패와 실제 미건축 필지가 혼재될 수 있음
wirye_plan_area,4113110800105850005,4113110800105850005,585-5도,1821.1857137252666,not_joined_to_building_register,미건축/공지 추정,건축물대장 조인 실패와 실제 미건축 필지가 혼재될 수 있음
wirye_plan_area,4113110800104990230,4113110800104990230,499-230잡,610.3522696565118,not_joined_to_building_register,미건축/공지 추정,건축물대장 조인 실패와 실제 미건축 필지가 혼재될 수 있음
wirye_plan_area,4113110800104990231,4113110800104990231,499-231대,206.95792442660854,not_joined_to_building_register,미건축/공지 추정,건축물대장 조인 실패와 실제 미건축 필지가 혼재될 수 있음
wirye_plan_area,4113110800104990245,4113110800104990245,499-245도,27.787657803288695,not_joined_to_building_register,미건축/공지 추정,건축물대장 조인 실패와 실제 미건축 필지가 혼재될 수 있음
wirye_plan_area,4113110800104990232,4113110800104990232,499-232도,36.60572057741037,not_joined_to_building_register,미건축/공지 추정,건축물대장 조인 실패와 실제 미건축 필지가 혼재될 수 있음
wirye_plan_area,4113110800104990241,4113110800104990241,499-241대,31.095144212078168,not_joined_to_building_register,미건축/공지 추정,건축물대장 조인 실패와 실제 미건축 필지가 혼재될 수 있음
wirye_plan_area,4113110800104990242,4113110800104990242,499-242전,452.18344971830226,not_joined_to_building_register,미건축/공지 추정,건축물대장 조인 실패와 실제 미건축 필지가 혼재될 수 있음
wirye_plan_area,4113110800104990297,4113110800104990297,499-297도,530.348942657557,not_joined_to_building_register,미건축/공지 추정,건축물대장 조인 실패와 실제 미건축 필지가 혼재될 수 있음
wirye_plan_area,4113110800104990236,4113110800104990236,499-236전,189.70885431095797,not_joined_to_building_register,미건축/공지 추정,건축물대장 조인 실패와 실제 미건축 필지가 혼재될 수 있음
wirye_plan_area,4113110800104990286,4113110800104990286,499-286전,124.32026821490226,not_joined_to_building_register,미건축/공지 추정,건축물대장 조인 실패와 실제 미건축 필지가 혼재될 수 있음
wirye_plan_area,4113110800104990296,4113110800104990296,499-296구,18.815600998351837,not_joined_to_building_register,미건축/공지 추정,건축물대장 조인 실패와 실제 미건축 필지가 혼재될 수 있음
wirye_plan_area,4113110800104990301,4113110800104990301,499-301전,9.906404733001612,not_joined_to_building_register,미건축/공지 추정,건축물대장 조인 실패와 실제 미건축 필지가 혼재될 수 있음
wirye_plan_area,4113110800104990302,4113110800104990302,499-302전,0.16957627413721696,not_joined_to_building_register,미건축/공지 추정,건축물대장 조인 실패와 실제 미건축 필지가 혼재될 수 있음
wirye_plan_area,4113110800104990303,4113110800104990303,499-303도,75.95064497649143,not_joined_to_building_register,미건축/공지 추정,건축물대장 조인 실패와 실제 미건축 필지가 혼재될 수 있음
wirye_plan_area,4113110800104990304,4113110800104990304,499-304전,5.466115116086903,not_joined_to_building_register,미건축/공지 추정,건축물대장 조인 실패와 실제 미건축 필지가 혼재될 수 있음
wirye_plan_area,4113110800104990305,4113110800104990305,499-305전,10.221090191632273,not_joined_to_building_register,미건축/공지 추정,건축물대장 조인 실패와 실제 미건축 필지가 혼재될 수 있음
wirye_plan_area,4113110800104990307,4113110800104990307,499-307도,6.249840532436938,not_joined_to_building_register,미건축/공지 추정,건축물대장 조인 실패와 실제 미건축 필지가 혼재될 수 있음
wirye_plan_area,4113110800104990308,4113110800104990308,499-308도,47.643049553448535,not_joined_to_building_register,미건축/공지 추정,건축물대장 조인 실패와 실제 미건축 필지가 혼재될 수 있음
wirye_plan_area,4113110800104990309,4113110800104990309,499-309전,238.68168378549822,not_joined_to_building_register,미건축/공지 추정,건축물대장 조인 실패와 실제 미건축 필지가 혼재될 수 있음
wirye_plan_area,4113110800104990311,4113110800104990311,499-311잡,789.032258812102,not_joined_to_building_register,미건축/공지 추정,건축물대장 조인 실패와 실제 미건축 필지가 혼재될 수 있음
wirye_plan_area,4113110800104990314,4113110800104990314,499-314전,67.7222593393841,not_joined_to_building_register,미건축/공지 추정,건축물대장 조인 실패와 실제 미건축 필지가 혼재될 수 있음
wirye_plan_area,4113110800104990320,4113110800104990320,499-320전,1762.619356088281,not_joined_to_building_register,미건축/공지 추정,건축물대장 조인 실패와 실제 미건축 필지가 혼재될 수 있음
wirye_plan_area,4113110800104990323,4113110800104990323,499-323대,268.1643155615437,not_joined_to_building_register,미건축/공지 추정,건축물대장 조인 실패와 실제 미건축 필지가 혼재될 수 있음
wirye_plan_area,4113110800104990325,4113110800104990325,499-325전,1334.594910126821,not_joined_to_building_register,미건축/공지 추정,건축물대장 조인 실패와 실제 미건축 필지가 혼재될 수 있음
wirye_plan_area,4113110800104990326,4113110800104990326,499-326대,229.904159983337,not_joined_to_building_register,미건축/공지 추정,건축물대장 조인 실패와 실제 미건축 필지가 혼재될 수 있음
wirye_plan_area,4113110800104990329,4113110800104990329,499-329대,6.087166148633003,not_joined_to_building_register,미건축/공지 추정,건축물대장 조인 실패와 실제 미건축 필지가 혼재될 수 있음
wirye_plan_area,4113110800104990337,4113110800104990337,499-337도,1147.5667423147431,not_joined_to_building_register,미건축/공지 추정,건축물대장 조인 실패와 실제 미건축 필지가 혼재될 수 있음
wirye_plan_area,4113110800104990310,4113110800104990310,499-310잡,345.2330022792732,not_joined_to_building_register,미건축/공지 추정,건축물대장 조인 실패와 실제 미건축 필지가 혼재될 수 있음
wirye_plan_area,4113110800104990315,4113110800104990315,499-315도,34.068142332363884,not_joined_to_building_register,미건축/공지 추정,건축물대장 조인 실패와 실제 미건축 필지가 혼재될 수 있음
wirye_plan_area,4113110800104990316,4113110800104990316,499-316구,9.42270752255854,not_joined_to_building_register,미건축/공지 추정,건축물대장 조인 실패와 실제 미건축 필지가 혼재될 수 있음
wirye_plan_area,4113110800104990317,4113110800104990317,499-317전,0.19878480349828118,not_joined_to_building_register,미건축/공지 추정,건축물대장 조인 실패와 실제 미건축 필지가 혼재될 수 있음
wirye_plan_area,4113110800104990319,4113110800104990319,499-319구,87.09453739974401,not_joined_to_building_register,미건축/공지 추정,건축물대장 조인 실패와 실제 미건축 필지가 혼재될 수 있음
wirye_plan_area,4113110800104990327,4113110800104990327,499-327대,16.53577717961162,not_joined_to_building_register,미건축/공지 추정,건축물대장 조인 실패와 실제 미건축 필지가 혼재될 수 있음
wirye_plan_area,4113110800104990328,4113110800104990328,499-328전,1132.5069335270896,not_joined_to_building_register,미건축/공지 추정,건축물대장 조인 실패와 실제 미건축 필지가 혼재될 수 있음
wirye_plan_area,4113110800104990250,4113110800104990250,499-250전,195.4846068756594,not_joined_to_building_register,미건축/공지 추정,건축물대장 조인 실패와 실제 미건축 필지가 혼재될 수 있음
wirye_plan_area,4113110800104990272,4113110800104990272,499-272답,959.729689549525,not_joined_to_building_register,미건축/공지 추정,건축물대장 조인 실패와 실제 미건축 필지가 혼재될 수 있음
wirye_plan_area,4113110800104990273,4113110800104990273,499-273답,55.4000658007302,not_joined_to_building_register,미건축/공지 추정,건축물대장 조인 실패와 실제 미건축 필지가 혼재될 수 있음
wirye_plan_area,4113110800104990274,4113110800104990274,499-274구,31.470546552925644,not_joined_to_building_register,미건축/공지 추정,건축물대장 조인 실패와 실제 미건축 필지가 혼재될 수 있음
wirye_plan_area,4113110800104990277,4113110800104990277,499-277답,200.15442150844765,not_joined_to_building_register,미건축/공지 추정,건축물대장 조인 실패와 실제 미건축 필지가 혼재될 수 있음
wirye_plan_area,4113110800104990299,4113110800104990299,499-299전,74.39643987424684,not_joined_to_building_register,미건축/공지 추정,건축물대장 조인 실패와 실제 미건축 필지가 혼재될 수 있음
wirye_plan_area,4113110800104990278,4113110800104990278,499-278답,45.867565562159406,not_joined_to_building_register,미건축/공지 추정,건축물대장 조인 실패와 실제 미건축 필지가 혼재될 수 있음
wirye_plan_area,4113110800104990290,4113110800104990290,499-290전,1168.9509449473228,not_joined_to_building_register,미건축/공지 추정,건축물대장 조인 실패와 실제 미건축 필지가 혼재될 수 있음
wirye_plan_area,4113110800104990291,4113110800104990291,499-291전,71.85899267286713,not_joined_to_building_register,미건축/공지 추정,건축물대장 조인 실패와 실제 미건축 필지가 혼재될 수 있음
wirye_plan_area,4113110800104990294,4113110800104990294,499-294잡,577.7668143023632,not_joined_to_building_register,미건축/공지 추정,건축물대장 조인 실패와 실제 미건축 필지가 혼재될 수 있음
wirye_plan_area,4113110800104990298,4113110800104990298,499-298전,16.657723682340105,not_joined_to_building_register,미건축/공지 추정,건축물대장 조인 실패와 실제 미건축 필지가 혼재될 수 있음
wirye_plan_area,4113110800104990300,4113110800104990300,499-300전,178.76728507768283,not_joined_to_building_register,미건축/공지 추정,건축물대장 조인 실패와 실제 미건축 필지가 혼재될 수 있음
wirye_plan_area,4113110800104990385,4113110800104990385,499-385전,784.2808713694307,not_joined_to_building_register,미건축/공지 추정,건축물대장 조인 실패와 실제 미건축 필지가 혼재될 수 있음
wirye_plan_area,4113110800104990370,4113110800104990370,499-370도,285.70601090578884,not_joined_to_building_register,미건축/공지 추정,건축물대장 조인 실패와 실제 미건축 필지가 혼재될 수 있음
wirye_plan_area,4113110800104990379,4113110800104990379,499-379도,2549.0083539138564,not_joined_to_building_register,미건축/공지 추정,건축물대장 조인 실패와 실제 미건축 필지가 혼재될 수 있음
wirye_plan_area,4113110800105270002,4113110800105270002,527-2공,10.944724240963028,not_joined_to_building_register,미건축/공지 추정,건축물대장 조인 실패와 실제 미건축 필지가 혼재될 수 있음
wirye_plan_area,4113110800105270003,4113110800105270003,527-3공,10073.750763272372,not_joined_to_building_register,미건축/공지 추정,건축물대장 조인 실패와 실제 미건축 필지가 혼재될 수 있음
wirye_plan_area,4113110800105280001,4113110800105280001,528-1공,2065.8250623438444,not_joined_to_building_register,미건축/공지 추정,건축물대장 조인 실패와 실제 미건축 필지가 혼재될 수 있음
wirye_plan_area,4113110800105290001,4113110800105290001,529-1도,2025.285253865061,not_joined_to_building_register,미건축/공지 추정,건축물대장 조인 실패와 실제 미건축 필지가 혼재될 수 있음
wirye_plan_area,4113110800105290003,4113110800105290003,529-3유,30523.8156758426,not_joined_to_building_register,미건축/공지 추정,건축물대장 조인 실패와 실제 미건축 필지가 혼재될 수 있음
wirye_plan_area,4113110800105290004,4113110800105290004,529-4공,7570.553421496779,not_joined_to_building_register,미건축/공지 추정,건축물대장 조인 실패와 실제 미건축 필지가 혼재될 수 있음
wirye_plan_area,4113110800105290005,4113110800105290005,529-5공,1672.5405739744172,not_joined_to_building_register,미건축/공지 추정,건축물대장 조인 실패와 실제 미건축 필지가 혼재될 수 있음
wirye_plan_area,4113110800105290006,4113110800105290006,529-6공,5998.996782431642,not_joined_to_building_register,미건축/공지 추정,건축물대장 조인 실패와 실제 미건축 필지가 혼재될 수 있음
wirye_plan_area,4113110800105300001,4113110800105300001,530-1도,1184.177769622879,not_joined_to_building_register,미건축/공지 추정,건축물대장 조인 실패와 실제 미건축 필지가 혼재될 수 있음
wirye_plan_area,4113110800105300002,4113110800105300002,530-2공,1982.5862895966518,not_joined_to_building_register,미건축/공지 추정,건축물대장 조인 실패와 실제 미건축 필지가 혼재될 수 있음
wirye_plan_area,4113110800105300003,4113110800105300003,530-3도,2122.408142577284,not_joined_to_building_register,미건축/공지 추정,건축물대장 조인 실패와 실제 미건축 필지가 혼재될 수 있음
wirye_plan_area,4113110800105300004,4113110800105300004,530-4공,1628.0156883382842,not_joined_to_building_register,미건축/공지 추정,건축물대장 조인 실패와 실제 미건축 필지가 혼재될 수 있음
wirye_plan_area,4113110800105310001,4113110800105310001,531-1공,3636.9418811342844,not_joined_to_building_register,미건축/공지 추정,건축물대장 조인 실패와 실제 미건축 필지가 혼재될 수 있음
wirye_plan_area,4113110800105310002,4113110800105310002,531-2공,1693.8760736064846,not_joined_to_building_register,미건축/공지 추정,건축물대장 조인 실패와 실제 미건축 필지가 혼재될 수 있음
wirye_plan_area,4113110800105310003,4113110800105310003,531-3도,1448.717915501073,not_joined_to_building_register,미건축/공지 추정,건축물대장 조인 실패와 실제 미건축 필지가 혼재될 수 있음
wirye_plan_area,4113110800105310004,4113110800105310004,531-4도,2564.758875374584,not_joined_to_building_register,미건축/공지 추정,건축물대장 조인 실패와 실제 미건축 필지가 혼재될 수 있음
wirye_plan_area,4113110800105310005,4113110800105310005,531-5공,2749.858158212143,not_joined_to_building_register,미건축/공지 추정,건축물대장 조인 실패와 실제 미건축 필지가 혼재될 수 있음
wirye_plan_area,4113110800105310006,4113110800105310006,531-6천,5841.695738537843,not_joined_to_building_register,미건축/공지 추정,건축물대장 조인 실패와 실제 미건축 필지가 혼재될 수 있음
wirye_plan_area,4113110800105340007,4113110800105340007,534-7도,57157.61007391019,not_joined_to_building_register,미건축/공지 추정,건축물대장 조인 실패와 실제 미건축 필지가 혼재될 수 있음
wirye_plan_area,4113110800105360001,4113110800105360001,536-1공,238.31011982231342,not_joined_to_building_register,미건축/공지 추정,건축물대장 조인 실패와 실제 미건축 필지가 혼재될 수 있음
wirye_plan_area,4113110800105360002,4113110800105360002,536-2도,167.93330106438094,not_joined_to_building_register,미건축/공지 추정,건축물대장 조인 실패와 실제 미건축 필지가 혼재될 수 있음
wirye_plan_area,4113110800105360003,4113110800105360003,536-3도,1680.2163466561667,not_joined_to_building_register,미건축/공지 추정,건축물대장 조인 실패와 실제 미건축 필지가 혼재될 수 있음
wirye_plan_area,4113110800105380010,4113110800105380010,538-10도,204.03477089668166,not_joined_to_building_register,미건축/공지 추정,건축물대장 조인 실패와 실제 미건축 필지가 혼재될 수 있음
wirye_plan_area,4113110800105390016,4113110800105390016,539-16도,240.54768423343182,not_joined_to_building_register,미건축/공지 추정,건축물대장 조인 실패와 실제 미건축 필지가 혼재될 수 있음
wirye_plan_area,4113110800105390017,4113110800105390017,539-17도,1222.5079041443312,not_joined_to_building_register,미건축/공지 추정,건축물대장 조인 실패와 실제 미건축 필지가 혼재될 수 있음
wirye_plan_area,4113110800105390018,4113110800105390018,539-18도,4590.5791291595615,not_joined_to_building_register,미건축/공지 추정,건축물대장 조인 실패와 실제 미건축 필지가 혼재될 수 있음
wirye_plan_area,4113110800105390019,4113110800105390019,539-19공,1787.4234259664468,not_joined_to_building_register,미건축/공지 추정,건축물대장 조인 실패와 실제 미건축 필지가 혼재될 수 있음
wirye_plan_area,4113110800105400001,4113110800105400001,540-1도,161.52145425765409,not_joined_to_building_register,미건축/공지 추정,건축물대장 조인 실패와 실제 미건축 필지가 혼재될 수 있음
wirye_plan_area,4113110800105430006,4113110800105430006,543-6도,262.90362532392845,not_joined_to_building_register,미건축/공지 추정,건축물대장 조인 실패와 실제 미건축 필지가 혼재될 수 있음
wirye_plan_area,4113110800105440008,4113110800105440008,544-8도,1221.9477641033297,not_joined_to_building_register,미건축/공지 추정,건축물대장 조인 실패와 실제 미건축 필지가 혼재될 수 있음
wirye_plan_area,4113110800105440009,4113110800105440009,544-9도,107.92801572760645,not_joined_to_building_register,미건축/공지 추정,건축물대장 조인 실패와 실제 미건축 필지가 혼재될 수 있음
wirye_plan_area,4113110800105440010,4113110800105440010,544-10도,4375.451691473165,not_joined_to_building_register,미건축/공지 추정,건축물대장 조인 실패와 실제 미건축 필지가 혼재될 수 있음
wirye_plan_area,4113110800105450002,4113110800105450002,545-2대,291.7972110953232,not_joined_to_building_register,미건축/공지 추정,건축물대장 조인 실패와 실제 미건축 필지가 혼재될 수 있음
wirye_plan_area,4113110800105450004,4113110800105450004,545-4대,291.7758616526266,not_joined_to_building_register,미건축/공지 추정,건축물대장 조인 실패와 실제 미건축 필지가 혼재될 수 있음
wirye_plan_area,4113110800105450010,4113110800105450010,545-10도,191.90916631922727,not_joined_to_building_register,미건축/공지 추정,건축물대장 조인 실패와 실제 미건축 필지가 혼재될 수 있음
wirye_plan_area,4113110800105450011,4113110800105450011,545-11도,1868.9891178218206,not_joined_to_building_register,미건축/공지 추정,건축물대장 조인 실패와 실제 미건축 필지가 혼재될 수 있음
wirye_plan_area,4113110800105460003,4113110800105460003,546-3대,600.570649924041,not_joined_to_building_register,미건축/공지 추정,건축물대장 조인 실패와 실제 미건축 필지가 혼재될 수 있음
wirye_plan_area,4113110800105460009,4113110800105460009,546-9도,13310.51526229721,not_joined_to_building_register,미건축/공지 추정,건축물대장 조인 실패와 실제 미건축 필지가 혼재될 수 있음
wirye_plan_area,4113110800105460010,4113110800105460010,546-10도,457.53759757800594,not_joined_to_building_register,미건축/공지 추정,건축물대장 조인 실패와 실제 미건축 필지가 혼재될 수 있음
wirye_plan_area,4113110800105470003,4113110800105470003,547-3대,709.4642015485823,not_joined_to_building_register,미건축/공지 추정,건축물대장 조인 실패와 실제 미건축 필지가 혼재될 수 있음
wirye_plan_area,4113110800105470007,4113110800105470007,547-7대,644.4016476864307,not_joined_to_building_register,미건축/공지 추정,건축물대장 조인 실패와 실제 미건축 필지가 혼재될 수 있음
wirye_plan_area,4113110800105470011,4113110800105470011,547-11대,782.1958344498884,not_joined_to_building_register,미건축/공지 추정,건축물대장 조인 실패와 실제 미건축 필지가 혼재될 수 있음
wirye_plan_area,4113110800105470014,4113110800105470014,547-14도,168.31784575345068,not_joined_to_building_register,미건축/공지 추정,건축물대장 조인 실패와 실제 미건축 필지가 혼재될 수 있음
wirye_plan_area,4113110800105470015,4113110800105470015,547-15도,167.95590181094195,not_joined_to_building_register,미건축/공지 추정,건축물대장 조인 실패와 실제 미건축 필지가 혼재될 수 있음
wirye_plan_area,4113110800105480010,4113110800105480010,548-10도,345.1380050382352,not_joined_to_building_register,미건축/공지 추정,건축물대장 조인 실패와 실제 미건축 필지가 혼재될 수 있음
wirye_plan_area,4113110800105480011,4113110800105480011,548-11도,2813.559646306523,not_joined_to_building_register,미건축/공지 추정,건축물대장 조인 실패와 실제 미건축 필지가 혼재될 수 있음
wirye_plan_area,4113110800105480012,4113110800105480012,548-12도,2831.483209929853,not_joined_to_building_register,미건축/공지 추정,건축물대장 조인 실패와 실제 미건축 필지가 혼재될 수 있음
wirye_plan_area,4113110800105500007,4113110800105500007,550-7도,107.82486762961531,not_joined_to_building_register,미건축/공지 추정,건축물대장 조인 실패와 실제 미건축 필지가 혼재될 수 있음
wirye_plan_area,4113110800105500008,4113110800105500008,550-8도,1196.790921250576,not_joined_to_building_register,미건축/공지 추정,건축물대장 조인 실패와 실제 미건축 필지가 혼재될 수 있음
wirye_plan_area,4113110800105500009,4113110800105500009,550-9도,12044.391165651361,not_joined_to_building_register,미건축/공지 추정,건축물대장 조인 실패와 실제 미건축 필지가 혼재될 수 있음
wirye_plan_area,4113110800105510016,4113110800105510016,551-16도,204.0289719537013,not_joined_to_building_register,미건축/공지 추정,건축물대장 조인 실패와 실제 미건축 필지가 혼재될 수 있음
wirye_plan_area,4113110800105510017,4113110800105510017,551-17도,1243.0033784764883,not_joined_to_building_register,미건축/공지 추정,건축물대장 조인 실패와 실제 미건축 필지가 혼재될 수 있음
wirye_plan_area,4113110800105520010,4113110800105520010,552-10도,2075.3875013628044,not_joined_to_building_register,미건축/공지 추정,건축물대장 조인 실패와 실제 미건축 필지가 혼재될 수 있음
wirye_plan_area,4113110800105520011,4113110800105520011,552-11도,1238.2291037462514,not_joined_to_building_register,미건축/공지 추정,건축물대장 조인 실패와 실제 미건축 필지가 혼재될 수 있음
wirye_plan_area,4113110800105520012,4113110800105520012,552-12도,925.8778729497534,not_joined_to_building_register,미건축/공지 추정,건축물대장 조인 실패와 실제 미건축 필지가 혼재될 수 있음
wirye_plan_area,4113110800105530006,4113110800105530006,553-6도,603.5270026842659,not_joined_to_building_register,미건축/공지 추정,건축물대장 조인 실패와 실제 미건축 필지가 혼재될 수 있음
wirye_plan_area,4113110800105540006,4113110800105540006,554-6도,1134.5560706706115,not_joined_to_building_register,미건축/공지 추정,건축물대장 조인 실패와 실제 미건축 필지가 혼재될 수 있음
wirye_plan_area,4113110800105560008,4113110800105560008,556-8도,108.09626304156734,not_joined_to_building_register,미건축/공지 추정,건축물대장 조인 실패와 실제 미건축 필지가 혼재될 수 있음
wirye_plan_area,4113110800105570004,4113110800105570004,557-4대,642.3328276779949,not_joined_to_building_register,미건축/공지 추정,건축물대장 조인 실패와 실제 미건축 필지가 혼재될 수 있음
wirye_plan_area,4113110800105570008,4113110800105570008,557-8대,387.9122167376514,not_joined_to_building_register,미건축/공지 추정,건축물대장 조인 실패와 실제 미건축 필지가 혼재될 수 있음
wirye_plan_area,4113110800105570010,4113110800105570010,557-10도,157.6719662870132,not_joined_to_building_register,미건축/공지 추정,건축물대장 조인 실패와 실제 미건축 필지가 혼재될 수 있음
wirye_plan_area,4113110800105570011,4113110800105570011,557-11도,1905.9786722650094,not_joined_to_building_register,미건축/공지 추정,건축물대장 조인 실패와 실제 미건축 필지가 혼재될 수 있음
wirye_plan_area,4113110800105580012,4113110800105580012,558-12도,204.15701940301977,not_joined_to_building_register,미건축/공지 추정,건축물대장 조인 실패와 실제 미건축 필지가 혼재될 수 있음
wirye_plan_area,4113110800105590009,4113110800105590009,559-9공,1879.2782156807848,not_joined_to_building_register,미건축/공지 추정,건축물대장 조인 실패와 실제 미건축 필지가 혼재될 수 있음
wirye_plan_area,4113110800105590012,4113110800105590012,559-12공,745.952914706478,not_joined_to_building_register,미건축/공지 추정,건축물대장 조인 실패와 실제 미건축 필지가 혼재될 수 있음
wirye_plan_area,4113110800105590013,4113110800105590013,559-13도,324.56003549334,not_joined_to_building_register,미건축/공지 추정,건축물대장 조인 실패와 실제 미건축 필지가 혼재될 수 있음
wirye_plan_area,4113110800105590014,4113110800105590014,559-14공,1206.808112721529,not_joined_to_building_register,미건축/공지 추정,건축물대장 조인 실패와 실제 미건축 필지가 혼재될 수 있음
wirye_plan_area,4113110800105590015,4113110800105590015,559-15도,555.0468838613576,not_joined_to_building_register,미건축/공지 추정,건축물대장 조인 실패와 실제 미건축 필지가 혼재될 수 있음
wirye_plan_area,4113110800105590016,4113110800105590016,559-16도,313.09417098607076,not_joined_to_building_register,미건축/공지 추정,건축물대장 조인 실패와 실제 미건축 필지가 혼재될 수 있음
wirye_plan_area,4113110800105590017,4113110800105590017,559-17도,418.122234182855,not_joined_to_building_register,미건축/공지 추정,건축물대장 조인 실패와 실제 미건축 필지가 혼재될 수 있음
wirye_plan_area,4113110800105600002,4113110800105600002,560-2대,2820.87059471612,not_joined_to_building_register,미건축/공지 추정,건축물대장 조인 실패와 실제 미건축 필지가 혼재될 수 있음
wirye_plan_area,4113110800105600003,4113110800105600003,560-3도,243.86168355964782,not_joined_to_building_register,미건축/공지 추정,건축물대장 조인 실패와 실제 미건축 필지가 혼재될 수 있음
wirye_plan_area,4113110800105610003,4113110800105610003,561-3대,1067.4299550169198,not_joined_to_building_register,미건축/공지 추정,건축물대장 조인 실패와 실제 미건축 필지가 혼재될 수 있음
wirye_plan_area,4113110800105610004,4113110800105610004,561-4도,865.6874471094719,not_joined_to_building_register,미건축/공지 추정,건축물대장 조인 실패와 실제 미건축 필지가 혼재될 수 있음
wirye_plan_area,4113110800105620005,4113110800105620005,562-5도,3238.0492327731213,not_joined_to_building_register,미건축/공지 추정,건축물대장 조인 실패와 실제 미건축 필지가 혼재될 수 있음
wirye_plan_area,4113110800105630001,4113110800105630001,563-1공,813.1343374633184,not_joined_to_building_register,미건축/공지 추정,건축물대장 조인 실패와 실제 미건축 필지가 혼재될 수 있음
wirye_plan_area,4113110800105630002,4113110800105630002,563-2도,1230.2453380716472,not_joined_to_building_register,미건축/공지 추정,건축물대장 조인 실패와 실제 미건축 필지가 혼재될 수 있음
wirye_plan_area,4113110800105630003,4113110800105630003,563-3도,651.7999797367393,not_joined_to_building_register,미건축/공지 추정,건축물대장 조인 실패와 실제 미건축 필지가 혼재될 수 있음
wirye_plan_area,4113110800105640001,4113110800105640001,564-1도,1852.6890348907114,not_joined_to_building_register,미건축/공지 추정,건축물대장 조인 실패와 실제 미건축 필지가 혼재될 수 있음
wirye_plan_area,4113110800105640002,4113110800105640002,564-2도,850.6249352672248,not_joined_to_building_register,미건축/공지 추정,건축물대장 조인 실패와 실제 미건축 필지가 혼재될 수 있음
wirye_plan_area,4113110800105640003,4113110800105640003,564-3도,1166.8435059753376,not_joined_to_building_register,미건축/공지 추정,건축물대장 조인 실패와 실제 미건축 필지가 혼재될 수 있음
wirye_plan_area,4113110800105650001,4113110800105650001,565-1공,838.8589714319475,not_joined_to_building_register,미건축/공지 추정,건축물대장 조인 실패와 실제 미건축 필지가 혼재될 수 있음
wirye_plan_area,4113110800105650002,4113110800105650002,565-2도,891.2140814240548,not_joined_to_building_register,미건축/공지 추정,건축물대장 조인 실패와 실제 미건축 필지가 혼재될 수 있음
wirye_plan_area,4113110800105650003,4113110800105650003,565-3도,1257.8890404629678,not_joined_to_building_register,미건축/공지 추정,건축물대장 조인 실패와 실제 미건축 필지가 혼재될 수 있음
wirye_plan_area,4113110800105650004,4113110800105650004,565-4도,243.6648847559521,not_joined_to_building_register,미건축/공지 추정,건축물대장 조인 실패와 실제 미건축 필지가 혼재될 수 있음
wirye_plan_area,4113110800105660001,4113110800105660001,566-1도,896.3559990823549,not_joined_to_building_register,미건축/공지 추정,건축물대장 조인 실패와 실제 미건축 필지가 혼재될 수 있음
wirye_plan_area,4113110800105660002,4113110800105660002,566-2공,2233.789660146648,not_joined_to_building_register,미건축/공지 추정,건축물대장 조인 실패와 실제 미건축 필지가 혼재될 수 있음
wirye_plan_area,4113110800105660003,4113110800105660003,566-3도,27761.565122341868,not_joined_to_building_register,미건축/공지 추정,건축물대장 조인 실패와 실제 미건축 필지가 혼재될 수 있음
wirye_plan_area,4113110800105660004,4113110800105660004,566-4도,2017.1998959284538,not_joined_to_building_register,미건축/공지 추정,건축물대장 조인 실패와 실제 미건축 필지가 혼재될 수 있음
wirye_plan_area,4113110800105670003,4113110800105670003,567-3도,3426.4251246446947,not_joined_to_building_register,미건축/공지 추정,건축물대장 조인 실패와 실제 미건축 필지가 혼재될 수 있음
wirye_plan_area,4113110800105680002,4113110800105680002,568-2도,166.97391873678606,not_joined_to_building_register,미건축/공지 추정,건축물대장 조인 실패와 실제 미건축 필지가 혼재될 수 있음
wirye_plan_area,4113110800105720001,4113110800105720001,572-1공,2613.611773148784,not_joined_to_building_register,미건축/공지 추정,건축물대장 조인 실패와 실제 미건축 필지가 혼재될 수 있음
wirye_plan_area,4113110800105840013,4113110800105840013,584-13공,1585.51314669989,not_joined_to_building_register,미건축/공지 추정,건축물대장 조인 실패와 실제 미건축 필지가 혼재될 수 있음
wirye_plan_area,4113110800105840012,4113110800105840012,584-12도,99.87089664272014,not_joined_to_building_register,미건축/공지 추정,건축물대장 조인 실패와 실제 미건축 필지가 혼재될 수 있음
wirye_plan_area,4113110800105780001,4113110800105780001,578-1잡,389.9271931494441,not_joined_to_building_register,미건축/공지 추정,건축물대장 조인 실패와 실제 미건축 필지가 혼재될 수 있음
wirye_plan_area,4113110800104990088,4113110800104990088,499-88주,1916.5879970704136,not_joined_to_building_register,미건축/공지 추정,건축물대장 조인 실패와 실제 미건축 필지가 혼재될 수 있음
wirye_plan_area,4113110800104990257,4113110800104990257,499-257전,137.6565971244793,not_joined_to_building_register,미건축/공지 추정,건축물대장 조인 실패와 실제 미건축 필지가 혼재될 수 있음
wirye_plan_area,4113110800104990251,4113110800104990251,499-251전,2970.5578182929044,not_joined_to_building_register,미건축/공지 추정,건축물대장 조인 실패와 실제 미건축 필지가 혼재될 수 있음
wirye_plan_area,4113110800104990255,4113110800104990255,499-255답,470.0440427127196,not_joined_to_building_register,미건축/공지 추정,건축물대장 조인 실패와 실제 미건축 필지가 혼재될 수 있음
wirye_plan_area,4113110800104990224,4113110800104990224,499-224구,110.75913883524288,not_joined_to_building_register,미건축/공지 추정,건축물대장 조인 실패와 실제 미건축 필지가 혼재될 수 있음
wirye_plan_area,4113110800104990254,4113110800104990254,499-254답,390.1576459543274,not_joined_to_building_register,미건축/공지 추정,건축물대장 조인 실패와 실제 미건축 필지가 혼재될 수 있음
wirye_plan_area,4113110800104990265,4113110800104990265,499-265답,3563.342224249275,not_joined_to_building_register,미건축/공지 추정,건축물대장 조인 실패와 실제 미건축 필지가 혼재될 수 있음
wirye_plan_area,4113110800104990260,4113110800104990260,499-260답,168.3897734210533,not_joined_to_building_register,미건축/공지 추정,건축물대장 조인 실패와 실제 미건축 필지가 혼재될 수 있음
wirye_plan_area,4113110800104990259,4113110800104990259,499-259답,1020.3259998942268,not_joined_to_building_register,미건축/공지 추정,건축물대장 조인 실패와 실제 미건축 필지가 혼재될 수 있음
wirye_plan_area,4113110800104990228,4113110800104990228,499-228전,1743.0962367637787,not_joined_to_building_register,미건축/공지 추정,건축물대장 조인 실패와 실제 미건축 필지가 혼재될 수 있음
wirye_plan_area,4113110800105350004,4113110800105350004,535-4도,13187.449674056152,not_joined_to_building_register,미건축/공지 추정,건축물대장 조인 실패와 실제 미건축 필지가 혼재될 수 있음
wirye_plan_area,4113110800104990158,4113110800104990158,499-158천,2871.9669165924483,not_joined_to_building_register,미건축/공지 추정,건축물대장 조인 실패와 실제 미건축 필지가 혼재될 수 있음
wirye_plan_area,4113110800104990116,4113110800104990116,499-116전,16.093690886112714,not_joined_to_building_register,미건축/공지 추정,건축물대장 조인 실패와 실제 미건축 필지가 혼재될 수 있음
wirye_plan_area,4113110800104990219,4113110800104990219,499-219전,748.9339196790795,not_joined_to_building_register,미건축/공지 추정,건축물대장 조인 실패와 실제 미건축 필지가 혼재될 수 있음
wirye_plan_area,4145011500103740045,4145011500103740045,374-45임,127.79481292409847,not_joined_to_building_register,미건축/공지 추정,건축물대장 조인 실패와 실제 미건축 필지가 혼재될 수 있음
wirye_plan_area,4145011500103740043,4145011500103740043,374-43임,869.2003913580564,not_joined_to_building_register,미건축/공지 추정,건축물대장 조인 실패와 실제 미건축 필지가 혼재될 수 있음
wirye_plan_area,4145011500103740035,4145011500103740035,374-35임,320.23986705115635,not_joined_to_building_register,미건축/공지 추정,건축물대장 조인 실패와 실제 미건축 필지가 혼재될 수 있음
wirye_plan_area,4145011500103720020,4145011500103720020,372-20임,227.45305796825346,not_joined_to_building_register,미건축/공지 추정,건축물대장 조인 실패와 실제 미건축 필지가 혼재될 수 있음
wirye_plan_area,4145011500103720017,4145011500103720017,372-17임,332.3669086315208,not_joined_to_building_register,미건축/공지 추정,건축물대장 조인 실패와 실제 미건축 필지가 혼재될 수 있음
wirye_plan_area,4145011500200820010,4145011500200820010,산82-10임,160.9914126911062,not_joined_to_building_register,미건축/공지 추정,건축물대장 조인 실패와 실제 미건축 필지가 혼재될 수 있음
wirye_plan_area,4145011500200830010,4145011500200830010,산83-10임,123.93858442087561,not_joined_to_building_register,미건축/공지 추정,건축물대장 조인 실패와 실제 미건축 필지가 혼재될 수 있음
wirye_plan_area,4145011600200300005,4145011600200300005,산30-5임,24933.315539975134,not_joined_to_building_register,미건축/공지 추정,건축물대장 조인 실패와 실제 미건축 필지가 혼재될 수 있음
wirye_plan_area,4145011600200290000,4145011600200290000,산29임,436.64582039093955,not_joined_to_building_register,미건축/공지 추정,건축물대장 조인 실패와 실제 미건축 필지가 혼재될 수 있음
wirye_plan_area,4145011600200240003,4145011600200240003,산24-3 임,6861.664175741914,not_joined_to_building_register,미건축/공지 추정,건축물대장 조인 실패와 실제 미건축 필지가 혼재될 수 있음
wirye_plan_area,4145011600200070009,4145011600200070009,산7-9임,11123.968750191436,not_joined_to_building_register,미건축/공지 추정,건축물대장 조인 실패와 실제 미건축 필지가 혼재될 수 있음
wirye_plan_area,4145011600106760006,4145011600106760006,676-6공,6.106351924503336,not_joined_to_building_register,미건축/공지 추정,건축물대장 조인 실패와 실제 미건축 필지가 혼재될 수 있음
wirye_plan_area,4145011600106760005,4145011600106760005,676-5도,12170.537025712025,not_joined_to_building_register,미건축/공지 추정,건축물대장 조인 실패와 실제 미건축 필지가 혼재될 수 있음
wirye_plan_area,4145011600106760004,4145011600106760004,676-4도,7409.6645796615485,not_joined_to_building_register,미건축/공지 추정,건축물대장 조인 실패와 실제 미건축 필지가 혼재될 수 있음
wirye_plan_area,4145011600106760003,4145011600106760003,676-3도,42472.93626884574,not_joined_to_building_register,미건축/공지 추정,건축물대장 조인 실패와 실제 미건축 필지가 혼재될 수 있음
wirye_plan_area,4145011600106760002,4145011600106760002,676-2도,14708.494593386176,not_joined_to_building_register,미건축/공지 추정,건축물대장 조인 실패와 실제 미건축 필지가 혼재될 수 있음
wirye_plan_area,4145011600106760001,4145011600106760001,676-1도,4680.788708376585,not_joined_to_building_register,미건축/공지 추정,건축물대장 조인 실패와 실제 미건축 필지가 혼재될 수 있음
wirye_plan_area,4145011600106760000,4145011600106760000,676도,36734.66622746738,not_joined_to_building_register,미건축/공지 추정,건축물대장 조인 실패와 실제 미건축 필지가 혼재될 수 있음
wirye_plan_area,4145011600106750005,4145011600106750005,675-5천,2962.569246149126,not_joined_to_building_register,미건축/공지 추정,건축물대장 조인 실패와 실제 미건축 필지가 혼재될 수 있음
wirye_plan_area,4145011600106750004,4145011600106750004,675-4도,4120.305618749725,not_joined_to_building_register,미건축/공지 추정,건축물대장 조인 실패와 실제 미건축 필지가 혼재될 수 있음
wirye_plan_area,4145011600106750003,4145011600106750003,675-3도,22032.477837059057,not_joined_to_building_register,미건축/공지 추정,건축물대장 조인 실패와 실제 미건축 필지가 혼재될 수 있음
wirye_plan_area,4145011600106750001,4145011600106750001,675-1도,10596.752763637942,not_joined_to_building_register,미건축/공지 추정,건축물대장 조인 실패와 실제 미건축 필지가 혼재될 수 있음
wirye_plan_area,4145011600106750000,4145011600106750000,675도,9316.763671579982,not_joined_to_building_register,미건축/공지 추정,건축물대장 조인 실패와 실제 미건축 필지가 혼재될 수 있음
wirye_plan_area,4145011600106740001,4145011600106740001,674-1공,21377.103470120634,not_joined_to_building_register,미건축/공지 추정,건축물대장 조인 실패와 실제 미건축 필지가 혼재될 수 있음
wirye_plan_area,4145011600106740000,4145011600106740000,674공,50777.647930965,not_joined_to_building_register,미건축/공지 추정,건축물대장 조인 실패와 실제 미건축 필지가 혼재될 수 있음
wirye_plan_area,4145011600106710001,4145011600106710001,671-1공,3294.546492676579,not_joined_to_building_register,미건축/공지 추정,건축물대장 조인 실패와 실제 미건축 필지가 혼재될 수 있음
wirye_plan_area,4145011600106700000,4145011600106700000,670공,10052.434328868176,not_joined_to_building_register,미건축/공지 추정,건축물대장 조인 실패와 실제 미건축 필지가 혼재될 수 있음
wirye_plan_area,4145011600106660001,4145011600106660001,666-1공,899.7987880864524,not_joined_to_building_register,미건축/공지 추정,건축물대장 조인 실패와 실제 미건축 필지가 혼재될 수 있음
wirye_plan_area,4145011600106650002,4145011600106650002,665-2공,436.68648079966306,not_joined_to_building_register,미건축/공지 추정,건축물대장 조인 실패와 실제 미건축 필지가 혼재될 수 있음
wirye_plan_area,4145011600106650001,4145011600106650001,665-1공,682.174234028588,not_joined_to_building_register,미건축/공지 추정,건축물대장 조인 실패와 실제 미건축 필지가 혼재될 수 있음
wirye_plan_area,4145011600106640003,4145011600106640003,664-3잡,25.261893881612284,not_joined_to_building_register,미건축/공지 추정,건축물대장 조인 실패와 실제 미건축 필지가 혼재될 수 있음
wirye_plan_area,4145011600106640002,4145011600106640002,664-2공,804.8807104951971,not_joined_to_building_register,미건축/공지 추정,건축물대장 조인 실패와 실제 미건축 필지가 혼재될 수 있음
wirye_plan_area,4145011600106640001,4145011600106640001,664-1공,1850.5991487746253,not_joined_to_building_register,미건축/공지 추정,건축물대장 조인 실패와 실제 미건축 필지가 혼재될 수 있음
wirye_plan_area,4145011600106630002,4145011600106630002,663-2공,3571.9420492748113,not_joined_to_building_register,미건축/공지 추정,건축물대장 조인 실패와 실제 미건축 필지가 혼재될 수 있음
wirye_plan_area,4145011600106630001,4145011600106630001,663-1공,4426.117404328646,not_joined_to_building_register,미건축/공지 추정,건축물대장 조인 실패와 실제 미건축 필지가 혼재될 수 있음
wirye_plan_area,4145011600106620002,4145011600106620002,662-2공,1021.2574327658134,not_joined_to_building_register,미건축/공지 추정,건축물대장 조인 실패와 실제 미건축 필지가 혼재될 수 있음
wirye_plan_area,4145011600106620001,4145011600106620001,662-1공,1275.8693388152542,not_joined_to_building_register,미건축/공지 추정,건축물대장 조인 실패와 실제 미건축 필지가 혼재될 수 있음
wirye_plan_area,4145011600106610001,4145011600106610001,661-1공,520.0527443229718,not_joined_to_building_register,미건축/공지 추정,건축물대장 조인 실패와 실제 미건축 필지가 혼재될 수 있음
wirye_plan_area,4145011600106580000,4145011600106580000,658대,2363.94849754309,not_joined_to_building_register,미건축/공지 추정,건축물대장 조인 실패와 실제 미건축 필지가 혼재될 수 있음
wirye_plan_area,4145011600106570001,4145011600106570001,657-1잡,7343.920835606585,not_joined_to_building_register,미건축/공지 추정,건축물대장 조인 실패와 실제 미건축 필지가 혼재될 수 있음
wirye_plan_area,4145011600106560000,4145011600106560000,656대,2148.9253967508303,not_joined_to_building_register,미건축/공지 추정,건축물대장 조인 실패와 실제 미건축 필지가 혼재될 수 있음
wirye_plan_area,4145011600106550001,4145011600106550001,655-1공,12877.180580772267,not_joined_to_building_register,미건축/공지 추정,건축물대장 조인 실패와 실제 미건축 필지가 혼재될 수 있음
wirye_plan_area,4145011600106520001,4145011600106520001,652-1공,4204.062314836961,not_joined_to_building_register,미건축/공지 추정,건축물대장 조인 실패와 실제 미건축 필지가 혼재될 수 있음
wirye_plan_area,4145011600106510001,4145011600106510001,651-1공,4506.920567977446,not_joined_to_building_register,미건축/공지 추정,건축물대장 조인 실패와 실제 미건축 필지가 혼재될 수 있음
wirye_plan_area,4145011600106500001,4145011600106500001,650-1대,1404.9627539457833,not_joined_to_building_register,미건축/공지 추정,건축물대장 조인 실패와 실제 미건축 필지가 혼재될 수 있음
wirye_plan_area,4145011600106490000,4145011600106490000,649체,3005.4738049528496,not_joined_to_building_register,미건축/공지 추정,건축물대장 조인 실패와 실제 미건축 필지가 혼재될 수 있음
wirye_plan_area,4145011600106480003,4145011600106480003,648-3공,731.5533828772416,not_joined_to_building_register,미건축/공지 추정,건축물대장 조인 실패와 실제 미건축 필지가 혼재될 수 있음
wirye_plan_area,4145011600106480002,4145011600106480002,648-2공,576.0310838918606,not_joined_to_building_register,미건축/공지 추정,건축물대장 조인 실패와 실제 미건축 필지가 혼재될 수 있음
wirye_plan_area,4145011600106480001,4145011600106480001,648-1대,7526.648231844974,not_joined_to_building_register,미건축/공지 추정,건축물대장 조인 실패와 실제 미건축 필지가 혼재될 수 있음
wirye_plan_area,4145011600106480000,4145011600106480000,648대,7156.0858931835055,not_joined_to_building_register,미건축/공지 추정,건축물대장 조인 실패와 실제 미건축 필지가 혼재될 수 있음
wirye_plan_area,4145011600106470012,4145011600106470012,647-12공,378.3071405365863,not_joined_to_building_register,미건축/공지 추정,건축물대장 조인 실패와 실제 미건축 필지가 혼재될 수 있음
wirye_plan_area,4145011600106470011,4145011600106470011,647-11대,487.82775411600517,not_joined_to_building_register,미건축/공지 추정,건축물대장 조인 실패와 실제 미건축 필지가 혼재될 수 있음
wirye_plan_area,4145011600106470009,4145011600106470009,647-9대,501.99117620952075,not_joined_to_building_register,미건축/공지 추정,건축물대장 조인 실패와 실제 미건축 필지가 혼재될 수 있음
wirye_plan_area,4145011600106470008,4145011600106470008,647-8대,501.9911762194628,not_joined_to_building_register,미건축/공지 추정,건축물대장 조인 실패와 실제 미건축 필지가 혼재될 수 있음
wirye_plan_area,4145011600106470007,4145011600106470007,647-7대,501.991176150812,not_joined_to_building_register,미건축/공지 추정,건축물대장 조인 실패와 실제 미건축 필지가 혼재될 수 있음
wirye_plan_area,4145011600106470004,4145011600106470004,647-4대,502.033675784057,not_joined_to_building_register,미건축/공지 추정,건축물대장 조인 실패와 실제 미건축 필지가 혼재될 수 있음
wirye_plan_area,4145011600106470002,4145011600106470002,647-2대,502.0097761442929,not_joined_to_building_register,미건축/공지 추정,건축물대장 조인 실패와 실제 미건축 필지가 혼재될 수 있음
wirye_plan_area,4145011600106430000,4145011600106430000,643학,13445.80506811352,not_joined_to_building_register,미건축/공지 추정,건축물대장 조인 실패와 실제 미건축 필지가 혼재될 수 있음
wirye_plan_area,4145011600106410003,4145011600106410003,641-3공,2964.0000717730945,not_joined_to_building_register,미건축/공지 추정,건축물대장 조인 실패와 실제 미건축 필지가 혼재될 수 있음
wirye_plan_area,4145011600106410002,4145011600106410002,641-2수,871.2715847544689,not_joined_to_building_register,미건축/공지 추정,건축물대장 조인 실패와 실제 미건축 필지가 혼재될 수 있음
wirye_plan_area,4145011600106360001,4145011600106360001,636-1공,1127.3507262962396,not_joined_to_building_register,미건축/공지 추정,건축물대장 조인 실패와 실제 미건축 필지가 혼재될 수 있음
wirye_plan_area,4145011600106360000,4145011600106360000,636종,9999.971119220467,not_joined_to_building_register,미건축/공지 추정,건축물대장 조인 실패와 실제 미건축 필지가 혼재될 수 있음
wirye_plan_area,4145011600106350001,4145011600106350001,635-1공,8717.39937777176,not_joined_to_building_register,미건축/공지 추정,건축물대장 조인 실패와 실제 미건축 필지가 혼재될 수 있음
wirye_plan_area,4145011600106340008,4145011600106340008,634-8공,166.28657553190928,not_joined_to_building_register,미건축/공지 추정,건축물대장 조인 실패와 실제 미건축 필지가 혼재될 수 있음
wirye_plan_area,4145011600106340007,4145011600106340007,634-7도,114.7097553180252,not_joined_to_building_register,미건축/공지 추정,건축물대장 조인 실패와 실제 미건축 필지가 혼재될 수 있음
wirye_plan_area,4145011600106330014,4145011600106330014,633-14공,358.9005276586099,not_joined_to_building_register,미건축/공지 추정,건축물대장 조인 실패와 실제 미건축 필지가 혼재될 수 있음
wirye_plan_area,4145011600106330010,4145011600106330010,633-10대,261.4713949186228,not_joined_to_building_register,미건축/공지 추정,건축물대장 조인 실패와 실제 미건축 필지가 혼재될 수 있음
wirye_plan_area,4145011600106330009,4145011600106330009,633-9대,261.54059390684154,not_joined_to_building_register,미건축/공지 추정,건축물대장 조인 실패와 실제 미건축 필지가 혼재될 수 있음
wirye_plan_area,4145011600106330007,4145011600106330007,633-7대,271.5869824781491,not_joined_to_building_register,미건축/공지 추정,건축물대장 조인 실패와 실제 미건축 필지가 혼재될 수 있음
wirye_plan_area,4145011600106330006,4145011600106330006,633-6대,271.229488210503,not_joined_to_building_register,미건축/공지 추정,건축물대장 조인 실패와 실제 미건축 필지가 혼재될 수 있음
wirye_plan_area,4145011600106330005,4145011600106330005,633-5대,261.42084589096635,not_joined_to_building_register,미건축/공지 추정,건축물대장 조인 실패와 실제 미건축 필지가 혼재될 수 있음
wirye_plan_area,4145011600106330004,4145011600106330004,633-4대,261.4298456666942,not_joined_to_building_register,미건축/공지 추정,건축물대장 조인 실패와 실제 미건축 필지가 혼재될 수 있음
wirye_plan_area,4145011600106330003,4145011600106330003,633-3대,261.441145419306,not_joined_to_building_register,미건축/공지 추정,건축물대장 조인 실패와 실제 미건축 필지가 혼재될 수 있음
wirye_plan_area,4145011600106320004,4145011600106320004,632-4공,1535.3321009576657,not_joined_to_building_register,미건축/공지 추정,건축물대장 조인 실패와 실제 미건축 필지가 혼재될 수 있음
wirye_plan_area,4145011600106320003,4145011600106320003,632-3공,2011.0698565027456,not_joined_to_building_register,미건축/공지 추정,건축물대장 조인 실패와 실제 미건축 필지가 혼재될 수 있음
wirye_plan_area,4145011600106320002,4145011600106320002,632-2도,4.471478080152913,not_joined_to_building_register,미건축/공지 추정,건축물대장 조인 실패와 실제 미건축 필지가 혼재될 수 있음
wirye_plan_area,4145011600106320001,4145011600106320001,632-1차,3018.212204228454,not_joined_to_building_register,미건축/공지 추정,건축물대장 조인 실패와 실제 미건축 필지가 혼재될 수 있음
wirye_plan_area,4145011600106310012,4145011600106310012,631-12잡,7.380308315061029,not_joined_to_building_register,미건축/공지 추정,건축물대장 조인 실패와 실제 미건축 필지가 혼재될 수 있음
wirye_plan_area,4145011600106150000,4145011600106150000,615구,39.703744020617194,not_joined_to_building_register,미건축/공지 추정,건축물대장 조인 실패와 실제 미건축 필지가 혼재될 수 있음
wirye_plan_area,4145011600105790003,4145011600105790003,579-3도,209.59911868530457,not_joined_to_building_register,미건축/공지 추정,건축물대장 조인 실패와 실제 미건축 필지가 혼재될 수 있음
wirye_plan_area,4145011600105790002,4145011600105790002,579-2도,24.81640552454762,not_joined_to_building_register,미건축/공지 추정,건축물대장 조인 실패와 실제 미건축 필지가 혼재될 수 있음
wirye_plan_area,4145011600105780002,4145011600105780002,578-2천,1729.585031745166,not_joined_to_building_register,미건축/공지 추정,건축물대장 조인 실패와 실제 미건축 필지가 혼재될 수 있음
wirye_plan_area,4145011600105780001,4145011600105780001,578-1천,12.13587838412532,not_joined_to_building_register,미건축/공지 추정,건축물대장 조인 실패와 실제 미건축 필지가 혼재될 수 있음
wirye_plan_area,4145011600201050007,4145011600201050007,산105-7구,1597.4145659988815,not_joined_to_building_register,미건축/공지 추정,건축물대장 조인 실패와 실제 미건축 필지가 혼재될 수 있음
wirye_plan_area,4145011600106470010,4145011600106470010,647-10대,501.9949262025462,not_joined_to_building_register,미건축/공지 추정,건축물대장 조인 실패와 실제 미건축 필지가 혼재될 수 있음
wirye_plan_area,4145011600100050005,4145011600100050005,5-5임,8.609334991693235,not_joined_to_building_register,미건축/공지 추정,건축물대장 조인 실패와 실제 미건축 필지가 혼재될 수 있음
wirye_plan_area,4145011600100060006,4145011600100060006,6-6천,143.73324792591154,not_joined_to_building_register,미건축/공지 추정,건축물대장 조인 실패와 실제 미건축 필지가 혼재될 수 있음
wirye_plan_area,4145011600100060031,4145011600100060031,6-31천,90.14418393383333,not_joined_to_building_register,미건축/공지 추정,건축물대장 조인 실패와 실제 미건축 필지가 혼재될 수 있음
wirye_plan_area,4145011600100060041,4145011600100060041,6-41도,87.58438664755079,not_joined_to_building_register,미건축/공지 추정,건축물대장 조인 실패와 실제 미건축 필지가 혼재될 수 있음
wirye_plan_area,4145011600100060043,4145011600100060043,6-43임,494.0855536122136,not_joined_to_building_register,미건축/공지 추정,건축물대장 조인 실패와 실제 미건축 필지가 혼재될 수 있음
wirye_plan_area,4145011600100280003,4145011600100280003,28-3임,1042.4369485226503,not_joined_to_building_register,미건축/공지 추정,건축물대장 조인 실패와 실제 미건축 필지가 혼재될 수 있음
