{
"type": "FeatureCollection",
"name": "landuse_zones_clipped",
"crs": { "type": "name", "properties": { "name": "urn:ogc:def:crs:EPSG::5186" } },
"features": [
{ "type": "Feature", "properties": { "landuse_category": "준주거지역", "signgu_code": "41130", "source_layer": "용도지역2", "area_name": "pangyo_1st_technovalley", "source_version": "2024_01_original", "area_sqm": 295751.45845897449, "area_ha": 29.575145845897449 }, "geometry": { "type": "Polygon", "coordinates": [ [ [ 209154.582800655305618, 533383.444530071225017 ], [ 209038.313734323106473, 533382.962660653633066 ], [ 209022.583900836645626, 533380.402427778812125 ], [ 209017.753947681892896, 533379.88235413748771 ], [ 208961.462929802830331, 533379.621062104939483 ], [ 208950.329935634246795, 533402.472204932244495 ], [ 208951.104114484420279, 533402.479098996263929 ], [ 208949.690997628116747, 533410.432012397097424 ], [ 208949.537985330505762, 533411.271003197412938 ], [ 208949.377973105496494, 533412.108993892208673 ], [ 208949.210960969940061, 533412.944984492263757 ], [ 208949.036948921333533, 533413.778974994784221 ], [ 208948.85593694463023, 533414.611965391784906 ], [ 208948.666925045225071, 533415.443955671275035 ], [ 208948.471913228742778, 533416.273945865919814 ], [ 208948.268901508447016, 533417.101935949642211 ], [ 208948.059889867989114, 533417.927925951895304 ], [ 208947.842878306400962, 533418.752915835357271 ], [ 208947.619866826105863, 533419.575905636767857 ], [ 208947.388855441153282, 533420.396895324229263 ], [ 208947.150844142917776, 533421.215884916251525 ], [ 208946.906832941400353, 533422.03187443560455 ], [ 208946.654821819887729, 533422.84686383465305 ], [ 208946.396810796373757, 533423.658853160799481 ], [ 208946.130799847800517, 533424.469842365360819 ], [ 208945.858789000660181, 533425.277831496438012 ], [ 208945.579778254323173, 533426.082820541225374 ], [ 208945.293767598399427, 533426.885809488478117 ], [ 208938.021500975824893, 533447.032530615921132 ], [ 208937.566484366892837, 533448.288513202918693 ], [ 208937.107467806607019, 533449.543495736201294 ], [ 208936.645451286720345, 533450.797478226362728 ], [ 208936.179434813937405, 533452.050460660597309 ], [ 208935.711418374150526, 533453.302443070220761 ], [ 208935.238402005285025, 533454.552425417583436 ], [ 208934.76338566938648, 533455.801407737424597 ], [ 208934.284369379340205, 533457.04939000273589 ], [ 208933.802353148028487, 533458.295372236287221 ], [ 208933.316336965421215, 533459.54035441193264 ], [ 208932.828320811066078, 533460.784336564945988 ], [ 208932.335304714710219, 533462.027318645035848 ], [ 208931.84028866616427, 533463.268300709780306 ], [ 208931.341272665013094, 533464.508282714989036 ], [ 208930.839256705716252, 533465.747264683479443 ], [ 208930.334240802039858, 533466.984246618114412 ], [ 208929.825224945292575, 533468.220228494028561 ], [ 208929.313209144282155, 533469.454210341791622 ], [ 208928.798193385271588, 533470.68719214561861 ], [ 208928.279177672811784, 533471.919173897942528 ], [ 208926.383120495826006, 533476.406107333605178 ], [ 208926.018109532102244, 533477.267094540293328 ], [ 208925.652098610647954, 533478.126081749098375 ], [ 208925.284087690786691, 533478.986068916157819 ], [ 208924.915076806995785, 533479.844056082656607 ], [ 208924.544065939931897, 533480.702043220051564 ], [ 208924.17105510662077, 533481.559030331321992 ], [ 208923.797044296137756, 533482.415017432067543 ], [ 208923.421033501595957, 533483.271004505106248 ], [ 208923.044022732792655, 533484.125991566223092 ], [ 208922.66501199483173, 533484.979978606221266 ], [ 208922.284001288149739, 533485.832965621375479 ], [ 208921.90199058977305, 533486.68595261964947 ], [ 208921.517979923577514, 533487.537939593195915 ], [ 208921.13296926417388, 533488.389926551724784 ], [ 208920.745958655927097, 533489.239913492812775 ], [ 208920.356948060623836, 533490.089900402002968 ], [ 208919.966937491408316, 533490.938887304160744 ], [ 208919.574926936067641, 533491.787874175235629 ], [ 208919.181916425382951, 533492.634861043537967 ], [ 208918.786905927176122, 533493.481847878545523 ], [ 208917.796879694011295, 533495.599814928951673 ], [ 208917.355868064274546, 533496.539800276746973 ], [ 208916.913856443017721, 533497.479785611154512 ], [ 208916.468844879011158, 533498.417770912405103 ], [ 208916.022833319875645, 533499.355756196659058 ], [ 208915.573821819183649, 533500.291741449851543 ], [ 208915.123810324264923, 533501.227726686745882 ], [ 208914.671798879659036, 533502.161711905384436 ], [ 208914.216787457989994, 533503.095697077340446 ], [ 208913.760776060982607, 533504.028682240750641 ], [ 208913.302764696069062, 533504.960667380946688 ], [ 208912.842753363773227, 533505.89165249641519 ], [ 208912.38074207957834, 533506.820637593511492 ], [ 208911.916730809520232, 533507.749622663133778 ], [ 208911.450719571323134, 533508.677607706515118 ], [ 208910.982708367810119, 533509.604592723073438 ], [ 208910.512697194935754, 533510.530577719211578 ], [ 208910.041686028183904, 533511.456562696141191 ], [ 208909.567674918012926, 533512.380547642009333 ], [ 208909.092663836170686, 533513.303532579564489 ], [ 208908.614652790653054, 533514.225517477490939 ], [ 208903.891543805861147, 533523.326368327019736 ], [ 208903.315530593477888, 533524.43135017703753 ], [ 208902.737517413275782, 533525.535331999650225 ], [ 208902.156504289450822, 533526.637313796090893 ], [ 208901.573491196817486, 533527.738295562099665 ], [ 208900.986478169972543, 533528.83727728377562 ], [ 208900.397465173620731, 533529.935258979909122 ], [ 208899.805452218803111, 533531.03224063583184 ], [ 208899.211439311533468, 533532.127222274779342 ], [ 208898.613426469149999, 533533.22020386508666 ], [ 208898.013413655542536, 533534.312185434158891 ], [ 208897.411400878132554, 533535.403166976291686 ], [ 208896.805388161446899, 533536.492148470599204 ], [ 208896.197375495452434, 533537.579129947116598 ], [ 208895.586362867674325, 533538.665111387730576 ], [ 208894.97235027901479, 533539.750092785223387 ], [ 208894.356337740668096, 533540.833074165740982 ], [ 208893.737325257912744, 533541.914055515313521 ], [ 208893.115312816633377, 533542.994036825257353 ], [ 208892.491300405701622, 533544.07301811047364 ], [ 208891.864288067357847, 533545.148999370401725 ], [ 208887.99721221398795, 533551.769883915083483 ], [ 208887.342199405655265, 533552.888864377862774 ], [ 208886.683186662005028, 533554.005844793282449 ], [ 208886.022173952515004, 533555.121825186768547 ], [ 208885.358161296142498, 533556.23580554430373 ], [ 208884.691148695914308, 533557.347785870777443 ], [ 208884.021136152528925, 533558.457766164909117 ], [ 208883.348123646224849, 533559.566746420110576 ], [ 208882.672111198364291, 533560.673726642038673 ], [ 208881.994098802271765, 533561.778706847922876 ], [ 208881.312086466554319, 533562.88168700505048 ], [ 208880.628074163571, 533563.983667137450539 ], [ 208879.94106191501487, 533565.083647239487618 ], [ 208879.251049726066412, 533566.181627307087183 ], [ 208878.558037592942128, 533567.277607343508862 ], [ 208877.862025496462593, 533568.372587337507866 ], [ 208877.164013466564938, 533569.464567323913798 ], [ 208876.462001482985215, 533570.555547257419676 ], [ 208875.757989549543709, 533571.644527172436938 ], [ 208875.050977670762222, 533572.731507055810653 ], [ 208874.340965830051573, 533573.817486897460185 ], [ 208869.054878105875105, 533581.877337028039619 ], [ 208868.33786624102504, 533582.968316714977846 ], [ 208867.616854444611818, 533584.057296356768347 ], [ 208866.893842692836188, 533585.144275981700048 ], [ 208866.167830998572754, 533586.229255575570278 ], [ 208865.438819344039075, 533587.313235127017833 ], [ 208864.707807753933594, 533588.3942146722693 ], [ 208863.972796211019158, 533589.474194158799946 ], [ 208863.235784733347828, 533590.551173638436012 ], [ 208862.495773293601815, 533591.62715307646431 ], [ 208861.752761930780252, 533592.700132493977435 ], [ 208861.006750602828106, 533593.772111867088825 ], [ 208860.257739335123915, 533594.84209120972082 ], [ 208859.506728112319252, 533595.91007053561043 ], [ 208858.752716948511079, 533596.976049828343093 ], [ 208857.995705837558489, 533598.04002909141127 ], [ 208857.236694794584764, 533599.101008343975991 ], [ 208856.473683797667036, 533600.160987541545182 ], [ 208855.708672847802518, 533601.218966722837649 ], [ 208854.940661955188261, 533602.274945869576186 ], [ 208854.169651120435447, 533603.328924987348728 ], [ 208848.418570577312494, 533611.172769354539923 ], [ 208847.776561629172647, 533612.045752002974041 ], [ 208847.133552721323213, 533612.916734651545994 ], [ 208846.488543860410573, 533613.78571728116367 ], [ 208845.842535009898711, 533614.654699899372645 ], [ 208845.193526229792042, 533615.520682486705482 ], [ 208844.54251746556838, 533616.386665047029965 ], [ 208843.890508739888901, 533617.250647606793791 ], [ 208843.236500064522261, 533618.112630148301832 ], [ 208842.58049142168602, 533618.97361266578082 ], [ 208841.922482811787631, 533619.83359516132623 ], [ 208841.262474248447688, 533620.691577638732269 ], [ 208840.60046571638668, 533621.54856009199284 ], [ 208839.936457215982955, 533622.404542522621341 ], [ 208839.271448757179314, 533623.258524954901077 ], [ 208838.604440347815398, 533624.110507366014645 ], [ 208837.934431976726046, 533624.961489737499505 ], [ 208837.264423621876631, 533625.81147211836651 ], [ 208836.591415323171532, 533626.659454467357136 ], [ 208835.916407057724427, 533627.506436791736633 ], [ 208835.240398829802871, 533628.351419116836041 ], [ 208820.711222788289888, 533646.465039600618184 ], [ 208820.324218107445631, 533646.947029496193863 ], [ 208819.936213434819365, 533647.429019374772906 ], [ 208819.547208783507813, 533647.910009244224057 ], [ 208819.158204136387212, 533648.390999117167667 ], [ 208818.768199493322754, 533648.871988972532563 ], [ 208818.37819486958324, 533649.351978832855821 ], [ 208817.987190252286382, 533649.831968678976409 ], [ 208817.59518565874896, 533650.310958518064581 ], [ 208817.203181082208175, 533650.788948365836404 ], [ 208816.81017651228467, 533651.266938195796683 ], [ 208816.417171946784947, 533651.744928025756963 ], [ 208816.023167400620878, 533652.221917846589349 ], [ 208815.628162863664329, 533652.69890765263699 ], [ 208815.233158341376111, 533653.174897467833944 ], [ 208814.837153828411829, 533653.65088726603426 ], [ 208814.441149332298664, 533654.125877071521245 ], [ 208814.044144860148663, 533654.599866871256381 ], [ 208813.646140378608834, 533655.074856644845568 ], [ 208813.24813593053841, 533655.547846434055828 ], [ 208812.84913148987107, 533656.020836208364926 ], [ 208796.67095143685583, 533675.199421566911042 ], [ 208716.346057644288521, 533770.414362852810882 ], [ 208715.980068775941618, 533769.904361052671447 ], [ 208685.63973, 533805.943582801497541 ], [ 208672.359583085606573, 533821.633242835174315 ], [ 208671.029568232101155, 533823.213208717294037 ], [ 208655.309391157759819, 533841.982804698986001 ], [ 208648.689316337375203, 533849.902634431840852 ], [ 208614.558931281266268, 533890.69175692810677 ], [ 208611.708763268747134, 533902.531615906045772 ], [ 208610.638194441300584, 533938.371310767717659 ], [ 208613.937728027027333, 533965.691144468961284 ], [ 208616.327387263154378, 533985.661022549844347 ], [ 208623.056740932719549, 534022.450835425639525 ], [ 208629.666357660549693, 534042.97077707236167 ], [ 208629.996338757599005, 534043.980774275376461 ], [ 208634.086175175616518, 534052.110774857690558 ], [ 208637.666031448694412, 534059.26077509811148 ], [ 208645.345766262500547, 534071.92079713079147 ], [ 208651.255594451999059, 534079.66083017049823 ], [ 208652.175568106642459, 534080.840835514711216 ], [ 208655.265486441901885, 534084.380856859730557 ], [ 208658.385411304829177, 534087.500882064574398 ], [ 208662.475312963390024, 534091.580915187252685 ], [ 208666.385223312332528, 534095.210949024185538 ], [ 208669.995144749991596, 534098.300982365850359 ], [ 208673.825065079174237, 534101.351019573397934 ], [ 208676.895005160477012, 534103.551051362999715 ], [ 208680.974927521514473, 534106.351094609475695 ], [ 208683.834875399275916, 534108.171126068686135 ], [ 208684.264868103869958, 534108.411131069296971 ], [ 208688.254800046765013, 534110.661177284433506 ], [ 208694.094703220122028, 534113.781246316735633 ], [ 208696.544663709646557, 534115.021275831619278 ], [ 208724.734273996553384, 534125.261647790903226 ], [ 208744.794004359428072, 534132.071916312910616 ], [ 208749.42399193791789, 534130.55200312694069 ], [ 208775.223933849541936, 534121.392492446349934 ], [ 208785.753910812345566, 534117.612692488124594 ], [ 208802.533874368324177, 534111.573011394706555 ], [ 208805.503869703912642, 534110.393068733625114 ], [ 208808.513865044777049, 534109.193126878119074 ], [ 208811.5038615091471, 534107.933185178670101 ], [ 208814.513856689853128, 534106.743243239005096 ], [ 208817.423855567758437, 534105.373301136307418 ], [ 208827.133855181222316, 534100.593495998880826 ], [ 208828.373857704660622, 534099.823522166465409 ], [ 208837.083869161346229, 534094.803702844190411 ], [ 208838.873871969350148, 534093.743740200297907 ], [ 208841.533879606693517, 534091.953797442722134 ], [ 208844.263886848901166, 534090.153855894459412 ], [ 208846.873894080956234, 534088.413911929121241 ], [ 208849.573902204574551, 534086.573970217606984 ], [ 208873.273988012369955, 534069.524489072151482 ], [ 208909.154117894038791, 534043.715274557122029 ], [ 208945.084248040278908, 534017.86606116197072 ], [ 208981.044378290913301, 533991.99684840394184 ], [ 209017.044508724153275, 533966.097636521561071 ], [ 209025.17453771297005, 533960.277814272209071 ], [ 209081.024738644337049, 533920.189036209136248 ], [ 209084.454752563789953, 533917.629112037247978 ], [ 209087.854768170014722, 533914.979188106022775 ], [ 209091.234784261672758, 533912.309264013892971 ], [ 209097.904820218682289, 533906.779415900236927 ], [ 209101.134838473779382, 533904.049489873810671 ], [ 209104.464858828054275, 533901.139566902769729 ], [ 209107.604878445446957, 533898.369639744982123 ], [ 209110.834899918263545, 533895.439715321408585 ], [ 209117.03494719878654, 533889.439863410429098 ], [ 209120.054971958714304, 533886.409936404903419 ], [ 209123.054996878723614, 533883.380009077955037 ], [ 209126.075023251614766, 533880.250082877464592 ], [ 209128.995049775665393, 533877.160154743352905 ], [ 209131.945077833719552, 533873.960227976436727 ], [ 209134.775106850109296, 533870.760299271438271 ], [ 209138.245144299609819, 533866.720387629815377 ], [ 209140.405167049553711, 533864.240442349691875 ], [ 209143.405205345217837, 533860.380521686049178 ], [ 209146.055238534143427, 533857.01059144793544 ], [ 209148.685272042173892, 533853.630660967552103 ], [ 209151.335306359425886, 533850.1907312910771 ], [ 209153.905342118639965, 533846.700800726190209 ], [ 209156.425378117215587, 533843.220869274926372 ], [ 209158.90541491258773, 533839.710937422467396 ], [ 209161.305452350177802, 533836.201004278496839 ], [ 209163.735491322266171, 533832.581072500208393 ], [ 209166.065531087486306, 533828.96113911177963 ], [ 209167.775561775895767, 533826.211188746383414 ], [ 209168.345571253827075, 533825.341204916709103 ], [ 209170.585613025323255, 533821.64127071807161 ], [ 209172.81565455722739, 533817.961336201056838 ], [ 209174.955697448778665, 533814.241400552098639 ], [ 209177.095740822813241, 533810.491465142928064 ], [ 209179.185785887675593, 533806.661529573029839 ], [ 209181.255831755668623, 533802.791593999951147 ], [ 209183.225879063771572, 533798.881657136371359 ], [ 209185.285926299256971, 533794.931722042849287 ], [ 209187.375979094882496, 533790.621790324570611 ], [ 209188.916023063124157, 533787.131843160721473 ], [ 209189.75604891779949, 533785.11187291063834 ], [ 209190.132059330149787, 533784.279885649099015 ], [ 209190.507069778686855, 533783.445898390491493 ], [ 209190.879080254177097, 533782.611911081010476 ], [ 209191.248090770386625, 533781.776923731085844 ], [ 209191.616101326129865, 533780.939936379902065 ], [ 209191.981111902277917, 533780.102948982035741 ], [ 209192.345122506987536, 533779.264961575041525 ], [ 209192.705133158538956, 533778.425974111421965 ], [ 209193.064143833238631, 533777.585986638674513 ], [ 209193.421154556242982, 533776.743999151047319 ], [ 209193.7751653031155, 533775.902011615457013 ], [ 209194.127176082198275, 533775.059024057933129 ], [ 209194.477186878008069, 533774.216036463505588 ], [ 209194.824197730136802, 533773.371048840228468 ], [ 209195.170208602910861, 533772.525061207823455 ], [ 209195.513219518063124, 533771.678073532995768 ], [ 209195.853230459615588, 533770.831085810670629 ], [ 209196.192241437849589, 533769.982098090578802 ], [ 209196.528252441203222, 533769.133110320311971 ], [ 209196.863263467530487, 533768.283122542896308 ], [ 209205.056571878696559, 533745.092440741369501 ], [ 209229.047344487946248, 533685.283307445119135 ], [ 209234.547525131201837, 533671.353507888037711 ], [ 209346.271322085551219, 533385.792123329476453 ], [ 209241.124818988493644, 533383.808920706040226 ], [ 209154.582800655305618, 533383.444530071225017 ] ] ] } },
{ "type": "Feature", "properties": { "landuse_category": "준주거지역", "signgu_code": "41130", "source_layer": "용도지역2", "area_name": "pangyo_1st_technovalley", "source_version": "2024_01_original", "area_sqm": 451169.41460633249, "area_ha": 45.11694146063325 }, "geometry": { "type": "Polygon", "coordinates": [ [ [ 209997.673883808864048, 533768.441028884146363 ], [ 209998.143949333956698, 533764.144070932874456 ], [ 209998.577015201793984, 533759.844112411141396 ], [ 209998.973081424162956, 533755.540153321693651 ], [ 209999.332147992943646, 533751.233193665277213 ], [ 209999.654214903042885, 533746.92323343269527 ], [ 210000.169328894582577, 533739.597300506662577 ], [ 210000.339367595792282, 533737.112323183217086 ], [ 210000.500406369945267, 533734.627345713903196 ], [ 210000.653445225761971, 533732.141368124866858 ], [ 210000.797484152601101, 533729.655390389380045 ], [ 210000.872373464808334, 533728.28631202748511 ], [ 209998.4252737860661, 533391.97791971731931 ], [ 209714.59226165706059, 533390.756159666809253 ], [ 209712.734561074728845, 533302.924170174635947 ], [ 209639.680236069485545, 533302.922992851934396 ], [ 209592.670610091969138, 533302.932235205313191 ], [ 209545.470985805121018, 533302.931474593700841 ], [ 209545.469701112917392, 533382.66083498718217 ], [ 209543.077238489757292, 533382.651297147735022 ], [ 209543.0694091959449, 533389.503996488871053 ], [ 209428.798258719412843, 533387.348690903512761 ], [ 209348.667610360833351, 533609.657842091051862 ], [ 209348.606608122965554, 533609.826839750749059 ], [ 209345.215483550244244, 533619.233709608321078 ], [ 209344.537458625331055, 533621.115683575393632 ], [ 209341.147334030392813, 533630.523553441977128 ], [ 209340.468309130170383, 533632.404527402017266 ], [ 209339.790284204471391, 533634.286501370486803 ], [ 209339.112259295186959, 533636.167475348338485 ], [ 209337.078184535319451, 533641.81239726440981 ], [ 209336.400159625103697, 533643.693371242145076 ], [ 209332.331010127032641, 533654.982215063995682 ], [ 209331.651985211559804, 533656.864189016167074 ], [ 209329.617910467321053, 533662.508110939408652 ], [ 209328.9398855419131, 533664.390084909391589 ], [ 209328.261860631668242, 533666.271058883517981 ], [ 209327.583835705998354, 533668.153032853500918 ], [ 209323.514686210546643, 533679.44187667244114 ], [ 209322.836661284120055, 533681.323850639397278 ], [ 209320.123561621614499, 533688.849746512831189 ], [ 209319.445536713465117, 533690.730720489169471 ], [ 209318.767511788668344, 533692.612694456940517 ], [ 209314.698362291703233, 533703.901538274483755 ], [ 209314.020337384281447, 533705.782512249425054 ], [ 209310.629212795523927, 533715.190382088418119 ], [ 209309.951187884784304, 533717.071356064756401 ], [ 209306.560063298005844, 533726.479225900955498 ], [ 209305.88203837358742, 533728.361199868028052 ], [ 209301.812888876447687, 533739.650043680565432 ], [ 209301.134863967890851, 533741.531017654808238 ], [ 209300.456839042657521, 533743.412991620483808 ], [ 209300.419837690977147, 533743.514990207040682 ], [ 209299.777814140339615, 533745.293965580523945 ], [ 209299.099789217289072, 533747.175939546199515 ], [ 209298.420764312963001, 533749.056913504027762 ], [ 209297.741739413351752, 533750.937887464184314 ], [ 209297.401726958429208, 533751.87887443206273 ], [ 209297.231720740557648, 533752.34886792069301 ], [ 209297.061714519193629, 533752.818861407227814 ], [ 209296.891708298848243, 533753.288854894344695 ], [ 209296.721702079521492, 533753.758848382974975 ], [ 209296.380689649435226, 533754.69883534044493 ], [ 209295.69866477267351, 533756.57980925089214 ], [ 209295.015639935067156, 533758.458783162175678 ], [ 209294.330615115992259, 533760.337757038883865 ], [ 209293.643590307794511, 533762.21673088427633 ], [ 209292.955565543088596, 533764.093704731320031 ], [ 209292.264540784817655, 533765.971678520203568 ], [ 209291.572516069572885, 533767.847652307711542 ], [ 209290.876491399569204, 533769.722626039525494 ], [ 209290.179466754721943, 533771.596599766984582 ], [ 209289.478442141291453, 533773.470573426573537 ], [ 209288.775417576165637, 533775.342547067790292 ], [ 209288.068393057066714, 533777.213520655292086 ], [ 209287.358368582557887, 533779.083494203863665 ], [ 209286.644344168860698, 533780.951467702398077 ], [ 209285.927319794544019, 533782.81844115909189 ], [ 209285.206295485084411, 533784.683414570637979 ], [ 209284.480271232925588, 533786.547387907281518 ], [ 209283.751247036590939, 533788.409361209953204 ], [ 209283.017222895869054, 533790.270334441913292 ], [ 209282.278198842541315, 533792.128307618084364 ], [ 209281.534174846165115, 533793.985280720633455 ], [ 209280.786150913569145, 533795.840253775240853 ], [ 209280.032127075421158, 533797.692226757062599 ], [ 209279.273103312356398, 533799.542199676041491 ], [ 209278.509079602052225, 533801.391172521281987 ], [ 209277.738056013768073, 533803.236145284841768 ], [ 209276.96203249838436, 533805.07911798323039 ], [ 209276.180009061354212, 533806.920090600382537 ], [ 209275.390985731617548, 533808.758063131943345 ], [ 209274.59596249400056, 533810.593035588040948 ], [ 209273.794939338287804, 533812.426007964182645 ], [ 209272.985916310572065, 533814.25498024711851 ], [ 209272.170893378381152, 533816.080952452379279 ], [ 209271.348870533576701, 533817.904924562899396 ], [ 209270.518847836763598, 533819.723896585172042 ], [ 209269.681825223902706, 533821.540868509793654 ], [ 209268.837802733469289, 533823.353840353316627 ], [ 209267.984780378697906, 533825.162812083726749 ], [ 209267.975780142965959, 533825.181811785791069 ], [ 209267.124758142628707, 533826.967783733736724 ], [ 209266.25573602921213, 533828.769755264860578 ], [ 209265.379714033188066, 533830.567726711276919 ], [ 209264.495692168158712, 533832.361698063905351 ], [ 209263.603670429030899, 533834.151669318205677 ], [ 209262.703648819675436, 533835.93764047510922 ], [ 209261.796627330739284, 533837.719611552893184 ], [ 209260.880605976504739, 533839.497582518379204 ], [ 209259.957584727031644, 533841.272553394082934 ], [ 209259.026563620427623, 533843.042524179560132 ], [ 209258.087542646535439, 533844.808494868222624 ], [ 209257.140521813562373, 533846.569465470733121 ], [ 209256.186501083575422, 533848.327435981482267 ], [ 209255.22448049907689, 533850.080406404682435 ], [ 209254.254460043419385, 533851.829376731766388 ], [ 209253.277439707395388, 533853.574346978450194 ], [ 209252.292419500328833, 533855.315317127737217 ], [ 209251.29939943869249, 533857.051287185167894 ], [ 209250.298379503947217, 533858.783257149392739 ], [ 209249.290359703125432, 533860.510227041086182 ], [ 209248.275340026273625, 533862.23319684935268 ], [ 209247.764330238744151, 533863.093181711505167 ], [ 209247.252320474595763, 533863.952166563016362 ], [ 209246.22130107061821, 533865.666136187734082 ], [ 209245.183281800680561, 533867.3751057399204 ], [ 209244.13726265868172, 533869.080075194593519 ], [ 209243.084243654011516, 533870.780044574523345 ], [ 209242.02322477666894, 533872.476013860432431 ], [ 209240.955206037586322, 533874.166983072413132 ], [ 209239.880187432398088, 533875.852952213142999 ], [ 209238.79716895648744, 533877.534921253565699 ], [ 209237.707150633272249, 533879.210890234215185 ], [ 209237.159141512238421, 533880.047874681418762 ], [ 209236.609132440498797, 533880.882859113160521 ], [ 209235.504114380571991, 533882.549827922950499 ], [ 209234.392096458002925, 533884.211796657997184 ], [ 209233.27207866293611, 533885.869765298441052 ], [ 209232.145061020884896, 533887.521733872708865 ], [ 209231.011043514095945, 533889.168702373513952 ], [ 209229.870026129850885, 533890.8116707947338 ], [ 209228.721008906373754, 533892.448639134061523 ], [ 209227.564991818071576, 533894.080607402953319 ], [ 209226.402974855911452, 533895.707575612701476 ], [ 209225.231958050833782, 533897.329543719301 ], [ 209224.054941371403402, 533898.946511769550852 ], [ 209222.870924826216651, 533900.558479743776843 ], [ 209221.679908437887207, 533902.164447658695281 ], [ 209220.480892192746978, 533903.765415480593219 ], [ 209219.275876073195832, 533905.361383246141486 ], [ 209218.062860100995749, 533906.952350924140774 ], [ 209216.843844271003036, 533908.53731855226215 ], [ 209215.617828579241177, 533910.117286109947599 ], [ 209214.383813031599857, 533911.692253577872179 ], [ 209213.143797625700245, 533913.261220996733755 ], [ 209211.896782375784824, 533914.824188350816257 ], [ 209210.642767261510016, 533916.382155632134527 ], [ 209209.381752282351954, 533917.935122842434794 ], [ 209208.114737449446693, 533919.482090002740733 ], [ 209206.839722773846006, 533921.023057081969455 ], [ 209205.558708230004413, 533922.559024104150012 ], [ 209204.270693836326245, 533924.08899106294848 ], [ 209202.976679572020657, 533925.613957966212183 ], [ 209201.675665462273173, 533927.132924801087938 ], [ 209200.367651503591333, 533928.645891575491987 ], [ 209199.052637696964666, 533930.152858280809596 ], [ 209197.731624032428954, 533931.653824943350628 ], [ 209196.403610506211407, 533933.149791528354399 ], [ 209195.069597125810105, 533934.639758064062335 ], [ 209193.728583898569923, 533936.123724540695548 ], [ 209192.380570820881985, 533937.601690948358737 ], [ 209191.027557881141547, 533939.073657324537635 ], [ 209189.666545101674274, 533940.539623620337807 ], [ 209188.299532466102391, 533941.999589866958559 ], [ 209186.92651997692883, 533943.453556064981967 ], [ 209185.547507629817119, 533944.901522216037847 ], [ 209184.161495435488177, 533946.34348830091767 ], [ 209182.769483390642563, 533947.779454337316565 ], [ 209181.370471492758952, 533949.209420308936387 ], [ 209179.965459756087512, 533950.632386241224594 ], [ 209178.554448149196105, 533952.050352115882561 ], [ 209177.137436703313142, 533953.461317949113436 ], [ 209175.714425400510663, 533954.866283735376783 ], [ 209174.284414267458487, 533956.264249463914894 ], [ 209172.848403262614738, 533957.657215139013715 ], [ 209171.406392417935422, 533959.04318077058997 ], [ 209169.95838173510856, 533960.422146363067441 ], [ 209168.505371172563173, 533961.796111911768094 ], [ 209167.045360776653979, 533963.163077407283708 ], [ 209165.57935054122936, 533964.523042863467708 ], [ 209164.107340454123914, 533965.877008266863413 ], [ 209162.629330506024417, 533967.224973623990081 ], [ 209161.145320723648183, 533968.565938939107582 ], [ 209159.655311099399114, 533969.899904216290452 ], [ 209158.160301612690091, 533971.227869459893554 ], [ 209156.65829229154042, 533972.548834646702744 ], [ 209155.151283113315003, 533973.863799801212735 ], [ 209153.638274090044433, 533975.171764913597144 ], [ 209152.120265203411691, 533976.473729996010661 ], [ 209150.595256505272118, 533977.767695029382594 ], [ 209149.065247941791313, 533979.05566003115382 ], [ 209147.530239514249843, 533980.337624998646788 ], [ 209145.988231272058329, 533981.611589917098172 ], [ 209144.441223165951669, 533982.879554805462249 ], [ 209143.666219174367143, 533983.510537248104811 ], [ 209142.889215212868294, 533984.140519666718319 ], [ 209141.331207419629209, 533985.394484488642775 ], [ 209139.767199789523147, 533986.641449270653538 ], [ 209138.19919228652725, 533987.882414037478156 ], [ 209136.624184967804467, 533989.115378753864206 ], [ 209135.044177801493788, 533990.341343444422819 ], [ 209133.459170771151548, 533991.561308104894124 ], [ 209131.869163896772079, 533992.774272741051391 ], [ 209130.27315719804028, 533993.979237344465218 ], [ 209128.672150630736724, 533995.178201914182864 ], [ 209127.06614423712017, 533996.369166469667107 ], [ 209125.454137988243019, 533997.554130977252498 ], [ 209123.837131906911964, 533998.731095464783721 ], [ 209123.075129102071514, 533999.282078760676086 ], [ 209122.215125977323623, 533999.90105993160978 ], [ 209120.588120202039136, 534001.064024372608401 ], [ 209118.956114563945448, 534002.220988780725747 ], [ 209117.3201090854418, 534003.36995318857953 ], [ 209115.679103744740132, 534004.512917564250529 ], [ 209114.033098540327046, 534005.649881907738745 ], [ 209112.384093453292735, 534006.780846249544993 ], [ 209110.730088505835738, 534007.905810560449027 ], [ 209109.072083687380655, 534009.02477485476993 ], [ 209107.411078989127418, 534010.137739149504341 ], [ 209105.746074386348482, 534011.246703411918133 ], [ 209104.0780699045863, 534012.349667673930526 ], [ 209102.4060655333451, 534013.447631909395568 ], [ 209100.731061268277699, 534014.540596140199341 ], [ 209099.054057087283581, 534015.629560369765386 ], [ 209097.373053014394827, 534016.713524571503513 ], [ 209095.690049022465246, 534017.793488778290339 ], [ 209094.004045120062074, 534018.869452966260724 ], [ 209092.316041279118508, 534019.942417145241052 ], [ 209090.625037546094973, 534021.010381317348219 ], [ 209088.933033852052176, 534022.076345491106622 ], [ 209087.23803024701192, 534023.138309645932168 ], [ 209085.542026681243442, 534024.198273800895549 ], [ 209083.844023195793852, 534025.254237958230078 ], [ 209082.14401976071531, 534026.308202097308822 ], [ 209080.44301636214368, 534027.360166237223893 ], [ 209078.741013008198934, 534028.410130376578309 ], [ 209077.037009715160821, 534029.457094507524744 ], [ 209075.332006448268658, 534030.503058630856685 ], [ 209073.627003195520956, 534031.548022761940956 ], [ 209071.919999991834629, 534032.590986875467934 ], [ 209070.212996805668809, 534033.632950998959132 ], [ 209068.505993618367938, 534034.674915122566745 ], [ 209066.797990468912758, 534035.714879244100302 ], [ 209065.08998732449254, 534036.754843368427828 ], [ 209063.380984184041154, 534037.794807473663241 ], [ 209063.184983813000144, 534037.914803351974115 ], [ 209061.672981036273995, 534038.83477159589529 ], [ 209059.964977891271701, 534039.874735719524324 ], [ 209058.256974729913054, 534040.915699833887629 ], [ 209056.548971564974636, 534041.956663949647918 ], [ 209054.841968378139427, 534042.998628072440624 ], [ 209053.134965176112019, 534044.041592187481001 ], [ 209051.429961939546047, 534045.085556325735524 ], [ 209049.72495867262478, 534046.131520449765958 ], [ 209048.020955380896339, 534047.178484580712393 ], [ 209046.31795205140952, 534048.227448710240424 ], [ 209044.616948655835586, 534049.279412849340588 ], [ 209042.916945234843297, 534050.332376996986568 ], [ 209041.217941761249676, 534051.388341136625968 ], [ 209039.520938217698131, 534052.447305285255425 ], [ 209037.825934616557788, 534053.509269437985495 ], [ 209036.132930964085972, 534054.573233612580225 ], [ 209034.441927230422152, 534055.6411977839889 ], [ 209032.753923409152776, 534056.713161970139481 ], [ 209031.06691953149857, 534057.788126151077449 ], [ 209029.383915556158172, 534058.86709036224056 ], [ 209027.701911493611988, 534059.951054551056586 ], [ 209026.023907351540402, 534061.038018779479899 ], [ 209024.348903089034138, 534062.130983008188196 ], [ 209022.675898747082101, 534063.227947238017805 ], [ 209021.006894307211041, 534064.328911498072557 ], [ 209019.340889745770255, 534065.435875759809278 ], [ 209017.678885058179731, 534066.54884003684856 ], [ 209016.020880274678348, 534067.665804346906953 ], [ 209014.365875350165879, 534068.789768648683093 ], [ 209012.71487031673314, 534069.918732976424508 ], [ 209011.068865129927872, 534071.054697326384485 ], [ 209009.426859830564354, 534072.19566170219332 ], [ 209007.788854386948515, 534073.343626085319556 ], [ 209006.15584879135713, 534074.498590492061339 ], [ 209004.527843041345477, 534075.660554921836592 ], [ 209002.904837155918358, 534076.828519387287088 ], [ 209001.286831102741417, 534078.004483867203817 ], [ 208999.674824888061266, 534079.187448390526697 ], [ 208998.067818503215676, 534080.378412925405428 ], [ 208996.466811962687643, 534081.57637750369031 ], [ 208994.870805247192038, 534082.782342098420486 ], [ 208993.281798334181076, 534083.997306732344441 ], [ 208991.698791259550489, 534085.219271409092471 ], [ 208990.121783993556164, 534086.450236107804812 ], [ 208988.552776535012526, 534087.689200871973298 ], [ 208986.989768882223871, 534088.937165658921003 ], [ 208985.433761029940797, 534090.194130488438532 ], [ 208983.884752992540598, 534091.459095366415568 ], [ 208982.343744729761966, 534092.734060291084461 ], [ 208980.810736257844837, 534094.018025274854153 ], [ 208979.28572756156791, 534095.311990306712687 ], [ 208977.768718656676356, 534096.614955394645222 ], [ 208976.259709528152598, 534097.927920530899428 ], [ 208974.758700186852366, 534099.249885722529143 ], [ 208973.267690591455903, 534100.582850987790152 ], [ 208971.785680778615642, 534101.924816325423308 ], [ 208970.31167072703829, 534103.27778170700185 ], [ 208970.281670499389293, 534103.306780989281833 ], [ 208968.848660426068818, 534104.640747182187624 ], [ 208967.394649892114103, 534106.013712723273784 ], [ 208965.9496391066059, 534107.397678320994601 ], [ 208964.515628089546226, 534108.790644023683853 ], [ 208963.090616824134486, 534110.194609783007763 ], [ 208961.675605334545253, 534111.607575630303472 ], [ 208960.270593587280018, 534113.031541552045383 ], [ 208958.875581617641728, 534114.464507560944185 ], [ 208957.491569395904662, 534115.907473666360602 ], [ 208956.116556942899479, 534117.360439838259481 ], [ 208954.751544263679534, 534118.822406096034683 ], [ 208953.397531337279361, 534120.294372453121468 ], [ 208952.054518178279977, 534121.775338916457258 ], [ 208950.720504788216203, 534123.266305441502482 ], [ 208949.397491161129437, 534124.766272073728032 ], [ 208948.085477304324741, 534126.275238811504096 ], [ 208946.783463204221334, 534127.79420562798623 ], [ 208945.492448890698142, 534129.321172555908561 ], [ 208944.212434325512731, 534130.858139584423043 ], [ 208942.943419547227677, 534132.403106721467339 ], [ 208941.684404526371509, 534133.958073943620548 ], [ 208940.437389279861236, 534135.521041293395683 ], [ 208939.200373810104793, 534137.093008733238094 ], [ 208937.974358122650301, 534138.672976283822209 ], [ 208936.760342194291297, 534140.26194395555649 ], [ 208935.557326035777805, 534141.859911732957698 ], [ 208934.365309658023762, 534143.465879624709487 ], [ 208933.184293064841768, 534145.079847627668642 ], [ 208932.015276230289601, 534146.702815752010792 ], [ 208930.857259196054656, 534148.332783997640945 ], [ 208929.710241930704797, 534149.971752348123118 ], [ 208928.57522443815833, 534151.618720829952508 ], [ 208927.452206721354742, 534153.273689438006841 ], [ 208926.340188806294464, 534154.935658166650683 ], [ 208925.240170663630124, 534156.605627023731358 ], [ 208924.152152298338478, 534158.283596014138311 ], [ 208923.07613370846957, 534159.969565130886622 ], [ 208922.011114917870145, 534161.662534368224442 ], [ 208920.95809590339195, 534163.363503734581172 ], [ 208919.918076687754365, 534165.070473263505846 ], [ 208918.889057239284739, 534166.786442897282541 ], [ 208917.872037598775933, 534168.508412675233558 ], [ 208916.86801774383639, 534170.237382606370375 ], [ 208914.447968807362486, 534174.471309595624916 ], [ 208945.451635737466859, 534179.804766392102465 ], [ 208984.021224041789537, 534186.275335994781926 ], [ 209022.010855325963348, 534190.365915384725668 ], [ 209060.270503319770796, 534193.286508535500616 ], [ 209063.400477727060206, 534193.326558658387512 ], [ 209226.866018694679951, 534195.524584424449131 ], [ 209225.956175069120945, 534193.578628855058923 ], [ 209221.115645650657825, 534171.656689888914116 ], [ 209219.696601008530706, 534164.371396883507259 ], [ 209218.061631210992346, 534160.776714202947915 ], [ 209208.630473204597365, 534149.726263117277995 ], [ 209206.785434681369225, 534135.984605854959227 ], [ 209202.630439433996798, 534126.849336521117948 ], [ 209202.963452217285521, 534118.356946841347963 ], [ 209197.567693921271712, 534098.26739674853161 ], [ 209193.180443131073844, 534085.34317220072262 ], [ 209190.881648462091107, 534069.191372032975778 ], [ 209193.055813884537201, 534055.486293273628689 ], [ 209191.921742433012696, 534051.289770689210854 ], [ 209191.521774786408059, 534049.479778778273612 ], [ 209191.281808767147595, 534047.489790889900178 ], [ 209191.241841317678336, 534045.48980630422011 ], [ 209191.391872188687557, 534043.499824705533683 ], [ 209191.75190106703667, 534041.529846325982362 ], [ 209192.301927624561358, 534039.609870605869219 ], [ 209193.041951701947255, 534037.749897469417192 ], [ 209193.961972894292558, 534035.979926510481164 ], [ 209195.051991119107697, 534034.309957486344501 ], [ 209196.312006220396142, 534032.749990319716744 ], [ 209197.712017946119886, 534031.330024283844978 ], [ 209199.252026300062425, 534030.050059382803738 ], [ 209208.989503755088663, 534022.769961690879427 ], [ 209233.584395477344515, 533998.873441962292418 ], [ 209251.207111659168731, 533983.897041982854716 ], [ 209281.105055640509818, 533971.472060351981781 ], [ 209285.096019018441439, 533971.334559720009565 ], [ 209303.342241360456683, 533965.242257345700637 ], [ 209309.602171180187725, 533966.502348120557144 ], [ 209321.522850839101011, 533974.145312556065619 ], [ 209326.242038381897146, 533975.308637695736252 ], [ 209341.168840185157023, 533991.764010341954418 ], [ 209350.171398985752603, 533994.362778312992305 ], [ 209364.631205139448866, 533999.242972191073932 ], [ 209376.137723053951049, 534001.98978037526831 ], [ 209397.332297490589553, 534001.45814538479317 ], [ 209417.261752797057852, 533995.482238771859556 ], [ 209433.502926947345259, 533973.352752693113871 ], [ 209435.149569704954047, 533951.206737952656113 ], [ 209440.908516879600938, 533945.029308253084309 ], [ 209441.781758938188432, 533926.744797703693621 ], [ 209475.466305147681851, 533919.95549872983247 ], [ 209499.136179062101291, 533908.829018181888387 ], [ 209522.793850919260876, 533910.416380822658539 ], [ 209534.651320885372115, 533908.026444851071574 ], [ 209545.290995192917762, 533922.976496351533569 ], [ 209554.410519306402421, 533947.996442518779077 ], [ 209556.388608795503387, 533953.684678014717065 ], [ 209573.677844816935249, 533955.51712866849266 ], [ 209580.407000691193389, 533945.623417827533558 ], [ 209581.440450834110379, 533938.88695133512374 ], [ 209592.220511961670127, 533929.767198300920427 ], [ 209600.55562691151863, 533929.016935976920649 ], [ 209606.144811415462755, 533925.562417886219919 ], [ 209636.401992880477337, 533936.209526432328857 ], [ 209646.289929484337335, 533939.187994252890348 ], [ 209647.803441791882506, 533940.221547984518111 ], [ 209651.532031460519647, 533941.533590184175409 ], [ 209686.71852657943964, 533963.952940138638951 ], [ 209701.26863301746198, 534002.267107679625042 ], [ 209714.234838545526145, 534008.04982775868848 ], [ 209722.259221879532561, 534012.800678915693425 ], [ 209725.698109903314617, 534012.838683200068772 ], [ 209734.714734978188062, 534020.174988735234365 ], [ 209740.394280049484223, 534023.537574014393613 ], [ 209761.016749692731537, 534019.408955210237764 ], [ 209787.441796749160858, 534005.828248158097267 ], [ 209817.326905226247618, 534004.940503831021488 ], [ 209837.936957267054822, 534011.424521325156093 ], [ 209849.066413285851013, 534022.334098801598884 ], [ 209890.837562567146961, 534042.42410586529877 ], [ 209954.436023657675833, 533931.504771736450493 ], [ 209997.324614630604628, 533771.391533277463168 ], [ 209997.673883808864048, 533768.441028884146363 ] ] ] } },
{ "type": "Feature", "properties": { "landuse_category": "보전녹지지역", "signgu_code": "41130", "source_layer": "용도지역2", "area_name": "pangyo_1st_technovalley", "source_version": "2024_01_original", "area_sqm": 751.91959561978945, "area_ha": 0.075191959561978938 }, "geometry": { "type": "MultiPolygon", "coordinates": [ [ [ [ 209725.698109903314617, 534012.838683200068772 ], [ 209722.259221879532561, 534012.800678915693425 ], [ 209734.714734978188062, 534020.174988735234365 ], [ 209725.698109903314617, 534012.838683200068772 ] ] ], [ [ [ 209646.289929484337335, 533939.187994252890348 ], [ 209636.401992880477337, 533936.209526432328857 ], [ 209647.803441791882506, 533940.221547984518111 ], [ 209646.289929484337335, 533939.187994252890348 ] ] ], [ [ [ 209592.220511961670127, 533929.767198300920427 ], [ 209581.440450834110379, 533938.88695133512374 ], [ 209580.407000691193389, 533945.623417827533558 ], [ 209585.280464235256659, 533938.458085354999639 ], [ 209600.55562691151863, 533929.016935976920649 ], [ 209592.220511961670127, 533929.767198300920427 ] ] ], [ [ [ 209554.410519306402421, 533947.996442518779077 ], [ 209545.290995192917762, 533922.976496351533569 ], [ 209534.651320885372115, 533908.026444851071574 ], [ 209522.793850919260876, 533910.416380822658539 ], [ 209534.114472889545141, 533911.175962428795174 ], [ 209556.0737602195004, 533953.651307860156521 ], [ 209556.388608795503387, 533953.684678014717065 ], [ 209554.410519306402421, 533947.996442518779077 ] ] ], [ [ [ 209441.781758938188432, 533926.744797703693621 ], [ 209440.908516879600938, 533945.029308253084309 ], [ 209455.560517652775161, 533929.312597891199403 ], [ 209475.466305147681851, 533919.95549872983247 ], [ 209441.781758938188432, 533926.744797703693621 ] ] ], [ [ [ 209364.631205139448866, 533999.242972191073932 ], [ 209350.171398985752603, 533994.362778312992305 ], [ 209341.168840185157023, 533991.764010341954418 ], [ 209341.744155310065253, 533992.398240292444825 ], [ 209362.119065026286989, 534002.341417967691086 ], [ 209376.137723053951049, 534001.98978037526831 ], [ 209364.631205139448866, 533999.242972191073932 ] ] ], [ [ [ 209309.602171180187725, 533966.502348120557144 ], [ 209303.342241360456683, 533965.242257345700637 ], [ 209285.096019018441439, 533971.334559720009565 ], [ 209307.052006724959938, 533970.578110236325301 ], [ 209321.522850839101011, 533974.145312556065619 ], [ 209309.602171180187725, 533966.502348120557144 ] ] ], [ [ [ 209199.252026300062425, 534030.050059382803738 ], [ 209197.712017946119886, 534031.330024283844978 ], [ 209196.312006220396142, 534032.749990319716744 ], [ 209195.051991119107697, 534034.309957486344501 ], [ 209193.961972894292558, 534035.979926510481164 ], [ 209193.041951701947255, 534037.749897469417192 ], [ 209192.301927624561358, 534039.609870605869219 ], [ 209191.75190106703667, 534041.529846325982362 ], [ 209191.391872188687557, 534043.499824705533683 ], [ 209191.241841317678336, 534045.48980630422011 ], [ 209191.281808767147595, 534047.489790889900178 ], [ 209191.521774786408059, 534049.479778778273612 ], [ 209191.921742433012696, 534051.289770689210854 ], [ 209193.055813884537201, 534055.486293273628689 ], [ 209194.614074907556642, 534045.663632206735201 ], [ 209202.276837637735298, 534029.292021642089821 ], [ 209208.989503755088663, 534022.769961690879427 ], [ 209199.252026300062425, 534030.050059382803738 ] ] ], [ [ [ 209202.630439433996798, 534126.849336521117948 ], [ 209206.785434681369225, 534135.984605854959227 ], [ 209205.873247771669412, 534129.190731518552639 ], [ 209202.963452217285521, 534118.356946841347963 ], [ 209202.630439433996798, 534126.849336521117948 ] ] ], [ [ [ 209219.696601008530706, 534164.371396883507259 ], [ 209219.272852723253891, 534162.19589772913605 ], [ 209218.061631210992346, 534160.776714202947915 ], [ 209219.696601008530706, 534164.371396883507259 ] ] ] ] } },
{ "type": "Feature", "properties": { "landuse_category": "자연녹지지역", "signgu_code": "41130", "source_layer": "용도지역2", "area_name": "pangyo_1st_technovalley", "source_version": "2024_01_original", "area_sqm": 320.5341212294901, "area_ha": 0.032053412122949008 }, "geometry": { "type": "MultiPolygon", "coordinates": [ [ [ [ 208972.581190990866162, 534193.985089698224328 ], [ 208970.111242261860752, 534192.025065638241358 ], [ 208952.73140642020735, 534190.434798324014992 ], [ 208926.981628434936283, 534189.394391708192416 ], [ 208926.846942592499545, 534189.793895247858018 ], [ 208976.588522057892988, 534197.16606124327518 ], [ 208977.476140478363959, 534197.206021371413954 ], [ 208972.581190990866162, 534193.985089698224328 ] ] ], [ [ [ 208894.152585899486439, 534146.214209514437243 ], [ 208892.462558928295039, 534148.724162121070549 ], [ 208885.072454610955901, 534158.853961658664048 ], [ 208884.88244291380397, 534159.673952008364722 ], [ 208879.526372237625765, 534182.780545382294804 ], [ 208885.832352851517498, 534183.715150522533804 ], [ 208894.152585899486439, 534146.214209514437243 ] ] ] ] } },
{ "type": "Feature", "properties": { "landuse_category": "자연녹지지역", "signgu_code": "41130", "source_layer": "용도지역2", "area_name": "pangyo_1st_technovalley", "source_version": "2024_01_original", "area_sqm": 112465.18361215651, "area_ha": 11.246518361215651 }, "geometry": { "type": "MultiPolygon", "coordinates": [ [ [ [ 208884.88244291380397, 534159.673952008364722 ], [ 208885.072454610955901, 534158.853961658664048 ], [ 208892.462558928295039, 534148.724162121070549 ], [ 208894.152585899486439, 534146.214209514437243 ], [ 208885.832352851517498, 534183.715150522533804 ], [ 208926.846942592499545, 534189.793895247858018 ], [ 208926.981628434936283, 534189.394391708192416 ], [ 208952.73140642020735, 534190.434798324014992 ], [ 208970.111242261860752, 534192.025065638241358 ], [ 208972.581190990866162, 534193.985089698224328 ], [ 208977.476140478363959, 534197.206021371413954 ], [ 209081.842460779007524, 534201.904539828770794 ], [ 209233.530604313971708, 534209.778668466256931 ], [ 209226.866018694679951, 534195.524584424449131 ], [ 209063.400477727060206, 534193.326558658387512 ], [ 209060.270503319770796, 534193.286508535500616 ], [ 209022.010855325963348, 534190.365915384725668 ], [ 208984.021224041789537, 534186.275335994781926 ], [ 208945.451635737466859, 534179.804766392102465 ], [ 208914.447968807362486, 534174.471309595624916 ], [ 208916.86801774383639, 534170.237382606370375 ], [ 208917.872037598775933, 534168.508412675233558 ], [ 208918.889057239284739, 534166.786442897282541 ], [ 208919.918076687754365, 534165.070473263505846 ], [ 208920.95809590339195, 534163.363503734581172 ], [ 208922.011114917870145, 534161.662534368224442 ], [ 208923.07613370846957, 534159.969565130886622 ], [ 208924.152152298338478, 534158.283596014138311 ], [ 208925.240170663630124, 534156.605627023731358 ], [ 208926.340188806294464, 534154.935658166650683 ], [ 208927.452206721354742, 534153.273689438006841 ], [ 208928.57522443815833, 534151.618720829952508 ], [ 208929.710241930704797, 534149.971752348123118 ], [ 208930.857259196054656, 534148.332783997640945 ], [ 208932.015276230289601, 534146.702815752010792 ], [ 208933.184293064841768, 534145.079847627668642 ], [ 208934.365309658023762, 534143.465879624709487 ], [ 208935.557326035777805, 534141.859911732957698 ], [ 208936.760342194291297, 534140.26194395555649 ], [ 208937.974358122650301, 534138.672976283822209 ], [ 208939.200373810104793, 534137.093008733238094 ], [ 208940.437389279861236, 534135.521041293395683 ], [ 208941.684404526371509, 534133.958073943620548 ], [ 208942.943419547227677, 534132.403106721467339 ], [ 208944.212434325512731, 534130.858139584423043 ], [ 208945.492448890698142, 534129.321172555908561 ], [ 208946.783463204221334, 534127.79420562798623 ], [ 208948.085477304324741, 534126.275238811504096 ], [ 208949.397491161129437, 534124.766272073728032 ], [ 208950.720504788216203, 534123.266305441502482 ], [ 208952.054518178279977, 534121.775338916457258 ], [ 208953.397531337279361, 534120.294372453121468 ], [ 208954.751544263679534, 534118.822406096034683 ], [ 208956.116556942899479, 534117.360439838259481 ], [ 208957.491569395904662, 534115.907473666360602 ], [ 208958.875581617641728, 534114.464507560944185 ], [ 208960.270593587280018, 534113.031541552045383 ], [ 208961.675605334545253, 534111.607575630303472 ], [ 208963.090616824134486, 534110.194609783007763 ], [ 208964.515628089546226, 534108.790644023683853 ], [ 208965.9496391066059, 534107.397678320994601 ], [ 208967.394649892114103, 534106.013712723273784 ], [ 208968.848660426068818, 534104.640747182187624 ], [ 208970.281670499389293, 534103.306780989281833 ], [ 208970.31167072703829, 534103.27778170700185 ], [ 208971.785680778615642, 534101.924816325423308 ], [ 208973.267690591455903, 534100.582850987790152 ], [ 208974.758700186852366, 534099.249885722529143 ], [ 208976.259709528152598, 534097.927920530899428 ], [ 208977.768718656676356, 534096.614955394645222 ], [ 208979.28572756156791, 534095.311990306712687 ], [ 208980.810736257844837, 534094.018025274854153 ], [ 208982.343744729761966, 534092.734060291084461 ], [ 208983.884752992540598, 534091.459095366415568 ], [ 208985.433761029940797, 534090.194130488438532 ], [ 208986.989768882223871, 534088.937165658921003 ], [ 208988.552776535012526, 534087.689200871973298 ], [ 208990.121783993556164, 534086.450236107804812 ], [ 208991.698791259550489, 534085.219271409092471 ], [ 208993.281798334181076, 534083.997306732344441 ], [ 208994.870805247192038, 534082.782342098420486 ], [ 208996.466811962687643, 534081.57637750369031 ], [ 208998.067818503215676, 534080.378412925405428 ], [ 208999.674824888061266, 534079.187448390526697 ], [ 209001.286831102741417, 534078.004483867203817 ], [ 209002.904837155918358, 534076.828519387287088 ], [ 209004.527843041345477, 534075.660554921836592 ], [ 209006.15584879135713, 534074.498590492061339 ], [ 209007.788854386948515, 534073.343626085319556 ], [ 209009.426859830564354, 534072.19566170219332 ], [ 209011.068865129927872, 534071.054697326384485 ], [ 209012.71487031673314, 534069.918732976424508 ], [ 209014.365875350165879, 534068.789768648683093 ], [ 209016.020880274678348, 534067.665804346906953 ], [ 209017.678885058179731, 534066.54884003684856 ], [ 209019.340889745770255, 534065.435875759809278 ], [ 209021.006894307211041, 534064.328911498072557 ], [ 209022.675898747082101, 534063.227947238017805 ], [ 209024.348903089034138, 534062.130983008188196 ], [ 209026.023907351540402, 534061.038018779479899 ], [ 209027.701911493611988, 534059.951054551056586 ], [ 209029.383915556158172, 534058.86709036224056 ], [ 209031.06691953149857, 534057.788126151077449 ], [ 209032.753923409152776, 534056.713161970139481 ], [ 209034.441927230422152, 534055.6411977839889 ], [ 209036.132930964085972, 534054.573233612580225 ], [ 209037.825934616557788, 534053.509269437985495 ], [ 209039.520938217698131, 534052.447305285255425 ], [ 209041.217941761249676, 534051.388341136625968 ], [ 209042.916945234843297, 534050.332376996986568 ], [ 209044.616948655835586, 534049.279412849340588 ], [ 209046.31795205140952, 534048.227448710240424 ], [ 209048.020955380896339, 534047.178484580712393 ], [ 209049.72495867262478, 534046.131520449765958 ], [ 209051.429961939546047, 534045.085556325735524 ], [ 209053.134965176112019, 534044.041592187481001 ], [ 209054.841968378139427, 534042.998628072440624 ], [ 209056.548971564974636, 534041.956663949647918 ], [ 209058.256974729913054, 534040.915699833887629 ], [ 209059.964977891271701, 534039.874735719524324 ], [ 209061.672981036273995, 534038.83477159589529 ], [ 209063.184983813000144, 534037.914803351974115 ], [ 209063.380984184041154, 534037.794807473663241 ], [ 209065.08998732449254, 534036.754843368427828 ], [ 209066.797990468912758, 534035.714879244100302 ], [ 209068.505993618367938, 534034.674915122566745 ], [ 209070.212996805668809, 534033.632950998959132 ], [ 209071.919999991834629, 534032.590986875467934 ], [ 209073.627003195520956, 534031.548022761940956 ], [ 209075.332006448268658, 534030.503058630856685 ], [ 209077.037009715160821, 534029.457094507524744 ], [ 209078.741013008198934, 534028.410130376578309 ], [ 209080.44301636214368, 534027.360166237223893 ], [ 209082.14401976071531, 534026.308202097308822 ], [ 209083.844023195793852, 534025.254237958230078 ], [ 209085.542026681243442, 534024.198273800895549 ], [ 209087.23803024701192, 534023.138309645932168 ], [ 209088.933033852052176, 534022.076345491106622 ], [ 209090.625037546094973, 534021.010381317348219 ], [ 209092.316041279118508, 534019.942417145241052 ], [ 209094.004045120062074, 534018.869452966260724 ], [ 209095.690049022465246, 534017.793488778290339 ], [ 209097.373053014394827, 534016.713524571503513 ], [ 209099.054057087283581, 534015.629560369765386 ], [ 209100.731061268277699, 534014.540596140199341 ], [ 209102.4060655333451, 534013.447631909395568 ], [ 209104.0780699045863, 534012.349667673930526 ], [ 209105.746074386348482, 534011.246703411918133 ], [ 209107.411078989127418, 534010.137739149504341 ], [ 209109.072083687380655, 534009.02477485476993 ], [ 209110.730088505835738, 534007.905810560449027 ], [ 209112.384093453292735, 534006.780846249544993 ], [ 209114.033098540327046, 534005.649881907738745 ], [ 209115.679103744740132, 534004.512917564250529 ], [ 209117.3201090854418, 534003.36995318857953 ], [ 209118.956114563945448, 534002.220988780725747 ], [ 209120.588120202039136, 534001.064024372608401 ], [ 209122.215125977323623, 533999.90105993160978 ], [ 209123.075129102071514, 533999.282078760676086 ], [ 209123.837131906911964, 533998.731095464783721 ], [ 209125.454137988243019, 533997.554130977252498 ], [ 209127.06614423712017, 533996.369166469667107 ], [ 209128.672150630736724, 533995.178201914182864 ], [ 209130.27315719804028, 533993.979237344465218 ], [ 209131.869163896772079, 533992.774272741051391 ], [ 209133.459170771151548, 533991.561308104894124 ], [ 209135.044177801493788, 533990.341343444422819 ], [ 209136.624184967804467, 533989.115378753864206 ], [ 209138.19919228652725, 533987.882414037478156 ], [ 209139.767199789523147, 533986.641449270653538 ], [ 209141.331207419629209, 533985.394484488642775 ], [ 209142.889215212868294, 533984.140519666718319 ], [ 209143.666219174367143, 533983.510537248104811 ], [ 209144.441223165951669, 533982.879554805462249 ], [ 209145.988231272058329, 533981.611589917098172 ], [ 209147.530239514249843, 533980.337624998646788 ], [ 209149.065247941791313, 533979.05566003115382 ], [ 209150.595256505272118, 533977.767695029382594 ], [ 209152.120265203411691, 533976.473729996010661 ], [ 209153.638274090044433, 533975.171764913597144 ], [ 209155.151283113315003, 533973.863799801212735 ], [ 209156.65829229154042, 533972.548834646702744 ], [ 209158.160301612690091, 533971.227869459893554 ], [ 209159.655311099399114, 533969.899904216290452 ], [ 209161.145320723648183, 533968.565938939107582 ], [ 209162.629330506024417, 533967.224973623990081 ], [ 209164.107340454123914, 533965.877008266863413 ], [ 209165.57935054122936, 533964.523042863467708 ], [ 209167.045360776653979, 533963.163077407283708 ], [ 209168.505371172563173, 533961.796111911768094 ], [ 209169.95838173510856, 533960.422146363067441 ], [ 209171.406392417935422, 533959.04318077058997 ], [ 209172.848403262614738, 533957.657215139013715 ], [ 209174.284414267458487, 533956.264249463914894 ], [ 209175.714425400510663, 533954.866283735376783 ], [ 209177.137436703313142, 533953.461317949113436 ], [ 209178.554448149196105, 533952.050352115882561 ], [ 209179.965459756087512, 533950.632386241224594 ], [ 209181.370471492758952, 533949.209420308936387 ], [ 209182.769483390642563, 533947.779454337316565 ], [ 209184.161495435488177, 533946.34348830091767 ], [ 209185.547507629817119, 533944.901522216037847 ], [ 209186.92651997692883, 533943.453556064981967 ], [ 209188.299532466102391, 533941.999589866958559 ], [ 209189.666545101674274, 533940.539623620337807 ], [ 209191.027557881141547, 533939.073657324537635 ], [ 209192.380570820881985, 533937.601690948358737 ], [ 209193.728583898569923, 533936.123724540695548 ], [ 209195.069597125810105, 533934.639758064062335 ], [ 209196.403610506211407, 533933.149791528354399 ], [ 209197.731624032428954, 533931.653824943350628 ], [ 209199.052637696964666, 533930.152858280809596 ], [ 209200.367651503591333, 533928.645891575491987 ], [ 209201.675665462273173, 533927.132924801087938 ], [ 209202.976679572020657, 533925.613957966212183 ], [ 209204.270693836326245, 533924.08899106294848 ], [ 209205.558708230004413, 533922.559024104150012 ], [ 209206.839722773846006, 533921.023057081969455 ], [ 209208.114737449446693, 533919.482090002740733 ], [ 209209.381752282351954, 533917.935122842434794 ], [ 209210.642767261510016, 533916.382155632134527 ], [ 209211.896782375784824, 533914.824188350816257 ], [ 209213.143797625700245, 533913.261220996733755 ], [ 209214.383813031599857, 533911.692253577872179 ], [ 209215.617828579241177, 533910.117286109947599 ], [ 209216.843844271003036, 533908.53731855226215 ], [ 209218.062860100995749, 533906.952350924140774 ], [ 209219.275876073195832, 533905.361383246141486 ], [ 209220.480892192746978, 533903.765415480593219 ], [ 209221.679908437887207, 533902.164447658695281 ], [ 209222.870924826216651, 533900.558479743776843 ], [ 209224.054941371403402, 533898.946511769550852 ], [ 209225.231958050833782, 533897.329543719301 ], [ 209226.402974855911452, 533895.707575612701476 ], [ 209227.564991818071576, 533894.080607402953319 ], [ 209228.721008906373754, 533892.448639134061523 ], [ 209229.870026129850885, 533890.8116707947338 ], [ 209231.011043514095945, 533889.168702373513952 ], [ 209232.145061020884896, 533887.521733872708865 ], [ 209233.27207866293611, 533885.869765298441052 ], [ 209234.392096458002925, 533884.211796657997184 ], [ 209235.504114380571991, 533882.549827922950499 ], [ 209236.609132440498797, 533880.882859113160521 ], [ 209237.159141512238421, 533880.047874681418762 ], [ 209237.707150633272249, 533879.210890234215185 ], [ 209238.79716895648744, 533877.534921253565699 ], [ 209239.880187432398088, 533875.852952213142999 ], [ 209240.955206037586322, 533874.166983072413132 ], [ 209242.02322477666894, 533872.476013860432431 ], [ 209243.084243654011516, 533870.780044574523345 ], [ 209244.13726265868172, 533869.080075194593519 ], [ 209245.183281800680561, 533867.3751057399204 ], [ 209246.22130107061821, 533865.666136187734082 ], [ 209247.252320474595763, 533863.952166563016362 ], [ 209247.764330238744151, 533863.093181711505167 ], [ 209248.275340026273625, 533862.23319684935268 ], [ 209249.290359703125432, 533860.510227041086182 ], [ 209250.298379503947217, 533858.783257149392739 ], [ 209251.29939943869249, 533857.051287185167894 ], [ 209252.292419500328833, 533855.315317127737217 ], [ 209253.277439707395388, 533853.574346978450194 ], [ 209254.254460043419385, 533851.829376731766388 ], [ 209255.22448049907689, 533850.080406404682435 ], [ 209256.186501083575422, 533848.327435981482267 ], [ 209257.140521813562373, 533846.569465470733121 ], [ 209258.087542646535439, 533844.808494868222624 ], [ 209259.026563620427623, 533843.042524179560132 ], [ 209259.957584727031644, 533841.272553394082934 ], [ 209260.880605976504739, 533839.497582518379204 ], [ 209261.796627330739284, 533837.719611552893184 ], [ 209262.703648819675436, 533835.93764047510922 ], [ 209263.603670429030899, 533834.151669318205677 ], [ 209264.495692168158712, 533832.361698063905351 ], [ 209265.379714033188066, 533830.567726711276919 ], [ 209266.25573602921213, 533828.769755264860578 ], [ 209267.124758142628707, 533826.967783733736724 ], [ 209267.975780142965959, 533825.181811785791069 ], [ 209267.984780378697906, 533825.162812083726749 ], [ 209268.837802733469289, 533823.353840353316627 ], [ 209269.681825223902706, 533821.540868509793654 ], [ 209270.518847836763598, 533819.723896585172042 ], [ 209271.348870533576701, 533817.904924562899396 ], [ 209272.170893378381152, 533816.080952452379279 ], [ 209272.985916310572065, 533814.25498024711851 ], [ 209273.794939338287804, 533812.426007964182645 ], [ 209274.59596249400056, 533810.593035588040948 ], [ 209275.390985731617548, 533808.758063131943345 ], [ 209276.180009061354212, 533806.920090600382537 ], [ 209276.96203249838436, 533805.07911798323039 ], [ 209277.738056013768073, 533803.236145284841768 ], [ 209278.509079602052225, 533801.391172521281987 ], [ 209279.273103312356398, 533799.542199676041491 ], [ 209280.032127075421158, 533797.692226757062599 ], [ 209280.786150913569145, 533795.840253775240853 ], [ 209281.534174846165115, 533793.985280720633455 ], [ 209282.278198842541315, 533792.128307618084364 ], [ 209283.017222895869054, 533790.270334441913292 ], [ 209283.751247036590939, 533788.409361209953204 ], [ 209284.480271232925588, 533786.547387907281518 ], [ 209285.206295485084411, 533784.683414570637979 ], [ 209285.927319794544019, 533782.81844115909189 ], [ 209286.644344168860698, 533780.951467702398077 ], [ 209287.358368582557887, 533779.083494203863665 ], [ 209288.068393057066714, 533777.213520655292086 ], [ 209288.775417576165637, 533775.342547067790292 ], [ 209289.478442141291453, 533773.470573426573537 ], [ 209290.179466754721943, 533771.596599766984582 ], [ 209290.876491399569204, 533769.722626039525494 ], [ 209291.572516069572885, 533767.847652307711542 ], [ 209292.264540784817655, 533765.971678520203568 ], [ 209292.955565543088596, 533764.093704731320031 ], [ 209293.643590307794511, 533762.21673088427633 ], [ 209294.330615115992259, 533760.337757038883865 ], [ 209295.015639935067156, 533758.458783162175678 ], [ 209295.69866477267351, 533756.57980925089214 ], [ 209296.380689649435226, 533754.69883534044493 ], [ 209296.721702079521492, 533753.758848382974975 ], [ 209296.891708298848243, 533753.288854894344695 ], [ 209297.061714519193629, 533752.818861407227814 ], [ 209297.231720740557648, 533752.34886792069301 ], [ 209297.401726958429208, 533751.87887443206273 ], [ 209297.741739413351752, 533750.937887464184314 ], [ 209298.420764312963001, 533749.056913504027762 ], [ 209299.099789217289072, 533747.175939546199515 ], [ 209299.777814140339615, 533745.293965580523945 ], [ 209300.419837690977147, 533743.514990207040682 ], [ 209300.456839042657521, 533743.412991620483808 ], [ 209301.134863967890851, 533741.531017654808238 ], [ 209301.812888876447687, 533739.650043680565432 ], [ 209305.88203837358742, 533728.361199868028052 ], [ 209306.560063298005844, 533726.479225900955498 ], [ 209309.951187884784304, 533717.071356064756401 ], [ 209310.629212795523927, 533715.190382088418119 ], [ 209314.020337384281447, 533705.782512249425054 ], [ 209314.698362291703233, 533703.901538274483755 ], [ 209318.767511788668344, 533692.612694456940517 ], [ 209319.445536713465117, 533690.730720489169471 ], [ 209320.123561621614499, 533688.849746512831189 ], [ 209322.836661284120055, 533681.323850639397278 ], [ 209323.514686210546643, 533679.44187667244114 ], [ 209327.583835705998354, 533668.153032853500918 ], [ 209328.261860631668242, 533666.271058883517981 ], [ 209328.9398855419131, 533664.390084909391589 ], [ 209329.617910467321053, 533662.508110939408652 ], [ 209331.651985211559804, 533656.864189016167074 ], [ 209332.331010127032641, 533654.982215063995682 ], [ 209336.400159625103697, 533643.693371242145076 ], [ 209337.078184535319451, 533641.81239726440981 ], [ 209339.112259295186959, 533636.167475348338485 ], [ 209339.790284204471391, 533634.286501370486803 ], [ 209340.468309130170383, 533632.404527402017266 ], [ 209341.147334030392813, 533630.523553441977128 ], [ 209344.537458625331055, 533621.115683575393632 ], [ 209345.215483550244244, 533619.233709608321078 ], [ 209348.606608122965554, 533609.826839750749059 ], [ 209348.667610360833351, 533609.657842091051862 ], [ 209428.798258719412843, 533387.348690903512761 ], [ 209346.271322085551219, 533385.792123329476453 ], [ 209234.547525131201837, 533671.353507888037711 ], [ 209229.047344487946248, 533685.283307445119135 ], [ 209205.056571878696559, 533745.092440741369501 ], [ 209196.863263467530487, 533768.283122542896308 ], [ 209196.528252441203222, 533769.133110320311971 ], [ 209196.192241437849589, 533769.982098090578802 ], [ 209195.853230459615588, 533770.831085810670629 ], [ 209195.513219518063124, 533771.678073532995768 ], [ 209195.170208602910861, 533772.525061207823455 ], [ 209194.824197730136802, 533773.371048840228468 ], [ 209194.477186878008069, 533774.216036463505588 ], [ 209194.127176082198275, 533775.059024057933129 ], [ 209193.7751653031155, 533775.902011615457013 ], [ 209193.421154556242982, 533776.743999151047319 ], [ 209193.064143833238631, 533777.585986638674513 ], [ 209192.705133158538956, 533778.425974111421965 ], [ 209192.345122506987536, 533779.264961575041525 ], [ 209191.981111902277917, 533780.102948982035741 ], [ 209191.616101326129865, 533780.939936379902065 ], [ 209191.248090770386625, 533781.776923731085844 ], [ 209190.879080254177097, 533782.611911081010476 ], [ 209190.507069778686855, 533783.445898390491493 ], [ 209190.132059330149787, 533784.279885649099015 ], [ 209189.75604891779949, 533785.11187291063834 ], [ 209188.916023063124157, 533787.131843160721473 ], [ 209187.375979094882496, 533790.621790324570611 ], [ 209185.285926299256971, 533794.931722042849287 ], [ 209183.225879063771572, 533798.881657136371359 ], [ 209181.255831755668623, 533802.791593999951147 ], [ 209179.185785887675593, 533806.661529573029839 ], [ 209177.095740822813241, 533810.491465142928064 ], [ 209174.955697448778665, 533814.241400552098639 ], [ 209172.81565455722739, 533817.961336201056838 ], [ 209170.585613025323255, 533821.64127071807161 ], [ 209168.345571253827075, 533825.341204916709103 ], [ 209167.775561775895767, 533826.211188746383414 ], [ 209166.065531087486306, 533828.96113911177963 ], [ 209163.735491322266171, 533832.581072500208393 ], [ 209161.305452350177802, 533836.201004278496839 ], [ 209158.90541491258773, 533839.710937422467396 ], [ 209156.425378117215587, 533843.220869274926372 ], [ 209153.905342118639965, 533846.700800726190209 ], [ 209151.335306359425886, 533850.1907312910771 ], [ 209148.685272042173892, 533853.630660967552103 ], [ 209146.055238534143427, 533857.01059144793544 ], [ 209143.405205345217837, 533860.380521686049178 ], [ 209140.405167049553711, 533864.240442349691875 ], [ 209138.245144299609819, 533866.720387629815377 ], [ 209134.775106850109296, 533870.760299271438271 ], [ 209131.945077833719552, 533873.960227976436727 ], [ 209128.995049775665393, 533877.160154743352905 ], [ 209126.075023251614766, 533880.250082877464592 ], [ 209123.054996878723614, 533883.380009077955037 ], [ 209120.054971958714304, 533886.409936404903419 ], [ 209117.03494719878654, 533889.439863410429098 ], [ 209110.834899918263545, 533895.439715321408585 ], [ 209107.604878445446957, 533898.369639744982123 ], [ 209104.464858828054275, 533901.139566902769729 ], [ 209101.134838473779382, 533904.049489873810671 ], [ 209097.904820218682289, 533906.779415900236927 ], [ 209091.234784261672758, 533912.309264013892971 ], [ 209087.854768170014722, 533914.979188106022775 ], [ 209084.454752563789953, 533917.629112037247978 ], [ 209081.024738644337049, 533920.189036209136248 ], [ 209025.17453771297005, 533960.277814272209071 ], [ 209017.044508724153275, 533966.097636521561071 ], [ 208981.044378290913301, 533991.99684840394184 ], [ 208945.084248040278908, 534017.86606116197072 ], [ 208909.154117894038791, 534043.715274557122029 ], [ 208873.273988012369955, 534069.524489072151482 ], [ 208849.573902204574551, 534086.573970217606984 ], [ 208846.873894080956234, 534088.413911929121241 ], [ 208844.263886848901166, 534090.153855894459412 ], [ 208841.533879606693517, 534091.953797442722134 ], [ 208838.873871969350148, 534093.743740200297907 ], [ 208837.083869161346229, 534094.803702844190411 ], [ 208828.373857704660622, 534099.823522166465409 ], [ 208827.133855181222316, 534100.593495998880826 ], [ 208817.423855567758437, 534105.373301136307418 ], [ 208814.513856689853128, 534106.743243239005096 ], [ 208811.5038615091471, 534107.933185178670101 ], [ 208808.513865044777049, 534109.193126878119074 ], [ 208805.503869703912642, 534110.393068733625114 ], [ 208802.533874368324177, 534111.573011394706555 ], [ 208785.753910812345566, 534117.612692488124594 ], [ 208775.223933849541936, 534121.392492446349934 ], [ 208749.42399193791789, 534130.55200312694069 ], [ 208744.794004359428072, 534132.071916312910616 ], [ 208724.734273996553384, 534125.261647790903226 ], [ 208696.544663709646557, 534115.021275831619278 ], [ 208694.094703220122028, 534113.781246316735633 ], [ 208688.254800046765013, 534110.661177284433506 ], [ 208684.264868103869958, 534108.411131069296971 ], [ 208683.834875399275916, 534108.171126068686135 ], [ 208680.974927521514473, 534106.351094609475695 ], [ 208676.895005160477012, 534103.551051362999715 ], [ 208673.825065079174237, 534101.351019573397934 ], [ 208669.995144749991596, 534098.300982365850359 ], [ 208666.385223312332528, 534095.210949024185538 ], [ 208662.475312963390024, 534091.580915187252685 ], [ 208658.385411304829177, 534087.500882064574398 ], [ 208655.265486441901885, 534084.380856859730557 ], [ 208652.175568106642459, 534080.840835514711216 ], [ 208651.255594451999059, 534079.66083017049823 ], [ 208645.345766262500547, 534071.92079713079147 ], [ 208637.666031448694412, 534059.26077509811148 ], [ 208634.086175175616518, 534052.110774857690558 ], [ 208629.996338757599005, 534043.980774275376461 ], [ 208629.666357660549693, 534042.97077707236167 ], [ 208623.056740932719549, 534022.450835425639525 ], [ 208616.327387263154378, 533985.661022549844347 ], [ 208613.937728027027333, 533965.691144468961284 ], [ 208610.638194441300584, 533938.371310767717659 ], [ 208611.708763268747134, 533902.531615906045772 ], [ 208614.558931281266268, 533890.69175692810677 ], [ 208648.689316337375203, 533849.902634431840852 ], [ 208655.309391157759819, 533841.982804698986001 ], [ 208671.029568232101155, 533823.213208717294037 ], [ 208672.359583085606573, 533821.633242835174315 ], [ 208685.63973, 533805.943582801497541 ], [ 208715.980068775941618, 533769.904361052671447 ], [ 208716.346057644288521, 533770.414362852810882 ], [ 208796.67095143685583, 533675.199421566911042 ], [ 208812.84913148987107, 533656.020836208364926 ], [ 208813.24813593053841, 533655.547846434055828 ], [ 208813.646140378608834, 533655.074856644845568 ], [ 208814.044144860148663, 533654.599866871256381 ], [ 208814.441149332298664, 533654.125877071521245 ], [ 208814.837153828411829, 533653.65088726603426 ], [ 208815.233158341376111, 533653.174897467833944 ], [ 208815.628162863664329, 533652.69890765263699 ], [ 208816.023167400620878, 533652.221917846589349 ], [ 208816.417171946784947, 533651.744928025756963 ], [ 208816.81017651228467, 533651.266938195796683 ], [ 208817.203181082208175, 533650.788948365836404 ], [ 208817.59518565874896, 533650.310958518064581 ], [ 208817.987190252286382, 533649.831968678976409 ], [ 208818.37819486958324, 533649.351978832855821 ], [ 208818.768199493322754, 533648.871988972532563 ], [ 208819.158204136387212, 533648.390999117167667 ], [ 208819.547208783507813, 533647.910009244224057 ], [ 208819.936213434819365, 533647.429019374772906 ], [ 208820.324218107445631, 533646.947029496193863 ], [ 208820.711222788289888, 533646.465039600618184 ], [ 208835.240398829802871, 533628.351419116836041 ], [ 208835.916407057724427, 533627.506436791736633 ], [ 208836.591415323171532, 533626.659454467357136 ], [ 208837.264423621876631, 533625.81147211836651 ], [ 208837.934431976726046, 533624.961489737499505 ], [ 208838.604440347815398, 533624.110507366014645 ], [ 208839.271448757179314, 533623.258524954901077 ], [ 208839.936457215982955, 533622.404542522621341 ], [ 208840.60046571638668, 533621.54856009199284 ], [ 208841.262474248447688, 533620.691577638732269 ], [ 208841.922482811787631, 533619.83359516132623 ], [ 208842.58049142168602, 533618.97361266578082 ], [ 208843.236500064522261, 533618.112630148301832 ], [ 208843.890508739888901, 533617.250647606793791 ], [ 208844.54251746556838, 533616.386665047029965 ], [ 208845.193526229792042, 533615.520682486705482 ], [ 208845.842535009898711, 533614.654699899372645 ], [ 208846.488543860410573, 533613.78571728116367 ], [ 208847.133552721323213, 533612.916734651545994 ], [ 208847.776561629172647, 533612.045752002974041 ], [ 208848.418570577312494, 533611.172769354539923 ], [ 208854.169651120435447, 533603.328924987348728 ], [ 208854.940661955188261, 533602.274945869576186 ], [ 208855.708672847802518, 533601.218966722837649 ], [ 208856.473683797667036, 533600.160987541545182 ], [ 208857.236694794584764, 533599.101008343975991 ], [ 208857.995705837558489, 533598.04002909141127 ], [ 208858.752716948511079, 533596.976049828343093 ], [ 208859.506728112319252, 533595.91007053561043 ], [ 208860.257739335123915, 533594.84209120972082 ], [ 208861.006750602828106, 533593.772111867088825 ], [ 208861.752761930780252, 533592.700132493977435 ], [ 208862.495773293601815, 533591.62715307646431 ], [ 208863.235784733347828, 533590.551173638436012 ], [ 208863.972796211019158, 533589.474194158799946 ], [ 208864.707807753933594, 533588.3942146722693 ], [ 208865.438819344039075, 533587.313235127017833 ], [ 208866.167830998572754, 533586.229255575570278 ], [ 208866.893842692836188, 533585.144275981700048 ], [ 208867.616854444611818, 533584.057296356768347 ], [ 208868.33786624102504, 533582.968316714977846 ], [ 208869.054878105875105, 533581.877337028039619 ], [ 208874.340965830051573, 533573.817486897460185 ], [ 208875.050977670762222, 533572.731507055810653 ], [ 208875.757989549543709, 533571.644527172436938 ], [ 208876.462001482985215, 533570.555547257419676 ], [ 208877.164013466564938, 533569.464567323913798 ], [ 208877.862025496462593, 533568.372587337507866 ], [ 208878.558037592942128, 533567.277607343508862 ], [ 208879.251049726066412, 533566.181627307087183 ], [ 208879.94106191501487, 533565.083647239487618 ], [ 208880.628074163571, 533563.983667137450539 ], [ 208881.312086466554319, 533562.88168700505048 ], [ 208881.994098802271765, 533561.778706847922876 ], [ 208882.672111198364291, 533560.673726642038673 ], [ 208883.348123646224849, 533559.566746420110576 ], [ 208884.021136152528925, 533558.457766164909117 ], [ 208884.691148695914308, 533557.347785870777443 ], [ 208885.358161296142498, 533556.23580554430373 ], [ 208886.022173952515004, 533555.121825186768547 ], [ 208886.683186662005028, 533554.005844793282449 ], [ 208887.342199405655265, 533552.888864377862774 ], [ 208887.99721221398795, 533551.769883915083483 ], [ 208891.864288067357847, 533545.148999370401725 ], [ 208892.491300405701622, 533544.07301811047364 ], [ 208893.115312816633377, 533542.994036825257353 ], [ 208893.737325257912744, 533541.914055515313521 ], [ 208894.356337740668096, 533540.833074165740982 ], [ 208894.97235027901479, 533539.750092785223387 ], [ 208895.586362867674325, 533538.665111387730576 ], [ 208896.197375495452434, 533537.579129947116598 ], [ 208896.805388161446899, 533536.492148470599204 ], [ 208897.411400878132554, 533535.403166976291686 ], [ 208898.013413655542536, 533534.312185434158891 ], [ 208898.613426469149999, 533533.22020386508666 ], [ 208899.211439311533468, 533532.127222274779342 ], [ 208899.805452218803111, 533531.03224063583184 ], [ 208900.397465173620731, 533529.935258979909122 ], [ 208900.986478169972543, 533528.83727728377562 ], [ 208901.573491196817486, 533527.738295562099665 ], [ 208902.156504289450822, 533526.637313796090893 ], [ 208902.737517413275782, 533525.535331999650225 ], [ 208903.315530593477888, 533524.43135017703753 ], [ 208903.891543805861147, 533523.326368327019736 ], [ 208908.614652790653054, 533514.225517477490939 ], [ 208909.092663836170686, 533513.303532579564489 ], [ 208909.567674918012926, 533512.380547642009333 ], [ 208910.041686028183904, 533511.456562696141191 ], [ 208910.512697194935754, 533510.530577719211578 ], [ 208910.982708367810119, 533509.604592723073438 ], [ 208911.450719571323134, 533508.677607706515118 ], [ 208911.916730809520232, 533507.749622663133778 ], [ 208912.38074207957834, 533506.820637593511492 ], [ 208912.842753363773227, 533505.89165249641519 ], [ 208913.302764696069062, 533504.960667380946688 ], [ 208913.760776060982607, 533504.028682240750641 ], [ 208914.216787457989994, 533503.095697077340446 ], [ 208914.671798879659036, 533502.161711905384436 ], [ 208915.123810324264923, 533501.227726686745882 ], [ 208915.573821819183649, 533500.291741449851543 ], [ 208916.022833319875645, 533499.355756196659058 ], [ 208916.468844879011158, 533498.417770912405103 ], [ 208916.913856443017721, 533497.479785611154512 ], [ 208917.355868064274546, 533496.539800276746973 ], [ 208917.796879694011295, 533495.599814928951673 ], [ 208918.786905927176122, 533493.481847878545523 ], [ 208919.181916425382951, 533492.634861043537967 ], [ 208919.574926936067641, 533491.787874175235629 ], [ 208919.966937491408316, 533490.938887304160744 ], [ 208920.356948060623836, 533490.089900402002968 ], [ 208920.745958655927097, 533489.239913492812775 ], [ 208921.13296926417388, 533488.389926551724784 ], [ 208921.517979923577514, 533487.537939593195915 ], [ 208921.90199058977305, 533486.68595261964947 ], [ 208922.284001288149739, 533485.832965621375479 ], [ 208922.66501199483173, 533484.979978606221266 ], [ 208923.044022732792655, 533484.125991566223092 ], [ 208923.421033501595957, 533483.271004505106248 ], [ 208923.797044296137756, 533482.415017432067543 ], [ 208924.17105510662077, 533481.559030331321992 ], [ 208924.544065939931897, 533480.702043220051564 ], [ 208924.915076806995785, 533479.844056082656607 ], [ 208925.284087690786691, 533478.986068916157819 ], [ 208925.652098610647954, 533478.126081749098375 ], [ 208926.018109532102244, 533477.267094540293328 ], [ 208926.383120495826006, 533476.406107333605178 ], [ 208928.279177672811784, 533471.919173897942528 ], [ 208928.798193385271588, 533470.68719214561861 ], [ 208929.313209144282155, 533469.454210341791622 ], [ 208929.825224945292575, 533468.220228494028561 ], [ 208930.334240802039858, 533466.984246618114412 ], [ 208930.839256705716252, 533465.747264683479443 ], [ 208931.341272665013094, 533464.508282714989036 ], [ 208931.84028866616427, 533463.268300709780306 ], [ 208932.335304714710219, 533462.027318645035848 ], [ 208932.828320811066078, 533460.784336564945988 ], [ 208933.316336965421215, 533459.54035441193264 ], [ 208933.802353148028487, 533458.295372236287221 ], [ 208934.284369379340205, 533457.04939000273589 ], [ 208934.76338566938648, 533455.801407737424597 ], [ 208935.238402005285025, 533454.552425417583436 ], [ 208935.711418374150526, 533453.302443070220761 ], [ 208936.179434813937405, 533452.050460660597309 ], [ 208936.645451286720345, 533450.797478226362728 ], [ 208937.107467806607019, 533449.543495736201294 ], [ 208937.566484366892837, 533448.288513202918693 ], [ 208938.021500975824893, 533447.032530615921132 ], [ 208945.293767598399427, 533426.885809488478117 ], [ 208945.579778254323173, 533426.082820541225374 ], [ 208945.858789000660181, 533425.277831496438012 ], [ 208946.130799847800517, 533424.469842365360819 ], [ 208946.396810796373757, 533423.658853160799481 ], [ 208946.654821819887729, 533422.84686383465305 ], [ 208946.906832941400353, 533422.03187443560455 ], [ 208947.150844142917776, 533421.215884916251525 ], [ 208947.388855441153282, 533420.396895324229263 ], [ 208947.619866826105863, 533419.575905636767857 ], [ 208947.842878306400962, 533418.752915835357271 ], [ 208948.059889867989114, 533417.927925951895304 ], [ 208948.268901508447016, 533417.101935949642211 ], [ 208948.471913228742778, 533416.273945865919814 ], [ 208948.666925045225071, 533415.443955671275035 ], [ 208948.85593694463023, 533414.611965391784906 ], [ 208949.036948921333533, 533413.778974994784221 ], [ 208949.210960969940061, 533412.944984492263757 ], [ 208949.377973105496494, 533412.108993892208673 ], [ 208949.537985330505762, 533411.271003197412938 ], [ 208949.690997628116747, 533410.432012397097424 ], [ 208951.104114484420279, 533402.479098996263929 ], [ 208950.329935634246795, 533402.472204932244495 ], [ 208938.715346676210174, 533426.311850147438236 ], [ 208912.319213932467392, 533500.284807331976481 ], [ 208885.957991249975748, 533541.882089056540281 ], [ 208834.785995273268782, 533623.536261300556362 ], [ 208792.945301062194631, 533665.116864770418033 ], [ 208727.870271314459387, 533720.547962754033506 ], [ 208664.340910961967893, 533779.064069535466842 ], [ 208599.258099039783701, 533843.745136470883153 ], [ 208583.733818636188516, 533886.89444483211264 ], [ 208583.679944740957581, 533939.309073667624034 ], [ 208600.615569679706823, 534028.739030605182052 ], [ 208619.105134311510483, 534112.003391833393835 ], [ 208696.474925802700454, 534138.290290751960129 ], [ 208840.392251006764127, 534176.980503628496081 ], [ 208879.526372237625765, 534182.780545382294804 ], [ 208884.88244291380397, 534159.673952008364722 ] ] ], [ [ [ 209545.469701112917392, 533382.66083498718217 ], [ 209545.470985805121018, 533302.931474593700841 ], [ 209592.670610091969138, 533302.932235205313191 ], [ 209639.680236069485545, 533302.922992851934396 ], [ 209712.734561074728845, 533302.924170174635947 ], [ 209712.58502912404947, 533295.854307116591372 ], [ 209543.174218790780287, 533297.767926829867065 ], [ 209543.077238489757292, 533382.651297147735022 ], [ 209545.469701112917392, 533382.66083498718217 ] ] ], [ [ [ 209017.753947681892896, 533379.88235413748771 ], [ 209022.583900836645626, 533380.402427778812125 ], [ 209038.313734323106473, 533382.962660653633066 ], [ 209154.582800655305618, 533383.444530071225017 ], [ 209241.124818988493644, 533383.808920706040226 ], [ 208961.987659196951427, 533378.54402333626058 ], [ 208961.462929802830331, 533379.621062104939483 ], [ 209017.753947681892896, 533379.88235413748771 ] ] ] ] } },
{ "type": "Feature", "properties": { "landuse_category": "제3종일반주거지역", "signgu_code": "41130", "source_layer": "용도지역2", "area_name": "pangyo_1st_technovalley", "source_version": "2024_01_original", "area_sqm": 46.377593328973575, "area_ha": 0.0046377593328973572 }, "geometry": { "type": "Polygon", "coordinates": [ [ [ 210000.797484152601101, 533729.655390389380045 ], [ 210000.653445225761971, 533732.141368124866858 ], [ 210000.500406369945267, 533734.627345713903196 ], [ 210000.339367595792282, 533737.112323183217086 ], [ 210000.169328894582577, 533739.597300506662577 ], [ 209999.654214903042885, 533746.92323343269527 ], [ 209999.332147992943646, 533751.233193665277213 ], [ 209998.973081424162956, 533755.540153321693651 ], [ 209998.577015201793984, 533759.844112411141396 ], [ 209998.143949333956698, 533764.144070932874456 ], [ 209997.673883808864048, 533768.441028884146363 ], [ 209997.324614630604628, 533771.391533277463168 ], [ 210001.083903742808616, 533757.357219246565364 ], [ 210000.872373464808334, 533728.28631202748511 ], [ 210000.797484152601101, 533729.655390389380045 ] ] ] } },
{ "type": "Feature", "properties": { "landuse_category": "제3종일반주거지역", "signgu_code": "41130", "source_layer": "용도지역2", "area_name": "wirye_plan_area", "source_version": "2024_01_original", "area_sqm": 968794.35344458104, "area_ha": 96.879435344458102 }, "geometry": { "type": "MultiPolygon", "coordinates": [ [ [ [ 212697.632763076428091, 540305.153087046113797 ], [ 212701.532640451623593, 540310.803104642545804 ], [ 212707.342457564809592, 540319.233130752108991 ], [ 212713.022278307296801, 540327.503156046732329 ], [ 212718.192115263227606, 540335.02317913051229 ], [ 212729.511757872416638, 540351.513229478499852 ], [ 212762.071419510320993, 540356.333717655972578 ], [ 212763.361404662427958, 540356.613736281055026 ], [ 212764.611387384909904, 540357.063752888003364 ], [ 212765.781367996212794, 540357.683766830363311 ], [ 212771.671262794872746, 540361.273833238868974 ], [ 212772.841243566974299, 540361.883847262593918 ], [ 212774.081226369773503, 540362.333863705978729 ], [ 212775.371211360703455, 540362.623882250511087 ], [ 212803.240919565694639, 540366.884299045079388 ], [ 212805.940890047961148, 540367.374338800786063 ], [ 212809.40085089058266, 540368.084389084368013 ], [ 212811.560826983419247, 540368.494420744129457 ], [ 212812.440818005678011, 540368.614434020244516 ], [ 212813.330810080777155, 540368.66444802575279 ], [ 212816.830781770346221, 540368.68450451863464 ], [ 212817.770774740027264, 540368.654519973671995 ], [ 212818.710769328172319, 540368.524536236654967 ], [ 212826.25073137585423, 540367.144669405883178 ], [ 212827.950721665169112, 540366.904698856524192 ], [ 212829.670709371857811, 540366.814727422548458 ], [ 212831.380694725492503, 540366.874754619551823 ], [ 212841.990596782328794, 540367.684919835417531 ], [ 212843.810578671342228, 540367.904947523958981 ], [ 212845.600558044185163, 540368.294973355717957 ], [ 212847.350535150850192, 540368.844997252221219 ], [ 212849.040510148071917, 540369.555018888320774 ], [ 212850.650483354111202, 540370.415038018254563 ], [ 212856.110387581633404, 540373.635100456769578 ], [ 212859.310333187750075, 540375.415137912728824 ], [ 212862.600281146063935, 540377.005178358172998 ], [ 212865.980231462424854, 540378.405221789609641 ], [ 212869.440184374339879, 540379.605268126819283 ], [ 212872.950139963417314, 540380.615316806943156 ], [ 212876.520098469365621, 540381.415368149988353 ], [ 212881.310043337522075, 540382.455437307711691 ], [ 212886.049985855526756, 540383.665504287928343 ], [ 212890.739925695641432, 540385.065568925230764 ], [ 212894.709875339525752, 540386.215623925090767 ], [ 212898.729827661678428, 540387.175681263674051 ], [ 212902.789783061307389, 540387.925740942242555 ], [ 212906.889741215563845, 540388.485802800161764 ], [ 212911.009702608658699, 540388.835866673034616 ], [ 212915.139667322830064, 540388.975932397996075 ], [ 212919.269635274598841, 540388.91599973780103 ], [ 212919.779632004821906, 540388.86600839626044 ], [ 212920.289629383129068, 540388.776017379248515 ], [ 212927.479601033061044, 540386.976148269837722 ], [ 212930.02958922291873, 540386.446193819050677 ], [ 212932.609573451656615, 540386.14623799873516 ], [ 212935.399552278162446, 540386.076283728936687 ], [ 212937.569536547263851, 540385.976319659966975 ], [ 212939.709524294827133, 540385.676356721669436 ], [ 212941.809515597298741, 540385.176394745241851 ], [ 212943.859510375012178, 540384.486433488200419 ], [ 212945.839508951816242, 540383.59647270955611 ], [ 212947.719511078350479, 540382.536511686630547 ], [ 212949.499516751995543, 540381.306550411507487 ], [ 212951.159525981929619, 540379.916588479303755 ], [ 212952.679538753902307, 540378.376625492936 ], [ 212953.529545070399763, 540377.566645778599195 ], [ 212954.519547675619833, 540376.916667042649351 ], [ 212955.589546730247093, 540376.44668815121986 ], [ 212956.729542309825774, 540376.156708941794932 ], [ 212967.659481955197407, 540374.486899329349399 ], [ 212969.219474987941794, 540374.146927323192358 ], [ 212970.719471410091501, 540373.626955793472007 ], [ 212972.149471310403896, 540372.926984581630677 ], [ 212973.479474759602454, 540372.057013124111108 ], [ 212974.689481756649911, 540371.027041007997468 ], [ 212986.319581879797624, 540359.097325390903279 ], [ 212987.909592963027535, 540357.627362972241826 ], [ 212989.659599853766849, 540356.337401692406274 ], [ 212991.52960254647769, 540355.247440746403299 ], [ 212995.339605594694149, 540353.177519100252539 ], [ 212999.04961251426721, 540350.917597364634275 ], [ 213002.629623387794709, 540348.477674975409172 ], [ 213006.099638054758543, 540345.857752256793901 ], [ 213009.419656674814178, 540343.0678284780588 ], [ 213010.389659927721368, 540342.387849656981416 ], [ 213011.459659790823935, 540341.867871167953126 ], [ 213012.599656341597438, 540341.517892443109304 ], [ 213013.779649497912033, 540341.357912833336741 ], [ 213014.969639336457476, 540341.397931774379686 ], [ 213016.539625977980904, 540341.447956787538715 ], [ 213018.09961625689175, 540341.277983410516754 ], [ 213019.619610258901957, 540340.898011077661067 ], [ 213021.079608297208324, 540340.298039547982626 ], [ 213022.429610292747384, 540339.508067765389569 ], [ 213023.669616242958, 540338.528095736168325 ], [ 213024.749626060569426, 540337.388122400501743 ], [ 213025.659639505174709, 540336.108147444203496 ], [ 213026.379656248202082, 540334.718170298845507 ], [ 213026.899676209315658, 540333.228190718218684 ], [ 213027.199698736745631, 540331.688207981758751 ], [ 213027.289723430731101, 540330.11822208610829 ], [ 213027.149749799631536, 540328.558232387294993 ], [ 213026.789777607657015, 540327.018238966120407 ], [ 213026.219805794069543, 540325.558241500752047 ], [ 213019.920072890876327, 540312.168247382272966 ], [ 213019.170100092684152, 540310.858245795592666 ], [ 213018.24012679012958, 540309.66824032808654 ], [ 213017.140152254403802, 540308.63823081785813 ], [ 213003.17044586391421, 540297.398095221142285 ], [ 213001.800477207405493, 540296.138083192287013 ], [ 213000.580509945808444, 540294.718074882635847 ], [ 212999.560543349594809, 540293.158070940058678 ], [ 212998.730577177921077, 540291.478071036981419 ], [ 212998.120610541664064, 540289.71807533944957 ], [ 212997.730643277900526, 540287.888083769590594 ], [ 212997.580674583325163, 540286.028096326394007 ], [ 212997.650704289640998, 540284.158112522214651 ], [ 212997.960731594153913, 540282.318132362910546 ], [ 213002.901037026138511, 540261.008383995154873 ], [ 213003.111055740911979, 540259.748397545656189 ], [ 213003.151076138252392, 540258.468408502056263 ], [ 213003.03109765474801, 540257.198416791157797 ], [ 213002.761120044859126, 540255.948422489338554 ], [ 213002.321142986329505, 540254.748425032710657 ], [ 212996.311414065363351, 540240.968438751064241 ], [ 212924.353589810110861, 540142.078070536255836 ], [ 212915.773857458058046, 540129.77803073648829 ], [ 212903.82822441868484, 540113.003972497303039 ], [ 212873.957113325013779, 540134.621314873220399 ], [ 212843.823010297841392, 540155.870655957143754 ], [ 212790.830837057728786, 540192.750501136528328 ], [ 212757.4207315837848, 540215.771774907014333 ], [ 212723.796632887097076, 540238.481047720415518 ], [ 212699.088560922740726, 540255.134513629949652 ], [ 212674.505484989233082, 540271.971980081754737 ], [ 212686.343118276301539, 540288.78303621977102 ], [ 212687.093094800657127, 540289.863039654796012 ], [ 212691.37295991712017, 540296.083058811025694 ], [ 212697.632763076428091, 540305.153087046113797 ] ] ], [ [ [ 212897.757511557516409, 540530.744508699746802 ], [ 212885.717585987527855, 540532.094302913057618 ], [ 212829.7881601502595, 540524.253460692707449 ], [ 212827.318185568525223, 540523.903423527837731 ], [ 212822.358234135172097, 540523.353347667725757 ], [ 212817.38828035350889, 540522.953270437894389 ], [ 212812.398324145353399, 540522.713191594346426 ], [ 212807.408365667361068, 540522.613111623912118 ], [ 212802.418404766212916, 540522.663030444527976 ], [ 212797.428441271942575, 540522.87294797564391 ], [ 212792.448475270270137, 540523.232864460675046 ], [ 212787.488506683381274, 540523.742780062602833 ], [ 212782.538535748026334, 540524.392694694222882 ], [ 212777.608562064007856, 540525.202608361258171 ], [ 212772.708585713844514, 540526.162521305144764 ], [ 212767.84860661503626, 540527.272433689562604 ], [ 212763.008625089540146, 540528.5223452700302 ], [ 212758.218640735605732, 540529.922256448073313 ], [ 212753.468653800169704, 540531.462167146499269 ], [ 212750.418660389317665, 540532.562108911224641 ], [ 212740.89878605233389, 540529.501979469438083 ], [ 212749.908488271117676, 540543.448012920329347 ], [ 212739.912497955287108, 540547.788816125015728 ], [ 212730.245493825816084, 540552.820619087666273 ], [ 212720.957475865900051, 540558.519422807497904 ], [ 212594.118128560308833, 540642.658691436052322 ], [ 212693.793895534123294, 540793.137091918615624 ], [ 212837.333248479815666, 541009.262673416174948 ], [ 212840.560143853363115, 541014.130686415359378 ], [ 212862.749975397397066, 541013.570050223381259 ], [ 212880.559840189787792, 541013.120342218782753 ], [ 212880.922833660326432, 541013.344346291269176 ], [ 212881.929825993254781, 541013.320362789090723 ], [ 212932.479440837458242, 541012.131190871819854 ], [ 212988.689018355071312, 541010.452114572981372 ], [ 213115.54805875918828, 541007.044196283910424 ], [ 213134.837910935777472, 541006.644511878374033 ], [ 213123.878263336111559, 540990.294466191669926 ], [ 213078.739735754468711, 540921.654288516612723 ], [ 213169.809982548817061, 540861.426248624222353 ], [ 213169.759984405449359, 540861.336248540552333 ], [ 213171.989990536676487, 540859.856296577956527 ], [ 213180.112014147161972, 540854.38647218036931 ], [ 213170.996309642796405, 540840.638435364933684 ], [ 213085.815070877579274, 540712.16409142955672 ], [ 213077.683047483034898, 540717.625915745506063 ], [ 212990.172809498821152, 540775.554032002808526 ], [ 212926.544872650469188, 540679.54377561819274 ], [ 212923.5719631233369, 540675.42376069095917 ], [ 212977.668111132457852, 540639.556925553944893 ], [ 212975.125199815520318, 540635.33491840667557 ], [ 212956.125817804597318, 540606.54484281281475 ], [ 212984.245894676860189, 540587.905448271310888 ], [ 212992.616922614019131, 540582.04463102389127 ], [ 212984.280097334209131, 540575.369549839524552 ], [ 212975.504266029136488, 540569.283456804347225 ], [ 212966.330427866458194, 540563.817352329846472 ], [ 212956.801582121785032, 540558.99523691937793 ], [ 212946.963728032569634, 540554.841111126006581 ], [ 212936.86286492421641, 540551.37397554051131 ], [ 212939.862996852345532, 540541.742101720883511 ], [ 212938.597013237827923, 540541.355084347305819 ], [ 212919.827284571423661, 540533.864840839407407 ], [ 212897.757511557516409, 540530.744508699746802 ] ] ], [ [ [ 212933.390095726586878, 541156.523041465785354 ], [ 212924.043423241819255, 541140.914015972288325 ], [ 212914.223749776865589, 541125.59898044844158 ], [ 212907.817957466322696, 541115.93695462460164 ], [ 212884.958141296956455, 541115.879584929556586 ], [ 212861.568328452820424, 541115.879206197569147 ], [ 212796.748846801812761, 541115.898156488779932 ], [ 212650.569060488254763, 541174.955313393729739 ], [ 212655.217439477768494, 541272.784599623875692 ], [ 212655.651217398815788, 541286.287497736979276 ], [ 212667.647130689176265, 541285.712696608738042 ], [ 212683.708572801959235, 541621.038251592661254 ], [ 212695.921484502439853, 541620.452454096404836 ], [ 212703.101432519906666, 541620.112573110731319 ], [ 212892.240064982266631, 541611.055709273088723 ], [ 212912.31989727562177, 541611.486031009699218 ], [ 212938.25970889479504, 541610.296460724435747 ], [ 212949.56967357773101, 541606.886671407264657 ], [ 212981.049449279671535, 541605.177195050520822 ], [ 212991.199376939854119, 541604.62736387969926 ], [ 212997.979313276795438, 541605.207469012937509 ], [ 213041.768902030948084, 541608.958148004254326 ], [ 213048.878835240728222, 541609.568258243845776 ], [ 213053.878799107973464, 541609.328341161366552 ], [ 213160.078031529410509, 541604.24010235152673 ], [ 213171.907994666486047, 541600.670322763267905 ], [ 213211.807706756808329, 541598.730984700960107 ], [ 213228.314587185974233, 541597.957258322509006 ], [ 213219.319671530392952, 541411.961612484767102 ], [ 213301.864075115387095, 541408.007981361937709 ], [ 213310.836969338415656, 541595.330616255989298 ], [ 213331.216795364511199, 541596.002940967795439 ], [ 213587.154946219670819, 541583.737186097423546 ], [ 213599.014908678364009, 541580.197406782768667 ], [ 213601.10489357681945, 541580.097441448480822 ], [ 213641.494601868325844, 541578.158111450145952 ], [ 213675.614355149882613, 541576.538677304866724 ], [ 213666.607456778117921, 541389.520038912305608 ], [ 213666.467490943556186, 541387.480053086997941 ], [ 213666.207557330431882, 541383.510080872452818 ], [ 213666.077584123966517, 541381.920091584790498 ], [ 213668.267568391456734, 541381.810127949109301 ], [ 213670.15755683608586, 541381.590160340652801 ], [ 213672.037547308718786, 541381.250193536398001 ], [ 213700.077428002638044, 541374.770700024091639 ], [ 213701.54742061815341, 541374.500726013211533 ], [ 213703.017411778593669, 541374.3207512779627 ], [ 213704.507401317183394, 541374.230776144075207 ], [ 213705.997389562835451, 541374.220800363575108 ], [ 213707.487376186298206, 541374.310823776759207 ], [ 213708.967361433256883, 541374.490846302825958 ], [ 213710.197348842630163, 541374.660864860401489 ], [ 213712.66732552179019, 541374.880903100478463 ], [ 213715.147304393816739, 541374.960942633100785 ], [ 213717.637285611621337, 541374.890983536140993 ], [ 213720.107269421452656, 541374.671025325078517 ], [ 213722.567255576548632, 541374.311068080831319 ], [ 213724.997244401660282, 541373.801111557637341 ], [ 213727.397235575539526, 541373.161155599169433 ], [ 213729.757229497859953, 541372.371200199471787 ], [ 213732.057226166274631, 541371.441244955873117 ], [ 213734.307225340220612, 541370.381289949757047 ], [ 213736.487227343779523, 541369.181334940250963 ], [ 213738.587231929850532, 541367.861379599897191 ], [ 213749.917275442829123, 541359.581629888154566 ], [ 213751.427279566036304, 541358.581662409123965 ], [ 213752.477280725433957, 541357.991684175794944 ], [ 213753.557280510663986, 541357.471705863834359 ], [ 213754.667279087530915, 541357.011727552977391 ], [ 213755.807276286795968, 541356.621749165700749 ], [ 213756.967272355686873, 541356.291770618059672 ], [ 213758.137267044250621, 541356.041791588184424 ], [ 213759.327260442805709, 541355.861812318093143 ], [ 213760.527252467873041, 541355.761832565884106 ], [ 213761.727243519388139, 541355.721852328977548 ], [ 213762.93723319293349, 541355.761871608556248 ], [ 213764.127222055627499, 541355.861890082713217 ], [ 213797.38689077438903, 541359.892396447015926 ], [ 213798.426880674844142, 541360.002412407426164 ], [ 213800.51686136983335, 541360.162444978603162 ], [ 213802.60684384603519, 541360.212478436762467 ], [ 213804.696827781532193, 541360.172512619290501 ], [ 213806.786813493905356, 541360.02254768810235 ], [ 213808.866800747899106, 541359.782583321328275 ], [ 213810.936789702711394, 541359.442619597306475 ], [ 213812.976780352095375, 541359.012656113947742 ], [ 213815.006772863795049, 541358.472693356219679 ], [ 213817.006766914069885, 541357.852730754413642 ], [ 213818.966762903553899, 541357.132768310257234 ], [ 213820.896760752482805, 541356.312806189642288 ], [ 213822.786760218412383, 541355.412844060454518 ], [ 213823.986759207822615, 541354.882867772947066 ], [ 213825.056756481091725, 541354.522888012812473 ], [ 213826.146751975087682, 541354.262907765572891 ], [ 213827.256745690829121, 541354.102927037747577 ], [ 213826.596993800252676, 541339.113037147908472 ], [ 213826.577002222649753, 541338.603040934889577 ], [ 213826.097294085484464, 541320.823176444973797 ], [ 213826.00731148943305, 541319.793183286557905 ], [ 213825.807329448871315, 541318.783188185188919 ], [ 213825.50734788592672, 541317.793191303149797 ], [ 213825.107366796466522, 541316.823192640324123 ], [ 213824.607385700423038, 541315.903191953431815 ], [ 213823.857408705749549, 541314.85318826592993 ], [ 213811.07777041773079, 541298.833110316772945 ], [ 213796.388112408661982, 541284.972984020132571 ], [ 213791.698360173206311, 541271.993012640508823 ], [ 213794.838650936260819, 541252.493220651289448 ], [ 213798.008724884042749, 541246.363321405253373 ], [ 213811.608794966276037, 541235.323630691622384 ], [ 213832.018889808212407, 541219.394089708570391 ], [ 213840.328936589299701, 541212.404280657763593 ], [ 213847.308973274601158, 541206.694439747021534 ], [ 213861.569037440815009, 541195.69475939986296 ], [ 213865.109054490982089, 541192.894839310320094 ], [ 213866.25906100787688, 541191.924865757231601 ], [ 213867.339068572124233, 541190.92489131167531 ], [ 213866.419327979296213, 541175.365001779049635 ], [ 213866.869347382860724, 541173.945020510815084 ], [ 213868.699401757388841, 541169.685084479860961 ], [ 213864.549485319614178, 541166.575042306445539 ], [ 213859.279595001920825, 541162.404990531271324 ], [ 213851.619755867519416, 541156.25491598888766 ], [ 213840.559992349764798, 541147.114810459548607 ], [ 213837.789954564359505, 541150.814735771971755 ], [ 213828.030145177588565, 541143.864633658784442 ], [ 213831.120191095775226, 541139.504718845710158 ], [ 213811.670595246803714, 541124.154527439386584 ], [ 213798.710854366829153, 541114.554394841310568 ], [ 213782.521179319242947, 541102.484229822526686 ], [ 213770.931409339536913, 541094.004110400564969 ], [ 213761.151604482874973, 541086.784010146744549 ], [ 213755.95170954905916, 541082.863957497756928 ], [ 213747.131888267875183, 541076.183868445106782 ], [ 213742.881968894711463, 541073.303822805406526 ], [ 213729.782235929276794, 541063.283691336051561 ], [ 213709.972638565610396, 541048.203491947380826 ], [ 213703.682780368690146, 541042.553435583715327 ], [ 213690.793085884710308, 541030.053327505826019 ], [ 213686.503181570558809, 541026.263288553571329 ], [ 213679.803325678309193, 541020.673225066740997 ], [ 213679.343333567201626, 541020.413219710462727 ], [ 213669.643456796213286, 541017.593085311818868 ], [ 213668.623468513134867, 541017.3730705648195 ], [ 213665.783497537573567, 541016.983027703594416 ], [ 213662.563530086452374, 541016.562978930654936 ], [ 213659.783556685812073, 541016.292936075362377 ], [ 213657.803575107711367, 541016.132905294303782 ], [ 213656.053589587419992, 541016.102877188241109 ], [ 213654.223603895894485, 541016.122847384540364 ], [ 213651.203627394861542, 541016.162798147532158 ], [ 213463.084892775979824, 541030.909632315277122 ], [ 213463.274845913227182, 541033.709612826816738 ], [ 213460.174863090069266, 541034.179558832081966 ], [ 213417.91514566456317, 541037.598846823326312 ], [ 213398.965210092894267, 541042.978496550116688 ], [ 213372.765300604049116, 541050.328012987971306 ], [ 213360.2253455122991, 541053.747782330610789 ], [ 213344.145402055000886, 541058.197486039018258 ], [ 213316.295564884814667, 541061.897005175705999 ], [ 213296.69568197632907, 541064.346668002428487 ], [ 213295.705674509285018, 541065.296644314192235 ], [ 213285.566744594689226, 541065.9764746313449 ], [ 213290.393045445438474, 541168.517726272344589 ], [ 213135.538164256257005, 541175.925158616504632 ], [ 213135.015388370346045, 541162.34325964585878 ], [ 213134.16568501747679, 541144.443390188855119 ], [ 213132.946105905721197, 541119.053575118305162 ], [ 213117.98621392500354, 541119.773327049566433 ], [ 213103.016322188195772, 541120.483078902238049 ], [ 213093.025393842486665, 541120.993912990787067 ], [ 213093.406262084754417, 541128.942855073488317 ], [ 213063.36647893069312, 541130.392356921569444 ], [ 213064.765981161792297, 541160.442137320525944 ], [ 213094.845764309051447, 541158.97263628942892 ], [ 213094.975721167458687, 541161.572617432451807 ], [ 213095.616441302467138, 541178.539491020608693 ], [ 213083.646507971396204, 541180.336282687261701 ], [ 213071.782564047636697, 541182.735071219038218 ], [ 213060.054609416838503, 541185.727857162477449 ], [ 213048.492643938778201, 541189.308641056879424 ], [ 213037.125667541666189, 541193.467423447174951 ], [ 212965.870782200508984, 541221.596042747143656 ], [ 212958.502110494708177, 541204.962057544849813 ], [ 212950.627439046860673, 541188.562062263605185 ], [ 212942.253767575661186, 541172.410056901630014 ], [ 212933.390095726586878, 541156.523041465785354 ] ], [ [ 213401.750241131696384, 541163.183572859503329 ], [ 213405.162216089986032, 541163.04462924413383 ], [ 213406.252987549698446, 541176.617537512793206 ], [ 213406.432941250968724, 541179.387518101371825 ], [ 213406.602940052340273, 541179.377520934445783 ], [ 213409.451944572909269, 541239.43708297831472 ], [ 213409.341945290507283, 541239.447081117541529 ], [ 213412.001027099468047, 541294.826677783275954 ], [ 213363.44137782274629, 541297.155872456962243 ], [ 213363.431379847344942, 541297.035873261047527 ], [ 213306.901789489056682, 541299.664936443092301 ], [ 213296.699862654175377, 541300.186766996746883 ], [ 213290.393045445438474, 541168.517726272344589 ], [ 213401.750241131696384, 541163.183572859503329 ] ], [ [ 212973.493416260840604, 541240.429014328401536 ], [ 212980.467051465064287, 541259.511973385233432 ], [ 212986.784688235231442, 541278.821919987793081 ], [ 212992.438327015435789, 541298.335854189819656 ], [ 212997.420968196471222, 541318.032776050036773 ], [ 213001.727612207352649, 541337.888685675337911 ], [ 213005.351259494433179, 541357.879583152360283 ], [ 213008.29091042347136, 541377.983468639664352 ], [ 212988.253055301320273, 541378.939136416534893 ], [ 212968.273199006333016, 541379.938804781995714 ], [ 212960.263256634847494, 541380.338671838166192 ], [ 212960.502174161374569, 541385.313635586178862 ], [ 212860.0868999134982, 541390.12397062650416 ], [ 212859.823980823071906, 541385.257005621795543 ], [ 212854.845726464845939, 541279.907774640945718 ], [ 212853.969962401519297, 541265.76887448085472 ], [ 212965.870782200508984, 541221.596042747143656 ], [ 212973.493416260840604, 541240.429014328401536 ] ] ], [ [ [ 211749.22304680274101, 541374.54911199118942 ], [ 211747.84291852262686, 541383.159020150778815 ], [ 211746.152793536399258, 541391.718923696549609 ], [ 211744.162671921134461, 541400.218822868540883 ], [ 211741.872554004774429, 541408.63871783146169 ], [ 211739.292439868062502, 541416.968608826049604 ], [ 211737.85238472893252, 541421.088552258443087 ], [ 211735.682284138456453, 541428.378458283259533 ], [ 211733.72217571613146, 541436.048364639747888 ], [ 211732.072063513100147, 541443.798275366076268 ], [ 211730.73194802281796, 541451.598190706921741 ], [ 211729.701829234458273, 541459.448110659373924 ], [ 211728.981707476224983, 541467.328035387559794 ], [ 211728.581582672632067, 541475.237965050968342 ], [ 211728.501455300254747, 541483.147899892763235 ], [ 211728.73132528498536, 541491.067839671624824 ], [ 211730.02088980510598, 541517.337648452492431 ], [ 211731.350442670722259, 541544.307452222215943 ], [ 211736.848582240141695, 541656.536635035881773 ], [ 211740.428361924539786, 541668.376597375259735 ], [ 211741.418028837419115, 541688.466451169457287 ], [ 211751.737818279420026, 541696.366554423002526 ], [ 211810.557554442231776, 541683.547610064269975 ], [ 211822.98344966120203, 541683.869808605406433 ], [ 211883.031180410209345, 541670.779886336880736 ], [ 211908.679065425443696, 541665.188346670242026 ], [ 211946.843877015140606, 541657.938023029011674 ], [ 211966.933753548684763, 541655.622366947936825 ], [ 211966.929753371427068, 541655.635366778587922 ], [ 211982.866654742188985, 541653.84063926350791 ], [ 212019.116402692452539, 541651.471245231688954 ], [ 212021.336387498129625, 541651.311282461625524 ], [ 212038.006266898941249, 541650.511558786965907 ], [ 212053.186156948009739, 541649.791810345952399 ], [ 212065.026119884190848, 541646.222030844073743 ], [ 212104.765832451288588, 541644.312689619604498 ], [ 212113.255764120433014, 541644.332826903555542 ], [ 212163.895356042165076, 541644.483645535074174 ], [ 212173.815284351265291, 541644.00381001282949 ], [ 212224.644916375575121, 541641.584652487537824 ], [ 212236.704804882436292, 541642.504840316600166 ], [ 212362.55389484736952, 541636.456926765735261 ], [ 212380.983761165669421, 541635.597232113359496 ], [ 212392.823724139889237, 541632.027452632784843 ], [ 212435.063419696234632, 541629.938153438386507 ], [ 212455.416243085579481, 541630.779476207215339 ], [ 212448.813527936406899, 541492.918481751927175 ], [ 212439.411780667694984, 541296.644913088646717 ], [ 212432.990002014208585, 541162.59689046535641 ], [ 212432.498172437102767, 541152.31196546566207 ], [ 212419.101269638107624, 541152.931743582943454 ], [ 212340.191839800740127, 541156.730435507139191 ], [ 212338.221853950817604, 541156.830402810010128 ], [ 212334.301887114532292, 541156.720340240048245 ], [ 212330.391925211471971, 541156.300280334195122 ], [ 212326.531967929156963, 541155.570223736111075 ], [ 212322.742015102965524, 541154.53017077583354 ], [ 212319.042066252179211, 541153.200121609261259 ], [ 212315.462120807525935, 541151.600076563889161 ], [ 212313.742149954487104, 541150.650056383688934 ], [ 212196.924120042996947, 541086.708681230433285 ], [ 212194.014058369910344, 541091.958591773291118 ], [ 212147.32439655563212, 541094.157818288425915 ], [ 212127.474540425086161, 541095.087489492841996 ], [ 212108.506677137513179, 541096.023174927104264 ], [ 212115.498258082108805, 541242.0291100544855 ], [ 212116.986679889756488, 541277.015851837350056 ], [ 212118.100104464479955, 541312.016587424091995 ], [ 212277.279952988697914, 541304.411225614952855 ], [ 212278.129729165695608, 541317.818131198873743 ], [ 212283.397907993639819, 541427.717329711536877 ], [ 212283.639824420737568, 541432.760292934952304 ], [ 212173.950617209018674, 541438.048474479001015 ], [ 212173.708700776041951, 541433.005511261406355 ], [ 212163.718773012631573, 541433.485345661290921 ], [ 212143.738917488284642, 541434.445014471071772 ], [ 212106.289188607683172, 541436.224393861950375 ], [ 212091.309296281455318, 541436.984145232709125 ], [ 212076.319405330956215, 541437.66389708861243 ], [ 212076.561321767803747, 541442.70686030422803 ], [ 211980.936013479426038, 541447.290275359409861 ], [ 211980.900095469114603, 541442.242315524024889 ], [ 211977.141391574259615, 541364.022886005695909 ], [ 211945.611619832983706, 541365.522363545373082 ], [ 211944.102144161792239, 541333.872594556189142 ], [ 211943.243369205651106, 541320.392689449712634 ], [ 211750.18876552124857, 541329.659489982994273 ], [ 211751.313380582287209, 541352.88932066981215 ], [ 211751.073312756983796, 541357.199281992274337 ], [ 211750.303178295464022, 541365.889199381344952 ], [ 211749.22304680274101, 541374.54911199118942 ] ] ] ] } },
{ "type": "Feature", "properties": { "landuse_category": "일반상업지역", "signgu_code": "41130", "source_layer": "용도지역2", "area_name": "wirye_plan_area", "source_version": "2024_01_original", "area_sqm": 137471.42361125172, "area_ha": 13.747142361125173 }, "geometry": { "type": "MultiPolygon", "coordinates": [ [ [ [ 212451.489750910084695, 540427.539116899715737 ], [ 212411.795620297110872, 540455.230251271277666 ], [ 212387.678548230935121, 540471.604728959966451 ], [ 212363.154489427717635, 540487.361205041524954 ], [ 212338.239443893398857, 540502.491679841536097 ], [ 212312.948411666991888, 540516.986153681296855 ], [ 212287.298392774624517, 540530.834626916912384 ], [ 212263.336381438566605, 540543.38213796063792 ], [ 212306.801802412315737, 540619.469227951369248 ], [ 212316.093806697666878, 540614.610417513060383 ], [ 212413.855636325548403, 540762.176810015458614 ], [ 212594.118128560308833, 540642.658691436052322 ], [ 212451.489750910084695, 540427.539116899715737 ] ] ], [ [ [ 212693.793895534123294, 540793.137091918615624 ], [ 212678.384852214367129, 540803.428759497357532 ], [ 212615.454680546274176, 540845.13740448106546 ], [ 212613.904676277947146, 540846.167371085146442 ], [ 212610.724670640775003, 540848.087304125772789 ], [ 212607.464667751191882, 540849.87723691877909 ], [ 212604.134667525650002, 540851.537169627961703 ], [ 212600.734670126403216, 540853.057102332357317 ], [ 212597.28467555399402, 540854.427035436965525 ], [ 212593.774683568015462, 540855.666968620498665 ], [ 212590.214694568945561, 540856.746902281302027 ], [ 212586.614708158769645, 540857.686836426029913 ], [ 212582.984724416484823, 540858.476771292509511 ], [ 212579.314743420196464, 540859.116706720669754 ], [ 212575.624765014799777, 540859.606643036124296 ], [ 212571.924789278797107, 540859.936580481939018 ], [ 212570.064802705455804, 540860.026549646398053 ], [ 212568.454813967691734, 540860.126522775623016 ], [ 212568.234815566480393, 540860.1365191367222 ], [ 212548.91495591198327, 540861.016199289122596 ], [ 212542.954998908156995, 540861.306100471992977 ], [ 212539.000027427973691, 540861.499034891952761 ], [ 212546.741314169630641, 541025.293839399586432 ], [ 212550.752280598710058, 541025.384903598809615 ], [ 212556.762230395921506, 541025.514999845530838 ], [ 212556.772227081179153, 541025.714998395531438 ], [ 212558.47221606320818, 541025.555027206079103 ], [ 212623.24167523990036, 541026.946064573014155 ], [ 212795.3805680059304, 541010.258986119413748 ], [ 212815.150417431956157, 541009.789310003165156 ], [ 212837.333248479815666, 541009.262673416174948 ], [ 212693.793895534123294, 540793.137091918615624 ] ] ], [ [ [ 212667.647130689176265, 541285.712696608738042 ], [ 212655.651217398815788, 541286.287497736979276 ], [ 212559.271914115059189, 541290.903899993048981 ], [ 212575.360355779586826, 541626.260454900679179 ], [ 212579.562325367471203, 541626.060524557018653 ], [ 212585.552282101707533, 541625.77062389603816 ], [ 212671.951657803991111, 541621.602056650910527 ], [ 212683.708572801959235, 541621.038251592661254 ], [ 212667.647130689176265, 541285.712696608738042 ] ] ] ] } },
{ "type": "Feature", "properties": { "landuse_category": "제2종일반주거지역", "signgu_code": "41130", "source_layer": "용도지역2", "area_name": "wirye_plan_area", "source_version": "2024_01_original", "area_sqm": 1468.4804855333184, "area_ha": 0.14684804855333183 }, "geometry": { "type": "MultiPolygon", "coordinates": [ [ [ [ 211223.116303467366379, 541001.114613340469077 ], [ 211233.635239564668154, 540999.855793682509102 ], [ 211250.603136472956976, 540997.826084581087343 ], [ 211270.253044085460715, 540993.806434937403537 ], [ 211288.220966714521637, 540989.691758850822225 ], [ 211312.342862859397428, 540984.167193709057756 ], [ 211346.842736304242862, 540974.907826624228619 ], [ 211368.624723437911598, 540964.91825967177283 ], [ 211368.952723236317979, 540964.768266190192662 ], [ 211376.092724444606574, 540961.158410846721381 ], [ 211377.046726252447115, 540960.574430995737202 ], [ 211386.738744616042823, 540954.640635699382983 ], [ 211391.312753276841249, 540951.840732305077836 ], [ 211400.688270983169787, 540946.101294983876869 ], [ 211218.544227808713913, 541001.662151869386435 ], [ 211223.116303467366379, 541001.114613340469077 ] ] ], [ [ [ 211547.863349049846875, 540899.327689074445516 ], [ 211562.098368961102096, 540891.050986191723496 ], [ 211581.762397040671203, 540879.582396911922842 ], [ 211582.171850401005941, 540879.331591009278782 ], [ 211532.205784456600668, 540905.977189547382295 ], [ 211547.863349049846875, 540899.327689074445516 ] ] ] ] } },
{ "type": "Feature", "properties": { "landuse_category": "자연녹지지역", "signgu_code": "41130", "source_layer": "용도지역2", "area_name": "wirye_plan_area", "source_version": "2024_01_original", "area_sqm": 666.84380753845733, "area_ha": 0.066684380753845737 }, "geometry": { "type": "MultiPolygon", "coordinates": [ [ [ [ 212985.985850846773246, 540033.725940833217464 ], [ 212987.995789094915381, 540036.54895062954165 ], [ 212999.814425959979417, 540053.150008231634274 ], [ 213013.054245697567239, 540057.750185489305295 ], [ 213019.275160956516629, 540059.914268756983802 ], [ 213026.254065900371643, 540062.341362175298855 ], [ 213042.923838818882359, 540068.140585300745443 ], [ 213069.251913263986353, 540080.277606873190962 ], [ 212982.18376224237727, 540028.384889755980112 ], [ 212985.985850846773246, 540033.725940833217464 ] ] ], [ [ [ 213635.090889086044626, 540575.71608519856818 ], [ 213652.151528591057286, 540571.245914488332346 ], [ 213566.249760386999696, 540580.796730459434912 ], [ 213635.090889086044626, 540575.71608519856818 ] ] ] ] } },
{ "type": "Feature", "properties": { "landuse_category": "근린상업지역", "signgu_code": "41130", "source_layer": "용도지역2", "area_name": "wirye_plan_area", "source_version": "2024_01_original", "area_sqm": 41475.703210869528, "area_ha": 4.1475703210869526 }, "geometry": { "type": "MultiPolygon", "coordinates": [ [ [ [ 212263.336485441570403, 540543.382208762923256 ], [ 212000.73638610355556, 540680.890888321446255 ], [ 212041.217780395119917, 540758.320911597693339 ], [ 212083.754787120939, 540736.08178912254516 ], [ 212083.782802273868583, 540736.066775049781427 ], [ 212282.220881443732651, 540632.320823178859428 ], [ 212306.8018863942998, 540619.469334885361604 ], [ 212263.336485441570403, 540543.382208762923256 ] ] ], [ [ [ 213293.862242202972993, 541594.859471060801297 ], [ 213310.92703802511096, 541595.416688798461109 ], [ 213301.949188428552588, 541407.994104434736073 ], [ 213219.404801933182171, 541411.947691612527706 ], [ 213228.316695340909064, 541598.001328315585852 ], [ 213236.92759503054549, 541597.588507258682512 ], [ 213263.039405849121977, 541596.336926162941381 ], [ 213293.862242202972993, 541594.859471060801297 ] ] ] ] } },
{ "type": "Feature", "properties": { "landuse_category": "제1종일반주거지역", "signgu_code": "41130", "source_layer": "용도지역2", "area_name": "wirye_plan_area", "source_version": "2024_01_original", "area_sqm": 95367.686850443846, "area_ha": 9.5367686850443842 }, "geometry": { "type": "MultiPolygon", "coordinates": [ [ [ [ 213285.566744594689226, 541065.9764746313449 ], [ 213275.725813751632813, 541066.566310500144027 ], [ 213260.595923110551666, 541067.286059665610082 ], [ 213245.896029191819252, 541067.995815880945884 ], [ 213231.186135518772062, 541068.695572013966739 ], [ 213216.486241605423857, 541069.405328232096508 ], [ 213201.776347933278885, 541070.105084365233779 ], [ 213187.066454100800911, 541070.814840425504372 ], [ 213172.366560352762463, 541071.514596725697629 ], [ 213157.656666688155383, 541072.214352867333218 ], [ 213142.956772782607004, 541072.924109092564322 ], [ 213128.246879117214121, 541073.623865236993879 ], [ 213113.536985295591876, 541074.333621303550899 ], [ 213098.837091554625658, 541075.033377612940967 ], [ 213099.696793543436797, 541093.013246591901407 ], [ 213091.706851150491275, 541093.403114060754888 ], [ 213093.025393842486665, 541120.993912990787067 ], [ 213103.016322188195772, 541120.483078902238049 ], [ 213117.98621392500354, 541119.773327049566433 ], [ 213132.946105905721197, 541119.053575118305162 ], [ 213134.16568501747679, 541144.443390188855119 ], [ 213135.015388370346045, 541162.34325964585878 ], [ 213135.538164256257005, 541175.925158616504632 ], [ 213290.393045445438474, 541168.517726272344589 ], [ 213285.566744594689226, 541065.9764746313449 ] ] ], [ [ [ 212155.625820014160126, 541002.098695316468365 ], [ 212156.485783998621628, 541003.898694714996964 ], [ 212157.485748156352201, 541005.618697025231086 ], [ 212158.62571232864866, 541007.268702166737057 ], [ 212159.885677318379749, 541008.808710138313472 ], [ 212161.27564288652502, 541010.248721018666402 ], [ 212161.63563482509926, 541010.568724264507182 ], [ 212162.765609593741829, 541011.5687344847247 ], [ 212164.365577365329955, 541012.768750703660771 ], [ 212166.055546520743519, 541013.838769424008206 ], [ 212167.815517381881364, 541014.768790410482325 ], [ 212169.655489864991978, 541015.558813818963245 ], [ 212171.545464540744433, 541016.188839328475296 ], [ 212173.485441081633326, 541016.678866776404902 ], [ 212175.45542013188242, 541016.998896078788675 ], [ 212176.595408577559283, 541017.148913321900181 ], [ 212177.285402405366767, 541017.188924166373909 ], [ 212179.175385496026138, 541017.298953870660625 ], [ 212183.115352985128993, 541017.359017158974893 ], [ 212185.415332793374546, 541017.469053498934954 ], [ 212191.615282030252274, 541017.539153285790235 ], [ 212198.845221562922234, 541017.699269021512009 ], [ 212272.444606837059837, 541019.280447588302195 ], [ 212342.814018161472632, 541020.851573995896615 ], [ 212379.894707964907866, 541021.680167558137327 ], [ 212374.184683277038857, 540902.462036631070077 ], [ 212379.13564752205275, 540902.223118698224425 ], [ 212378.295945089135785, 540884.253250023815781 ], [ 212377.596193136501824, 540869.273359501734376 ], [ 212376.746491262252675, 540851.27349090075586 ], [ 212371.743527480371995, 540851.509408018901013 ], [ 212368.881517356581753, 540791.762843486969359 ], [ 212368.235635120188817, 540784.805889133131132 ], [ 212366.968756441463483, 540777.935924023855478 ], [ 212365.092880372016225, 540771.205947928130627 ], [ 212362.622005907585844, 540764.670960631221533 ], [ 212359.576132046291605, 540758.382962034316733 ], [ 212355.980257763148984, 540752.392952132271603 ], [ 212318.136484307906358, 540695.314799856045283 ], [ 212313.969472999247955, 540698.073710166965611 ], [ 212300.649436850799248, 540706.893423464847729 ], [ 212287.299400458548917, 540715.743136031553149 ], [ 212282.290386796026723, 540719.064028183114715 ], [ 212257.9071770364244, 540682.288930087466724 ], [ 212300.678196688153548, 540659.926802635542117 ], [ 212297.920286126201972, 540655.763791567413136 ], [ 212287.890610250586178, 540640.69375074992422 ], [ 212282.302790847199503, 540632.296728018904105 ], [ 212083.902699963073246, 540736.023680658545345 ], [ 212088.530518808576744, 540744.929683723254129 ], [ 212096.840193553798599, 540760.919689243193716 ], [ 212101.305195570836077, 540758.586780317826197 ], [ 212122.087385964870919, 540798.33879604539834 ], [ 212128.162138087762287, 540810.651795050594956 ], [ 212133.653890473797219, 540823.236782427760772 ], [ 212138.548643707705196, 540836.06475818308536 ], [ 212142.838398300809786, 540849.107722411165014 ], [ 212146.511154802748933, 540862.337675144663081 ], [ 212141.428191572485957, 540862.579590926878154 ], [ 212142.858084485051222, 540868.489566399017349 ], [ 212144.177977791521698, 540874.429539852542803 ], [ 212145.37787206179928, 540880.369511360768229 ], [ 212147.837611247668974, 540895.269430989283137 ], [ 212148.407534343976295, 540899.739404159132391 ], [ 212148.907457842869917, 540904.219376115361229 ], [ 212149.317381898086751, 540908.709346533636563 ], [ 212149.657306514389347, 540913.199315816862509 ], [ 212154.757269577763509, 540912.959400296444073 ], [ 212158.596941317373421, 540993.133815723820589 ], [ 212158.881897944724187, 540995.67279985465575 ], [ 212159.48885290310136, 540998.15578964818269 ], [ 212160.406806956627406, 541000.540785268531181 ], [ 212155.025850224832539, 541000.528698270209134 ], [ 212155.625820014160126, 541002.098695316468365 ] ] ] ] } },
{ "type": "Feature", "properties": { "landuse_category": "제1종전용주거지역", "signgu_code": "41130", "source_layer": "용도지역2", "area_name": "wirye_plan_area", "source_version": "2024_01_original", "area_sqm": 70858.470188874839, "area_ha": 7.0858470188874838 }, "geometry": { "type": "Polygon", "coordinates": [ [ [ 213313.775699453079142, 540746.050509619759396 ], [ 213090.547934737842297, 540409.378607661812566 ], [ 212942.047528564842651, 540507.81541046674829 ], [ 212940.094521906517912, 540509.191367763094604 ], [ 212947.037306883605197, 540519.045400757458992 ], [ 212942.917125674168346, 540532.275227449950762 ], [ 212939.862996852345532, 540541.742101720883511 ], [ 212936.86286492421641, 540551.37397554051131 ], [ 212946.963728032569634, 540554.841111126006581 ], [ 212956.801582121785032, 540558.99523691937793 ], [ 212966.330427866458194, 540563.817352329846472 ], [ 212975.504266029136488, 540569.283456804347225 ], [ 212984.280097334209131, 540575.369549839524552 ], [ 212992.616922614019131, 540582.04463102389127 ], [ 213000.472742707235739, 540589.277699925820343 ], [ 213007.813558418274624, 540597.035756258526817 ], [ 213014.601370685530128, 540605.279799721436575 ], [ 213020.806180359009886, 540613.971830137772486 ], [ 213085.815070877579274, 540712.16409142955672 ], [ 213170.996309642796405, 540840.638435364933684 ], [ 213313.775699453079142, 540746.050509619759396 ] ] ] } },
{ "type": "Feature", "properties": { "landuse_category": "제2종일반주거지역", "signgu_code": "41130", "source_layer": "용도지역2", "area_name": "wirye_plan_area", "source_version": "2024_01_original", "area_sqm": 174958.09762016751, "area_ha": 17.495809762016751 }, "geometry": { "type": "MultiPolygon", "coordinates": [ [ [ [ 211974.765141199226491, 541318.882211861899123 ], [ 211975.621916152478661, 541332.363116930006072 ], [ 211977.141391574259615, 541364.022886005695909 ], [ 211980.900095469114603, 541442.242315524024889 ], [ 211980.936013479426038, 541447.290275359409861 ], [ 212076.561321767803747, 541442.70686030422803 ], [ 212076.319405330956215, 541437.66389708861243 ], [ 212091.309296281455318, 541436.984145232709125 ], [ 212106.289188607683172, 541436.224393861950375 ], [ 212143.738917488284642, 541434.445014471071772 ], [ 212163.718773012631573, 541433.485345661290921 ], [ 212173.708700776041951, 541433.005511261406355 ], [ 212173.950617209018674, 541438.048474479001015 ], [ 212283.639824420737568, 541432.760292934952304 ], [ 212283.397907993639819, 541427.717329711536877 ], [ 212278.129729165695608, 541317.818131198873743 ], [ 212277.279952988697914, 541304.411225614952855 ], [ 212118.100104464479955, 541312.016587424091995 ], [ 211974.765141199226491, 541318.882211861899123 ] ] ], [ [ [ 212853.969962401519297, 541265.76887448085472 ], [ 212854.845726464845939, 541279.907774640945718 ], [ 212859.823980823071906, 541385.257005621795543 ], [ 212860.0868999134982, 541390.12397062650416 ], [ 212960.502174161374569, 541385.313635586178862 ], [ 212960.263256634847494, 541380.338671838166192 ], [ 212968.273199006333016, 541379.938804781995714 ], [ 212988.253055301320273, 541378.939136416534893 ], [ 213008.29091042347136, 541377.983468639664352 ], [ 213005.351259494433179, 541357.879583152360283 ], [ 213001.727612207352649, 541337.888685675337911 ], [ 212997.420968196471222, 541318.032776050036773 ], [ 212992.438327015435789, 541298.335854189819656 ], [ 212986.784688235231442, 541278.821919987793081 ], [ 212980.467051465064287, 541259.511973385233432 ], [ 212973.493416260840604, 541240.429014328401536 ], [ 212965.870782200508984, 541221.596042747143656 ], [ 212853.969962401519297, 541265.76887448085472 ] ] ], [ [ [ 213296.699862654175377, 541300.186766996746883 ], [ 213306.901789489056682, 541299.664936443092301 ], [ 213363.431379847344942, 541297.035873261047527 ], [ 213363.44137782274629, 541297.155872456962243 ], [ 213412.001027099468047, 541294.826677783275954 ], [ 213409.341945290507283, 541239.447081117541529 ], [ 213409.451944572909269, 541239.43708297831472 ], [ 213406.602940052340273, 541179.377520934445783 ], [ 213406.432941250968724, 541179.387518101371825 ], [ 213406.252987549698446, 541176.617537512793206 ], [ 213405.162216089986032, 541163.04462924413383 ], [ 213401.750241131696384, 541163.183572859503329 ], [ 213290.393045445438474, 541168.517726272344589 ], [ 213296.699862654175377, 541300.186766996746883 ] ] ], [ [ [ 213020.806180359009886, 540613.971830137772486 ], [ 213014.601370685530128, 540605.279799721436575 ], [ 213007.813558418274624, 540597.035756258526817 ], [ 213000.472742707235739, 540589.277699925820343 ], [ 212992.616922614019131, 540582.04463102389127 ], [ 212984.245894676860189, 540587.905448271310888 ], [ 212956.125817804597318, 540606.54484281281475 ], [ 212975.125199815520318, 540635.33491840667557 ], [ 212977.668111132457852, 540639.556925553944893 ], [ 212923.5719631233369, 540675.42376069095917 ], [ 212926.544872650469188, 540679.54377561819274 ], [ 212990.172809498821152, 540775.554032002808526 ], [ 213077.683047483034898, 540717.625915745506063 ], [ 213085.815070877579274, 540712.16409142955672 ], [ 213020.806180359009886, 540613.971830137772486 ] ] ], [ [ [ 213180.112014147161972, 540854.38647218036931 ], [ 213171.989990536676487, 540859.856296577956527 ], [ 213169.759984405449359, 540861.336248540552333 ], [ 213169.809982548817061, 540861.426248624222353 ], [ 213078.739735754468711, 540921.654288516612723 ], [ 213123.878263336111559, 540990.294466191669926 ], [ 213134.837910935777472, 541006.644511878374033 ], [ 213207.097364044049755, 541004.725697514251806 ], [ 213206.887771823210642, 540979.645896262372844 ], [ 213235.557850495679304, 540960.626513840514235 ], [ 213237.867855823511491, 540959.156563096679747 ], [ 213246.06787592972978, 540953.864738537115045 ], [ 213255.361574629001552, 540967.881776074995287 ], [ 213260.165412238915451, 540975.537792166927829 ], [ 213264.57824923429871, 540983.424800066510215 ], [ 213268.590086019976297, 540991.522799770580605 ], [ 213277.78708510263823, 540987.036984866252169 ], [ 213326.977084056852618, 540962.807976759038866 ], [ 213310.167770663945703, 540928.707979339291342 ], [ 213311.967770679621026, 540927.818015664466657 ], [ 213357.007781798456563, 540904.888929846114479 ], [ 213358.877781094925012, 540904.008967222878709 ], [ 213360.787778127472848, 540903.24900427996181 ], [ 213362.747772980597802, 540902.599041258567013 ], [ 213364.74776540781022, 540902.079077838920057 ], [ 213366.767755730921635, 540901.67911377735436 ], [ 213405.707552037405549, 540895.029797987197526 ], [ 213413.547511045908323, 540893.689935753820464 ], [ 213491.327103691466618, 540880.441302181920037 ], [ 213495.267083036917029, 540879.771371391601861 ], [ 213545.186820588016417, 540871.332247884944081 ], [ 213547.666808047768427, 540870.882291677291505 ], [ 213550.136797852319432, 540870.292336432961747 ], [ 213552.57678984242375, 540869.58238167129457 ], [ 213554.946785469655879, 540868.682427308754995 ], [ 213557.246784086280968, 540867.632473018718883 ], [ 213559.486785122368019, 540866.462518724030815 ], [ 213561.666788260772591, 540865.192564263474196 ], [ 213563.806793175259372, 540863.832609880017117 ], [ 213565.86680051125586, 540862.362655088538304 ], [ 213567.806811561749782, 540860.72269971924834 ], [ 213569.636825270077679, 540858.972743458114564 ], [ 213571.386840752966236, 540857.152786465012468 ], [ 213573.036858655570541, 540855.232828658074141 ], [ 213574.576878893160028, 540853.222869792487472 ], [ 213576.006901304004714, 540851.132909791078418 ], [ 213577.306925892276922, 540848.972948248148896 ], [ 213601.267405916092684, 540807.503670398262329 ], [ 213606.907576860074187, 540794.163869211799465 ], [ 213614.607805503852433, 540776.24413827911485 ], [ 213615.037816639814992, 540775.344152493984438 ], [ 213619.497925277421018, 540766.434296503663063 ], [ 213619.697929491318064, 540766.075302634271793 ], [ 213614.938096624711761, 540758.104289751965553 ], [ 213572.389597508270526, 540686.424178054672666 ], [ 213571.549624136823695, 540685.194174359203316 ], [ 213570.579649055638583, 540684.134167189709842 ], [ 213569.489671534334775, 540683.284156385227107 ], [ 213568.249693266028771, 540682.554142183391377 ], [ 213566.919712965929648, 540681.994125156314112 ], [ 213565.549729260208551, 540681.664105625124648 ], [ 213564.119743444345659, 540681.494083837023936 ], [ 213562.679754306242103, 540681.534060194855556 ], [ 213561.289761045190971, 540681.804035507957451 ], [ 213559.949764308636077, 540682.264010102488101 ], [ 213558.679763773980085, 540682.923984216642566 ], [ 213493.469657095265575, 540721.702615763759241 ], [ 213492.189657290000468, 540722.322590041789226 ], [ 213490.809661034174496, 540722.772564066923223 ], [ 213489.369668499188265, 540723.022538733435795 ], [ 213487.969678880908759, 540723.072515658452176 ], [ 213428.640189788886346, 540720.811573063954711 ], [ 213422.490249317226699, 540720.171478626434691 ], [ 213410.73036260533263, 540718.981297772843391 ], [ 213398.630481201165821, 540717.631112706032582 ], [ 213380.640652070957003, 540715.960834835888818 ], [ 213375.850697329238756, 540715.530760733643547 ], [ 213371.120739194564521, 540715.280686153564602 ], [ 213366.360777087480528, 540715.290608989540488 ], [ 213361.520813679118874, 540715.420529566938058 ], [ 213356.7808454244514, 540715.800449749338441 ], [ 213352.04087651980808, 540716.220369609072804 ], [ 213347.300903081864817, 540716.920287211658433 ], [ 213345.030913298774976, 540717.41024650761392 ], [ 213342.790919550141552, 540718.130204431829043 ], [ 213340.640922816033708, 540718.990162686561234 ], [ 213338.600919371237978, 540720.210119821131229 ], [ 213336.750914571603062, 540721.420080116018653 ], [ 213334.900904751411872, 540722.940037911757827 ], [ 213333.260890823876252, 540724.609997898340225 ], [ 213331.830872626887867, 540726.439959999872372 ], [ 213330.550851449632319, 540728.37992364121601 ], [ 213329.430827534379205, 540730.409889148315415 ], [ 213328.560799032362411, 540732.599857416469604 ], [ 213327.920768040843541, 540734.829829085967503 ], [ 213327.470734561706195, 540737.119803344830871 ], [ 213327.080705943866633, 540739.079781237756833 ], [ 213326.450680054927943, 540740.989755646442063 ], [ 213325.660656902065966, 540742.809728188323788 ], [ 213324.670636485971045, 540744.55969805654604 ], [ 213323.430619844584726, 540746.199664765037596 ], [ 213322.070607077999739, 540747.659630976151675 ], [ 213320.550597858324181, 540748.979595727520064 ], [ 213318.930591221462237, 540750.18955974560231 ], [ 213317.110591362434207, 540751.079523100401275 ], [ 213313.775699453079142, 540746.050509619759396 ], [ 213170.996309642796405, 540840.638435364933684 ], [ 213180.112014147161972, 540854.38647218036931 ] ] ], [ [ [ 213799.177552432374796, 540700.77773553377483 ], [ 213826.297409215912921, 540696.238211360177957 ], [ 213820.358031777257565, 540660.728401132975705 ], [ 213793.22817506940919, 540665.26792515499983 ], [ 213785.338216747099068, 540666.587786733871326 ], [ 213791.276594526076224, 540702.077597094001248 ], [ 213799.177552432374796, 540700.77773553377483 ] ] ] ] } },
{ "type": "Feature", "properties": { "landuse_category": "자연녹지지역", "signgu_code": "41130", "source_layer": "용도지역2", "area_name": "wirye_plan_area", "source_version": "2024_01_original", "area_sqm": 62.563629279058368, "area_ha": 0.0062563629279058369 }, "geometry": { "type": "MultiPolygon", "coordinates": [ [ [ [ 212745.39418987519457, 540193.394760530791245 ], [ 212750.89520781164174, 540189.568880393984728 ], [ 212750.133179928438039, 540188.479810033226386 ], [ 212726.846955048880773, 540204.578358948929235 ], [ 212727.66213179344777, 540205.743374046985991 ], [ 212745.39418987519457, 540193.394760530791245 ] ] ], [ [ [ 212893.354678784322459, 540090.101987440721132 ], [ 212944.048846328892978, 540054.714093001093715 ], [ 212943.90449341389467, 540054.519196634413674 ], [ 212893.043139861314557, 540089.681357625406235 ], [ 212893.354678784322459, 540090.101987440721132 ] ] ] ] } },
{ "type": "Feature", "properties": { "landuse_category": "일반상업지역", "signgu_code": "41130", "source_layer": "용도지역2", "area_name": "wirye_plan_area", "source_version": "2024_01_original", "area_sqm": 359.27598176109819, "area_ha": 0.035927598176109819 }, "geometry": { "type": "Polygon", "coordinates": [ [ [ 212319.98285850303364, 540485.89551816880703 ], [ 212326.102864723041421, 540482.48564470349811 ], [ 212336.052878332877299, 540476.725852165138349 ], [ 212346.782893308321945, 540470.496076038223691 ], [ 212359.372929007076891, 540462.066347750020213 ], [ 212379.802987111557741, 540448.376788739580661 ], [ 212421.203143192717107, 540418.267701464006677 ], [ 212432.443150702340063, 540412.247931894729845 ], [ 212441.228179891651962, 540406.102123610675335 ], [ 212439.317410641902825, 540403.357184597640298 ], [ 212319.862171901593683, 540485.940600932692178 ], [ 212319.171650456788484, 540486.308837992255576 ], [ 212319.98285850303364, 540485.89551816880703 ] ] ] } },
{ "type": "Feature", "properties": { "landuse_category": "제2종일반주거지역", "signgu_code": "41130", "source_layer": "용도지역2", "area_name": "wirye_plan_area", "source_version": "2024_01_original", "area_sqm": 29.513563822173872, "area_ha": 0.0029513563822173871 }, "geometry": { "type": "Polygon", "coordinates": [ [ [ 212854.777552074403502, 540116.984146505827084 ], [ 212861.544573510065675, 540112.317293628701009 ], [ 212863.034578431543196, 540111.277326120994985 ], [ 212864.72458418138558, 540110.087363061029464 ], [ 212893.354678782081464, 540090.101987440721132 ], [ 212893.043139859830262, 540089.681357626337558 ], [ 212854.361932072817581, 540116.422974994522519 ], [ 212854.777552074403502, 540116.984146505827084 ] ] ] } },
{ "type": "Feature", "properties": { "landuse_category": "준주거지역", "signgu_code": "41130", "source_layer": "용도지역2", "area_name": "wirye_plan_area", "source_version": "2024_01_original", "area_sqm": 1010.7686147826332, "area_ha": 0.10107686147826332 }, "geometry": { "type": "MultiPolygon", "coordinates": [ [ [ [ 212441.228179891651962, 540406.102123610675335 ], [ 212446.35319689870812, 540402.518235440133139 ], [ 212447.583200976339867, 540401.658262279583141 ], [ 212506.133395029115491, 540360.729539753287099 ], [ 212555.513556309451815, 540326.360615929123014 ], [ 212556.923561541654635, 540325.340646969969384 ], [ 212560.223573503666557, 540322.970719477161765 ], [ 212565.423592926759738, 540319.200834019808099 ], [ 212630.253805641608778, 540274.022247342625633 ], [ 212686.583990412153071, 540234.773475296446122 ], [ 212690.414003809273709, 540232.053559199906886 ], [ 212716.604095577204134, 540213.444133027107455 ], [ 212727.66213179344777, 540205.743374046985991 ], [ 212726.846955048909876, 540204.578358948929235 ], [ 212439.317410641902825, 540403.357184597640298 ], [ 212441.228179891651962, 540406.102123610675335 ] ] ], [ [ [ 211888.422574569121934, 540716.864671802497469 ], [ 211888.793926461337833, 540715.818042620434426 ], [ 211888.205122244893573, 540716.132036537514068 ], [ 211888.422574569121934, 540716.864671802497469 ] ] ], [ [ [ 211889.71855980833061, 540717.135690587572753 ], [ 211898.934592242148938, 540710.571892663021572 ], [ 211900.177836998103885, 540709.747300323098898 ], [ 211888.971960496273823, 540715.723101717419922 ], [ 211889.71855980833061, 540717.135690587572753 ] ] ], [ [ [ 212944.048846328892978, 540054.714093001093715 ], [ 212981.958231380878715, 540028.250473105814308 ], [ 212981.927856304158922, 540028.232369525474496 ], [ 212943.904493413923774, 540054.519196634413674 ], [ 212944.048846328892978, 540054.714093001093715 ] ] ], [ [ [ 212750.895207813911838, 540189.56888039119076 ], [ 212767.994263597152894, 540177.675252963323146 ], [ 212789.73433465094422, 540162.545726722222753 ], [ 212806.464389285014477, 540150.906091272598132 ], [ 212815.624419308005599, 540144.526290925568901 ], [ 212817.91442673484562, 540142.936340798740275 ], [ 212826.674458501598565, 540136.646533253020607 ], [ 212837.056495851284126, 540129.210761190857738 ], [ 212841.404509711457649, 540126.206855764961801 ], [ 212854.777552074403502, 540116.984146505827084 ], [ 212854.361932072817581, 540116.422974994522519 ], [ 212750.133179931232007, 540188.479810031363741 ], [ 212750.895207813911838, 540189.56888039119076 ] ] ] ] } },
{ "type": "Feature", "properties": { "landuse_category": "자연녹지지역", "signgu_code": "41130", "source_layer": "용도지역2", "area_name": "wirye_plan_area", "source_version": "2024_01_original", "area_sqm": 876458.0508179497, "area_ha": 87.645805081794975 }, "geometry": { "type": "MultiPolygon", "coordinates": [ [ [ [ 211227.871789311844623, 541031.217854607151821 ], [ 211228.719296085619135, 541031.059389459900558 ], [ 211234.539749110088451, 541029.726567171514034 ], [ 211238.170733478968032, 541028.894632630632259 ], [ 211238.539731897908496, 541028.809639287297614 ], [ 211322.951368470559828, 541009.475161050911993 ], [ 211337.029307870048797, 541006.250414855661802 ], [ 211343.291284399398137, 541004.600529484101571 ], [ 211347.068270240939455, 541003.605598624213599 ], [ 211347.905267097288743, 541003.38561394251883 ], [ 211358.573239312449005, 540999.820815319777466 ], [ 211368.988224609347526, 540995.573018115479499 ], [ 211379.105223064427264, 540990.65922146756202 ], [ 211388.883234688051743, 540985.099424546933733 ], [ 211398.215251459769206, 540979.442621194757521 ], [ 211409.361271475732792, 540972.68685606168583 ], [ 211417.713286468904698, 540967.625032049254514 ], [ 211426.979303122498095, 540962.008227306068875 ], [ 211429.807306450849865, 540960.402286023367196 ], [ 211432.733305974310497, 540958.983344817417674 ], [ 211435.746301674138522, 540957.757403462775983 ], [ 211438.833293530478841, 540956.732461682055146 ], [ 211441.980281623837072, 540955.910519233671948 ], [ 211517.241957118734717, 540938.710875783348456 ], [ 211526.889915507374099, 540936.507049674517475 ], [ 211548.421822696225718, 540931.585437787231058 ], [ 211551.952804933389416, 540930.935500167310238 ], [ 211552.604801671172027, 540930.814511691685766 ], [ 211556.836774442490423, 540930.40258349198848 ], [ 211561.089741191564826, 540930.352652709116228 ], [ 211565.330702197185019, 540930.663718823459931 ], [ 211569.522657817491563, 540931.331781258806586 ], [ 211573.658608095691307, 540932.357839899021201 ], [ 211577.684553674131166, 540933.728893978754058 ], [ 211581.579494831181364, 540935.437943208729848 ], [ 211589.712365162966307, 540939.427042611758225 ], [ 211621.347860779002076, 540954.943429291713983 ], [ 211622.820837284758454, 540955.666447293013334 ], [ 211646.441460669186199, 540967.252736003720202 ], [ 211653.584346788091352, 540970.755823319079354 ], [ 211659.296255725959782, 540973.556893142405897 ], [ 211666.348143270763103, 540977.016979333828203 ], [ 211666.375142846402014, 540977.029979662969708 ], [ 211673.787028413295047, 540980.434072131756693 ], [ 211681.360918880149256, 540983.455170309171081 ], [ 211685.938856978435069, 540985.015231799567118 ], [ 211689.080814488785109, 540986.086273998138495 ], [ 211743.132108163816156, 541002.989012271515094 ], [ 211748.086043430841528, 541004.538079938851297 ], [ 211739.720841690286761, 541021.145810553221963 ], [ 211737.478793642279925, 541025.224741353304125 ], [ 211726.288523721770616, 541047.44438095507212 ], [ 211721.06838608259568, 541058.534206985030323 ], [ 211717.428278343635611, 541066.994079806259833 ], [ 211713.658172619587276, 541075.393951006815769 ], [ 211707.888033234950854, 541086.863765064394102 ], [ 211707.245992294716416, 541089.711731690447778 ], [ 211716.952835430769483, 541094.601849308121018 ], [ 211719.692870070168283, 541091.104921871447004 ], [ 211723.654901024623541, 541087.23101725243032 ], [ 211728.092919170478126, 541083.913115847622976 ], [ 211732.929924201278482, 541081.208215955412015 ], [ 211738.079916048824089, 541079.163315799785778 ], [ 211743.454894846770912, 541077.813413677504286 ], [ 211748.959860938659403, 541077.184507840080187 ], [ 212087.855410098040011, 541060.95012363162823 ], [ 212106.780273390613729, 541060.035437324317172 ], [ 212108.506677139754174, 541096.023174927104264 ], [ 212127.474540427327156, 541095.087489492841996 ], [ 212147.324396557902219, 541094.157818288425915 ], [ 212194.014058372151339, 541091.958591773291118 ], [ 212196.924120045267045, 541086.708681228919886 ], [ 212313.742149956728099, 541150.650056383688934 ], [ 212315.46212080976693, 541151.600076565286145 ], [ 212319.042066254420206, 541153.200121609261259 ], [ 212322.742015105206519, 541154.53017077583354 ], [ 212326.531967931397958, 541155.570223736111075 ], [ 212330.391925215983065, 541156.300280334195122 ], [ 212334.301887116773287, 541156.720340240048245 ], [ 212338.221853953087702, 541156.830402809311636 ], [ 212340.191839802981121, 541156.730435507139191 ], [ 212419.101269640348619, 541152.931743582943454 ], [ 212432.498172439343762, 541152.31196546566207 ], [ 212432.990002016478684, 541162.59689046535641 ], [ 212446.710903597326251, 541161.892118280986324 ], [ 212528.079962522548158, 541179.793291220674291 ], [ 212530.009941246971721, 541180.153319561039098 ], [ 212531.969921835756395, 541180.383349437732249 ], [ 212533.929904367570998, 541180.49338028265629 ], [ 212535.889889164507622, 541180.46341225807555 ], [ 212548.329798820632277, 541179.893618256086484 ], [ 212550.1897852269758, 541179.813649013871327 ], [ 212558.179727751703467, 541179.413781599374488 ], [ 212650.569060490495758, 541174.955313394428231 ], [ 212796.748846804053755, 541115.898156488779932 ], [ 212861.568328455090523, 541115.879206197569147 ], [ 212884.958141299226554, 541115.879584928858094 ], [ 212907.817957466322696, 541115.93695462460164 ], [ 212914.223749779106583, 541125.59898044844158 ], [ 212924.043423244089354, 541140.914015975198708 ], [ 212933.390095731097972, 541156.523041465785354 ], [ 212942.253767577902181, 541172.410056900931522 ], [ 212950.627439049130771, 541188.562062263605185 ], [ 212958.502110496978275, 541204.962057544849813 ], [ 212965.870782202779083, 541221.596042747143656 ], [ 213037.125667543936288, 541193.467423447174951 ], [ 213048.492643941019196, 541189.308641056879424 ], [ 213060.054609419108601, 541185.727857162477449 ], [ 213071.782564049877692, 541182.735071219038218 ], [ 213083.646507973637199, 541180.336282686563209 ], [ 213095.616441304708133, 541178.539491020608693 ], [ 213094.975721169728786, 541161.572617432451807 ], [ 213094.845764311292442, 541158.97263628942892 ], [ 213064.765981164033292, 541160.442137320525944 ], [ 213063.366478932963219, 541130.392356920870952 ], [ 213093.406262086995412, 541128.942855073488317 ], [ 213093.02539384472766, 541120.993912990787067 ], [ 213091.706851150491275, 541093.403114060754888 ], [ 213099.696793545677792, 541093.013246591901407 ], [ 213098.837091556866653, 541075.033377612940967 ], [ 213113.536985297832871, 541074.333621303550899 ], [ 213128.246879119455116, 541073.623865236993879 ], [ 213142.956772784847999, 541072.924109092564322 ], [ 213157.656666688155383, 541072.214352867333218 ], [ 213172.366560357273556, 541071.514596724999137 ], [ 213187.06645410307101, 541070.814840425504372 ], [ 213201.776347935548984, 541070.105084365233779 ], [ 213216.486241607693955, 541069.405328231398016 ], [ 213231.186135521013057, 541068.695572014665231 ], [ 213245.896029194060247, 541067.995815880945884 ], [ 213260.595923112792661, 541067.286059665610082 ], [ 213275.725813753873808, 541066.566310499445535 ], [ 213285.566744596959325, 541065.976474629947916 ], [ 213295.705674511526013, 541065.296644312795252 ], [ 213296.695681978570065, 541064.346668002428487 ], [ 213316.295564884814667, 541061.897005175705999 ], [ 213344.145402057270985, 541058.197486039018258 ], [ 213360.225345514540095, 541053.747782330610789 ], [ 213372.765300606290111, 541050.328012987971306 ], [ 213398.965210092894267, 541042.978496550116688 ], [ 213417.915145666804165, 541037.598846821230836 ], [ 213460.174863092310261, 541034.179558832081966 ], [ 213463.274845915497281, 541033.709612826816738 ], [ 213463.084892778220819, 541030.90963231457863 ], [ 213651.20362739713164, 541016.162798148929141 ], [ 213654.223603898164583, 541016.122847384540364 ], [ 213656.053589589660987, 541016.102877188241109 ], [ 213657.803575112222461, 541016.132905294303782 ], [ 213659.783556688053068, 541016.292936075362377 ], [ 213662.563530088693369, 541016.562978930654936 ], [ 213665.783497539814562, 541016.983027703594416 ], [ 213668.623468515404966, 541017.373070564121008 ], [ 213669.643456798454281, 541017.593085311818868 ], [ 213679.343333569442621, 541020.413219711277634 ], [ 213679.803325680550188, 541020.673225065344013 ], [ 213686.503181572799804, 541026.263288553571329 ], [ 213690.793085886951303, 541030.053327505826019 ], [ 213703.682780370960245, 541042.553435583715327 ], [ 213709.972638567851391, 541048.203491948079318 ], [ 213729.782235931546893, 541063.283691336051561 ], [ 213742.881968896952458, 541073.303822805406526 ], [ 213747.131888270116178, 541076.183868445921689 ], [ 213755.951709551300155, 541082.86395749845542 ], [ 213761.151604485115968, 541086.784010146744549 ], [ 213770.931409341777908, 541094.004110400564969 ], [ 213782.521179321483942, 541102.484229822526686 ], [ 213798.710854369070148, 541114.554394841310568 ], [ 213811.670595249044709, 541124.154527439386584 ], [ 213831.120191098016221, 541139.504718845710158 ], [ 213828.03014517982956, 541143.864633658784442 ], [ 213837.7899545666005, 541150.814735771971755 ], [ 213840.559992352034897, 541147.114810459548607 ], [ 213851.619755869760411, 541156.25491598888766 ], [ 213859.27959500416182, 541162.404990531271324 ], [ 213864.549485321855173, 541166.575042306445539 ], [ 213868.699401759629836, 541169.685084479860961 ], [ 213866.869347385101719, 541173.945020510815084 ], [ 213866.419327981537208, 541175.365001779049635 ], [ 213867.339068574394332, 541190.92489131167531 ], [ 213866.259061010146979, 541191.924865757231601 ], [ 213865.109054493223084, 541192.894839310320094 ], [ 213861.569037443085108, 541195.69475939986296 ], [ 213847.308973274601158, 541206.694439747021534 ], [ 213840.328936591540696, 541212.404280657763593 ], [ 213832.018889808212407, 541219.394089707871899 ], [ 213811.608794968517032, 541235.323630691622384 ], [ 213798.008724886312848, 541246.363321405253373 ], [ 213794.838650938530918, 541252.493220651289448 ], [ 213791.698360175447306, 541271.993012640508823 ], [ 213796.388112410932081, 541284.972984020132571 ], [ 213811.077770419971785, 541298.833110316772945 ], [ 213823.857408708019648, 541314.85318826592993 ], [ 213824.607385702693136, 541315.903191953431815 ], [ 213825.107366798707517, 541316.823192640324123 ], [ 213825.507347888167715, 541317.793191303149797 ], [ 213825.807329451141413, 541318.783188185887411 ], [ 213826.007311491703149, 541319.793183286557905 ], [ 213826.097294085484464, 541320.823176443576813 ], [ 213826.577002222649753, 541338.603040934889577 ], [ 213867.276814283046406, 541330.113768748939037 ], [ 214028.056068462639814, 541296.796642196597531 ], [ 214075.515572357486235, 541303.997353165992536 ], [ 214181.044461812853115, 541320.46893042314332 ], [ 214410.103860905044712, 541356.23261246306356 ], [ 214301.709064953378402, 541116.614479964948259 ], [ 214321.280060528835747, 541084.425601219758391 ], [ 214165.51267020002706, 541082.613091244595125 ], [ 214191.613833584618988, 540913.304818024742417 ], [ 213930.991861677612178, 540540.243610783480108 ], [ 213652.151528594986303, 540571.245914487866685 ], [ 213635.090889088314725, 540575.71608519856818 ], [ 213566.249760382517707, 540580.796730460016988 ], [ 213565.345619997155154, 540580.897255497053266 ], [ 213480.855427367932862, 540549.926270162453875 ], [ 213376.487250920472434, 540475.225149111589417 ], [ 213069.966319673170801, 540080.703393906238489 ], [ 213069.251913256564876, 540080.27760686876718 ], [ 213042.923838818882359, 540068.140585300745443 ], [ 213026.254065900371643, 540062.341362174600363 ], [ 213019.275160958786728, 540059.914268758380786 ], [ 213013.054245699808234, 540057.750185489305295 ], [ 212999.814425962220412, 540053.150008231634274 ], [ 212987.995789097156376, 540036.54895062954165 ], [ 212985.985850849014241, 540033.725940833217464 ], [ 212984.881884776434163, 540032.174935455434024 ], [ 212982.183773713361006, 540028.384896592702717 ], [ 212981.958230771648232, 540028.250472742714919 ], [ 212864.724584183626575, 540110.087363061029464 ], [ 212863.034578433813294, 540111.277326120994985 ], [ 212861.54457351230667, 540112.317293628701009 ], [ 212841.404509713698644, 540126.206855764961801 ], [ 212837.264496522489935, 540129.06676571839489 ], [ 212836.754494771244936, 540129.42675456427969 ], [ 212826.67445850383956, 540136.646533253020607 ], [ 212817.914426737115718, 540142.936340798740275 ], [ 212815.624419310246594, 540144.526290925568901 ], [ 212806.464389287255472, 540150.906091272598132 ], [ 212789.734334653214319, 540162.545726722222753 ], [ 212767.994263599393889, 540177.67525296472013 ], [ 212745.394189877435565, 540193.394760531489737 ], [ 212716.604095581715228, 540213.444133027107455 ], [ 212690.414003811514704, 540232.053559199906886 ], [ 212686.583990416664165, 540234.773475296446122 ], [ 212630.253805643849773, 540274.022247341927141 ], [ 212565.423592929000733, 540319.200834019808099 ], [ 212560.223573505907552, 540322.970719477161765 ], [ 212556.92356154389563, 540325.340646969969384 ], [ 212555.51355631169281, 540326.360615929937921 ], [ 212506.133395033597481, 540360.729539753985591 ], [ 212447.583200976339867, 540401.658262279583141 ], [ 212446.35319689870812, 540402.518235440133139 ], [ 212441.663181334704859, 540405.79813309921883 ], [ 212432.443150704581058, 540412.247931894729845 ], [ 212421.203143194958102, 540418.267701464006677 ], [ 212379.802987113827839, 540448.376788739580661 ], [ 212359.372929009317886, 540462.066347749321721 ], [ 212346.78289331056294, 540470.496076038223691 ], [ 212336.052878335118294, 540476.725852165836841 ], [ 212326.102864725282416, 540482.48564470349811 ], [ 212319.982858507544734, 540485.895518167410046 ], [ 212319.171650418604258, 540486.308838012628257 ], [ 211582.171850418904796, 540879.331590999732725 ], [ 211581.762397042941302, 540879.582396911922842 ], [ 211562.098368963343091, 540891.050986191723496 ], [ 211547.863349052116973, 540899.327689074445516 ], [ 211532.205784447811311, 540905.977189552038908 ], [ 211532.178336793702329, 540905.991826669429429 ], [ 211400.688270986371208, 540946.101294982829131 ], [ 211391.312753279111348, 540951.840732303680852 ], [ 211386.738744618283818, 540954.640635699382983 ], [ 211377.046726254717214, 540960.574430995737202 ], [ 211376.092724446847569, 540961.158410847419873 ], [ 211368.952723238558974, 540964.768266190192662 ], [ 211368.624723440152593, 540964.91825967177283 ], [ 211346.842736306483857, 540974.907826624228619 ], [ 211312.342862861638423, 540984.167193709057756 ], [ 211288.220966716791736, 540989.691758848726749 ], [ 211270.253044087730814, 540993.806434936006553 ], [ 211250.603136472956976, 540997.826084580388851 ], [ 211233.635239566909149, 540999.85579368181061 ], [ 211223.116303469607374, 541001.114613339072093 ], [ 211218.544227808713913, 541001.662151869386435 ], [ 211218.529229940642836, 541001.666726789204404 ], [ 211227.626564177247928, 541031.024461904773489 ], [ 211227.871789311844623, 541031.217854607151821 ] ], [ [ 212556.772227083420148, 541025.714998395531438 ], [ 212556.762230400403496, 541025.514999844832346 ], [ 212550.752280600951053, 541025.384903598809615 ], [ 212546.74131417190074, 541025.293839399586432 ], [ 212542.732347697718069, 541025.204775216639973 ], [ 212536.722397896810435, 541025.07467896991875 ], [ 212449.12312503697467, 541023.463273849105462 ], [ 212446.463153124350356, 541023.043234177632257 ], [ 212442.943200396839529, 541021.86318671121262 ], [ 212442.093245885393117, 541019.473192229750566 ], [ 212440.123306324530859, 541016.713182598701678 ], [ 212426.252422246034257, 541016.409960499498993 ], [ 212426.551320016937098, 541022.577915593632497 ], [ 212412.573439256520942, 541022.122692988370545 ], [ 212384.90366606216412, 541021.792247739620507 ], [ 212379.894707967177965, 541021.680167558137327 ], [ 212342.814018165983725, 541020.851573995896615 ], [ 212272.444606839300832, 541019.280447588302195 ], [ 212198.845221565163229, 541017.699269020813517 ], [ 212191.615282032493269, 541017.539153287885711 ], [ 212185.415332795615541, 541017.469053498934954 ], [ 212183.115352987399092, 541017.359017158276401 ], [ 212179.175385498267133, 541017.298953870660625 ], [ 212177.285402407636866, 541017.188924165675417 ], [ 212176.595408579829382, 541017.148913323413581 ], [ 212175.455420134123415, 541016.998896080185659 ], [ 212173.485441083874321, 541016.678866774891503 ], [ 212171.545464540744433, 541016.18883932987228 ], [ 212169.655489867232973, 541015.558813818264753 ], [ 212167.815517381881364, 541014.768790410482325 ], [ 212166.055546523013618, 541013.838769424706697 ], [ 212164.36557736757095, 541012.768750703660771 ], [ 212162.765609598252922, 541011.568734485423192 ], [ 212161.635634827369358, 541010.568724264507182 ], [ 212161.275642888766015, 541010.248721018666402 ], [ 212159.885677320620744, 541008.808710139011964 ], [ 212158.625712330889655, 541007.268702166737057 ], [ 212157.4857481586223, 541005.618697025929578 ], [ 212156.485784000862623, 541003.898694715695456 ], [ 212155.625820016401121, 541002.098695316468365 ], [ 212155.025850227073533, 541000.528698269510642 ], [ 212123.376104728144128, 541000.458186567644589 ], [ 212104.15025933473953, 541000.414875738089904 ], [ 212103.54346920773969, 540987.746968109044246 ], [ 212084.803604081098456, 540988.682657251716591 ], [ 212081.452628885075683, 540988.807602007407695 ], [ 212074.113527812500251, 540998.683403552160598 ], [ 212023.438911469944287, 541000.044572404469363 ], [ 211947.411558310239343, 540997.686360972933471 ], [ 211876.40926326988847, 540989.252279937267303 ], [ 211841.30773035029415, 540977.755804637447 ], [ 211832.124371064797742, 541004.503440202446654 ], [ 211831.849374255514704, 541004.442436241544783 ], [ 211831.574377444514539, 541004.381432287744246 ], [ 211831.298380640189862, 541004.320428311941214 ], [ 211831.023383845604258, 541004.258424359490164 ], [ 211830.74838704924332, 541004.19642041134648 ], [ 211830.472390263952548, 541004.134416445624083 ], [ 211830.197393468464725, 541004.072412493871525 ], [ 211829.922396675683558, 541004.010408544330858 ], [ 211829.647399896348361, 541003.947404603357427 ], [ 211829.372403117391514, 541003.884400658193044 ], [ 211829.097406338813016, 541003.821396717918105 ], [ 211828.822409562882967, 541003.758392777643166 ], [ 211828.548412791831652, 541003.694388858624734 ], [ 211828.273416027222993, 541003.630384926218539 ], [ 211827.998419262934476, 541003.56638099020347 ], [ 211827.723422503448091, 541003.502377057098784 ], [ 211827.449425731465453, 541003.438373140292242 ], [ 211827.174428985337727, 541003.373369213542901 ], [ 211826.900432231137529, 541003.308365303091705 ], [ 211826.62543550261762, 541003.242361386422999 ], [ 211826.351438748912187, 541003.177357474574819 ], [ 211826.077442010282539, 541003.111353575601242 ], [ 211825.803445269644726, 541003.045349673717283 ], [ 211825.528448541939724, 541002.979345755651593 ], [ 211825.254451801651157, 541002.913341853767633 ], [ 211824.980455080774846, 541002.846337961149402 ], [ 211824.706458360014949, 541002.779334067134187 ], [ 211824.432461637130473, 541002.712330173118971 ], [ 211824.158464933483629, 541002.6443262884859 ], [ 211823.884468210861087, 541002.577322395867668 ], [ 211823.61147149692988, 541002.509318526019342 ], [ 211823.337474789033877, 541002.441314640571363 ], [ 211823.063478102383669, 541002.372310760081746 ], [ 211822.79048138865619, 541002.304306893143803 ], [ 211822.5164846975822, 541002.23530301626306 ], [ 211822.242488008749206, 541002.166299139382318 ], [ 211821.969491311785532, 541002.097295277984813 ], [ 211821.696494631352834, 541002.02729142527096 ], [ 211821.422497956751613, 541001.95728755556047 ], [ 211821.149501273990609, 541001.887283701449633 ], [ 211820.876504595682491, 541001.817279849317856 ], [ 211820.603507912805071, 541001.747275995207019 ], [ 211820.330511246284004, 541001.676272151060402 ], [ 211820.057514581887517, 541001.60526830679737 ], [ 211819.784517917374615, 541001.534264460555278 ], [ 211819.511521269014338, 541001.46226062416099 ], [ 211819.238524604239501, 541001.391256779315881 ], [ 211818.965527953318087, 541001.319252944434993 ], [ 211818.693531298689777, 541001.247249119449407 ], [ 211818.420534665812738, 541001.174245293717831 ], [ 211818.147538014338352, 541001.102241455344483 ], [ 211817.875541375251487, 541001.029237641720101 ], [ 211817.602544741675956, 541000.956233816104941 ], [ 211817.330548099882435, 541000.883230001782067 ], [ 211817.058551478316076, 541000.80922619602643 ], [ 211816.785554859961849, 541000.735222377465107 ], [ 211816.513558235543314, 541000.661218571709469 ], [ 211816.241561610862846, 541000.587214768049307 ], [ 211815.969564985891338, 541000.513210960896686 ], [ 211815.697568378702272, 541000.438207166502252 ], [ 211815.425571771134855, 541000.363203367916867 ], [ 211815.153575160977198, 541000.28819957212545 ], [ 211814.881578568398254, 541000.212195784202777 ], [ 211814.610581951856147, 541000.137192002614029 ], [ 211814.338585360732395, 541000.061188214691356 ], [ 211814.066588766960194, 540999.985184426768683 ], [ 211813.795592182694236, 540999.908180663012899 ], [ 211813.523595592560014, 540999.832176875090227 ], [ 211813.252599007391836, 540999.755173109821044 ], [ 211812.981602423998993, 540999.67816934606526 ], [ 211812.709605865704361, 540999.600165573763661 ], [ 211812.438609281351091, 540999.523161810007878 ], [ 211812.167612711898983, 540999.445158050511964 ], [ 211811.896616144164, 540999.367154297418892 ], [ 211811.625619575905148, 540999.289150541531853 ], [ 211811.354623024642933, 540999.21014679200016 ], [ 211811.083626457548235, 540999.132143036811613 ], [ 211810.812629905121867, 540999.053139288676903 ], [ 211810.542633344331989, 540998.97413555753883 ], [ 211810.271636808116455, 540998.89413181738928 ], [ 211810.000640273530735, 540998.814128077821806 ], [ 211809.73064371541841, 540998.735124345985241 ], [ 211809.459647194569698, 540998.65412061358802 ], [ 211809.189650650252588, 540998.574116888223216 ], [ 211808.919654107536189, 540998.494113167165779 ], [ 211808.648657589103095, 540998.413109432673082 ], [ 211808.378661062248284, 540998.332105719367974 ], [ 211808.108664551808033, 540998.250102009740658 ], [ 211807.838668021257035, 540998.169098295038566 ], [ 211807.56867151154438, 540998.087094587506726 ], [ 211807.298675001075026, 540998.005090879974887 ], [ 211807.028678489848971, 540997.923087173141539 ], [ 211806.759681987168733, 540997.840083489078097 ], [ 211806.489685476612067, 540997.758079780032858 ], [ 211806.219688979937928, 540997.675076079671271 ], [ 211805.950692477083066, 540997.592072399100289 ], [ 211805.680696000112221, 540997.508068706607446 ], [ 211805.411699495540233, 540997.425065022427589 ], [ 211805.142703009216348, 540997.341061345534399 ], [ 211804.872706529597053, 540997.257057655835524 ], [ 211800.659761592716677, 540995.939000114332885 ], [ 211798.944786408043001, 540995.25397788756527 ], [ 211798.774789160495857, 540995.167975830147043 ], [ 211798.606791915313806, 540995.080973815289326 ], [ 211798.439794723206433, 540994.989971845294349 ], [ 211798.274797549267532, 540994.896969927242026 ], [ 211798.110800400725566, 540994.80196803889703 ], [ 211797.948803283885354, 540994.703966208151542 ], [ 211797.78780620591715, 540994.602964419405907 ], [ 211797.628809145797277, 540994.499962676782161 ], [ 211797.471812119358219, 540994.393960988847539 ], [ 211797.315815115609439, 540994.285959337837994 ], [ 211797.161818145337747, 540994.174957743030973 ], [ 211797.009821190440562, 540994.061956192250364 ], [ 211796.858824260300025, 540993.94695467769634 ], [ 211796.710827353992499, 540993.828953234828077 ], [ 211796.563830472325208, 540993.708951824577525 ], [ 211796.418833623843966, 540993.585950469132513 ], [ 211796.276836783363251, 540993.460949182510376 ], [ 211796.135839967377251, 540993.333947923616506 ], [ 211795.996843168773921, 540993.204946715151891 ], [ 211795.859846385254059, 540993.073945555603132 ], [ 211795.725849625421688, 540992.939944468555041 ], [ 211795.592852876608958, 540992.804943404858932 ], [ 211795.462856149184518, 540992.666942416457459 ], [ 211795.33385944616748, 540992.526941457181238 ], [ 211795.208862746425439, 540992.384940581512637 ], [ 211795.084866053279256, 540992.241939727333374 ], [ 211794.962869393086294, 540992.095938929822296 ], [ 211794.84387272328604, 540991.94893819198478 ], [ 211794.727876079559792, 540991.798937525018118 ], [ 211794.612879444757709, 540991.647936881519854 ], [ 211794.500882816064404, 540991.494936305447482 ], [ 211794.391886198107386, 540991.339935789699666 ], [ 211794.284889577829745, 540991.183935317909345 ], [ 211794.179892992979148, 540991.024934902321547 ], [ 211794.0778963836201, 540990.865934535511769 ], [ 211793.977899803081527, 540990.703934224089608 ], [ 211793.880903220473556, 540990.540933969430625 ], [ 211793.786906624649419, 540990.376933772815391 ], [ 211793.694910046935547, 540990.210933623136953 ], [ 211793.605913478415459, 540990.042933539487422 ], [ 211793.519916883902624, 540989.874933501821943 ], [ 211793.435920310032088, 540989.70493351528421 ], [ 211793.354923741193488, 540989.532933591865003 ], [ 211793.275927155715181, 540989.360933701624162 ], [ 211793.200930571154458, 540989.186933891614899 ], [ 211793.127933990093879, 540989.011934123467654 ], [ 211793.057937412319006, 540988.83493441704195 ], [ 211792.989940820727497, 540988.657934746704996 ], [ 211792.925944215356139, 540988.479935146635398 ], [ 211792.863947604986606, 540988.300935585517436 ], [ 211792.804951007565251, 540988.119936093105935 ], [ 211792.748954385868274, 540987.9389366467949 ], [ 211792.695957755378913, 540987.756937260041013 ], [ 211792.64596111633, 540987.573937925044447 ], [ 211792.598964453558438, 540987.390938641736284 ], [ 211792.553967806481523, 540987.205939406063408 ], [ 211792.512971129646758, 540987.020940237562172 ], [ 211792.473974433814874, 540986.835941098164767 ], [ 211792.43797774775885, 540986.648942022584379 ], [ 211792.405981012881966, 540986.462943007121794 ], [ 211792.375984296755632, 540986.274944037781097 ], [ 211792.348987538483925, 540986.087945110863075 ], [ 211792.324990790773882, 540985.898946247179992 ], [ 211792.303993999084923, 540985.710947425104678 ], [ 211792.28599720087368, 540985.521948659908958 ], [ 211792.272000370401656, 540985.33294995687902 ], [ 211792.260003527015215, 540985.143951287143864 ], [ 211792.251006673177471, 540984.953952675568871 ], [ 211792.245009778649546, 540984.764954104321077 ], [ 211792.242012876347871, 540984.574955586227588 ], [ 211792.242015933763469, 540984.385957114049233 ], [ 211792.245018983783666, 540984.195958693628199 ], [ 211792.251021996198688, 540984.006960317143239 ], [ 211792.260024999413872, 540983.816961995908059 ], [ 211792.272027958650142, 540983.627963714883663 ], [ 211792.287030898354715, 540983.438965479959734 ], [ 211792.305033811979229, 540983.249967298121192 ], [ 211792.326036684506107, 540983.061969155911356 ], [ 211792.35003953584237, 540982.87397106050048 ], [ 211792.377042361738859, 540982.685973014566116 ], [ 211792.40704514484969, 540982.498975010355935 ], [ 211792.440047907381086, 540982.311977051431313 ], [ 211792.476050632045371, 540982.125979134230874 ], [ 211792.515053327515488, 540981.93998126743827 ], [ 211792.557055985525949, 540981.754983442253433 ], [ 211792.601058609667234, 540981.570985636091791 ], [ 211792.649061201751465, 540981.386987899430096 ], [ 211792.699063762556762, 540981.203990183887072 ], [ 211792.7520662820898, 540981.021992512163706 ], [ 211792.809068754868349, 540980.840994892059825 ], [ 211792.868071194621734, 540980.660997300990857 ], [ 211792.929073603678262, 540980.481999731739052 ], [ 211792.994075962051284, 540980.304002220509574 ], [ 211793.062078299815767, 540980.126004757476039 ], [ 211793.13208058528835, 540979.950007311301306 ], [ 211793.205082832864719, 540979.775009904056787 ], [ 211793.281085040478501, 540979.601012537023053 ], [ 211793.359087198390625, 540979.429015188943595 ], [ 211793.441089308907976, 540979.258017893997021 ], [ 211793.525091387564316, 540979.088020625873469 ], [ 211797.273181807540823, 540971.645141335669905 ], [ 211749.781813750596484, 540956.091498308232985 ], [ 211749.166798932594247, 540957.311478513292968 ], [ 211718.634055237373104, 540956.58099032449536 ], [ 211688.340451144089457, 540947.104576584766619 ], [ 211678.2735881448898, 540943.619441809714772 ], [ 211668.435733036545571, 540939.533315591514111 ], [ 211615.934536749409745, 540915.842657232074998 ], [ 211601.302762030274607, 540909.160474400385283 ], [ 211607.815814050845802, 540902.721631746389903 ], [ 211614.799853965640068, 540896.797792554018088 ], [ 211622.215881526877638, 540891.423955918522552 ], [ 211630.019896561250789, 540886.632120858994313 ], [ 211638.166899015486706, 540882.448286445694976 ], [ 211646.609888845094247, 540878.8984517052304 ], [ 211655.297866127366433, 540876.002615649485961 ], [ 211664.181830972782336, 540873.7787773454329 ], [ 211673.209783614787739, 540872.237935861106962 ], [ 211682.328724317048909, 540871.39009025762789 ], [ 211691.485653407609789, 540871.241239626891911 ], [ 211700.627571340563009, 540871.789383133407682 ], [ 211709.700478549086256, 540873.03451989905443 ], [ 211728.539932815067004, 540835.635126502253115 ], [ 211734.391935534164077, 540832.571245915722102 ], [ 211788.8849609454046, 540804.036357904900797 ], [ 211821.643431679927744, 540820.538754860521294 ], [ 211830.687562544102548, 540807.976002562092617 ], [ 211840.278682365285931, 540795.825255787465721 ], [ 211850.397790889575845, 540784.111514031654224 ], [ 211861.024887938372558, 540772.855776798329316 ], [ 211872.138973306340631, 540762.081043564947322 ], [ 211883.718046835332643, 540751.808313803281635 ], [ 211895.741108347778209, 540742.058587005129084 ], [ 211908.183157773077255, 540732.848862632527016 ], [ 211921.02019499024027, 540724.198140139109455 ], [ 211934.227219916152535, 540716.124418982770294 ], [ 211947.778232525626663, 540708.641698621562682 ], [ 212000.856257429724792, 540680.847781720221974 ], [ 212263.336381440836703, 540543.382137957727537 ], [ 212287.298392776894616, 540530.834626916912384 ], [ 212312.948411666991888, 540516.986153681296855 ], [ 212338.239443895668956, 540502.491679841536097 ], [ 212363.15448942995863, 540487.361205041524954 ], [ 212387.678548233176116, 540471.604728961363435 ], [ 212411.795620299351867, 540455.230251271277666 ], [ 212451.48975091232569, 540427.539116899715737 ], [ 212658.49243318894878, 540283.084631364443339 ], [ 212674.505484991474077, 540271.971980081754737 ], [ 212699.088560924981721, 540255.134513630648144 ], [ 212723.796632889367174, 540238.481047720415518 ], [ 212757.42073158826679, 540215.771774907014333 ], [ 212790.830837059998885, 540192.750501136528328 ], [ 212843.823010302352486, 540155.870655957143754 ], [ 212873.957113327254774, 540134.62131487543229 ], [ 212903.828224420925835, 540113.003972497303039 ], [ 212915.773857460299041, 540129.77803073648829 ], [ 212924.353589812351856, 540142.078070538351312 ], [ 212996.311414067604346, 540240.968438751064241 ], [ 213002.3211429885705, 540254.748425033409148 ], [ 213002.761120047129225, 540255.948422490037046 ], [ 213003.031097656989004, 540257.198416792554781 ], [ 213003.151076142763486, 540258.468408502056263 ], [ 213003.111055745423073, 540259.748397545656189 ], [ 213002.901037028379506, 540261.008383995154873 ], [ 212997.960731596424012, 540282.318132362910546 ], [ 212997.650704291881993, 540284.158112524310127 ], [ 212997.580674587807152, 540286.028096326394007 ], [ 212997.730643280141521, 540287.888083769590594 ], [ 212998.120610543934163, 540289.71807533944957 ], [ 212998.730577180191176, 540291.478071036282927 ], [ 212999.560543351864908, 540293.158070940058678 ], [ 213000.580509948078543, 540294.718074882635847 ], [ 213001.800477209675591, 540296.138083192287013 ], [ 213003.170445866155205, 540297.398095221142285 ], [ 213017.140152256644797, 540308.638230818556622 ], [ 213018.240126792370575, 540309.668240326689556 ], [ 213019.17010009495425, 540310.858245795592666 ], [ 213019.92007289538742, 540312.168247382272966 ], [ 213026.219805796339642, 540325.558241499355063 ], [ 213026.78977760989801, 540327.018238966120407 ], [ 213027.14974980414263, 540328.558232387294993 ], [ 213027.2897234330012, 540330.118222086806782 ], [ 213027.19969873901573, 540331.688207981758751 ], [ 213026.899676211556653, 540333.228190718917176 ], [ 213026.379656250443077, 540334.718170298845507 ], [ 213025.659639507415704, 540336.108147444203496 ], [ 213024.749626062810421, 540337.388122400501743 ], [ 213023.669616245198995, 540338.528095736168325 ], [ 213022.429610294988379, 540339.508067766088061 ], [ 213021.079608299449319, 540340.298039547982626 ], [ 213019.619610261142952, 540340.898011077661067 ], [ 213018.09961626137374, 540341.277983410516754 ], [ 213016.539625980221899, 540341.447956787538715 ], [ 213014.969639338727575, 540341.397931774379686 ], [ 213013.779649500153027, 540341.357912834035233 ], [ 213012.599656346108532, 540341.517892443807796 ], [ 213011.45965979306493, 540341.867871168651618 ], [ 213010.389659929991467, 540342.387849656981416 ], [ 213009.419656677055173, 540343.0678284780588 ], [ 213006.099638056999538, 540345.857752255978994 ], [ 213002.629623392276699, 540348.477674976107664 ], [ 212999.04961251426721, 540350.917597364634275 ], [ 212995.339605594694149, 540353.177519099554047 ], [ 212991.529602548718685, 540355.247440746403299 ], [ 212989.659599856036948, 540356.337401695316657 ], [ 212987.90959296526853, 540357.627362972241826 ], [ 212986.319581884308718, 540359.097325390903279 ], [ 212974.68948175892001, 540371.027041010907851 ], [ 212973.479474761843449, 540372.057013122714125 ], [ 212972.149471310403896, 540372.926984581630677 ], [ 212970.719471412332496, 540373.626955793472007 ], [ 212969.219474990182789, 540374.14692732389085 ], [ 212967.659481957467506, 540374.486899329349399 ], [ 212956.729542309825774, 540376.156708940397948 ], [ 212955.589546732488088, 540376.446688151918352 ], [ 212954.519547677860828, 540376.916667042649351 ], [ 212953.529545074881753, 540377.566645779297687 ], [ 212952.679538758413401, 540378.376625492936 ], [ 212951.159525984199718, 540379.916588479303755 ], [ 212949.499516756506637, 540381.306550410808995 ], [ 212947.719511078350479, 540382.536511686630547 ], [ 212945.839508951816242, 540383.596472710254602 ], [ 212943.859510377282277, 540384.486433488200419 ], [ 212941.809515599539736, 540385.176394744543359 ], [ 212939.709524297097232, 540385.676356720854528 ], [ 212937.569536549504846, 540385.976319661363959 ], [ 212935.399552280432545, 540386.076283728936687 ], [ 212932.60957345389761, 540386.14623799873516 ], [ 212930.029589225188829, 540386.446193821262568 ], [ 212927.479601035302039, 540386.976148269837722 ], [ 212920.289629385399166, 540388.776017379248515 ], [ 212919.779632007062901, 540388.866008396958932 ], [ 212919.269635276868939, 540388.91599973780103 ], [ 212915.139667325071059, 540388.975932397996075 ], [ 212911.009702610899694, 540388.835866673034616 ], [ 212906.88974121780484, 540388.485802800161764 ], [ 212902.789783063577488, 540387.925740942242555 ], [ 212898.729827663919423, 540387.175681263674051 ], [ 212894.709875341795851, 540386.215623925090767 ], [ 212890.739925697882427, 540385.065568925230764 ], [ 212886.049985857796855, 540383.665504287928343 ], [ 212881.310043342033168, 540382.455437307711691 ], [ 212876.520098473876715, 540381.415368149988353 ], [ 212872.950139965687413, 540380.615316806943156 ], [ 212869.440184376609977, 540379.605268126120791 ], [ 212865.980231464665849, 540378.405221790308133 ], [ 212862.60028114830493, 540377.005178357474506 ], [ 212859.310333187750075, 540375.415137912728824 ], [ 212856.110387583874399, 540373.635100456769578 ], [ 212850.650483358622296, 540370.415038016857579 ], [ 212849.040510150312912, 540369.555018889019266 ], [ 212847.350535153091187, 540368.844997252221219 ], [ 212845.600558046426158, 540368.294973355717957 ], [ 212843.810578673612326, 540367.904947523958981 ], [ 212841.990596784598893, 540367.684919835417531 ], [ 212831.380694727733498, 540366.874754619551823 ], [ 212829.67070937412791, 540366.81472742324695 ], [ 212827.950721667410107, 540366.904698856524192 ], [ 212826.250731378095224, 540367.144669405883178 ], [ 212818.710769330413314, 540368.524536237353459 ], [ 212817.770774742297363, 540368.654519973671995 ], [ 212816.830781770346221, 540368.68450451863464 ], [ 212813.330810083047254, 540368.66444802575279 ], [ 212812.44081800794811, 540368.614434020244516 ], [ 212811.560826985689346, 540368.494420744129457 ], [ 212809.40085089058266, 540368.084389085066505 ], [ 212805.940890050231246, 540367.374338800786063 ], [ 212803.240919567935634, 540366.88429904577788 ], [ 212775.37121136294445, 540362.623882250511087 ], [ 212774.081226369773503, 540362.333863705978729 ], [ 212772.841243569215294, 540361.883847262593918 ], [ 212771.671262797142845, 540361.273833238868974 ], [ 212765.781367998482892, 540357.683766831178218 ], [ 212764.611387387150899, 540357.063752888003364 ], [ 212763.361404664698057, 540356.613736281055026 ], [ 212762.071419512561988, 540356.333717657369561 ], [ 212729.511757874657633, 540351.513229478499852 ], [ 212659.851528859813698, 540400.081710573867895 ], [ 212657.971384969190694, 540409.901601005461998 ], [ 212720.729351836518617, 540504.511854381416924 ], [ 212729.839144318306353, 540512.831934791174717 ], [ 212740.898786054574884, 540529.501979469438083 ], [ 212750.41866039155866, 540532.562108911224641 ], [ 212753.468653802439803, 540531.462167146499269 ], [ 212758.218640740116825, 540529.922256448073313 ], [ 212763.008625091781141, 540528.5223452700302 ], [ 212767.848606617277255, 540527.272433689562604 ], [ 212772.708585716114612, 540526.162521305144764 ], [ 212777.608562066277955, 540525.202608359861188 ], [ 212782.538535750267329, 540524.392694694222882 ], [ 212787.488506683381274, 540523.742780061904341 ], [ 212792.448475272540236, 540523.232864459976554 ], [ 212797.428441274183569, 540522.87294797564391 ], [ 212802.418404768453911, 540522.663030444527976 ], [ 212807.408365671872161, 540522.613111623912118 ], [ 212812.398324147594394, 540522.713191594346426 ], [ 212817.388280358019983, 540522.953270437894389 ], [ 212822.358234137413092, 540523.353347667725757 ], [ 212827.318185570766218, 540523.903423528536223 ], [ 212829.788160152529599, 540524.253460691310465 ], [ 212885.71758598976885, 540532.094302913057618 ], [ 212897.757511559757404, 540530.744508701143786 ], [ 212919.827284573664656, 540533.864840839407407 ], [ 212938.597013240068918, 540541.355084347305819 ], [ 212939.862996854586527, 540541.742101720883511 ], [ 212942.917125676438445, 540532.275227449950762 ], [ 212947.037306885846192, 540519.045400756644085 ], [ 212940.094521908758907, 540509.191367763094604 ], [ 212942.047528567112749, 540507.81541046674829 ], [ 213090.547934740112396, 540409.378607659600675 ], [ 213313.77569945534924, 540746.050509619759396 ], [ 213317.110591364675201, 540751.079523101798259 ], [ 213318.930591223732335, 540750.18955974560231 ], [ 213320.550597860565176, 540748.979595727520064 ], [ 213322.070607080240734, 540747.659630976151675 ], [ 213323.430619846825721, 540746.199664765037596 ], [ 213324.67063648821204, 540744.55969805654604 ], [ 213325.66065690657706, 540742.809728189720772 ], [ 213326.450680057168938, 540740.989755645627156 ], [ 213327.080705946136732, 540739.079781237756833 ], [ 213327.470734563976293, 540737.119803344830871 ], [ 213327.92076804311364, 540734.82982908457052 ], [ 213328.560799032362411, 540732.599857416469604 ], [ 213329.4308275366202, 540730.409889148315415 ], [ 213330.550851451902417, 540728.37992364121601 ], [ 213331.830872629128862, 540726.439959999872372 ], [ 213333.260890826117247, 540724.609997898340225 ], [ 213334.900904753652867, 540722.940037911757827 ], [ 213336.750914573844057, 540721.420080116018653 ], [ 213338.600919373478973, 540720.210119820432737 ], [ 213340.640922818274703, 540718.990162687259726 ], [ 213342.790919552382547, 540718.130204431829043 ], [ 213345.030913301015971, 540717.410246506915428 ], [ 213347.300903084105812, 540716.920287211658433 ], [ 213352.040876522049075, 540716.220369608374313 ], [ 213356.780845426692395, 540715.800449749338441 ], [ 213361.520813681359868, 540715.420529564842582 ], [ 213366.360777089721523, 540715.290608989540488 ], [ 213371.120739196805516, 540715.280686153564602 ], [ 213375.850697331479751, 540715.530760733643547 ], [ 213380.640652073197998, 540715.960834835190326 ], [ 213398.630481205676915, 540717.631112702540122 ], [ 213410.730362607573625, 540718.981297773541883 ], [ 213422.490249319467694, 540720.171478626434691 ], [ 213428.640189791156445, 540720.811573063954711 ], [ 213487.969678883149754, 540723.072515658452176 ], [ 213489.36966850142926, 540723.022538733435795 ], [ 213490.809661036415491, 540722.772564066923223 ], [ 213492.189657292241463, 540722.322590041789226 ], [ 213493.46965709750657, 540721.702615763759241 ], [ 213558.67976377622108, 540682.923984216642566 ], [ 213559.949764308636077, 540682.264010102488101 ], [ 213561.28976104746107, 540681.804035507957451 ], [ 213562.679754308512202, 540681.534060194855556 ], [ 213564.119743446586654, 540681.494083837722428 ], [ 213565.54972926247865, 540681.664105625124648 ], [ 213566.919712965929648, 540681.994125154800713 ], [ 213568.249693268269766, 540682.554142183391377 ], [ 213569.489671536604874, 540683.284156384528615 ], [ 213570.579649057908682, 540684.134167188312858 ], [ 213571.54962413906469, 540685.194174359203316 ], [ 213572.389597508270526, 540686.424178056768142 ], [ 213614.938096626952756, 540758.104289751965553 ], [ 213619.697929493559059, 540766.075302634271793 ], [ 213619.497925279662013, 540766.434296504361555 ], [ 213615.03781664208509, 540775.344152493984438 ], [ 213614.607805506122531, 540776.24413827911485 ], [ 213606.907576862315182, 540794.163869211799465 ], [ 213601.267405918333679, 540807.503670398262329 ], [ 213577.306925894547021, 540848.972948248148896 ], [ 213576.006901306245709, 540851.132909790379927 ], [ 213574.576878895401023, 540853.222869793185964 ], [ 213573.036858655570541, 540855.232828655978665 ], [ 213571.386840752966236, 540857.152786465012468 ], [ 213569.636825272318674, 540858.972743458114564 ], [ 213567.806811563990777, 540860.72269971924834 ], [ 213565.866800513496855, 540862.362655087839812 ], [ 213563.806793177500367, 540863.832609881530516 ], [ 213561.666788263013586, 540865.192564263474196 ], [ 213559.486785124609014, 540866.462518724030815 ], [ 213557.246784088521963, 540867.632473018718883 ], [ 213554.946785471925978, 540868.682427308754995 ], [ 213552.576789844693849, 540869.58238167129457 ], [ 213550.136797856830526, 540870.292336432961747 ], [ 213547.666808050009422, 540870.882291677291505 ], [ 213545.186820590257412, 540871.332247884245589 ], [ 213495.267083039187128, 540879.771371391601861 ], [ 213491.327103691466618, 540880.441302181920037 ], [ 213413.547511048178421, 540893.689935753820464 ], [ 213405.707552039646544, 540895.029797987197526 ], [ 213366.767755735432729, 540901.679113776655868 ], [ 213364.747765410051215, 540902.079077838920057 ], [ 213362.747772985079791, 540902.599041259265505 ], [ 213360.787778129713843, 540903.24900427996181 ], [ 213358.877781097166007, 540904.008967223577201 ], [ 213357.007781800697558, 540904.888929846114479 ], [ 213311.967770681891125, 540927.818015664466657 ], [ 213310.167770666186698, 540928.707979339291342 ], [ 213326.977084059093613, 540962.807976759038866 ], [ 213277.787085104908329, 540987.036984866252169 ], [ 213279.357016521447804, 540990.496982406591997 ], [ 213280.886946639075177, 540994.056978491833434 ], [ 213282.336876910587307, 540997.646973037859425 ], [ 213283.726807173632551, 541001.266966372611932 ], [ 213284.275778024864849, 541002.795962941367179 ], [ 213263.056939136411529, 541003.326615030993707 ], [ 213207.097364046319854, 541004.725697513553314 ], [ 213134.837910938018467, 541006.644511877559125 ], [ 213115.548058761458378, 541007.044196283910424 ], [ 212988.689018357312307, 541010.452114572981372 ], [ 212932.479440839699237, 541012.131190871819854 ], [ 212881.92982599552488, 541013.320362791186199 ], [ 212880.922833662596531, 541013.344346291269176 ], [ 212880.559840192057891, 541013.120342218782753 ], [ 212862.749975399667164, 541013.570050223381259 ], [ 212840.56014385560411, 541014.130686415359378 ], [ 212837.333248482056661, 541009.262673416174948 ], [ 212815.150417434197152, 541009.789310002466664 ], [ 212795.380568008200498, 541010.258986119413748 ], [ 212623.241675242141355, 541026.946064572199248 ], [ 212558.472216065449174, 541025.555027207476087 ], [ 212556.772227083420148, 541025.714998395531438 ] ], [ [ 213793.228175071679289, 540665.267925156396814 ], [ 213820.35803177949856, 540660.728401132975705 ], [ 213826.297409218153916, 540696.238211360177957 ], [ 213799.177552434644895, 540700.77773553377483 ], [ 213791.276594528317219, 540702.07759709469974 ], [ 213785.338216749369167, 540666.587786734569818 ], [ 213793.228175071679289, 540665.267925156396814 ] ] ], [ [ [ 211227.906777677271748, 541031.245447596535087 ], [ 211228.717065797623945, 541031.059900172287598 ], [ 211227.871885673870565, 541031.217930601444095 ], [ 211227.906777677271748, 541031.245447596535087 ] ] ] ] } },
{ "type": "Feature", "properties": { "landuse_category": "준주거지역", "signgu_code": "41130", "source_layer": "용도지역2", "area_name": "wirye_plan_area", "source_version": "2024_01_original", "area_sqm": 410665.21780902136, "area_ha": 41.066521780902136 }, "geometry": { "type": "MultiPolygon", "coordinates": [ [ [ [ 211615.934536749409745, 540915.842657232074998 ], [ 211668.435733036545571, 540939.533315591514111 ], [ 211678.2735881448898, 540943.619441809714772 ], [ 211688.340451144089457, 540947.104576584766619 ], [ 211718.634055237373104, 540956.58099032449536 ], [ 211749.166798932594247, 540957.311478513292968 ], [ 211749.781813750596484, 540956.091498308232985 ], [ 211797.273181807540823, 540971.645141335669905 ], [ 211793.525091387564316, 540979.088020625873469 ], [ 211798.944786408043001, 540995.25397788756527 ], [ 211800.659761592716677, 540995.939000114332885 ], [ 211804.872706529597053, 540997.257057655835524 ], [ 211832.124371064797742, 541004.503440202446654 ], [ 211841.30773035029415, 540977.755804637447 ], [ 211876.40926326988847, 540989.252279937267303 ], [ 211947.411558310239343, 540997.686360972933471 ], [ 212023.438911469944287, 541000.044572404469363 ], [ 212074.113527812500251, 540998.683403552160598 ], [ 212081.452628885075683, 540988.807602007407695 ], [ 212084.803604081098456, 540988.682657251716591 ], [ 212103.54346920773969, 540987.746968109044246 ], [ 212104.15025933473953, 541000.414875738089904 ], [ 212123.376104728144128, 541000.458186567644589 ], [ 212155.025850227073533, 541000.528698269510642 ], [ 212160.406806958868401, 541000.540785268531181 ], [ 212159.488852905342355, 540998.15578964818269 ], [ 212158.881897946965182, 540995.672799855354242 ], [ 212158.596941319614416, 540993.133815723820589 ], [ 212154.757269580033608, 540912.959400296444073 ], [ 212149.657306516630342, 540913.199315817561001 ], [ 212149.31738190035685, 540908.709346532938071 ], [ 212148.907457845110912, 540904.219376115361229 ], [ 212148.40753434621729, 540899.739404159830883 ], [ 212147.837611249909969, 540895.269430989283137 ], [ 212145.377872064040275, 540880.369511360768229 ], [ 212144.177977793762693, 540874.429539852542803 ], [ 212142.858084487321321, 540868.489566399017349 ], [ 212141.428191574726952, 540862.579590926878154 ], [ 212146.511154807260027, 540862.337675144663081 ], [ 212142.838398303079884, 540849.107722410466522 ], [ 212138.548643709946191, 540836.064758183900267 ], [ 212133.653890476038214, 540823.236782427760772 ], [ 212128.162138090003282, 540810.651795050594956 ], [ 212122.087385967111913, 540798.33879604539834 ], [ 212101.305195573077071, 540758.58678031922318 ], [ 212096.840193556039594, 540760.919689243193716 ], [ 212088.530518810817739, 540744.929683723254129 ], [ 212083.902699963073246, 540736.023680658545345 ], [ 212041.337680526368786, 540758.277812321903184 ], [ 212000.856257429724792, 540680.847781720221974 ], [ 211947.778232525626663, 540708.641698621562682 ], [ 211934.227219916152535, 540716.124418982770294 ], [ 211921.02019499024027, 540724.198140139109455 ], [ 211908.183157773077255, 540732.848862632527016 ], [ 211895.741108347778209, 540742.058587005129084 ], [ 211883.718046835332643, 540751.808313803281635 ], [ 211872.138973306340631, 540762.081043564947322 ], [ 211861.024887938372558, 540772.855776798329316 ], [ 211850.397790889575845, 540784.111514031654224 ], [ 211840.278682365285931, 540795.825255787465721 ], [ 211830.687562544102548, 540807.976002562092617 ], [ 211821.643431679927744, 540820.538754860521294 ], [ 211788.8849609454046, 540804.036357904900797 ], [ 211734.391935534164077, 540832.571245915722102 ], [ 211728.539932815067004, 540835.635126502253115 ], [ 211709.700478549086256, 540873.03451989905443 ], [ 211700.627571340563009, 540871.789383133407682 ], [ 211691.485653407609789, 540871.241239626891911 ], [ 211682.328724317048909, 540871.39009025762789 ], [ 211673.209783614787739, 540872.237935861106962 ], [ 211664.181830972782336, 540873.7787773454329 ], [ 211655.297866127366433, 540876.002615649485961 ], [ 211646.609888845094247, 540878.8984517052304 ], [ 211638.166899015486706, 540882.448286445694976 ], [ 211630.019896561250789, 540886.632120858994313 ], [ 211622.215881526877638, 540891.423955918522552 ], [ 211614.799853965640068, 540896.797792554018088 ], [ 211607.815814050845802, 540902.721631746389903 ], [ 211601.302762030274607, 540909.160474400385283 ], [ 211615.934536749409745, 540915.842657232074998 ] ] ], [ [ [ 211700.396131103421794, 541208.122665151720867 ], [ 211701.336093800375238, 541209.962665512226522 ], [ 211701.816074909409508, 541210.892665771418251 ], [ 211702.286056256853044, 541211.812665956211276 ], [ 211702.756037442566594, 541212.742666052654386 ], [ 211703.236018389754463, 541213.682666233391501 ], [ 211703.705999574711313, 541214.612666331930086 ], [ 211704.645961623842595, 541216.492666369769722 ], [ 211705.115942485717824, 541217.442666309885681 ], [ 211705.58592351252446, 541218.382666328456253 ], [ 211706.525885237351758, 541220.282666203682311 ], [ 211706.985866019502282, 541221.24266589875333 ], [ 211707.455846720200498, 541222.202665754710324 ], [ 211707.915827499877196, 541223.162665453390218 ], [ 211708.385808041406563, 541224.132665228680708 ], [ 211708.845788820355665, 541225.092664924450219 ], [ 211709.305769438622519, 541226.062664538272657 ], [ 211709.765749896789202, 541227.042664074338973 ], [ 211710.2257303565857, 541228.022663606679998 ], [ 211710.675710893468931, 541229.002662978484295 ], [ 211711.135691350908019, 541229.982662513735704 ], [ 211712.485632477299077, 541232.952660386217758 ], [ 211713.385592902108328, 541234.952658809954301 ], [ 211713.825573198730126, 541235.952657858841121 ], [ 211714.265553331264528, 541236.96265682647936 ], [ 211714.705533462343737, 541237.972655795514584 ], [ 211715.135513674991671, 541238.982654603198171 ], [ 211715.575493645883398, 541240.002653489471413 ], [ 211716.005473695171531, 541241.022652213578112 ], [ 211716.425453662377549, 541242.052650698460639 ], [ 211716.855433552118484, 541243.082649342599325 ], [ 211717.27541351862601, 541244.112647826783359 ], [ 211717.695393488771515, 541245.14264630805701 ], [ 211718.115373294102028, 541246.182644710177556 ], [ 211718.525353021395858, 541247.232642871676944 ], [ 211718.935332906490657, 541248.272641112329438 ], [ 211719.335312710813014, 541249.322639111545868 ], [ 211719.745292275038082, 541250.382637190166861 ], [ 211720.145272079622373, 541251.43263518740423 ], [ 211720.535251640394563, 541252.502632863121107 ], [ 211720.925231366767548, 541253.562630616826937 ], [ 211721.315210926753934, 541254.632628289866261 ], [ 211721.695190569938859, 541255.702625805628486 ], [ 211722.455149526998866, 541257.862620669533499 ], [ 211722.82512892561499, 541258.952617860515602 ], [ 211723.545087881211657, 541261.132611914537847 ], [ 211723.895067762845429, 541262.20260894310195 ], [ 211724.155051438807277, 541263.082606045878492 ], [ 211724.465031640575035, 541264.152602427289821 ], [ 211725.556975092447829, 541267.10659625462722 ], [ 211727.701837516797241, 541274.546570913982578 ], [ 211728.076813476742245, 541275.846566490130499 ], [ 211731.110570309334435, 541289.371506417402998 ], [ 211733.326331103075063, 541303.056431814096868 ], [ 211734.718096747994423, 541316.849343002075329 ], [ 211749.533989588875556, 541316.137588535202667 ], [ 211750.188765523489565, 541329.659489982994273 ], [ 211943.243369207892101, 541320.392689450527541 ], [ 211944.102144164062338, 541333.872594556189142 ], [ 211945.611619835253805, 541365.522363543976098 ], [ 211977.141391576529713, 541364.022886005695909 ], [ 211975.62191615474876, 541332.363116928609088 ], [ 211974.76514120149659, 541318.882211861899123 ], [ 212118.10010446672095, 541312.016587425488979 ], [ 212116.986679891997483, 541277.015851837350056 ], [ 212115.4982580843498, 541242.0291100544855 ], [ 212108.506677139754174, 541096.023174927104264 ], [ 212106.780273390613729, 541060.035437324317172 ], [ 212087.855410098040011, 541060.95012363162823 ], [ 211748.959860938659403, 541077.184507840080187 ], [ 211743.454894846770912, 541077.813413677504286 ], [ 211738.079916048824089, 541079.163315799785778 ], [ 211732.929924201278482, 541081.208215955412015 ], [ 211728.092919170478126, 541083.913115847622976 ], [ 211723.654901024623541, 541087.23101725243032 ], [ 211719.692870070168283, 541091.104921871447004 ], [ 211716.952835430769483, 541094.601849308121018 ], [ 211707.245992294716416, 541089.711731690447778 ], [ 211705.167859879235039, 541098.923623714945279 ], [ 211704.827851599984569, 541099.603612727136351 ], [ 211698.467707234784029, 541111.673412390984595 ], [ 211691.677570197643945, 541123.503207032335922 ], [ 211684.447440890566213, 541135.072996649425477 ], [ 211682.027382283326006, 541139.892918584402651 ], [ 211679.887319165369263, 541144.852843920933083 ], [ 211678.057251784106484, 541149.922773382510059 ], [ 211676.527180220728042, 541155.102706814650446 ], [ 211675.317104964866303, 541160.352644858066924 ], [ 211700.396131103421794, 541208.122665151720867 ] ] ], [ [ [ 212413.855636327818502, 540762.176810015458614 ], [ 212316.093806699907873, 540614.610417513060383 ], [ 212306.801802414556732, 540619.469227951369248 ], [ 212282.302790849469602, 540632.296728018904105 ], [ 212287.890610252856277, 540640.69375074992422 ], [ 212297.920286128472071, 540655.763791569508612 ], [ 212300.678196690394543, 540659.926802635542117 ], [ 212257.907177038694499, 540682.288930087466724 ], [ 212282.290386798296822, 540719.064028184628114 ], [ 212287.299400460789911, 540715.743136032251641 ], [ 212300.649436853069346, 540706.893423464847729 ], [ 212313.96947300148895, 540698.073710165568627 ], [ 212318.136484310147353, 540695.314799856045283 ], [ 212355.980257765389979, 540752.392952132271603 ], [ 212359.5761320485326, 540758.382962037110701 ], [ 212362.622005909855943, 540764.670960629009642 ], [ 212365.09288037425722, 540771.205947928130627 ], [ 212366.968756443733582, 540777.935924023855478 ], [ 212368.235635120188817, 540784.805889133131132 ], [ 212368.881517361092847, 540791.762843489763327 ], [ 212371.74352748261299, 540851.509408018901013 ], [ 212376.746491266763769, 540851.273490900057368 ], [ 212377.596193138771923, 540869.273359501035884 ], [ 212378.295945089135785, 540884.253250023815781 ], [ 212379.135647526563844, 540902.223118698224425 ], [ 212374.184683279279852, 540902.462036630371585 ], [ 212379.894707967177965, 541021.680167558137327 ], [ 212384.90366606216412, 541021.792247739620507 ], [ 212412.573439256520942, 541022.122692988370545 ], [ 212426.551320016937098, 541022.577915593632497 ], [ 212426.252422246034257, 541016.409960499498993 ], [ 212440.123306324530859, 541016.713182598701678 ], [ 212442.093245885393117, 541019.473192229750566 ], [ 212442.943200396839529, 541021.86318671121262 ], [ 212446.463153124350356, 541023.043234177632257 ], [ 212449.12312503697467, 541023.463273849105462 ], [ 212536.722397896810435, 541025.07467896991875 ], [ 212542.732347697718069, 541025.204775216639973 ], [ 212546.74131417190074, 541025.293839399586432 ], [ 212539.000027432455681, 540861.499034891952761 ], [ 212542.954998908186099, 540861.306100471294485 ], [ 212548.914955914224265, 540861.016199287725613 ], [ 212568.234815568721388, 540860.1365191367222 ], [ 212568.454813969932729, 540860.126522775623016 ], [ 212570.064802707696799, 540860.026549646398053 ], [ 212571.924789281038102, 540859.936580481939018 ], [ 212575.624765017040772, 540859.606643036124296 ], [ 212579.314743422437459, 540859.116706721368246 ], [ 212582.984724418725818, 540858.476771291811019 ], [ 212586.614708163280739, 540857.686836426029913 ], [ 212590.214694571186556, 540856.746902281302027 ], [ 212593.774683570256457, 540855.666968620498665 ], [ 212597.284675558505114, 540854.427035436965525 ], [ 212600.734670126403216, 540853.057102332357317 ], [ 212604.134667525650002, 540851.537169629358687 ], [ 212607.464667753432877, 540849.877236917382106 ], [ 212610.724670643015997, 540848.087304125772789 ], [ 212613.904676277947146, 540846.167371085844934 ], [ 212615.454680548515171, 540845.137404481763951 ], [ 212678.384852214367129, 540803.428759499569423 ], [ 212693.793895536393393, 540793.137091918615624 ], [ 212594.118128562578931, 540642.658691436052322 ], [ 212413.855636327818502, 540762.176810015458614 ] ] ], [ [ [ 212439.411780669935979, 541296.644913088646717 ], [ 212448.813527938647894, 541492.918481751927175 ], [ 212455.416243087820476, 541630.779476207215339 ], [ 212469.183123627444729, 541631.34869453124702 ], [ 212531.632672097592149, 541628.349729956127703 ], [ 212571.572383198799798, 541626.440392110031098 ], [ 212575.360355779586826, 541626.260454900679179 ], [ 212559.271914117329288, 541290.903899993048981 ], [ 212655.651217401056783, 541286.28749773837626 ], [ 212655.217439480009489, 541272.784599625272676 ], [ 212650.569060490495758, 541174.955313394428231 ], [ 212558.179727751703467, 541179.413781599374488 ], [ 212550.1897852269758, 541179.813649013871327 ], [ 212548.329798820632277, 541179.893618256086484 ], [ 212535.889889164507622, 541180.46341225807555 ], [ 212533.929904367570998, 541180.49338028265629 ], [ 212531.969921835756395, 541180.383349437732249 ], [ 212530.009941246971721, 541180.153319561039098 ], [ 212528.079962522548158, 541179.793291220674291 ], [ 212446.710903597326251, 541161.892118280986324 ], [ 212432.990002016478684, 541162.59689046535641 ], [ 212439.411780669935979, 541296.644913088646717 ] ] ], [ [ [ 212720.95747586817015, 540558.519422807497904 ], [ 212730.245493825816084, 540552.820619087666273 ], [ 212739.912497955287108, 540547.788816122803837 ], [ 212749.908488273387775, 540543.448012919630855 ], [ 212740.898786054574884, 540529.501979469438083 ], [ 212729.839144318306353, 540512.831934791174717 ], [ 212720.729351836518617, 540504.511854381416924 ], [ 212657.971384969190694, 540409.901601005461998 ], [ 212659.851528859813698, 540400.081710573867895 ], [ 212729.511757874657633, 540351.513229478499852 ], [ 212718.192115265497705, 540335.02317913051229 ], [ 212713.022278309537796, 540327.503156046732329 ], [ 212707.342457567050587, 540319.233130751410499 ], [ 212701.532640453864587, 540310.803104642545804 ], [ 212697.63276307869819, 540305.153087046113797 ], [ 212691.372959919390269, 540296.083058811025694 ], [ 212687.093094802927226, 540289.863039654796012 ], [ 212686.343118278542534, 540288.78303621977102 ], [ 212674.505484991474077, 540271.971980081754737 ], [ 212658.49243318894878, 540283.084631364443339 ], [ 212451.48975091232569, 540427.539116899715737 ], [ 212594.118128562578931, 540642.658691436052322 ], [ 212720.95747586817015, 540558.519422807497904 ] ] ], [ [ [ 213207.097364046319854, 541004.725697513553314 ], [ 213263.056939136411529, 541003.326615030993707 ], [ 213284.275778024864849, 541002.795962941367179 ], [ 213283.726807173632551, 541001.266966372611932 ], [ 213282.336876910587307, 540997.646973037859425 ], [ 213280.886946639075177, 540994.056978491833434 ], [ 213279.357016521447804, 540990.496982406591997 ], [ 213277.787085104908329, 540987.036984866252169 ], [ 213268.590086022217292, 540991.52279977267608 ], [ 213264.578249236539705, 540983.424800065113232 ], [ 213260.165412241156446, 540975.537792166927829 ], [ 213255.361574631242547, 540967.881776074995287 ], [ 213246.067875931970775, 540953.864738537115045 ], [ 213237.867855825781589, 540959.156563096679747 ], [ 213235.557850497949403, 540960.626513840514235 ], [ 213206.887771825451637, 540979.645896262372844 ], [ 213207.097364046319854, 541004.725697513553314 ] ] ] ] } },
{ "type": "Feature", "properties": { "landuse_category": "자연녹지지역", "signgu_code": "41450", "source_layer": "용도지역2", "area_name": "wirye_plan_area", "source_version": "2024_01_original", "area_sqm": 2188.1151744318472, "area_ha": 0.21881151744318472 }, "geometry": { "type": "MultiPolygon", "coordinates": [ [ [ [ 214580.832283617695794, 542992.338663866161369 ], [ 214580.826241188478889, 542992.338663767674007 ], [ 214567.563952244730899, 542992.645392004982568 ], [ 214565.323968103679363, 542993.375391290290281 ], [ 214550.034053490322549, 543008.304588308441453 ], [ 214547.168081479030661, 543021.332268758676946 ], [ 214541.835922113445122, 543031.865056288428605 ], [ 214541.808334106492111, 543031.886051765177399 ], [ 214541.793563250801526, 543031.914676786400378 ], [ 214539.412755207886221, 543033.688427572837099 ], [ 214528.275867667398416, 543042.06775698706042 ], [ 214525.518822406069376, 543045.045715589076281 ], [ 214525.514427831280045, 543045.050537256989628 ], [ 214519.773588853277033, 543051.294168193824589 ], [ 214518.731123122299323, 543054.663753005443141 ], [ 214518.685955095221289, 543054.810113396611996 ], [ 214518.498882222105749, 543055.419596867519431 ], [ 214582.127355806936976, 542992.316370603977703 ], [ 214580.832283617695794, 542992.338663866161369 ] ] ], [ [ [ 214444.922653921268648, 543098.480989064672031 ], [ 214441.332678043283522, 543097.10990919044707 ], [ 214434.492795044323429, 543095.379831754718907 ], [ 214427.482850475644227, 543094.820701584918424 ], [ 214418.332971973897656, 543090.340608875849284 ], [ 214406.503114309743978, 543086.350458987755701 ], [ 214402.203155436989618, 543086.690352330100723 ], [ 214389.183138185093412, 543092.97909189958591 ], [ 214382.953138022508938, 543097.269971866393462 ], [ 214377.364067686663475, 543105.029828377417289 ], [ 214376.410077577806078, 543106.155780381173827 ], [ 214375.828855053754523, 543105.501174187404104 ], [ 214365.613531171344221, 543117.57116258807946 ], [ 214364.554135669226525, 543118.932084131869487 ], [ 214376.079257410077844, 543116.228272820007987 ], [ 214380.758545075601432, 543110.439263603417203 ], [ 214381.515573250333546, 543109.502271720208228 ], [ 214389.992237920872867, 543099.015677404589951 ], [ 214398.859179380757269, 543098.518205589265563 ], [ 214418.319259594834875, 543096.609173795673996 ], [ 214419.362627404305385, 543097.832142274128273 ], [ 214417.170335602044361, 543104.594076084205881 ], [ 214416.46697994164424, 543106.753250907058828 ], [ 214448.070204289339017, 543099.339085798361339 ], [ 214444.922653921268648, 543098.480989064672031 ] ] ], [ [ [ 214263.18399493128527, 543140.008712509647012 ], [ 214260.054013486049371, 543140.109246879233979 ], [ 214251.131686031556455, 543142.30647215177305 ], [ 214251.124056660482893, 543142.308852377696894 ], [ 214248.484046289464459, 543143.349023340502754 ], [ 214241.969493901822716, 543144.407136696157977 ], [ 214236.105938931257697, 543145.363393755513243 ], [ 214235.004924330482027, 543145.994596395059489 ], [ 214231.191564389970154, 543148.214121133205481 ], [ 214230.831518649385544, 543148.352114669396542 ], [ 214230.823523056402337, 543148.355288340826519 ], [ 214225.604168455902254, 543150.578574431012385 ], [ 214223.014137051737634, 543152.138517399202101 ], [ 214220.938132672570646, 543154.12650479900185 ], [ 214220.914694996667095, 543154.148904139292426 ], [ 214218.454532261763234, 543156.5168260919163 ], [ 214216.06292343622772, 543158.146168689243495 ], [ 214214.218850595469121, 543160.146305748494342 ], [ 214214.117103629891062, 543160.280519322608598 ], [ 214212.933227880508639, 543163.200276366085745 ], [ 214212.872735318698687, 543163.432257148553617 ], [ 214223.018461812636815, 543152.136571218376048 ], [ 214270.121352929418208, 543141.08616041240748 ], [ 214263.18399493128527, 543140.008712509647012 ] ] ], [ [ [ 214162.000792786333477, 543214.770872565452009 ], [ 214158.943620099889813, 543215.216986379935406 ], [ 214158.298422027757624, 543215.254207062534988 ], [ 214157.513027095788857, 543215.305341374711134 ], [ 214155.825050747138448, 543215.403335671755485 ], [ 214154.804063788149506, 543215.344298594980501 ], [ 214144.033773031493183, 543214.806774763972498 ], [ 214141.223791820462793, 543215.186731014866382 ], [ 214124.557166124955984, 543223.402764057391323 ], [ 214121.73797502394882, 543238.448617397109047 ], [ 214119.44490320640034, 543242.173525730962865 ], [ 214119.406511387613136, 543242.236146673560143 ], [ 214118.023693574476056, 543243.246919313911349 ], [ 214119.394664690305945, 543246.368681481457315 ], [ 214111.501826042047469, 543262.571242522564717 ], [ 214100.11317149316892, 543285.950263648410328 ], [ 214102.77113397535868, 543284.421327391290106 ], [ 214103.154436323995469, 543285.586490950663574 ], [ 214124.562476737366524, 543261.751972936210223 ], [ 214122.351395497884369, 543259.673065392533317 ], [ 214122.804467925830977, 543255.163099379977211 ], [ 214125.111575696850196, 543247.798206009669229 ], [ 214128.415406849788269, 543242.516258764197119 ], [ 214140.706684979260899, 543231.54755248175934 ], [ 214147.987742074037669, 543224.790767084457912 ], [ 214154.52374464579043, 543222.06585844757501 ], [ 214160.591426959465025, 543221.639349523349665 ], [ 214167.466042950953124, 543213.98553555784747 ], [ 214162.000792786333477, 543214.770872565452009 ] ] ] ] } },
{ "type": "Feature", "properties": { "landuse_category": "준주거지역", "signgu_code": "41450", "source_layer": "용도지역2", "area_name": "wirye_plan_area", "source_version": "2024_01_original", "area_sqm": 157893.78295794947, "area_ha": 15.789378295794947 }, "geometry": { "type": "MultiPolygon", "coordinates": [ [ [ [ 213863.223854754556669, 543119.108273793826811 ], [ 214006.039113488688599, 543217.624794130795635 ], [ 214040.675650135613978, 543167.412761095329188 ], [ 213897.86039130834979, 543068.896240701666102 ], [ 213903.53847927445895, 543060.664399210247211 ], [ 213863.194253605266567, 543032.833969758008607 ], [ 213752.508489084139001, 543193.288955348427407 ], [ 213784.385940701991785, 543214.452225818764418 ], [ 213793.347048391064163, 543220.404917086823843 ], [ 213863.223854754556669, 543119.108273793826811 ] ] ], [ [ [ 213558.137237917428138, 542382.447273891186342 ], [ 213555.157350900990423, 542376.947269976837561 ], [ 213525.968458005576394, 542323.047231853939593 ], [ 213523.328570203244453, 542317.427234416478314 ], [ 213522.358604222274153, 542315.807231771410443 ], [ 213519.738687745149946, 542311.947220457717776 ], [ 213513.488836303644348, 542305.867168235010467 ], [ 213507.228985264780931, 542299.767116010771133 ], [ 213472.629860416549491, 542276.920019209966995 ], [ 213466.181696348910918, 542274.233300637919456 ], [ 213440.529913057223894, 542275.466231243335642 ], [ 213430.279987192479894, 542275.956061196397059 ], [ 213413.038516491302289, 542375.244980617426336 ], [ 213208.089999111165525, 542385.041580558754504 ], [ 213200.580166354222456, 542378.431512224837206 ], [ 213191.353365179034881, 542185.542919409112073 ], [ 213189.843894852645462, 542153.593152774032205 ], [ 213189.304133097000886, 542139.153260549996048 ], [ 213184.454400993592571, 542125.013296075281687 ], [ 213180.774893274006899, 542096.443466993863694 ], [ 213184.294875617342768, 542095.793529267772101 ], [ 213186.935034128575353, 542084.703661522711627 ], [ 213186.715043178119231, 542084.25366158830002 ], [ 213186.445060729980469, 542083.303664880106226 ], [ 213180.021635571843944, 542050.992821523919702 ], [ 213043.820287917449605, 542078.048396687489003 ], [ 213043.843279878608882, 542078.533393147750758 ], [ 213062.758731305279071, 542473.425512327812612 ], [ 213063.291588309715735, 542481.988451834418811 ], [ 213064.069443640764803, 542490.533395456848666 ], [ 213066.102175676322076, 542506.068302980158478 ], [ 213068.02416283704224, 542505.910335396882147 ], [ 213083.759057711926289, 542504.618600777117535 ], [ 213115.151830615795916, 542503.11312159220688 ], [ 213127.831738887180109, 542502.50533195596654 ], [ 213254.937819462851621, 542496.411440756171942 ], [ 213328.827284485392738, 542492.902666431036778 ], [ 213326.797985634359065, 542450.632974708452821 ], [ 213346.777841166680446, 542449.673306219512597 ], [ 213349.196978096908424, 542501.742925170692615 ], [ 213391.716672699520132, 542499.57363172469195 ], [ 213392.676332353294129, 542520.103481582831591 ], [ 213495.984880738978973, 542558.62484491604846 ], [ 213605.783769973320886, 542572.906509190564975 ], [ 213609.953730579727562, 542573.276573790819384 ], [ 213611.859536237752764, 542573.308828452602029 ], [ 213637.551602034334792, 542559.546086340909824 ], [ 213643.963784443389159, 542553.147287457250059 ], [ 213647.903830192517489, 542548.377389808883891 ], [ 213650.193868251808453, 542544.897455008933321 ], [ 213651.933915575849824, 542541.117513712146319 ], [ 213652.983972153393552, 542537.107563090510666 ], [ 213653.334036603861023, 542532.957602250971831 ], [ 213653.104105376172811, 542528.827631850610487 ], [ 213651.944178354373435, 542524.897644762997515 ], [ 213650.284253226564033, 542521.09764852351509 ], [ 213648.174328141147271, 542517.517643215600401 ], [ 213558.137237917428138, 542382.447273891186342 ] ] ], [ [ [ 213403.874858879426029, 541988.310953990439884 ], [ 213393.328836509143002, 541994.902729948167689 ], [ 213382.383825774566503, 542000.973503642599098 ], [ 213371.137826832506107, 542006.465277131763287 ], [ 213371.066826849099016, 542006.499275707057677 ], [ 213382.234470985364169, 542022.947323960135691 ], [ 213423.624140129861189, 542022.917994812945835 ], [ 213423.974226431455463, 542017.418044849880971 ], [ 213417.334429602982709, 542008.158011969411746 ], [ 213403.874858879426029, 541988.310953990439884 ] ] ], [ [ [ 213500.683227685774909, 541917.716091944486834 ], [ 213486.169171543850098, 541928.351770995184779 ], [ 213444.480010294821113, 541958.90184911491815 ], [ 213462.58446607957012, 541983.548943644971587 ], [ 213465.104392444365658, 541986.848957857233472 ], [ 213477.044033604237484, 542003.099020234076306 ], [ 213479.903946554404683, 542007.059034631005488 ], [ 213481.943883567670127, 542009.939044452970847 ], [ 213482.323871940578101, 542010.469046336016618 ], [ 213506.103974508092506, 541992.38957747828681 ], [ 213523.604043586499756, 541979.479965164093301 ], [ 213520.474631624412723, 541944.730194735922851 ], [ 213500.683227685774909, 541917.716091944486834 ] ] ] ] } },
{ "type": "Feature", "properties": { "landuse_category": "제3종일반주거지역", "signgu_code": "41450", "source_layer": "용도지역2", "area_name": "wirye_plan_area", "source_version": "2024_01_original", "area_sqm": 702520.17479266017, "area_ha": 70.252017479266016 }, "geometry": { "type": "MultiPolygon", "coordinates": [ [ [ [ 213863.194253605266567, 543032.833969758008607 ], [ 213903.53847927445895, 543060.664399210247211 ], [ 213897.86039130834979, 543068.896240701666102 ], [ 214040.675650135613978, 543167.412761095329188 ], [ 214075.881195583584486, 543116.377743893535808 ], [ 214099.751737403334118, 543132.844998043496162 ], [ 214101.45576380181592, 543130.375045612221584 ], [ 214148.374863220524276, 543162.741545193828642 ], [ 214169.933449422358535, 543177.6127747555729 ], [ 214171.369424559612526, 543178.436791390995495 ], [ 214172.922402782074641, 543179.012811923748814 ], [ 214174.549384691927116, 543179.324835791136138 ], [ 214176.205370795360068, 543179.363862328114919 ], [ 214177.844361476047197, 543179.128890801221132 ], [ 214179.42335698538227, 543178.6259204687085 ], [ 214180.896357445162721, 543177.869950455613434 ], [ 214182.225362820434384, 543176.881979981902987 ], [ 214183.37237300875131, 543175.687008227338083 ], [ 214184.307387686858419, 543174.320034422911704 ], [ 214192.067547116806963, 543160.654270560247824 ], [ 214201.792615542188287, 543151.630501094623469 ], [ 214204.952673510066234, 543146.494593789917417 ], [ 214208.666720798268216, 543141.743692361167632 ], [ 214212.885756842821138, 543137.436795536545105 ], [ 214217.559781200310681, 543133.625902088358998 ], [ 214222.629793533385964, 543130.361010656226426 ], [ 214228.030793731712038, 543127.681119868182577 ], [ 214233.697781749157002, 543125.621228389209136 ], [ 214239.559757775248727, 543124.204334884649143 ], [ 214245.541722076624865, 543123.451437965151854 ], [ 214251.571675114042591, 543123.369536411133595 ], [ 214257.57261748611927, 543123.959628961863928 ], [ 214264.108548685384449, 543124.974726761574857 ], [ 214305.080117451521801, 543131.334339862922207 ], [ 214314.500071540591307, 543129.513507319730707 ], [ 214350.501058019901393, 543112.568227896466851 ], [ 214353.968102445884142, 543108.116320046945475 ], [ 214365.516231242654612, 543094.470617438666523 ], [ 214373.767351191898342, 543082.99884381738957 ], [ 214342.66675476077944, 543011.796913993079215 ], [ 214346.765739582217066, 543010.70898924220819 ], [ 214350.772729988530045, 543009.3220654114848 ], [ 214356.913719438598491, 543006.940184216713533 ], [ 214353.908855037821922, 543000.061190993059427 ], [ 214384.176803077047225, 542988.31977656960953 ], [ 214379.341941815859172, 542982.15074793912936 ], [ 214359.933498768135905, 542957.385633015655912 ], [ 214358.292551534221275, 542954.941626126528718 ], [ 214357.02860476859496, 542952.282627083943225 ], [ 214353.709770067944191, 542943.726642295136116 ], [ 214326.931103730254108, 542874.695764999371022 ], [ 214326.02116032099002, 542871.65477477828972 ], [ 214325.604214666207554, 542868.508793398854323 ], [ 214325.690265404526144, 542865.336820384603925 ], [ 214326.276311283028917, 542862.217855050810613 ], [ 214327.349351121898508, 542859.230896547669545 ], [ 214328.880383923184127, 542856.451943795778789 ], [ 214344.828628501592902, 542833.492387627833523 ], [ 214345.512641509470996, 542832.35240791621618 ], [ 214346.03965707149473, 542831.132426302763633 ], [ 214346.399674924614374, 542829.853442458901554 ], [ 214353.923192408372415, 542794.221851899521425 ], [ 214354.13021764633595, 542792.562868640758097 ], [ 214354.059245306794764, 542790.891880968469195 ], [ 214353.709274617489427, 542789.256888483650982 ], [ 214353.093304744950728, 542787.702891031978652 ], [ 214352.225334862188902, 542786.273888484807685 ], [ 214351.132364135992248, 542785.007880976190791 ], [ 214349.844391714636004, 542783.942868681740947 ], [ 214315.810047445382224, 542760.302507525891997 ], [ 214312.563063340086956, 542760.925449853530154 ], [ 214309.641085125185782, 542761.024401675676927 ], [ 214306.722111250128364, 542760.85435571835842 ], [ 214299.505159214022569, 542761.459233819623478 ], [ 214292.388194417551858, 542762.802107588620856 ], [ 214285.447216490400024, 542764.867978378897533 ], [ 214278.619231884658802, 542767.289848127984442 ], [ 214265.431245429412229, 542772.96658849902451 ], [ 214256.686298756045289, 542773.995438405079767 ], [ 214249.762362245586701, 542773.498330151080154 ], [ 214246.289379999478115, 542774.118268836289644 ], [ 214239.73939706289093, 542776.300145031535067 ], [ 214232.486418215092272, 542778.577009063097648 ], [ 214219.42835679592099, 542788.813714750343934 ], [ 214205.078251981409267, 542802.365372744738124 ], [ 214197.900212780979928, 542808.328208253136836 ], [ 214189.930206590302987, 542812.64604418980889 ], [ 214172.100228910858277, 542820.074695159681141 ], [ 214169.672237458726158, 542820.746650370536372 ], [ 214175.220868091884768, 542840.789578619063832 ], [ 214141.591346985456767, 542889.541639979579486 ], [ 214078.160564257879741, 542845.785964605165645 ], [ 214018.804644648276735, 542931.831307886983268 ], [ 213822.054420426109573, 542796.109213475952856 ], [ 213768.87764400758897, 542808.590250715962611 ], [ 213751.098725022486178, 542812.376931948238052 ], [ 213733.177819129225099, 542815.426616831566207 ], [ 213715.146926156827249, 542817.73330592783168 ], [ 213697.035045944125159, 542819.292999744066037 ], [ 213678.875178257934749, 542820.103698830818757 ], [ 213660.697322892578086, 542820.163403688115068 ], [ 213651.619398169219494, 542820.005257814889774 ], [ 213641.872474315518048, 542820.124098861007951 ], [ 213632.150540942384396, 542820.817935675033368 ], [ 213622.485597827413585, 542822.084768784581684 ], [ 213612.912644753028871, 542823.920598791795783 ], [ 213617.405985194403911, 542800.694859102601185 ], [ 213596.606217024411308, 542796.670554438955151 ], [ 213557.613710140663898, 542785.516012455103919 ], [ 213526.386082085547969, 542778.000566968694329 ], [ 213479.534544349851785, 542772.634850902017206 ], [ 213443.664864454389317, 542770.613285854109563 ], [ 213418.526120801019715, 542767.221905795508064 ], [ 213381.494437893619761, 542765.961315788677894 ], [ 213340.382817517733201, 542762.859674534876831 ], [ 213296.330465218052268, 542744.669107457157224 ], [ 213260.348438200540841, 542764.126367232296616 ], [ 213245.299009740410838, 542736.296348035917617 ], [ 213238.423040527064586, 542737.796224494464695 ], [ 213228.79408001707634, 542740.120049687335268 ], [ 213202.05090747147915, 542754.521582661196589 ], [ 213210.567736406985205, 542770.337510340381414 ], [ 213213.65961858999799, 542776.079514083219692 ], [ 213213.700617029971909, 542776.155514135141857 ], [ 213214.591583090950735, 542777.809515219531022 ], [ 213219.321408543386497, 542786.242523779626936 ], [ 213259.545223923167214, 542839.457745979423635 ], [ 213277.260838071320904, 542854.508911560988054 ], [ 213285.674654802947771, 542861.657990197651088 ], [ 213299.088362644484732, 542873.054115576436743 ], [ 213304.457245696627069, 542877.6161657552002 ], [ 213335.513649691594765, 542899.03849612805061 ], [ 213364.324096761032706, 542918.912802606355399 ], [ 213383.962719888746506, 542932.45801154198125 ], [ 213404.657322703162208, 542946.734231697279029 ], [ 213416.239159514545463, 542951.077384353382513 ], [ 213426.970953545009252, 542958.480498525779694 ], [ 213434.747804295358947, 542963.844581267563626 ], [ 213445.749513345159357, 542976.357658557943068 ], [ 213459.57720899983542, 542988.299786268500611 ], [ 213471.578012614918407, 542994.483930861228146 ], [ 213492.113707952899858, 543003.129193928907625 ], [ 213492.204706607823027, 543003.167195097077638 ], [ 213498.394587803049944, 543007.437260954640806 ], [ 213528.247014869732084, 543028.028578597819433 ], [ 213545.84571649224381, 543037.737785481731407 ], [ 213583.342996807856252, 543063.603184487204999 ], [ 213596.967636872635921, 543079.07428043615073 ], [ 213602.023539824091131, 543082.562334233080037 ], [ 213701.409632249589777, 543151.11739191680681 ], [ 213704.185578963020816, 543153.032421458279714 ], [ 213704.201577928004554, 543153.088421265711077 ], [ 213707.730510179681005, 543155.52345881680958 ], [ 213738.319923005677992, 543176.625784365343861 ], [ 213749.900759795302292, 543180.969937047571875 ], [ 213750.850741548376391, 543181.625947152497247 ], [ 213752.746705154626397, 543182.933967330143787 ], [ 213748.996647079242393, 543188.369862640509382 ], [ 213748.055622798623517, 543190.332831536768936 ], [ 213752.508483227778925, 543193.288964169449173 ], [ 213863.194253605266567, 543032.833969758008607 ] ] ], [ [ [ 214224.361843670951203, 542756.346056680311449 ], [ 214230.285833546746289, 542754.045171295641921 ], [ 214236.796815416601021, 542751.948293780907989 ], [ 214242.794793597102398, 542750.332404065062292 ], [ 214248.920761188084725, 542749.30651166907046 ], [ 214250.92174899566453, 542749.070546018192545 ], [ 214255.227728820638731, 542748.188622947665863 ], [ 214259.323721872759052, 542746.594702218542807 ], [ 214263.091728379193228, 542744.33278156153392 ], [ 214266.425748136040056, 542741.467858730698936 ], [ 214269.229780567693524, 542738.082931504468434 ], [ 214273.9798533989524, 542731.245063684065826 ], [ 214080.68957732245326, 542596.980013019521721 ], [ 214051.861160326487152, 542636.94222327042371 ], [ 214038.659812761587091, 542664.903783664107323 ], [ 214036.397760766209103, 542669.228712098672986 ], [ 214033.791714715975104, 542673.356636544573121 ], [ 214028.693635727890069, 542680.747494266019203 ], [ 214026.248606445908081, 542683.761430310900323 ], [ 214023.365587400592631, 542686.360362604609691 ], [ 214020.116579017892946, 542688.482292810804211 ], [ 214016.576581539673498, 542690.075222568353638 ], [ 214012.83359486082918, 542691.10215360193979 ], [ 214008.976618707907619, 542691.536087573505938 ], [ 213948.877066292538075, 542693.610096537158825 ], [ 213945.744085591897601, 542693.967042866628617 ], [ 213942.706096222565975, 542694.81198680063244 ], [ 213939.83909792927443, 542696.122929745353758 ], [ 213937.214090646419208, 542697.868873103405349 ], [ 213934.895074576663319, 542700.005818266887218 ], [ 213932.941050106659532, 542702.480766619089991 ], [ 213931.401017846830655, 542705.231719456380233 ], [ 213930.31197860406246, 542708.190677925129421 ], [ 213929.700933361367788, 542711.283643062226474 ], [ 213929.583883221988799, 542714.434615740785375 ], [ 213931.421157563221641, 542758.294291607919149 ], [ 213941.709077497303952, 542758.151459544315003 ], [ 213951.988987964752596, 542758.596622607554309 ], [ 213962.225889262161218, 542759.628780234837905 ], [ 213972.387781692377757, 542761.24493193498347 ], [ 214016.384295024210587, 542769.534578320686705 ], [ 214024.532200100715272, 542771.365695641143247 ], [ 214032.532097251416417, 542773.75880602945108 ], [ 214040.346986965858378, 542776.701908981660381 ], [ 214047.937869770656107, 542780.182003968046047 ], [ 214055.267746235331288, 542784.182090529357083 ], [ 214062.302616973116528, 542788.681168281123973 ], [ 214100.463884665718069, 542815.005574580514804 ], [ 214160.885672088217689, 542798.276689201476984 ], [ 214164.2176621913095, 542797.241751578054391 ], [ 214167.477656207163818, 542796.000814446131699 ], [ 214176.499644910538336, 542792.241991050774232 ], [ 214181.483644530177116, 542789.804091531434096 ], [ 214186.137656261271331, 542786.782191370730288 ], [ 214190.39367988347658, 542783.223289090907201 ], [ 214200.272752061078791, 542773.892524545197375 ], [ 214203.823775540455244, 542770.690607955446467 ], [ 214207.518795175972627, 542767.654692358104512 ], [ 214213.524823431536788, 542762.945827727438882 ], [ 214218.748840279789874, 542759.326941623352468 ], [ 214224.361843670951203, 542756.346056680311449 ] ] ], [ [ [ 213133.398036768630845, 542666.528097957023419 ], [ 213109.537979894579621, 542667.670760451699607 ], [ 213109.769192829320673, 542668.580698491539806 ], [ 213124.827619147661608, 542696.540716756368056 ], [ 213139.8850454496569, 542724.501734993653372 ], [ 213140.972004011768149, 542726.521736296708696 ], [ 213150.145654534659116, 542743.553747434401885 ], [ 213169.735580839362228, 542734.006004403461702 ], [ 213133.398036768630845, 542666.528097957023419 ] ] ], [ [ [ 213043.843279878608882, 542078.533393147750758 ], [ 213020.607632993604057, 542079.646998866228387 ], [ 213021.596106248965953, 542100.250857488252223 ], [ 213023.645398177352035, 542142.950546090258285 ], [ 213027.215177800855599, 542154.790508369449526 ], [ 213032.373391715460457, 542262.499722629785538 ], [ 213036.501964034483535, 542348.589094637078233 ], [ 213042.369932182860794, 542471.108200685470365 ], [ 213042.789813632640289, 542478.21815008786507 ], [ 213043.369693959568394, 542485.31810216687154 ], [ 213044.018563855323009, 542491.49806539225392 ], [ 213064.069443640764803, 542490.533395456848666 ], [ 213063.291588309715735, 542481.988451834418811 ], [ 213062.758731305279071, 542473.425512327812612 ], [ 213043.843279878608882, 542078.533393147750758 ] ] ], [ [ [ 213318.598348093539244, 541815.057969895191491 ], [ 213319.448303547949763, 541817.387964872526936 ], [ 213320.698241059668362, 541820.627958989352919 ], [ 213322.018178496946348, 541823.837954481714405 ], [ 213323.408115858765086, 541827.017951350542717 ], [ 213324.858053227479104, 541830.167949431343004 ], [ 213326.377990521810716, 541833.28794888977427 ], [ 213327.957927981100511, 541836.367949643870816 ], [ 213329.607865207857685, 541839.427951692137867 ], [ 213331.327802681684261, 541842.437955276691355 ], [ 213333.09774024359649, 541845.417959912447259 ], [ 213334.337698083312716, 541847.407963950769044 ], [ 213342.625723087752704, 541841.769143706886098 ], [ 213348.935522352723638, 541851.043171126861125 ], [ 213433.740968760481337, 541966.771611638600007 ], [ 213444.480113693047315, 541958.901990221114829 ], [ 213444.541906626691343, 541958.856708698440343 ], [ 213486.169171543850098, 541928.351770995184779 ], [ 213500.68314761162037, 541917.715982676600106 ], [ 213500.688227707985789, 541917.71209205663763 ], [ 213500.745227918087039, 541917.671093310462311 ], [ 213568.194488875975367, 541868.24358480644878 ], [ 213578.619536493642954, 541860.154818955459632 ], [ 213588.583596889860928, 541851.505050154868513 ], [ 213598.05766987730749, 541842.32027773221489 ], [ 213607.012755218253005, 541832.629500979091972 ], [ 213615.384852238465101, 541822.505718268803321 ], [ 213642.515352147485828, 541839.973017009440809 ], [ 213663.005367690871935, 541828.893438361817971 ], [ 213717.125355546944775, 541802.914524768828414 ], [ 213727.995353790931404, 541797.654743314604275 ], [ 213734.86536330456147, 541793.674886720953509 ], [ 213747.905377886170754, 541786.335157196386717 ], [ 213750.385429816931719, 541781.905233100638725 ], [ 213751.7754572587437, 541779.525274811894633 ], [ 213756.865526053647045, 541772.765411792672239 ], [ 213765.98580190713983, 541751.235733159002848 ], [ 213770.946312426793156, 541717.276087327627465 ], [ 213784.666765984642552, 541682.506589954951778 ], [ 213787.806815227348125, 541677.916677838540636 ], [ 213792.206890520988964, 541671.096804112079553 ], [ 213806.157121256343089, 541649.967200487502851 ], [ 213815.177369073324371, 541630.217505848617293 ], [ 213829.03763439602335, 541606.997917604399845 ], [ 213830.087681727862218, 541603.557962347869761 ], [ 213839.288146660721395, 541570.31837935722433 ], [ 213841.978279054485029, 541560.818499518325552 ], [ 213853.548699918988859, 541529.128942418145016 ], [ 213861.048970264091622, 541508.739228284917772 ], [ 213861.348980664799456, 541507.949239511159249 ], [ 213872.289373191073537, 541478.319655579514802 ], [ 213873.099424226558767, 541474.769697317620739 ], [ 213873.809475252346601, 541471.269737030961551 ], [ 213875.259548221889418, 541466.049802592140622 ], [ 213879.179739790735766, 541452.289977005450055 ], [ 213883.899953798856586, 541436.750178724178113 ], [ 213888.100142480601789, 541423.030357346171513 ], [ 213888.940162655519089, 541421.370384335401468 ], [ 213892.900238233589334, 541414.750501848408021 ], [ 213893.770257034193492, 541413.16052875679452 ], [ 213897.330329818942118, 541406.910636805463582 ], [ 213900.030384202924324, 541402.220718347700313 ], [ 213900.94040219928138, 541400.66074566275347 ], [ 213901.470425987732597, 541398.930768193793483 ], [ 213906.9906528776919, 541382.200992451631464 ], [ 213908.060759179992601, 541375.111066922778264 ], [ 213909.520892984874081, 541366.1311629464617 ], [ 213907.921049961005338, 541357.231208742712624 ], [ 213906.341077824210515, 541356.291190719581209 ], [ 213904.551101371849654, 541355.721166310366243 ], [ 213897.431186820496805, 541353.961065136827528 ], [ 213895.681202273379313, 541353.871037510340102 ], [ 213877.57135163032217, 541353.590746350819245 ], [ 213870.451422661368269, 541352.720638005295768 ], [ 213868.661438760027522, 541352.61060989217367 ], [ 213859.631510649283882, 541352.630463430657983 ], [ 213829.041734054801054, 541353.939957270165905 ], [ 213827.051746406999882, 541354.159923256374896 ], [ 213825.941752691724105, 541354.319903984200209 ], [ 213824.851757198252017, 541354.579884229344316 ], [ 213823.781759921024786, 541354.939863992971368 ], [ 213822.581760932749603, 541355.469840279896744 ], [ 213820.691761468391633, 541356.369802408269607 ], [ 213818.761763619346311, 541357.189764531096444 ], [ 213816.801767631986877, 541357.909726974437945 ], [ 213814.801773581682937, 541358.529689574264921 ], [ 213812.77178107041982, 541359.06965233408846 ], [ 213810.731790416612057, 541359.499615817330778 ], [ 213808.661801464360906, 541359.839579540654086 ], [ 213806.581814210570883, 541360.079543908126652 ], [ 213804.491828496218659, 541360.229508840711787 ], [ 213802.401844562788028, 541360.269474658183753 ], [ 213800.311862084257882, 541360.219441197928973 ], [ 213798.221881393168587, 541360.059408628963865 ], [ 213797.181891492800787, 541359.949392666341737 ], [ 213763.922222772525856, 541355.918886302039027 ], [ 213762.732233911199728, 541355.818867828580551 ], [ 213761.522244233870879, 541355.778848546207882 ], [ 213760.32225318273413, 541355.818828784511425 ], [ 213759.122261161770439, 541355.918808536836877 ], [ 213757.932267762429547, 541356.098787808208726 ], [ 213756.762273070198717, 541356.348766838782467 ], [ 213755.602277001773473, 541356.678745386423543 ], [ 213754.462279802042758, 541357.068723774515092 ], [ 213753.352281228493666, 541357.528702083858661 ], [ 213752.27228144108085, 541358.048680394422263 ], [ 213751.222280280984705, 541358.638658631243743 ], [ 213749.712276161415502, 541359.638626107480377 ], [ 213738.382232647447381, 541367.918375819223002 ], [ 213736.282228061201749, 541369.23833115817979 ], [ 213734.1022260573518, 541370.438286169082858 ], [ 213731.852226880146191, 541371.498241174500436 ], [ 213729.5522302124009, 541372.42819641600363 ], [ 213727.192236289993161, 541373.218151816399768 ], [ 213724.792245119344443, 541373.858107777778059 ], [ 213722.362256292253733, 541374.368064298876561 ], [ 213719.902270136168227, 541374.728021544404328 ], [ 213717.43228632651153, 541374.947979755466804 ], [ 213714.942305107542779, 541375.017938853241503 ], [ 213712.462326239678077, 541374.937899319804274 ], [ 213709.992349558859132, 541374.717861077631824 ], [ 213708.76236215166864, 541374.54784252285026 ], [ 213707.282376903865952, 541374.367819996899925 ], [ 213705.79239027958829, 541374.277796584414318 ], [ 213704.302402033354156, 541374.28777236409951 ], [ 213702.812412493891316, 541374.377747499383986 ], [ 213701.342421334644314, 541374.557722233934328 ], [ 213699.872428718052106, 541374.827696244115941 ], [ 213671.832548025937285, 541381.307189756422304 ], [ 213669.952557554555824, 541381.647156560095027 ], [ 213668.062569106026785, 541381.867124169133604 ], [ 213665.872584843076766, 541381.977087802719325 ], [ 213666.002558047155617, 541383.567077093175612 ], [ 213666.262491659173975, 541387.537049306440167 ], [ 213666.402457495627459, 541389.577035130932927 ], [ 213675.409355865675025, 541576.595673520700075 ], [ 213641.289602587843547, 541578.215107670170255 ], [ 213600.899894293223042, 541580.154437667806633 ], [ 213598.809909393836278, 541580.254403000697494 ], [ 213586.949946936219931, 541583.794182317564264 ], [ 213331.011796082544606, 541596.059937186539173 ], [ 213310.925958378298674, 541595.396895331447013 ], [ 213311.650716579897562, 541610.533506839768961 ], [ 213229.106313120370032, 541614.487137840129435 ], [ 213228.316592903953278, 541598.004396555013955 ], [ 213211.602707473677583, 541598.787980920285918 ], [ 213171.702995385654503, 541600.727318983990699 ], [ 213159.873032245610375, 541604.297098572249524 ], [ 213053.67379982676357, 541609.385337383602746 ], [ 213048.67383595983847, 541609.625254461774603 ], [ 213041.563902746449457, 541609.015144224278629 ], [ 212997.774313994450495, 541605.264465231564827 ], [ 212990.994377656839788, 541604.68436010053847 ], [ 212980.844449997763149, 541605.234191272058524 ], [ 212949.364674296608428, 541606.943667628103867 ], [ 212938.054709609859856, 541610.353456944460049 ], [ 212912.114897991763428, 541611.543027229723521 ], [ 212892.035065702017164, 541611.112705492414534 ], [ 212702.896433241025079, 541620.169569332967512 ], [ 212695.716485223500058, 541620.509450315730646 ], [ 212698.055672575806966, 541669.539092604769394 ], [ 212698.235610413627001, 541673.289065260090865 ], [ 212701.384527481452096, 541738.6085891952971 ], [ 212701.664451561082387, 541743.158557015354745 ], [ 212702.094374601874733, 541747.698527343454771 ], [ 212702.674296766344924, 541752.218500260147266 ], [ 212703.394218130182708, 541756.718475608504377 ], [ 212704.264138779893983, 541761.188453626818955 ], [ 212705.274058632610831, 541765.638434075866826 ], [ 212706.423978011560393, 541770.048417111393064 ], [ 212707.71389691872173, 541774.418402738985606 ], [ 212709.153815270488849, 541778.748391116620041 ], [ 212710.723733390128473, 541783.028382006799802 ], [ 212712.43365136149805, 541787.248375645489432 ], [ 212714.273569099488668, 541791.418371793231927 ], [ 212729.972931656346191, 541823.018371053505689 ], [ 212748.252189168852055, 541859.828370056115091 ], [ 212749.432141662895447, 541862.178370201378129 ], [ 212751.642046719731297, 541866.948367502074689 ], [ 212753.711951925797621, 541871.778362047392875 ], [ 212755.641857278387761, 541876.668353841407225 ], [ 212757.421762860903982, 541881.618342723464593 ], [ 212759.05166883560014, 541886.618328773416579 ], [ 212760.53157536269282, 541891.658312069252133 ], [ 212761.851482364203548, 541896.748292370815761 ], [ 212763.031389996962389, 541901.868270161678083 ], [ 212764.051298263977515, 541907.028245038934983 ], [ 212764.91120732575655, 541912.218217081972398 ], [ 212765.621117266302463, 541917.428186536184512 ], [ 212766.171028164390009, 541922.658153236145154 ], [ 212766.570940100529697, 541927.898117422242649 ], [ 212766.690896707790671, 541930.518098221975379 ], [ 212769.919776870781789, 541998.067605356918648 ], [ 212999.198118693107972, 541987.081407893332653 ], [ 213015.308002161211334, 541986.311675067991018 ], [ 213039.369828276889166, 541985.152074207202531 ], [ 213039.369828455295647, 541985.141074297134764 ], [ 213035.856044879212277, 541911.777609327458777 ], [ 213035.84304938884452, 541911.505611310945824 ], [ 213034.168628825427731, 541876.558866147068329 ], [ 213066.379395967669552, 541875.013400389812887 ], [ 213178.86858268774813, 541869.62526609946508 ], [ 213184.768541124125477, 541869.275364498374984 ], [ 213190.648502309602918, 541868.765463863848709 ], [ 213196.518465849017957, 541868.115564199746586 ], [ 213202.368432137242053, 541867.305665501509793 ], [ 213208.198400852910709, 541866.355767609435134 ], [ 213214.008372322976356, 541865.245870683924295 ], [ 213219.778346540377242, 541863.985974322189577 ], [ 213225.518323106400203, 541862.596078520989977 ], [ 213231.218302423571004, 541861.056183284148574 ], [ 213236.878284488600912, 541859.366288607008755 ], [ 213242.49826914377627, 541857.53639441228006 ], [ 213248.05825654452201, 541855.566500374232419 ], [ 213253.578246537945233, 541853.456606819410808 ], [ 213259.038239275367232, 541851.206713421968743 ], [ 213264.438234763860237, 541848.816820179228671 ], [ 213269.778232835175004, 541846.296927013900131 ], [ 213275.048233738983981, 541843.637033845996484 ], [ 213280.258237390691647, 541840.837140835472383 ], [ 213285.388243624707684, 541837.917247496079654 ], [ 213290.438252769061364, 541834.857353989849798 ], [ 213295.418264417065075, 541831.677460317616351 ], [ 213300.308278729207814, 541828.377566155046225 ], [ 213305.118295950436732, 541824.937671824125573 ], [ 213318.598348093539244, 541815.057969895191491 ] ] ] ] } },
{ "type": "Feature", "properties": { "landuse_category": "제2종일반주거지역", "signgu_code": "41450", "source_layer": "용도지역2", "area_name": "wirye_plan_area", "source_version": "2024_01_original", "area_sqm": 89887.683119269597, "area_ha": 8.9887683119269592 }, "geometry": { "type": "MultiPolygon", "coordinates": [ [ [ [ 214440.099776218499755, 542962.363892875495367 ], [ 214421.325852103123907, 542966.953551392420195 ], [ 214413.79987827441073, 542969.055412386427633 ], [ 214406.426895342301577, 542971.643271942506544 ], [ 214379.341941815859172, 542982.15074793912936 ], [ 214384.176803077047225, 542988.31977656960953 ], [ 214353.908855037821922, 543000.061190993059427 ], [ 214356.913719438598491, 543006.940184216713533 ], [ 214387.082357933686581, 543076.008116160403006 ], [ 214410.391228902502917, 543072.455522830132395 ], [ 214411.712226174247917, 543071.971548159956001 ], [ 214462.714147477585357, 543051.641539321048185 ], [ 214462.826403972314438, 543035.768669209443033 ], [ 214451.933072809741134, 542999.900781934033148 ], [ 214444.476508149964502, 542976.734847910702229 ], [ 214440.099776218499755, 542962.363892875495367 ] ] ], [ [ [ 214078.160564257879741, 542845.785964605165645 ], [ 214141.591346985456767, 542889.541639979579486 ], [ 214175.220868091884768, 542840.789578619063832 ], [ 214169.672237458726158, 542820.746650370536372 ], [ 214146.230319925467484, 542827.237217920599505 ], [ 214141.411336884310003, 542828.571129024145193 ], [ 214126.758388441026909, 542832.627858713734895 ], [ 214103.716481332143303, 542838.278439530287869 ], [ 214097.645387269294588, 542847.07927008275874 ], [ 214058.398140430013882, 542820.005852219066583 ], [ 214060.101166835054755, 542817.53589976078365 ], [ 214034.451659042359097, 542799.842626679921523 ], [ 214031.031723679829156, 542797.544589776080102 ], [ 214019.150878308864776, 542793.874426771420985 ], [ 214009.308038827846758, 542788.83430786523968 ], [ 213999.150191006250679, 542784.464178448426537 ], [ 213988.722334164485801, 542780.784039086312987 ], [ 213978.070467668469064, 542777.809890397475101 ], [ 213967.244590882386547, 542775.556733070057817 ], [ 213956.291703263530508, 542774.034567785914987 ], [ 213945.260804338002345, 542773.248395299771801 ], [ 213934.202893618436065, 542773.203216398600489 ], [ 213923.165970720379846, 542773.899031856446527 ], [ 213912.201035298377974, 542775.331842534593306 ], [ 213901.357087045122171, 542777.496649269713089 ], [ 213822.054420426109573, 542796.109213475952856 ], [ 214018.804644648276735, 542931.831307886983268 ], [ 214078.160564257879741, 542845.785964605165645 ] ] ], [ [ [ 213403.874858879426029, 541988.310953990439884 ], [ 213417.334429602982709, 542008.158011969411746 ], [ 213423.974226431455463, 542017.418044849880971 ], [ 213472.223844078747788, 542017.178828561678529 ], [ 213481.943883567670127, 542009.939044452970847 ], [ 213479.903946554404683, 542007.059034631005488 ], [ 213477.044033604237484, 542003.099020234076306 ], [ 213465.104392444365658, 541986.848957857233472 ], [ 213462.58446607957012, 541983.548943644971587 ], [ 213444.480062141024973, 541958.90191986982245 ], [ 213433.740968760481337, 541966.771611638600007 ], [ 213348.935522352723638, 541851.043171126861125 ], [ 213342.625723087752704, 541841.769143706886098 ], [ 213334.337698083312716, 541847.407963950769044 ], [ 213332.297699021873996, 541848.357923239353113 ], [ 213329.017686725128442, 541850.737850906327367 ], [ 213325.787673215381801, 541853.167778976028785 ], [ 213312.567632599122589, 541862.207491885637864 ], [ 213303.957615827443078, 541867.497309728176333 ], [ 213295.317600109934574, 541872.737127486616373 ], [ 213289.407601251878077, 541875.587008754839189 ], [ 213283.467603444587439, 541878.386889936286025 ], [ 213277.517606364825042, 541881.146771279512905 ], [ 213271.537610174302245, 541883.866652461001649 ], [ 213267.16761600036989, 541885.666567142587155 ], [ 213262.76762303916621, 541887.40648182737641 ], [ 213258.33763160961098, 541889.066396670765243 ], [ 213248.857657769520301, 541892.136218327446841 ], [ 213239.357684741902631, 541895.166039983043447 ], [ 213234.007705863652518, 541896.50594250112772 ], [ 213228.647727876435965, 541897.795845262240618 ], [ 213223.277751102839829, 541899.015748427249491 ], [ 213217.887775303533999, 541900.185651671723463 ], [ 213207.957828716607764, 541901.795477816835046 ], [ 213204.217848616593983, 541902.415412228670903 ], [ 213200.467869889980648, 541902.955347121227533 ], [ 213196.717892136948649, 541903.435282499878667 ], [ 213192.947915838944027, 541903.835218199295923 ], [ 213189.177940674650017, 541904.165154465357773 ], [ 213185.397966725577135, 541904.425091132288799 ], [ 213181.61799390980741, 541904.615028365864418 ], [ 213163.598123597505037, 541905.514729187591001 ], [ 213162.378132391924737, 541905.574708940926939 ], [ 213161.158143131440738, 541905.514689661329612 ], [ 213153.838193151750602, 541906.044566804193892 ], [ 213107.988522818079218, 541908.353805430466309 ], [ 213069.948799844045425, 541910.0531755060656 ], [ 213068.078811903891619, 541910.233143762801774 ], [ 213035.856044879212277, 541911.777609327458777 ], [ 213039.369828455295647, 541985.141074297134764 ], [ 213039.369828276889166, 541985.152074207202531 ], [ 213043.820287917449605, 542078.048396687489003 ], [ 213180.021605721238302, 542050.992671256884933 ], [ 213180.105635173706105, 542050.97582302056253 ], [ 213318.240973755106097, 542023.535282390424982 ], [ 213331.43491688958602, 542020.525520437629893 ], [ 213344.438873516279273, 542016.776761368266307 ], [ 213357.210843782231677, 542012.30100440827664 ], [ 213369.709827780316118, 542007.112248776713386 ], [ 213371.137826832506107, 542006.465277131763287 ], [ 213382.383825774566503, 542000.973503642599098 ], [ 213393.328836509143002, 541994.902729948167689 ], [ 213403.874858879426029, 541988.310953990439884 ] ] ] ] } },
{ "type": "Feature", "properties": { "landuse_category": "자연녹지지역", "signgu_code": "41450", "source_layer": "용도지역2", "area_name": "wirye_plan_area", "source_version": "2024_01_original", "area_sqm": 388130.62526159151, "area_ha": 38.81306252615915 }, "geometry": { "type": "MultiPolygon", "coordinates": [ [ [ [ 214102.771378122764872, 543284.420900152646936 ], [ 214100.113354601839092, 543285.949897442245856 ], [ 214111.501642936491407, 543262.571242520352826 ], [ 214119.394847796182148, 543246.368498380528763 ], [ 214118.023876687075244, 543243.246492073871195 ], [ 214119.44490320640034, 543242.173525730962865 ], [ 214121.73797502394882, 543238.448617397109047 ], [ 214124.556983025395311, 543223.402580949361436 ], [ 214124.572181982599432, 543223.320794748724438 ], [ 214140.822182292555226, 543215.274126139935106 ], [ 214141.259194271784509, 543215.04207943577785 ], [ 214143.978172630944755, 543214.672131393454038 ], [ 214153.505064195342129, 543215.268289374420419 ], [ 214154.804063794144895, 543215.343932388117537 ], [ 214155.825050747138448, 543215.403335671755485 ], [ 214157.513027095788857, 543215.305341374711134 ], [ 214158.298422031104565, 543215.253962923423387 ], [ 214158.91902318756911, 543215.213384935865179 ], [ 214162.000792789796833, 543214.770628426340409 ], [ 214167.46606463030912, 543213.985511421225965 ], [ 214212.857670938741649, 543163.449028988834471 ], [ 214212.908446809189627, 543163.261676834779792 ], [ 214212.933410983765498, 543163.200276368181221 ], [ 214214.117286735447124, 543160.280519326217473 ], [ 214214.218667494424153, 543160.146305745700374 ], [ 214214.233499234862393, 543160.126713857869618 ], [ 214216.063289638055721, 543158.146595937083475 ], [ 214218.454532261763234, 543156.5168260919163 ], [ 214220.914694996667095, 543154.148904139292426 ], [ 214223.083534725621575, 543152.060943467193283 ], [ 214225.561566187010612, 543150.582968234317377 ], [ 214230.452552047790959, 543148.49706585064996 ], [ 214230.823339955240954, 543148.355105235008523 ], [ 214231.191564389970154, 543148.214121133205481 ], [ 214235.004924332955852, 543145.994413289125077 ], [ 214236.082562591473106, 543145.367238559643738 ], [ 214236.105328582809307, 543145.363393746316433 ], [ 214241.969493907614378, 543144.406892558559775 ], [ 214248.495459878788097, 543143.342431781929918 ], [ 214251.131441912264563, 543142.305495593929663 ], [ 214253.725486686336808, 543141.665528175304644 ], [ 214259.861449264717521, 543140.099661313579418 ], [ 214263.386385988211259, 543140.002673361916095 ], [ 214270.191092389839469, 543141.06979942752514 ], [ 214364.541611398599343, 543118.935022345045581 ], [ 214365.611944477102952, 543117.558528386405669 ], [ 214374.354046627006028, 543107.212745345081203 ], [ 214375.817075578816002, 543105.487807404948398 ], [ 214375.828855057101464, 543105.500991083565168 ], [ 214376.410077577806078, 543106.155780381173827 ], [ 214377.364067686663475, 543105.029828377417289 ], [ 214382.953138022508938, 543097.269971866393462 ], [ 214389.183138185093412, 543092.97909189958591 ], [ 214402.203155436989618, 543086.690352330100723 ], [ 214406.503114309743978, 543086.350458987755701 ], [ 214418.332971973897656, 543090.340608875849284 ], [ 214427.482850475644227, 543094.820701584918424 ], [ 214434.492795044323429, 543095.379831754718907 ], [ 214441.332678043283522, 543097.10990919044707 ], [ 214444.922653921268648, 543098.480989064672031 ], [ 214448.070204289339017, 543099.339085798361339 ], [ 214470.40720955125289, 543094.098789959447458 ], [ 214462.828071788331727, 543051.729514605831355 ], [ 214482.177340249181725, 543091.441307781380601 ], [ 214511.876738908904372, 543061.987074983888306 ], [ 214514.275722212420078, 543057.949420840363018 ], [ 214516.540596236271085, 543057.361717378837056 ], [ 214518.499071457772516, 543055.419409194029868 ], [ 214518.686138200893765, 543054.810113399522379 ], [ 214519.780791764700552, 543051.243570573744364 ], [ 214525.514427831280045, 543045.050537256989628 ], [ 214525.518822406069376, 543045.045715589076281 ], [ 214528.275867667398416, 543042.06775698706042 ], [ 214539.412755207886221, 543033.688427572837099 ], [ 214541.808334106492111, 543031.886051765177399 ], [ 214541.835922113445122, 543031.865056288428605 ], [ 214547.168081479030661, 543021.332268758676946 ], [ 214550.034236595180118, 543008.304405206814408 ], [ 214550.064267876237864, 543008.167382873594761 ], [ 214565.336358460859628, 542993.355799363693222 ], [ 214567.509388526697876, 542992.566839507082477 ], [ 214580.826241190661676, 542992.338419630075805 ], [ 214580.832283622119576, 542992.338419726351276 ], [ 214582.127551309735281, 542992.316176715074107 ], [ 214620.969851103407564, 542953.794516609283164 ], [ 214622.518638031528099, 542948.310093065490946 ], [ 214625.400675228127511, 542948.486130803474225 ], [ 214557.4211999202671, 542741.705960160819814 ], [ 214562.644259766762843, 542557.597570284502581 ], [ 214519.204251440998632, 542502.702096028369851 ], [ 214460.235437059018295, 542486.225189710617997 ], [ 214325.384343824174721, 542448.545267626643181 ], [ 214276.916899800969986, 542433.335007536574267 ], [ 214138.238660712318961, 542462.569066830561496 ], [ 214132.565398266247939, 542466.947999092983082 ], [ 214137.015034857351566, 542484.157954387483187 ], [ 214134.701001427398296, 542489.531835930305533 ], [ 214130.266957163141342, 542493.156734810676426 ], [ 214113.841944115760271, 542502.825396897853352 ], [ 214104.143820418335963, 542515.366154146613553 ], [ 214101.385855314118089, 542516.833968984545209 ], [ 214083.695780001202365, 542549.378660436486825 ], [ 214083.61943961418001, 542549.807560194982216 ], [ 214078.486315775022376, 542560.253376604290679 ], [ 214077.614095043594716, 542573.729266938287765 ], [ 214073.806892511987826, 542587.682095590396784 ], [ 214062.243735681287944, 542603.790786968893372 ], [ 214050.382145408832002, 542610.666243432671763 ], [ 214041.255574260314461, 542627.4565304601565 ], [ 214038.23131785885198, 542639.950079115224071 ], [ 214025.928013038384961, 542666.156638440093957 ], [ 214021.604954144859221, 542672.045558929792605 ], [ 214016.333957850642037, 542674.661419168813154 ], [ 213999.954983642091975, 542679.41312946297694 ], [ 213986.892084506398533, 542680.365912935463712 ], [ 213954.735587145958561, 542677.621395227033645 ], [ 213955.210489888559096, 542676.280460787937045 ], [ 213938.989233196276473, 542678.10839956055861 ], [ 213938.914803932537325, 542678.123576900921762 ], [ 213916.449132734735031, 542744.424891535425559 ], [ 213916.346183670015307, 542744.462048098444939 ], [ 213912.004556661733659, 542748.446180818951689 ], [ 213905.343548703298438, 542751.565005186828785 ], [ 213899.323146617942257, 542750.606033483636566 ], [ 213854.027815331588499, 542766.954106544028036 ], [ 213853.966362454928458, 542766.966476953704841 ], [ 213853.933737314684549, 542766.984091295511462 ], [ 213853.729033283452736, 542767.014251106069423 ], [ 213816.475822813925333, 542774.513289430411533 ], [ 213814.549943964608246, 542775.410386802861467 ], [ 213810.313922961649951, 542777.383263637777418 ], [ 213793.003994323313236, 542781.683973713545129 ], [ 213784.964093653456075, 542780.883862049086019 ], [ 213784.678683385340264, 542780.914025478996336 ], [ 213752.132772116485285, 542787.465488636866212 ], [ 213735.414231457805727, 542793.852924862643704 ], [ 213725.104551164957229, 542792.906245613121428 ], [ 213702.077119469817262, 542797.54164725006558 ], [ 213702.070290559757268, 542797.540564489900135 ], [ 213701.974436721618986, 542797.562374836415984 ], [ 213656.734920193208382, 542790.691701854579151 ], [ 213655.37249355413951, 542790.13637973065488 ], [ 213371.783296760346275, 542745.171800169046037 ], [ 213357.13706253003329, 542744.067227178253233 ], [ 213355.721121001144638, 542743.961187016917393 ], [ 213355.698110967117827, 542743.95917250146158 ], [ 213345.06820423953468, 542743.157004747889005 ], [ 213344.174235449667322, 542742.787974683800712 ], [ 213336.335997864807723, 542739.551441885181703 ], [ 213226.410827899613651, 542722.12221994518768 ], [ 213226.009496637561824, 542722.415252488455735 ], [ 213208.949626528105, 542722.984978747204877 ], [ 213202.679731771873776, 542718.38487766077742 ], [ 213200.269866891409038, 542712.894892700016499 ], [ 213198.162094296014402, 542697.91402246337384 ], [ 213198.110098738718079, 542697.545006044674665 ], [ 213200.890196176129393, 542691.965079056448303 ], [ 213206.490214066841872, 542686.585208359523676 ], [ 213213.47999810721376, 542676.546826340025291 ], [ 213231.51142609710223, 542606.109293903457001 ], [ 213231.101473973569227, 542595.756323367939331 ], [ 213238.092589493433479, 542526.617041160119697 ], [ 213240.26259601287893, 542524.087067450862378 ], [ 213247.76264303305652, 542517.477256987127475 ], [ 213253.892664596496616, 542513.417391532217152 ], [ 213255.657696958369343, 542511.451432583853602 ], [ 213255.746426674566464, 542511.438276154338382 ], [ 213255.746855501725804, 542511.436600994318724 ], [ 213255.751267969200853, 542511.437558309640735 ], [ 213299.55741417768877, 542504.942186736734584 ], [ 213311.607316471840022, 542504.262394816381857 ], [ 213315.549297786317766, 542504.491460753139108 ], [ 213317.088285464327782, 542504.581511821015738 ], [ 213317.948263121303171, 542504.631513145635836 ], [ 213318.052082993061049, 542504.637496222741902 ], [ 213319.582281695882557, 542504.726509561645798 ], [ 213323.637238066148711, 542504.962596315075643 ], [ 213331.341897016216535, 542508.189684868440963 ], [ 213331.347329061391065, 542508.192309447447769 ], [ 213335.349279858433874, 542510.12454864452593 ], [ 213338.775983419996919, 542511.778765627648681 ], [ 213350.776831012772163, 542517.572919685160741 ], [ 213367.636679068702506, 542529.012675768346526 ], [ 213376.696351272374159, 542533.313202913966961 ], [ 213402.368782726145582, 542543.2472424863372 ], [ 213591.412931792467134, 542584.261678498471156 ], [ 213611.859436525817728, 542573.308881866279989 ], [ 213609.953787951992126, 542573.276628235005774 ], [ 213605.783805370272603, 542572.906566075631417 ], [ 213495.984922241244931, 542558.624887152342126 ], [ 213392.67637507643667, 542520.103544571087696 ], [ 213391.7167349558149, 542499.573680065688677 ], [ 213349.197030586510664, 542501.742964965989813 ], [ 213346.777902198635275, 542449.673342353897169 ], [ 213326.798025917203631, 542450.6330218258081 ], [ 213328.827339416573523, 542492.902723315404728 ], [ 213254.937867065920727, 542496.411502524395473 ], [ 213127.831789179268526, 542502.505367356119677 ], [ 213115.151884571096161, 542503.113173107616603 ], [ 213083.75910897916765, 542504.618643011315726 ], [ 213068.024221429077443, 542505.910373728605919 ], [ 213066.102235733444104, 542506.068351320340298 ], [ 213064.069468665024033, 542490.533426342066377 ], [ 213044.01861360197654, 542491.498108768602833 ], [ 213044.01970077372971, 542491.508161846897565 ], [ 213044.109651292237686, 542492.408180454629473 ], [ 213045.009553958807373, 542499.478145281551406 ], [ 213046.059419125725981, 542506.528093171538785 ], [ 213046.259410774247954, 542507.698069876758382 ], [ 213046.453379207465332, 542507.682081936858594 ], [ 213048.138254401390441, 542518.169024084461853 ], [ 213052.732875632413197, 542537.467953957035206 ], [ 213052.734889599378221, 542537.47894022881519 ], [ 213052.73788011824945, 542537.489926516194828 ], [ 213052.705898049578536, 542537.483944599633105 ], [ 213052.708888570719864, 542537.494930889923126 ], [ 213053.606830503355013, 542541.267925231950358 ], [ 213054.1137586417899, 542542.860938162659295 ], [ 213055.072747489990434, 542545.877897114958614 ], [ 213055.274700946902158, 542546.510890884441324 ], [ 213055.302715991012519, 542546.502895797835663 ], [ 213060.840353556646733, 542563.904822569456883 ], [ 213069.701925071334699, 542585.939822435146198 ], [ 213080.17653244471876, 542607.253784920321777 ], [ 213086.086280440591509, 542618.227852138224989 ], [ 213086.061317261075601, 542618.227851733099669 ], [ 213093.091017716447823, 542631.280838771024719 ], [ 213095.089964980259538, 542634.993853877414949 ], [ 213097.440888602490304, 542639.358846963848919 ], [ 213106.721540874103084, 542656.592866992112249 ], [ 213109.538045587338274, 542667.670793284196407 ], [ 213133.398071923729731, 542666.528157282853499 ], [ 213169.735554790997412, 542734.006024120259099 ], [ 213186.581779243686469, 542725.795567697146907 ], [ 213202.050942452042364, 542754.521591145778075 ], [ 213228.794120299455244, 542740.120110726100393 ], [ 213238.423094968107762, 542737.796267710044049 ], [ 213245.299052465736168, 542736.29639124928508 ], [ 213260.348474822414573, 542764.126418989850208 ], [ 213296.330529667990049, 542744.669155310140923 ], [ 213340.382871224079281, 542762.859723605914041 ], [ 213381.494491357327206, 542765.961371452198364 ], [ 213418.526165477727773, 542767.221966342185624 ], [ 213443.664928174257511, 542770.613342005526647 ], [ 213479.534605626424309, 542772.634905104059726 ], [ 213526.386138236528495, 542778.000616283970885 ], [ 213557.613749448646558, 542785.516069096513093 ], [ 213596.606277323910035, 542796.670606930856593 ], [ 213617.406039390160004, 542800.694905001902953 ], [ 213612.912708472838858, 542823.920651282998733 ], [ 213622.485660569305765, 542822.084822005825117 ], [ 213632.150104422384175, 542820.817974484758452 ], [ 213641.872518503805622, 542820.124152815900743 ], [ 213651.619446994969621, 542820.005302491947077 ], [ 213660.697373184841126, 542820.163458376540802 ], [ 213678.875217809196329, 542820.103754737298004 ], [ 213697.035102584457491, 542819.293038075789809 ], [ 213715.146982549777022, 542817.733345480286516 ], [ 213733.17787845103885, 542815.426652964553796 ], [ 213751.0982758080645, 542812.376974175334908 ], [ 213768.877709436579607, 542808.590299299685284 ], [ 213822.054438371065771, 542796.109239113982767 ], [ 213901.357142709195614, 542777.496693705325015 ], [ 213912.201088032015832, 542775.331897955969907 ], [ 213923.166006361687323, 542773.899095577653497 ], [ 213934.202953430678463, 542773.203257657005452 ], [ 213945.260855849890504, 542773.248458533082157 ], [ 213956.291757704748306, 542774.034605872700922 ], [ 213967.244646787294187, 542775.556788003537804 ], [ 213978.070517961808946, 542777.80994069064036 ], [ 213988.722373226773925, 542780.784088892280124 ], [ 213999.150249844475184, 542784.464224594179541 ], [ 214009.30807715759147, 542788.834351568017155 ], [ 214019.15092542723869, 542793.874490006826818 ], [ 214031.031761520571308, 542797.54464446590282 ], [ 214034.451718853524653, 542799.842668183380738 ], [ 214060.101208337960998, 542817.535937846056186 ], [ 214058.398180468124337, 542820.005906174541451 ], [ 214097.645450744283153, 542847.079323063138872 ], [ 214103.716536751977401, 542838.278479813598096 ], [ 214126.758439954923233, 542832.627898511243984 ], [ 214141.411395963048562, 542828.571165400790051 ], [ 214146.230363868235145, 542827.237262109178118 ], [ 214169.672263579181163, 542820.746680767158978 ], [ 214172.100270412600366, 542820.074757415801287 ], [ 214189.930256636987906, 542812.646098388941027 ], [ 214197.900248180667404, 542808.328265868243761 ], [ 214205.07830715723685, 542802.365424017305486 ], [ 214219.428399764903588, 542788.813765045721084 ], [ 214232.486483399727149, 542778.577059600618668 ], [ 214239.73945760820061, 542776.300206799642183 ], [ 214246.289434440725017, 542774.118327187141404 ], [ 214249.762397401063936, 542773.498390941298567 ], [ 214256.686339527310338, 542773.995503834914416 ], [ 214265.431283756828634, 542772.966627560090274 ], [ 214278.619294873817125, 542767.289886215468869 ], [ 214285.447280939784832, 542764.868017930653878 ], [ 214292.38824837320135, 542762.802157638245262 ], [ 214299.505215367622441, 542761.459275078610517 ], [ 214306.722157392825466, 542760.854406742262654 ], [ 214309.641134439880261, 542761.024444156326354 ], [ 214312.563111191149801, 542760.925492821377702 ], [ 214315.810099933645688, 542760.302557576214895 ], [ 214349.844430775207002, 542783.942926055402495 ], [ 214351.132415650499752, 542785.007939570699818 ], [ 214352.225395163084613, 542786.273942683939822 ], [ 214353.093355523946229, 542787.702953286003321 ], [ 214353.70933931574109, 542789.256928279763088 ], [ 214354.0592977971246, 542790.891925646341406 ], [ 214354.130262080521788, 542792.562923570745625 ], [ 214353.9232517319615, 542794.221905123558827 ], [ 214346.399729123164434, 542829.853505202103406 ], [ 214346.039718590996927, 542831.132484897971153 ], [ 214345.512683743523667, 542832.352451859042048 ], [ 214344.828690753842238, 542833.492438897490501 ], [ 214328.880447153380373, 542856.452006051898934 ], [ 214327.349411424715072, 542859.230954654281959 ], [ 214326.276372562919278, 542862.217912913067266 ], [ 214325.690327418560628, 542865.336857007583603 ], [ 214325.604277409613132, 542868.508828555350192 ], [ 214326.021219155809376, 542871.654838500893675 ], [ 214326.931149137788452, 542874.695806017029099 ], [ 214353.709830128820613, 542943.726686240755953 ], [ 214357.028649687592406, 542952.282686164835468 ], [ 214358.292615496466169, 542954.941683497978374 ], [ 214359.933558334509144, 542957.385675251251087 ], [ 214379.341970746434527, 542982.150772717548534 ], [ 214406.426933670940343, 542971.64332370145712 ], [ 214413.79994004254695, 542969.055457799346186 ], [ 214421.325914357410511, 542966.953601931338198 ], [ 214440.099831882194849, 542962.363929984276183 ], [ 214444.476570894039469, 542976.734901377698407 ], [ 214451.933120658446569, 542999.900843212148175 ], [ 214462.826442788616987, 543035.768720966996625 ], [ 214462.714186542405514, 543051.641584000200965 ], [ 214411.712288672977593, 543071.971589666092768 ], [ 214410.391268939769361, 543072.45556873024907 ], [ 214387.082417990604881, 543076.008151314686984 ], [ 214356.913738481584005, 543006.940203503007069 ], [ 214350.772772466531023, 543009.322113508125767 ], [ 214346.765803057933226, 543010.709049302502535 ], [ 214342.666818725963822, 543011.796949882525951 ], [ 214373.767410029860912, 543082.998892890522256 ], [ 214365.516271283151582, 543094.470658943406306 ], [ 214353.968155667651445, 543108.116359598003328 ], [ 214350.501121250912547, 543112.568280630512163 ], [ 214314.500115972856293, 543129.513551998999901 ], [ 214305.0801704308833, 543131.334376486600377 ], [ 214264.10860923078144, 543124.974789504776709 ], [ 214257.572672663605772, 543123.95968438393902 ], [ 214251.571711490600137, 543123.3695784030715 ], [ 214245.541774320503464, 543123.451495583867654 ], [ 214239.55981270497432, 543124.204387863050215 ], [ 214233.697836921870476, 543125.621277463040315 ], [ 214228.030852813099045, 543127.6811677190708 ], [ 214222.629852128244238, 543130.361054843408056 ], [ 214217.55983613038552, 543133.625953603768721 ], [ 214212.885806157952175, 543137.436834113206714 ], [ 214208.666773041943088, 543141.743734351708554 ], [ 214204.95273112464929, 543146.494654581649229 ], [ 214201.792656068340875, 543151.630555049516261 ], [ 214192.06759984861128, 543160.65431792405434 ], [ 214184.307435537921265, 543174.320089599234052 ], [ 214183.372422080225078, 543175.687065600999631 ], [ 214182.225425563054159, 543176.882041017175652 ], [ 214180.896399923862191, 543177.869999529444613 ], [ 214179.422899956989568, 543178.625960256205872 ], [ 214177.844402981572784, 543179.128925960627384 ], [ 214176.205423773964867, 543179.363920679665171 ], [ 214174.549434739659773, 543179.324893407640047 ], [ 214172.922445751319174, 543179.012863684794866 ], [ 214171.369478271284606, 543178.436848762561567 ], [ 214169.933485553454375, 543177.612814308842644 ], [ 214148.374919371271972, 543162.741598903667182 ], [ 214075.9778576658573, 543267.691596809891053 ], [ 214010.417820893053431, 543362.731575492420234 ], [ 214014.444715350284241, 543365.865831795614213 ], [ 214016.08573374140542, 543367.142825635382906 ], [ 214018.547476030944381, 543368.991849651327357 ], [ 214019.427646249270765, 543369.652869326178916 ], [ 214025.577774286211934, 543360.223052515648305 ], [ 214025.931722623616224, 543359.711099499952979 ], [ 214028.920771627366776, 543356.055171629181132 ], [ 214031.541059752868023, 543351.746411015628837 ], [ 214031.783066923322622, 543351.455828906851821 ], [ 214037.181871275504818, 543344.984350049169734 ], [ 214038.263915329327574, 543343.659976433729753 ], [ 214039.312938984658103, 543342.375396882998757 ], [ 214039.433728557429276, 543342.254245032323524 ], [ 214040.414937770518009, 543341.273433902533725 ], [ 214043.60936232729, 543337.9939101326745 ], [ 214048.683014038571855, 543332.815628449199721 ], [ 214051.523003900365438, 543329.929711473640054 ], [ 214053.316049123823177, 543328.091742696473375 ], [ 214053.364267349330476, 543328.039986081770621 ], [ 214053.741040904482361, 543327.635759615572169 ], [ 214054.960462210001424, 543327.038188998121768 ], [ 214056.034070542256813, 543326.511843471322209 ], [ 214058.480055020132568, 543325.26689806743525 ], [ 214061.457040373526979, 543324.066943824873306 ], [ 214061.700021121883765, 543323.959709862363525 ], [ 214061.906869768397883, 543323.826535578700714 ], [ 214063.113049469771795, 543323.048973523662426 ], [ 214065.300067065167241, 543321.606027476373129 ], [ 214068.292079510516487, 543319.631299456348643 ], [ 214070.358063869411126, 543318.280147577635944 ], [ 214070.950045513163786, 543317.885140834725462 ], [ 214072.819069055229193, 543316.654163014609367 ], [ 214073.213845953927375, 543316.365963735617697 ], [ 214079.066102271259297, 543312.091312874224968 ], [ 214079.070069572131615, 543312.088322237832472 ], [ 214079.075318634742871, 543312.083317483193241 ], [ 214079.065126039320603, 543312.071293487329967 ], [ 214079.111085532349534, 543312.047307610046118 ], [ 214079.107118637359235, 543312.025335067883134 ], [ 214079.883122409984935, 543311.469321867916733 ], [ 214079.953704283077968, 543311.416891823406331 ], [ 214102.949990638531744, 543285.814109372557141 ], [ 214102.771378122764872, 543284.420900152646936 ] ], [ [ 214213.524870552209904, 542762.945887544075958 ], [ 214207.518851572705898, 542767.654744361410849 ], [ 214203.823828273365507, 542770.690665327711031 ], [ 214200.27279209747212, 542773.892564585665241 ], [ 214190.393736279016593, 542783.223325953935273 ], [ 214186.137691415293375, 542786.782238733023405 ], [ 214181.483683836762793, 542789.804155740421265 ], [ 214176.499710340896854, 542792.242049401625991 ], [ 214167.477704789926065, 542796.000858878251165 ], [ 214164.217705887247575, 542797.241809928207658 ], [ 214160.885730682231952, 542798.276734125800431 ], [ 214100.463944723480381, 542815.005609739106148 ], [ 214062.302652860642411, 542788.681216132012196 ], [ 214055.267795550636947, 542784.182126662344672 ], [ 214047.937910541222664, 542780.182040100335144 ], [ 214040.34702602768084, 542776.701954878168181 ], [ 214032.532135090063093, 542773.758855346939526 ], [ 214024.532237941690255, 542771.365742273395881 ], [ 214016.384358253591927, 542769.534628125955351 ], [ 213972.387840287468862, 542761.244981007417664 ], [ 213962.22595419982099, 542759.628815391450189 ], [ 213951.989053148776293, 542758.596666551777162 ], [ 213941.709128032787703, 542758.151499828323722 ], [ 213931.421195647213608, 542758.29433457844425 ], [ 213929.583945477061206, 542714.434666033252142 ], [ 213929.700997811451089, 542711.283692866098136 ], [ 213930.312024009937886, 542708.190718940575607 ], [ 213931.401057883602334, 542705.231768285855651 ], [ 213932.941109673352912, 542702.480827166582458 ], [ 213934.895123891765252, 542700.005860500968993 ], [ 213937.21415534146945, 542697.868933895835653 ], [ 213939.839162624703022, 542696.122974180267192 ], [ 213942.706132597086253, 542694.812044174293987 ], [ 213945.74413441985962, 542693.967084371484816 ], [ 213948.877112921822118, 542693.610140725737438 ], [ 214008.976683649962069, 542691.536125660175458 ], [ 214012.833657115930691, 542691.102211708435789 ], [ 214016.576634271856165, 542690.07526138657704 ], [ 214020.116620765096741, 542688.482353359577246 ], [ 214023.365640866890317, 542686.360418511787429 ], [ 214026.248657714924775, 542683.761486709467135 ], [ 214028.693690656713443, 542680.747531621251255 ], [ 214033.791750360134756, 542673.356678294367157 ], [ 214036.397805442597019, 542669.228758485172875 ], [ 214038.659869402647018, 542664.903823949513026 ], [ 214051.861211352021201, 542636.94227600377053 ], [ 214080.689629810338374, 542596.980059406720102 ], [ 214273.979909062094521, 542731.245110314921476 ], [ 214269.229836228943896, 542738.082984482869506 ], [ 214266.425795741408365, 542741.467916595051065 ], [ 214263.091783799638506, 542744.332834542030469 ], [ 214259.323774603719357, 542746.594767159083858 ], [ 214255.227777404623339, 542748.188684961525723 ], [ 214250.921812958986266, 542749.070587032241747 ], [ 214248.920806354261003, 542749.306564159574918 ], [ 214242.794850482663605, 542750.33245704555884 ], [ 214236.796879383386113, 542751.94833015743643 ], [ 214230.285873829154298, 542754.045230620773509 ], [ 214224.361908855469665, 542756.34609818586614 ], [ 214218.748886909947032, 542759.326992164365947 ], [ 214213.524870552209904, 542762.945887544075958 ] ] ], [ [ [ 213668.233836291008629, 542543.077858761651441 ], [ 213668.176266989874421, 542542.822324448381551 ], [ 213519.71812422995572, 542296.740153029677458 ], [ 213519.469064916222123, 542296.487471684929915 ], [ 213519.362990967580117, 542296.392037673271261 ], [ 213472.629836098465603, 542276.920009077526629 ], [ 213507.229021883977111, 542299.767165573197417 ], [ 213513.488877806026721, 542305.867205589544028 ], [ 213519.738729247124866, 542311.947266356321052 ], [ 213522.35864328299067, 542315.807270344579592 ], [ 213523.328625136462506, 542317.42727055225987 ], [ 213525.968520259164507, 542323.047296062344685 ], [ 213555.157414376502857, 542376.94731587683782 ], [ 213558.137291625636863, 542382.447319790488109 ], [ 213648.174370864144294, 542517.51769277441781 ], [ 213650.284288628201466, 542521.097706630709581 ], [ 213651.944230842636898, 542524.89769676560536 ], [ 213653.104144437296782, 542528.827680191490799 ], [ 213653.33409641488106, 542532.957653032033704 ], [ 213652.984013656969182, 542537.107626079465263 ], [ 213651.933963181974832, 542541.11755106667988 ], [ 213650.193920739926398, 542544.897507010027766 ], [ 213647.903893667738885, 542548.377432045876049 ], [ 213643.963846698577981, 542553.147339460556395 ], [ 213637.551835058548022, 542559.545961514348164 ], [ 213668.231826558971079, 542543.111284195911139 ], [ 213668.233836291008629, 542543.077858761651441 ] ] ], [ [ [ 213226.923333413258661, 542174.593700278433971 ], [ 213225.389383604837349, 542172.464664286701009 ], [ 213220.493536728085019, 542165.673624135670252 ], [ 213201.363889795728028, 542153.033462585299276 ], [ 213196.724022911104839, 542149.973414546344429 ], [ 213190.022319818235701, 542133.330434892675839 ], [ 213186.25449619803112, 542123.973454723949544 ], [ 213186.271280880318955, 542123.964238762040623 ], [ 213196.87248575486592, 542118.194254435482435 ], [ 213201.282194992003497, 542115.794118490652181 ], [ 213195.251519595796708, 542102.01533195504453 ], [ 213184.144974032824393, 542096.42359401891008 ], [ 213184.294911016622791, 542095.793593476875685 ], [ 213180.774949423561338, 542096.44351289246697 ], [ 213184.454453484388068, 542125.013345634797588 ], [ 213189.304173377895495, 542139.153317434363998 ], [ 213189.843954664363991, 542153.593210879829712 ], [ 213191.353429873561254, 542185.542983620311134 ], [ 213200.580221282929415, 542378.431553240283392 ], [ 213208.090058922651224, 542385.041644764947705 ], [ 213413.038551888661459, 542375.245020412723534 ], [ 213430.280048224260099, 542275.956111977458932 ], [ 213440.529974090051837, 542275.466286908951588 ], [ 213466.181795615237206, 542274.233341998653486 ], [ 213227.01131650339812, 542174.579586081788875 ], [ 213227.00315345270792, 542174.560935279820114 ], [ 213226.923333413258661, 542174.593700278433971 ] ] ], [ [ [ 213337.104436626832467, 542055.356457272078842 ], [ 213338.619033741560997, 542055.720731922308914 ], [ 213351.388482784095686, 542053.357735827332363 ], [ 213363.004271707934095, 542050.476911391946487 ], [ 213363.019469387538265, 542050.473920939606614 ], [ 213389.831813882454298, 542046.243768657674082 ], [ 213520.238434884435264, 542022.111925916629843 ], [ 213520.243462828540942, 542022.109692835714668 ], [ 213520.355869705585064, 542022.001064996118657 ], [ 213541.654372619639616, 541941.915128152584657 ], [ 213539.93470177979907, 541936.060657119844109 ], [ 213540.114556245040148, 541933.200697749969549 ], [ 213540.207780225202441, 541931.716702440287918 ], [ 213541.134615896007745, 541930.220574738457799 ], [ 213547.496801003231667, 541919.946619265829213 ], [ 213549.405107702885289, 541912.771066578221507 ], [ 213549.364999054989312, 541912.601038189488463 ], [ 213549.600795212143566, 541912.5097316527972 ], [ 213568.36610184921301, 541902.684701596386731 ], [ 213572.06503339408664, 541900.021490361192264 ], [ 213582.176056575030088, 541895.012722418410704 ], [ 213588.195038632868091, 541892.031825917540118 ], [ 213616.334036389627727, 541876.854425742407329 ], [ 213631.731081399135292, 541868.550726076122373 ], [ 213674.405124060605885, 541845.533597779925913 ], [ 213712.687604769715108, 541827.121688883285969 ], [ 213761.847872225800529, 541801.382642105221748 ], [ 213762.58513325691456, 541800.965378668042831 ], [ 213763.073913562693633, 541800.099684049841017 ], [ 213786.23401767318137, 541750.95936495391652 ], [ 213787.050804092723411, 541745.370215042494237 ], [ 213790.396179990784731, 541722.476471886853687 ], [ 213802.526585541520035, 541691.756884362897836 ], [ 213823.736898976174416, 541659.527507392107509 ], [ 213832.887172603746876, 541639.627791660022922 ], [ 213847.817450884671416, 541614.62823510018643 ], [ 213851.462653448194033, 541601.531414872966707 ], [ 213852.567689446557779, 541597.558503374457359 ], [ 213861.10815741380793, 541566.868886690586805 ], [ 213870.139428568043513, 541542.268218127312139 ], [ 213880.19881300025736, 541514.869615132920444 ], [ 213890.479213702550624, 541486.870007372926921 ], [ 213897.529422147548757, 541469.770222800318152 ], [ 213906.229609086265555, 541454.690468208631501 ], [ 213914.459616726031527, 541448.950657580164261 ], [ 213916.799679345509503, 541441.820748074329458 ], [ 213938.73974302073475, 541427.211235947557725 ], [ 213938.819506220926996, 541427.208678822265938 ], [ 213938.823940234316979, 541427.199270883807912 ], [ 213939.66385521722259, 541427.181609870749526 ], [ 213945.909733354958007, 541426.981373507645912 ], [ 213947.687207782379119, 541427.012901683454402 ], [ 213996.223699088906869, 541425.992317905998789 ], [ 214006.664328762330115, 541422.268406649469398 ], [ 214012.95929772593081, 541420.022494032164104 ], [ 214027.249280080257449, 541412.702777239610441 ], [ 214044.469291905406862, 541405.433156346902251 ], [ 214050.279326282325201, 541400.293277259450406 ], [ 214121.344688168581342, 541403.311372251948342 ], [ 214167.722276170883561, 541405.281102045439184 ], [ 214271.555419995886041, 541409.690769160864875 ], [ 214319.746957131690579, 541411.73755415843334 ], [ 214371.686508538987255, 541413.94833902339451 ], [ 214437.166606882587075, 541416.720548020093702 ], [ 214437.371849802613724, 541416.7162323477678 ], [ 214437.169154498493299, 541416.063299438683316 ], [ 214410.147221074556001, 541356.328464692342095 ], [ 214180.839572388562374, 541320.52601599949412 ], [ 214075.310653634049231, 541304.054468037793413 ], [ 214027.851188802946126, 541296.853744860622101 ], [ 213867.07190532569075, 541330.170878736302257 ], [ 213826.372081058041658, 541338.660141158732586 ], [ 213826.392092168796808, 541339.170147139462642 ], [ 213827.045837993035093, 541354.025018487125635 ], [ 213829.041726549214218, 541353.939781848108396 ], [ 213859.631554592488101, 541352.630500785191543 ], [ 213868.661438804469071, 541352.61063051817473 ], [ 213869.535511390247848, 541352.608726119506173 ], [ 213870.451421043544542, 541352.720651236362755 ], [ 213877.571396795363398, 541353.590794689604081 ], [ 213895.681200626393547, 541353.871143765281886 ], [ 213897.15929310611682, 541353.894136464572512 ], [ 213897.430459797935328, 541353.961094129248522 ], [ 213904.55113677092595, 541355.721217093523592 ], [ 213906.341044085769681, 541356.291296629584394 ], [ 213907.838177262980025, 541356.768309762352146 ], [ 213907.92120741555118, 541357.231180443661287 ], [ 213909.520944251882611, 541366.131200300296769 ], [ 213908.060799462225987, 541375.111125029390678 ], [ 213906.990689497120911, 541382.201033467776142 ], [ 213901.470483358483762, 541398.930829962715507 ], [ 213900.940444922453025, 541400.660797663847916 ], [ 213900.03044035405037, 541402.220769130159169 ], [ 213897.330379863909911, 541406.910688807955012 ], [ 213893.770308303559432, 541413.160580760799348 ], [ 213892.900291942933109, 541414.750567276845686 ], [ 213888.940205378370592, 541421.37044732295908 ], [ 213888.100202291214373, 541423.030406906502321 ], [ 213883.900007508113049, 541436.750244154827669 ], [ 213879.179777632263722, 541452.290031451033428 ], [ 213875.25959460818558, 541466.049861920881085 ], [ 213873.809515534201637, 541471.269781707320362 ], [ 213873.099484040518291, 541474.769741994678043 ], [ 213872.289434228354366, 541478.319694154779427 ], [ 213861.349040477944072, 541507.949280528002419 ], [ 213861.049005664535798, 541508.739288829499856 ], [ 213853.548735317453975, 541529.128979771165177 ], [ 213841.978341308946256, 541560.818538092891686 ], [ 213839.288207695237361, 541570.318417931091972 ], [ 213830.087736658402719, 541603.558026558370329 ], [ 213829.037695428472944, 541606.997983034932986 ], [ 213815.177406916074688, 541630.217556632473134 ], [ 213806.157179850677494, 541649.967251268564723 ], [ 213792.206943009514362, 541671.096857336116955 ], [ 213787.806855508679291, 541677.916734722792171 ], [ 213784.666829460824374, 541682.506629751762375 ], [ 213770.946360034926329, 541717.276136890053749 ], [ 213765.98583852709271, 541751.235793705680408 ], [ 213756.865565117041115, 541772.765456471126527 ], [ 213751.775513407977996, 541779.525324374320917 ], [ 213750.385478645184776, 541781.905285103945062 ], [ 213747.905436481669312, 541786.335205536568537 ], [ 213734.865402366791386, 541793.674948490574025 ], [ 213727.995395293255569, 541797.654795314301737 ], [ 213717.125399490003474, 541802.914581653196365 ], [ 213663.005414076411398, 541828.893485479056835 ], [ 213642.515403414290631, 541839.973072674474679 ], [ 213615.384912787092617, 541822.505753425997682 ], [ 213607.012811124819564, 541832.629547853488475 ], [ 213598.057717239455087, 541842.320314110256732 ], [ 213588.58364474461996, 541851.505085312062874 ], [ 213578.619589714333415, 541860.154866318451241 ], [ 213568.194548202474834, 541868.243626799085177 ], [ 213500.745085027796449, 541917.670898321666755 ], [ 213500.688265791919548, 541917.712149917380884 ], [ 213500.683207178546581, 541917.716056826873682 ], [ 213520.474693877826212, 541944.730255283997394 ], [ 213523.604108281549998, 541979.480025710072368 ], [ 213506.104039202444255, 541992.389624597737566 ], [ 213482.323921989795053, 542010.469101998838596 ], [ 213481.943907373060938, 542009.939064960693941 ], [ 213472.22390633545001, 542017.178864693967625 ], [ 213423.974257559515536, 542017.418075735797174 ], [ 213423.624184074898949, 542022.918056578957476 ], [ 213382.2345076034253, 542022.947369858855382 ], [ 213371.092855056369444, 542006.537446372560225 ], [ 213369.725664849684108, 542007.105073606362566 ], [ 213369.709721585677471, 542007.111993001890369 ], [ 213357.210886993911117, 542012.301052259281278 ], [ 213344.4389304012293, 542016.776815813034773 ], [ 213331.434959612262901, 542020.525556082022376 ], [ 213318.241031616693363, 542023.53532292007003 ], [ 213180.105676409497391, 542050.976030589779839 ], [ 213180.021656922996044, 542050.992769136209972 ], [ 213186.445108336600242, 542083.303703456069343 ], [ 213186.602049081207952, 542083.85576454969123 ], [ 213187.165174786321586, 542083.743752586771734 ], [ 213187.177320723509183, 542083.741372432210483 ], [ 213268.125785759388236, 542067.653214109828696 ], [ 213324.902491544897202, 542056.368824650882743 ], [ 213326.274494258163031, 542056.096021932549775 ], [ 213337.104436626832467, 542055.356457272078842 ] ] ], [ [ [ 213039.369851346302312, 541985.152102650841698 ], [ 213015.308042444783496, 541986.311718526412733 ], [ 213016.517963328340556, 541994.441720862756483 ], [ 213019.47696335305227, 542056.071276362752542 ], [ 213020.607684983027866, 542079.647046032361686 ], [ 213043.843312103883363, 542078.533411092124879 ], [ 213043.820317580306437, 542078.04841829626821 ], [ 213039.369851346302312, 541985.152102650841698 ] ] ], [ [ [ 213161.158201723039383, 541905.514739220845513 ], [ 213162.37817633600207, 541905.574757279013284 ], [ 213163.598183411202626, 541905.514778748620301 ], [ 213181.61803297145525, 541904.615065717487596 ], [ 213185.3980204363761, 541904.425127265974879 ], [ 213189.177978516032454, 541904.165216232882813 ], [ 213192.947963445883943, 541903.83527142344974 ], [ 213196.71794951078482, 541903.435323516023345 ], [ 213200.467927264078753, 541902.955397904501297 ], [ 213204.217905986763071, 541902.415473996778019 ], [ 213207.957881205715239, 541901.795542027335614 ], [ 213217.887824129313231, 541900.185692687169649 ], [ 213223.277807254402433, 541899.015797988162376 ], [ 213228.647781585255871, 541897.795909472042695 ], [ 213234.007752250618069, 541896.505987181793898 ], [ 213239.357749435468577, 541895.166101751266979 ], [ 213248.857722468324937, 541892.13626544829458 ], [ 213258.33768654189771, 541889.066440127091482 ], [ 213262.767674306232948, 541887.406538713839836 ], [ 213267.167679473961471, 541885.666628914419562 ], [ 213271.53767120881821, 541883.866689816233702 ], [ 213277.51765763288131, 541881.146823283517733 ], [ 213283.46766081743408, 541878.386937057133764 ], [ 213289.407659843855072, 541875.587061976082623 ], [ 213295.317645272967638, 541872.737192917149514 ], [ 213303.957668316783383, 541867.497349522775039 ], [ 213312.567677762999665, 541862.207542668096721 ], [ 213325.787734246841865, 541853.167840744252317 ], [ 213329.01773799181683, 541850.737916334765032 ], [ 213332.297734420775669, 541848.357986226910725 ], [ 213334.337725547666196, 541847.40799239219632 ], [ 213333.0978000551695, 541845.41802168416325 ], [ 213331.327852731599705, 541842.437996294931509 ], [ 213329.607929903955664, 541839.427987823728472 ], [ 213327.957980472187046, 541836.367986997007392 ], [ 213326.378034465713426, 541833.288008216419257 ], [ 213324.858117923198733, 541830.168011200847104 ], [ 213323.408174452197272, 541827.018000912154093 ], [ 213322.018229765380966, 541823.838007705053315 ], [ 213320.698288665851578, 541820.628001226228662 ], [ 213319.448351153114345, 541817.388011991861276 ], [ 213318.598407906509237, 541815.058008470572531 ], [ 213305.118335012841271, 541824.937712840968743 ], [ 213300.308319011761341, 541828.377608391223475 ], [ 213295.418327893508831, 541831.677496452000923 ], [ 213290.438295494241174, 541834.857416979502887 ], [ 213285.388292451185407, 541837.917309262906201 ], [ 213280.258283777569886, 541840.837194058811292 ], [ 213275.048269138875185, 541843.637080966727808 ], [ 213269.778288988251006, 541846.296991224400699 ], [ 213264.438277486537118, 541848.816863636951894 ], [ 213259.038300306798192, 541851.206764201633632 ], [ 213253.578296583902556, 541853.456657599075697 ], [ 213248.0582968252711, 541855.566543833469041 ], [ 213242.498310643917648, 541857.536453737528063 ], [ 213236.878328431892442, 541859.366325960145332 ], [ 213231.218359794671414, 541861.056221855920739 ], [ 213225.518374376464635, 541862.596136626088992 ], [ 213219.778402694035321, 541863.986039751325734 ], [ 213214.00841870898148, 541865.245910478523001 ], [ 213208.198448460258078, 541866.355830597691238 ], [ 213202.368471199297346, 541867.305704077589326 ], [ 213196.518517118354794, 541868.115601553581655 ], [ 213190.648556021857075, 541868.765513426973484 ], [ 213184.768592391221318, 541869.275418941164389 ], [ 213178.868621748639271, 541869.625308334361762 ], [ 213066.37943991276552, 541875.013449949445203 ], [ 213034.16867349963286, 541876.558925962308422 ], [ 213035.843087960791308, 541911.50565134990029 ], [ 213035.856064287043409, 541911.777637769700959 ], [ 213068.078861950169085, 541910.233209191239439 ], [ 213069.948847449966706, 541910.053214080631733 ], [ 213107.988559436023934, 541908.353868418722413 ], [ 213153.838248083222425, 541906.044631013995968 ], [ 213161.158201723039383, 541905.514739220845513 ] ] ] ] } },
{ "type": "Feature", "properties": { "landuse_category": "근린상업지역", "signgu_code": "41450", "source_layer": "용도지역2", "area_name": "wirye_plan_area", "source_version": "2024_01_original", "area_sqm": 1353.312728340358, "area_ha": 0.13533127283403582 }, "geometry": { "type": "Polygon", "coordinates": [ [ [ 213293.722114415722899, 541594.829343056539074 ], [ 213238.472512837703107, 541597.528426323435269 ], [ 213228.31659334374126, 541598.004405915620737 ], [ 213229.106313120370032, 541614.487137840129435 ], [ 213311.650716579897562, 541610.533506839768961 ], [ 213310.925958186737262, 541595.396901126019657 ], [ 213293.722114415722899, 541594.829343056539074 ] ] ] } },
{ "type": "Feature", "properties": { "landuse_category": "일반상업지역", "signgu_code": "41450", "source_layer": "용도지역2", "area_name": "wirye_plan_area", "source_version": "2024_01_original", "area_sqm": 30965.805262223384, "area_ha": 3.0965805262223385 }, "geometry": { "type": "Polygon", "coordinates": [ [ [ 214075.977741456066724, 543267.69152405380737 ], [ 214005.187100291397655, 543218.859770346898586 ], [ 214006.039113488688599, 543217.624794130795635 ], [ 213863.223854754556669, 543119.108273793826811 ], [ 213793.347037102415925, 543220.404934081598185 ], [ 213815.324359646881931, 543235.003561505815014 ], [ 213826.094157374405768, 543242.157678361982107 ], [ 213834.240004400839098, 543247.567766756517813 ], [ 213851.941710838465951, 543256.926978205563501 ], [ 213889.821999357402092, 543282.091389233828522 ], [ 213907.51562813000055, 543296.244561858358793 ], [ 213928.904226403625216, 543310.452793957549147 ], [ 213937.567063700844301, 543316.206887967884541 ], [ 213939.936033356847474, 543316.907920720637776 ], [ 213956.997769410489127, 543324.756134016439319 ], [ 213955.980741128267255, 543327.003099384019151 ], [ 213985.551164313859772, 543347.966409631771967 ], [ 213985.425179023732198, 543347.121414409717545 ], [ 213987.938165083207423, 543346.739458246040158 ], [ 213993.1800653639948, 543350.299514503451064 ], [ 213993.371040436264593, 543351.742505949339829 ], [ 214004.282834255631315, 543359.066623760852963 ], [ 214004.597848449426237, 543358.035637193592265 ], [ 214007.16779961224529, 543359.777664803434163 ], [ 214008.274769893032499, 543361.063672370277345 ], [ 214010.417768452491146, 543362.7316386931343 ], [ 214075.977741456066724, 543267.69152405380737 ] ] ] } },
{ "type": "Feature", "properties": { "landuse_category": "제1종일반주거지역", "signgu_code": "41450", "source_layer": "용도지역2", "area_name": "wirye_plan_area", "source_version": "2024_01_original", "area_sqm": 847.42456202247217, "area_ha": 0.084742456202247213 }, "geometry": { "type": "MultiPolygon", "coordinates": [ [ [ [ 214417.170416269946145, 543104.594013447873294 ], [ 214419.362508370453725, 543097.832103560678661 ], [ 214418.319236554787494, 543096.609096508356743 ], [ 214398.859161418513395, 543098.518265509977937 ], [ 214389.992224355548387, 543099.015617696335539 ], [ 214381.515522182977293, 543109.502295607002452 ], [ 214380.758413052215474, 543110.439175768056884 ], [ 214376.079025420214748, 543116.228327245218679 ], [ 214416.467045644996688, 543106.753235492971726 ], [ 214417.170416269946145, 543104.594013447873294 ] ] ], [ [ [ 214154.523614868114237, 543222.065806062659249 ], [ 214147.987623038468882, 543224.790678077959456 ], [ 214140.706571801943937, 543231.547505467082374 ], [ 214128.415492403612006, 543242.516217611380853 ], [ 214125.111433226207737, 543247.798121396219358 ], [ 214122.804332290834282, 543255.163024534238502 ], [ 214122.3512627936434, 543259.672980779781938 ], [ 214124.562450676690787, 543261.752001950750127 ], [ 214160.59149976039771, 543221.639268470811658 ], [ 214154.523614868114237, 543222.065806062659249 ] ] ], [ [ [ 214035.744324689585483, 543360.318763833027333 ], [ 214021.559213755594101, 543374.169421977945603 ], [ 214015.942323116469197, 543382.683592935907654 ], [ 214037.746137436799472, 543358.408442330430262 ], [ 214035.744324689585483, 543360.318763833027333 ] ] ] ] } },
{ "type": "Feature", "properties": { "landuse_category": "제1종일반주거지역", "signgu_code": "41450", "source_layer": "용도지역2", "area_name": "wirye_plan_area", "source_version": "2024_01_original", "area_sqm": 128.73977359100476, "area_ha": 0.012873977359100477 }, "geometry": { "type": "Polygon", "coordinates": [ [ [ 214007.054346431570593, 543391.656245577614754 ], [ 214006.605928510602098, 543392.983027592883445 ], [ 214006.602228544128593, 543392.982827533269301 ], [ 214001.276972150080837, 543392.924941645469517 ], [ 213998.514994781318819, 543392.893897106987424 ], [ 213987.481084375962382, 543392.82071877119597 ], [ 213979.458150816411944, 543392.687589746667072 ], [ 213965.582264516851865, 543392.532365989754908 ], [ 213962.369287893816363, 543392.678312708390877 ], [ 213936.59347435759264, 543393.915884741116315 ], [ 213926.330975494493032, 543396.712905621156096 ], [ 214006.683809637092054, 543392.991505386075005 ], [ 214007.858760643837741, 543391.68338047619909 ], [ 214007.054346431570593, 543391.656245577614754 ] ] ] } },
{ "type": "Feature", "properties": { "landuse_category": "자연녹지지역", "signgu_code": "41450", "source_layer": "용도지역2", "area_name": "wirye_plan_area", "source_version": "2024_01_original", "area_sqm": 657.30638262166565, "area_ha": 0.06573063826216656 }, "geometry": { "type": "MultiPolygon", "coordinates": [ [ [ [ 214021.559213755594101, 543374.169421977945603 ], [ 214035.744324689585483, 543360.318763833027333 ], [ 214037.746137436799472, 543358.408442330430262 ], [ 214079.891169781651115, 543311.48651424900163 ], [ 214079.075015783222625, 543312.082903012633324 ], [ 214079.070069572131615, 543312.088322237832472 ], [ 214079.066102271259297, 543312.091312874224968 ], [ 214073.213620539405383, 543316.365655242931098 ], [ 214072.818906460161088, 543316.653940494987182 ], [ 214072.762635457300348, 543316.694716324331239 ], [ 214070.950146544579184, 543317.88529461401049 ], [ 214070.358063869411126, 543318.280147577635944 ], [ 214068.292206955200527, 543319.631493438966572 ], [ 214065.300067065167241, 543321.606027476373129 ], [ 214063.113049469771795, 543323.048973523662426 ], [ 214061.906956560822437, 543323.826667684013955 ], [ 214061.712706269405317, 543323.954478525673039 ], [ 214061.700231562543195, 543323.95954586006701 ], [ 214061.457040373526979, 543324.066943824873306 ], [ 214058.480055020132568, 543325.26689806743525 ], [ 214056.034070542256813, 543326.511843471322209 ], [ 214054.960500941582723, 543327.038264976115897 ], [ 214053.73261004712549, 543327.664319169474766 ], [ 214053.364300708344672, 543328.040018778294325 ], [ 214053.316049123823177, 543328.091742696473375 ], [ 214051.523003900365438, 543329.929711473640054 ], [ 214048.683144935988821, 543332.815756747731939 ], [ 214043.609016828355379, 543337.993571489932947 ], [ 214040.414937770518009, 543341.273433902533725 ], [ 214039.433108302619075, 543342.254107260727324 ], [ 214038.263849823764758, 543343.659921980346553 ], [ 214037.181871275504818, 543344.984350049169734 ], [ 214031.783079273445765, 543351.455839175963774 ], [ 214031.752370547619648, 543351.492746011121199 ], [ 214031.541209100367269, 543351.746535158134066 ], [ 214028.920771627366776, 543356.055171629181132 ], [ 214025.931722623616224, 543359.711099499952979 ], [ 214025.577774286211934, 543360.223052515648305 ], [ 214019.427646249270765, 543369.652869326178916 ], [ 214018.547447805700358, 543368.991829795064405 ], [ 214018.53222161004669, 543369.013414520770311 ], [ 214015.542170008993708, 543373.673328409553505 ], [ 214013.972141079691937, 543376.233282280503772 ], [ 214012.60209482134087, 543379.763231563265435 ], [ 214011.152050888544181, 543383.189180388115346 ], [ 214010.768038563546725, 543384.139166490873322 ], [ 214009.082857181900181, 543383.823541713296436 ], [ 214008.778015317977406, 543386.556114706560038 ], [ 214007.054346431570593, 543391.656245577614754 ], [ 214007.858760643837741, 543391.68338047619909 ], [ 214015.942323116469197, 543382.683592935907654 ], [ 214021.559213755594101, 543374.169421977945603 ] ] ], [ [ [ 214102.771148238913156, 543284.421181816840544 ], [ 214102.949767609243281, 543285.814357680850662 ], [ 214103.154457813274348, 543285.586467025685124 ], [ 214102.771148238913156, 543284.421181816840544 ] ] ] ] } },
{ "type": "Feature", "properties": { "landuse_category": "자연녹지지역", "signgu_code": "41450", "source_layer": "용도지역2", "area_name": "wirye_plan_area", "source_version": "2024_01_original", "area_sqm": 12652.259628222464, "area_ha": 1.2652259628222464 }, "geometry": { "type": "MultiPolygon", "coordinates": [ [ [ [ 214437.399589953070972, 541416.715649051591754 ], [ 214437.463645176932914, 541416.714302153210156 ], [ 214437.258168427681085, 541416.260074120480567 ], [ 214437.399589953070972, 541416.715649051591754 ] ] ], [ [ [ 214433.660547402483644, 541416.606889728223905 ], [ 214405.044795859284932, 541415.39043576119002 ], [ 214271.542955089593306, 541409.713317957473919 ], [ 214167.68585694822832, 541405.298670513788238 ], [ 214123.169243394106161, 541403.414964321418665 ], [ 214050.313876233354677, 541400.309808798250742 ], [ 214044.503839415527182, 541405.449673236929812 ], [ 214027.242859311867505, 541412.740334800328128 ], [ 214012.858855302300071, 541420.087042528670281 ], [ 214006.688868931261823, 541422.290924795321189 ], [ 213996.32585704443045, 541425.990169815951958 ], [ 214436.604321134625934, 541416.732371283345856 ], [ 214433.660547402483644, 541416.606889728223905 ] ] ], [ [ [ 213938.772332229593303, 541427.216784633346833 ], [ 213916.832270913146203, 541441.831311365356669 ], [ 213914.506173971487442, 541448.963216201169416 ], [ 213906.259146707365289, 541454.717036206973717 ], [ 213897.573972229263745, 541469.773774136672728 ], [ 213896.453937282029074, 541472.483734147506766 ], [ 213890.559753736131825, 541486.722523887176067 ], [ 213870.183016677561682, 541542.275745980907232 ], [ 213861.142690275883069, 541566.885401137638837 ], [ 213847.842022887372877, 541614.644800657522865 ], [ 213832.911737285205163, 541639.644357215962373 ], [ 213823.761488070769701, 541659.544048533658497 ], [ 213802.551235571125289, 541691.77344503859058 ], [ 213790.420735067629721, 541722.483000903972425 ], [ 213786.270930679689627, 541750.881044195499271 ], [ 213938.815630700497422, 541427.216901769279502 ], [ 213938.772332229593303, 541427.216784633346833 ] ] ], [ [ [ 213762.609685892530251, 541800.971917450078763 ], [ 213762.329836457036436, 541801.130298077478074 ], [ 213762.672813707438763, 541800.95072404446546 ], [ 213762.931231975322589, 541800.40242097619921 ], [ 213762.609685892530251, 541800.971917450078763 ] ] ], [ [ [ 213674.429669372388162, 541845.540129235130735 ], [ 213588.209605996322352, 541892.038357213372365 ], [ 213572.079605639766669, 541900.028031421243213 ], [ 213568.452460966596846, 541902.639486192259938 ], [ 213712.257106270757504, 541827.347086782450788 ], [ 213674.429669372388162, 541845.540129235130735 ] ] ], [ [ [ 213549.379583506757626, 541912.607562161283568 ], [ 213549.412021935422672, 541912.745067906216718 ], [ 213549.454195736529073, 541912.586487353197299 ], [ 213549.511525916401297, 541912.556470751180314 ], [ 213549.379583506757626, 541912.607562161283568 ] ] ], [ [ [ 213541.149363916105358, 541930.227286700042896 ], [ 213540.129323801054852, 541933.207246138248593 ], [ 213539.94927890735562, 541936.06722015410196 ], [ 213541.660385744617088, 541941.892517795902677 ], [ 213547.482749506249093, 541919.99945524695795 ], [ 213541.149363916105358, 541930.227286700042896 ] ] ], [ [ [ 213520.268165532615967, 542022.106424237950705 ], [ 213520.330939185252646, 542022.094807926565409 ], [ 213520.348494907811983, 542022.028795470483601 ], [ 213520.268165532615967, 542022.106424237950705 ] ] ], [ [ [ 213363.019155532791046, 542050.473675750428811 ], [ 213363.004287197720259, 542050.476973838522099 ], [ 213351.389031021361006, 542053.357634375570342 ], [ 213389.846600815595593, 542046.241032324614935 ], [ 213363.019155532791046, 542050.473675750428811 ] ] ], [ [ [ 213337.104436626832467, 542055.356457272078842 ], [ 213326.274461668450385, 542056.095857903943397 ], [ 213324.902437901473604, 542056.368554649990983 ], [ 213268.125785759388236, 542067.653214109828696 ], [ 213187.17720521450974, 542083.741344918380491 ], [ 213184.159529511904111, 542096.410162096959539 ], [ 213195.243735899915919, 542101.997547896578908 ], [ 213187.24922721364419, 542083.731827822281048 ], [ 213338.619033741560997, 542055.720731922308914 ], [ 213337.104436626832467, 542055.356457272078842 ] ] ], [ [ [ 213196.872548007115256, 542118.194368927041069 ], [ 213186.271066651970614, 542123.96432499284856 ], [ 213196.738661139417673, 542149.969933715532534 ], [ 213200.973481911874842, 542152.767179755843244 ], [ 213220.508116459008306, 542165.670192133751698 ], [ 213226.927920547896065, 542174.590224169427529 ], [ 213227.002574562997324, 542174.559612642275169 ], [ 213201.28313856080058, 542115.796274340944365 ], [ 213196.872548007115256, 542118.194368927041069 ] ] ], [ [ [ 213519.468558323133038, 542296.488034743699245 ], [ 213519.474079267703928, 542296.493511467240751 ], [ 213519.719605832622619, 542296.742608913802542 ], [ 213519.55683765973663, 542296.472806633682922 ], [ 213519.36088136176113, 542296.391158676240593 ], [ 213519.468558323133038, 542296.488034743699245 ] ] ], [ [ [ 213668.233836291008629, 542543.077858761651441 ], [ 213668.231826558971079, 542543.111284195911139 ], [ 213668.321585345634958, 542543.063202152145095 ], [ 213668.176266989874421, 542542.822324448381551 ], [ 213668.233836291008629, 542543.077858761651441 ] ] ], [ [ [ 213376.6965769600356, 542533.312619685311802 ], [ 213376.690741898462875, 542533.310108363744803 ], [ 213367.636748964199796, 542529.012528502382338 ], [ 213367.631234150088858, 542529.009374539833516 ], [ 213350.77677349181613, 542517.573004453675821 ], [ 213350.771211117651546, 542517.569795837393031 ], [ 213338.776065481622936, 542511.778595653013326 ], [ 213335.349385816138238, 542510.124329173355363 ], [ 213331.347399169229902, 542508.192164221429266 ], [ 213331.341788234451087, 542508.189454331528395 ], [ 213323.637238066148711, 542504.962596315075643 ], [ 213319.582281695882557, 542504.726509561645798 ], [ 213318.051488797966158, 542504.637581473449245 ], [ 213323.357812538626604, 542510.094079041853547 ], [ 213325.983625681110425, 542520.328038988867775 ], [ 213324.332480011507869, 542526.316726730554365 ], [ 213402.372365934745176, 542543.248019888298586 ], [ 213376.6965769600356, 542533.312619685311802 ] ] ], [ [ [ 213355.720892341632862, 542743.961451347218826 ], [ 213357.136906571337022, 542744.067482472280972 ], [ 213371.786727586615598, 542745.172344144899398 ], [ 213355.942596807668451, 542742.660172711592168 ], [ 213355.720892341632862, 542743.961451347218826 ] ] ], [ [ [ 213656.734707646857714, 542790.691959592397325 ], [ 213701.974279055226361, 542797.562635017093271 ], [ 213702.070874418364838, 542797.540657063829713 ], [ 213655.371064200415276, 542790.136153099010698 ], [ 213656.734707646857714, 542790.691959592397325 ] ] ], [ [ [ 213735.414022570854286, 542793.853196027688682 ], [ 213752.133858281886205, 542787.465269992710091 ], [ 213725.102669209212763, 542792.906624449184164 ], [ 213735.414022570854286, 542793.853196027688682 ] ] ], [ [ [ 213784.963860351592302, 542780.884118564543314 ], [ 213793.003772008873057, 542781.68423633731436 ], [ 213810.313701867737109, 542777.383538953028619 ], [ 213814.549711396102794, 542775.410642831935547 ], [ 213816.476494698232273, 542774.513154180604033 ], [ 213784.67625618603779, 542780.914514072006568 ], [ 213784.963860351592302, 542780.884118564543314 ] ] ], [ [ [ 213853.933769617375219, 542766.984925772761926 ], [ 213853.968876078200992, 542766.965970963588916 ], [ 213853.713514421542641, 542767.01737503928598 ], [ 213853.933769617375219, 542766.984925772761926 ] ] ], [ [ [ 213905.343586757167941, 542751.565897805267014 ], [ 213912.003762328677112, 542748.446362299728207 ], [ 213916.346740603097714, 542744.461847089114599 ], [ 213899.322138199466281, 542750.606397443800233 ], [ 213905.343586757167941, 542751.565897805267014 ] ] ], [ [ [ 213938.991821798699675, 542678.108107856474817 ], [ 213938.917196030466584, 542678.116517274873331 ], [ 213938.914717962907162, 542678.123830616823398 ], [ 213938.991821798699675, 542678.108107856474817 ] ] ], [ [ [ 213954.735864256799687, 542677.620877881417982 ], [ 213986.89186194902868, 542680.366186299943365 ], [ 213999.954766944225412, 542679.413404289633036 ], [ 214016.333726991637377, 542674.661701078759506 ], [ 214021.604725239943946, 542672.045824237284251 ], [ 214025.927785109292017, 542666.156922791618854 ], [ 214027.519449008570518, 542662.766683591296896 ], [ 214038.231100670411251, 542639.950348572339863 ], [ 214041.255286893632729, 542627.457059132866561 ], [ 214018.599473663110984, 542669.137291587307118 ], [ 213955.21046447273693, 542676.280463651986793 ], [ 213954.735864256799687, 542677.620877881417982 ] ] ], [ [ [ 214059.114168067491846, 542605.605052585946396 ], [ 214062.243506532337051, 542603.791042997851036 ], [ 214071.642911371396622, 542590.696754876873456 ], [ 214073.806669219542528, 542587.682356011937372 ], [ 214077.613868334214203, 542573.729528827010654 ], [ 214078.486084428091999, 542560.253695082152262 ], [ 214083.61921046464704, 542549.807820620015264 ], [ 214083.695508946722839, 542549.37915909930598 ], [ 214050.382010035886196, 542610.666492480202578 ], [ 214059.114168067491846, 542605.605052585946396 ] ] ], [ [ [ 214104.143597860587761, 542515.366422869381495 ], [ 214113.841722534358269, 542502.825673436047509 ], [ 214130.266741685627494, 542493.157014521304518 ], [ 214134.700775451085065, 542489.532115643029101 ], [ 214137.014876461296808, 542484.158215301809832 ], [ 214132.56516545440536, 542466.948270990862511 ], [ 214138.238851386238821, 542462.569026635494083 ], [ 214129.93019215480308, 542464.320533131598495 ], [ 214101.38574108586181, 542516.83417913201265 ], [ 214104.143597860587761, 542515.366422869381495 ] ] ], [ [ [ 214325.384515793994069, 542448.545542459702119 ], [ 214460.235217433830258, 542486.225444761686958 ], [ 214519.204582023841795, 542502.702513788477518 ], [ 214518.195455308945384, 542501.427272559609264 ], [ 214276.91972681027255, 542433.334411588963121 ], [ 214276.916288229404017, 542433.335136458859779 ], [ 214325.384515793994069, 542448.545542459702119 ] ] ], [ [ [ 214622.51842230753391, 542948.310348850907758 ], [ 214625.597552872466622, 542949.205016101710498 ], [ 214625.627308881492354, 542949.175505725899711 ], [ 214625.400769279425731, 542948.486416889005341 ], [ 214622.51842230753391, 542948.310348850907758 ] ] ] ] } },
{ "type": "Feature", "properties": { "landuse_category": "제1종일반주거지역", "signgu_code": "41450", "source_layer": "용도지역2", "area_name": "wirye_plan_area", "source_version": "2024_01_original", "area_sqm": 10877.910351523142, "area_ha": 1.0877910351523141 }, "geometry": { "type": "Polygon", "coordinates": [ [ [ 214101.455649050301872, 543130.375552441575564 ], [ 214099.751643159193918, 543132.845475577516481 ], [ 214075.881068625370972, 543116.378241445170715 ], [ 214040.675750227790559, 543167.413086289539933 ], [ 214006.039044144796208, 543217.625315122539178 ], [ 214005.186797058820957, 543218.860459788586013 ], [ 214075.977613519324223, 543267.692024047137238 ], [ 214080.236102343973471, 543261.51916930032894 ], [ 214148.374975519138388, 543162.741835718043149 ], [ 214101.455649050301872, 543130.375552441575564 ] ] ] } },
{ "type": "Feature", "properties": { "landuse_category": "제2종일반주거지역", "signgu_code": "11000", "source_layer": "용도지역3", "area_name": "wirye_plan_area", "source_version": "2024_02_gap_fill", "area_sqm": 33.116527510470476, "area_ha": 0.0033116527510470475 }, "geometry": { "type": "MultiPolygon", "coordinates": [ [ [ [ 212588.512179955403553, 543482.738673999439925 ], [ 212589.203538489149651, 543489.750921648927033 ], [ 212589.526172773155849, 543479.266360304900445 ], [ 212588.512179955403553, 543482.738673999439925 ] ] ], [ [ [ 212589.021968137501972, 543495.558578623691574 ], [ 212584.151935261994367, 543499.998463810654357 ], [ 212579.031859835493378, 543507.188322714413516 ], [ 212582.711830310698133, 543507.188382348394953 ], [ 212583.295507206174079, 543506.368407929083332 ], [ 212589.024840727914125, 543495.558015725458972 ], [ 212589.02844906214159, 543495.440756638417952 ], [ 212589.021968137501972, 543495.558578623691574 ] ] ] ] } },
{ "type": "Feature", "properties": { "landuse_category": "제2종일반주거지역(7층이하)", "signgu_code": "11000", "source_layer": "용도지역3", "area_name": "wirye_plan_area", "source_version": "2024_02_gap_fill", "area_sqm": 266.32414266862531, "area_ha": 0.026632414266862532 }, "geometry": { "type": "Polygon", "coordinates": [ [ [ 212582.711830310698133, 543507.188382348394953 ], [ 212579.031859835493378, 543507.188322714413516 ], [ 212571.151698635425419, 543521.038083045510575 ], [ 212567.461556967406068, 543531.607937795110047 ], [ 212562.511498324398417, 543537.677808502223343 ], [ 212560.1835377420648, 543536.397781124804169 ], [ 212557.712425444566179, 543544.551675157621503 ], [ 212553.653337147203274, 543552.010549075086601 ], [ 212549.251238997181645, 543560.247411143966019 ], [ 212551.521203448995948, 543561.317439280101098 ], [ 212547.491046524286503, 543572.997279537608847 ], [ 212545.420987947058165, 543577.63720847654622 ], [ 212545.425972603523405, 543577.822534324252047 ], [ 212582.860932707611937, 543507.188384764594957 ], [ 212582.711830310698133, 543507.188382348394953 ] ] ] } },
{ "type": "Feature", "properties": { "landuse_category": "일반상업지역", "signgu_code": "11000", "source_layer": "용도지역3", "area_name": "wirye_plan_area", "source_version": "2024_02_gap_fill", "area_sqm": 37655.040162806639, "area_ha": 3.7655040162806639 }, "geometry": { "type": "Polygon", "coordinates": [ [ [ 211728.633500148513122, 541727.460929338121787 ], [ 211723.847118504374521, 541629.839640159159899 ], [ 211717.0774073258508, 541491.76764539827127 ], [ 211671.335738359863171, 541493.957887373515405 ], [ 211670.748732398613356, 541494.616872552665882 ], [ 211670.02772518034908, 541495.419854400330223 ], [ 211669.304718024650356, 541496.219836238306016 ], [ 211668.579710938094649, 541497.016818069387227 ], [ 211667.853703904489521, 541497.81079990696162 ], [ 211667.12669691152405, 541498.602781746885739 ], [ 211666.397689986886689, 541499.391763577703387 ], [ 211665.666683121322421, 541500.177745399530977 ], [ 211664.934676316275727, 541500.960727228666656 ], [ 211664.201669564499753, 541501.740709069301374 ], [ 211663.466662866150727, 541502.518690891563892 ], [ 211662.730656220432138, 541503.293672721250914 ], [ 211661.992649639054434, 541504.065654543926939 ], [ 211661.254643092805054, 541504.835636381641962 ], [ 211660.514636610198068, 541505.602618214557879 ], [ 211659.773630165349459, 541506.367600044701248 ], [ 211659.030623788188677, 541507.129581865272485 ], [ 211658.287617442343617, 541507.889563704258762 ], [ 211657.543611152970698, 541508.646545549854636 ], [ 211656.798604919516947, 541509.400527404854074 ], [ 211656.051598734979052, 541510.152509241597727 ], [ 211655.304592584492639, 541510.902491094660945 ], [ 211654.556586471677292, 541511.650472950772382 ], [ 211653.807580417720601, 541512.395454812678508 ], [ 211653.057574419799494, 541513.137436683289707 ], [ 211652.306568443891592, 541513.878418546169996 ], [ 211651.555562518828083, 541514.616400431841612 ], [ 211650.803556631784886, 541515.352382317651063 ], [ 211650.05055078928126, 541516.086364204413258 ], [ 211649.296544982003979, 541516.818346088286489 ], [ 211648.542539227899397, 541517.547327999374829 ], [ 211647.787533512659138, 541518.274309909902513 ], [ 211647.032527814793866, 541519.000291829695925 ], [ 211646.276522169006057, 541519.723273755284026 ], [ 211645.520516558055533, 541520.444255699403584 ], [ 211644.763510973163648, 541521.164237632998265 ], [ 211644.006505435914733, 541521.88121959217824 ], [ 211643.24849993980024, 541522.596201548818499 ], [ 211642.490494456607848, 541523.310183516005054 ], [ 211641.732489026122494, 541524.021165506099351 ], [ 211640.973483615671284, 541524.731147489859723 ], [ 211640.214478239213349, 541525.439129488659091 ], [ 211639.455472896253923, 541526.145111505175009 ], [ 211638.696467568835942, 541526.850093526765704 ], [ 211637.936462284531444, 541527.553075550007634 ], [ 211637.177457019512076, 541528.254057605168782 ], [ 211636.417451796733076, 541528.953039659652859 ], [ 211635.657446592522319, 541529.651021723519079 ], [ 211634.897441419045208, 541530.347003803704865 ], [ 211634.137436258897651, 541531.041985891875811 ], [ 211633.377431135362713, 541531.734967994969338 ], [ 211632.617426043347223, 541532.425950115779415 ], [ 211631.865421000082279, 541533.109932421240956 ], [ 211631.850420910428511, 541533.122932074242271 ], [ 211631.105415939935483, 541533.798914556507953 ], [ 211631.09141585562611, 541533.810914235655218 ], [ 211630.345410910056671, 541534.485896710189991 ], [ 211630.331410827988293, 541534.497896387241781 ], [ 211629.585405898105819, 541535.171878870460205 ], [ 211629.572405809041811, 541535.183878562296741 ], [ 211628.825400903791888, 541535.856861039879732 ], [ 211628.81340082155657, 541535.867860755184665 ], [ 211628.066395915229805, 541536.540843230555765 ], [ 211628.054395848826971, 541536.550842955941334 ], [ 211627.307390961854253, 541537.222825441276655 ], [ 211627.296390887902817, 541537.232825180748478 ], [ 211626.548386020498583, 541537.903807658469304 ], [ 211626.53738596427138, 541537.912807406508364 ], [ 211625.789381099835737, 541538.583789882715791 ], [ 211625.779381035710685, 541538.592789647052996 ], [ 211625.031376201164676, 541539.261772137600929 ], [ 211625.02237612666795, 541539.27077192242723 ], [ 211624.273371304414468, 541539.939754395978525 ], [ 211624.264371260534972, 541539.94675419293344 ], [ 211623.515366438456113, 541540.615736670792103 ], [ 211623.507366388308583, 541540.622736483346671 ], [ 211622.758361579559278, 541541.290718967560679 ], [ 211622.751361522998195, 541541.297718796413392 ], [ 211622.002356729470193, 541541.964701289194636 ], [ 211621.995356687228195, 541541.970701128826477 ], [ 211621.245351903431583, 541542.637683603097685 ], [ 211621.239351856667781, 541542.643683456932195 ], [ 211620.489347087714123, 541543.309665940469131 ], [ 211620.484347046993207, 541543.314665820566006 ], [ 211619.734342277341057, 541543.980648302705958 ], [ 211619.729342237464152, 541543.985648179193959 ], [ 211618.979337486671284, 541544.650630673510022 ], [ 211618.975337452284293, 541544.65463057695888 ], [ 211618.225332700443687, 541545.319613068364561 ], [ 211618.221332668996183, 541545.323612971114926 ], [ 211617.472327924915589, 541545.987595485989004 ], [ 211617.468327909009531, 541545.990595398005098 ], [ 211616.719323146418901, 541546.655577905825339 ], [ 211616.716323139757151, 541546.657577841891907 ], [ 211615.965318397124065, 541547.322560317115858 ], [ 211615.214313636068255, 541547.988542781560682 ], [ 211614.463308909384068, 541548.652525268145837 ], [ 211613.713304172240896, 541549.31650776672177 ], [ 211612.964299428946106, 541549.980490284506232 ], [ 211612.906299068476073, 541550.031488932319917 ], [ 211612.15829434961779, 541550.693471480626613 ], [ 211611.41128963790834, 541551.354454053100199 ], [ 211610.664284925500397, 541552.015436626272276 ], [ 211609.977280574676115, 541552.624420589068905 ], [ 211609.233275874255924, 541553.283403227571398 ], [ 211608.491271169827087, 541553.941385904909112 ], [ 211607.74926646790118, 541554.59936858236324 ], [ 211607.009261765488191, 541555.256351299583912 ], [ 211606.271257061889628, 541555.912334058550186 ], [ 211605.533252362074563, 541556.568316815420985 ], [ 211604.798247650382109, 541557.223299631034024 ], [ 211604.06324293956277, 541557.878282446763478 ], [ 211603.330238229915267, 541558.53226530214306 ], [ 211602.599233505345182, 541559.186248190817423 ], [ 211601.869228788389592, 541559.839231102261692 ], [ 211601.140224045928335, 541560.493214022135362 ], [ 211600.413219319860218, 541561.145196990924887 ], [ 211599.688214559748303, 541561.798179983859882 ], [ 211598.965209804126061, 541562.450163015630096 ], [ 211598.243205036618747, 541563.102146067307331 ], [ 211597.523200255527627, 541563.754129148088396 ], [ 211596.804195483273361, 541564.40511225501541 ], [ 211596.088190669077449, 541565.057095403783023 ], [ 211595.373185865028063, 541565.708078570198268 ], [ 211594.660181026614737, 541566.360061770537868 ], [ 211593.949176188965794, 541567.011045003659092 ], [ 211593.24017133488087, 541567.66202827275265 ], [ 211592.533166447537951, 541568.314011565875262 ], [ 211591.828161561512388, 541568.964994897367433 ], [ 211591.125156643684022, 541569.616978255682625 ], [ 211590.424151712242747, 541570.268961643683724 ], [ 211589.725146759912604, 541570.920945064979605 ], [ 211589.029141786129912, 541571.572928536566906 ], [ 211588.33413679045043, 541572.225912014488131 ], [ 211587.642131767875981, 541572.878895541303791 ], [ 211586.952126729273004, 541573.531879100599326 ], [ 211586.264121674234048, 541574.184862693189643 ], [ 211585.57811658893479, 541574.838846309110522 ], [ 211584.895111476798775, 541575.492829971830361 ], [ 211584.214106335886754, 541576.147813662071712 ], [ 211583.536101169302128, 541576.802797398995608 ], [ 211582.860095968615497, 541577.458781162044033 ], [ 211582.187090745661408, 541578.114764971192926 ], [ 211581.515085500112036, 541578.771748789469711 ], [ 211580.847080218984047, 541579.428732673637569 ], [ 211580.181074908963637, 541580.086716580321081 ], [ 211579.518069574434776, 541580.74470053659752 ], [ 211578.857064188749064, 541581.404684509034269 ], [ 211578.199058782076463, 541582.064668526756577 ], [ 211577.544053351477487, 541582.72465259837918 ], [ 211576.891047885495936, 541583.385636692517437 ], [ 211576.242042373865843, 541584.047620842582546 ], [ 211575.595036830578465, 541584.710605016676709 ], [ 211574.950031250889879, 541585.374589215498418 ], [ 211574.3090256449359, 541586.038573479396291 ], [ 211573.671019978792174, 541586.704557775054127 ], [ 211573.036014291486936, 541587.370542118907906 ], [ 211572.403008568187943, 541588.037526488187723 ], [ 211571.774002797523281, 541588.705510915373452 ], [ 211571.146996996802045, 541589.374495366006158 ], [ 211570.523991147550987, 541590.044479870353825 ], [ 211569.903985255950829, 541590.715464417822659 ], [ 211569.286979326017899, 541591.387449004803784 ], [ 211568.672973354958231, 541592.060433632228523 ], [ 211568.0629673373478, 541592.734418316860683 ], [ 211567.455961279687472, 541593.409403038909659 ], [ 211566.851955176971387, 541594.085387804196216 ], [ 211566.25094903993886, 541594.762372611789033 ], [ 211565.653942851524334, 541595.440357473911718 ], [ 211565.059936607751297, 541596.120342370704748 ], [ 211564.469930331164505, 541596.800327330362052 ], [ 211563.882923995901365, 541597.48231231898535 ], [ 211563.298917625739705, 541598.165297353640199 ], [ 211562.719911197549663, 541598.849282458308153 ], [ 211562.142904736596392, 541599.534267587587237 ], [ 211561.570898216072237, 541600.22025279130321 ], [ 211561.00189164315816, 541600.90823802666273 ], [ 211560.436885019589681, 541601.597223315853626 ], [ 211559.874878357368289, 541602.287208647350781 ], [ 211559.317871639097575, 541602.978194053983316 ], [ 211558.763864866195945, 541603.671179490163922 ], [ 211558.213858041970525, 541604.365164985065348 ], [ 211557.667851170117501, 541605.060150535078719 ], [ 211557.125844249792863, 541605.756136143230833 ], [ 211556.586837272479897, 541606.454121783026494 ], [ 211556.052830240980256, 541607.153107495629229 ], [ 211555.522823144536233, 541607.854093255009502 ], [ 211554.996816015249351, 541608.555079083656892 ], [ 211554.474808821716579, 541609.25806495686993 ], [ 211553.95680156556773, 541609.963050880935043 ], [ 211553.442794276314089, 541610.668036865768954 ], [ 211552.933786913432414, 541611.375022918567993 ], [ 211552.428779485548148, 541612.084009020822123 ], [ 211551.927772028546315, 541612.792995184659958 ], [ 211551.431764497538097, 541613.503981415648013 ], [ 211550.939756899111671, 541614.216967696789652 ], [ 211550.451749273313908, 541614.929954039514996 ], [ 211549.968741575285094, 541615.644940447993577 ], [ 211549.489733809605241, 541616.361926903831773 ], [ 211549.015726003650343, 541617.078913442441262 ], [ 211548.546718127065105, 541617.797900046105497 ], [ 211548.081710202503018, 541618.517886705696583 ], [ 211547.621702205447946, 541619.239873429527506 ], [ 211547.165694158611586, 541619.962860210682265 ], [ 211546.714686057326617, 541620.686847063247114 ], [ 211546.268677882791962, 541621.4128339815652 ], [ 211545.827669651596807, 541622.139820974203758 ], [ 211545.3916613648762, 541622.867808038368821 ], [ 211544.959653030062327, 541623.596795159741305 ], [ 211544.533644613635261, 541624.327782360953279 ], [ 211544.11163614934776, 541625.059769618790597 ], [ 211543.695627622946631, 541625.792756966548041 ], [ 211543.283619044261286, 541626.526744372327812 ], [ 211542.877610388211906, 541627.262731855036691 ], [ 211542.476601675385609, 541627.999719413579442 ], [ 211542.07959291379666, 541628.737707028631121 ], [ 211541.689584081235807, 541629.476694747805595 ], [ 211541.303575197583996, 541630.21668252418749 ], [ 211540.923566237062914, 541630.958670381922275 ], [ 211540.548557218193309, 541631.701658313162625 ], [ 211540.178548158874037, 541632.444646325195208 ], [ 211539.814539018785581, 541633.189634414971806 ], [ 211539.455529823258985, 541633.935622579068877 ], [ 211539.101520573312882, 541634.682610815390944 ], [ 211538.749511109635932, 541635.441598989185877 ], [ 211538.538505372969666, 541635.900591868092306 ], [ 211538.194495815521805, 541636.661580155952834 ], [ 211537.861486316134688, 541637.413568693562411 ], [ 211537.532476733525982, 541638.16855726914946 ], [ 211537.208467079733964, 541638.925545912701637 ], [ 211537.180466221208917, 541638.992544918553904 ], [ 211536.88945735359448, 541639.684534621192142 ], [ 211536.575447556271683, 541640.445523392641917 ], [ 211536.266437665646663, 541641.209512219764292 ], [ 211535.963427716080332, 541641.974501139600761 ], [ 211535.664417698106263, 541642.741490106098354 ], [ 211535.371407602215186, 541643.510479151736945 ], [ 211535.083397417329252, 541644.282468256074935 ], [ 211534.799387183826184, 541645.055457416921854 ], [ 211534.521376870834501, 541645.830446659703739 ], [ 211534.249366476899013, 541646.607435981044546 ], [ 211533.981356035132194, 541647.385425361106172 ], [ 211533.719345495890593, 541648.166414812556468 ], [ 211533.462334899348207, 541648.948404336813837 ], [ 211533.203323962516151, 541649.752393652917817 ], [ 211533.127320672036149, 541649.9933904747013 ], [ 211532.876309640647378, 541650.799379902542569 ], [ 211532.636298810859444, 541651.587369655142538 ], [ 211532.402287919481751, 541652.376359498361126 ], [ 211532.17327695217682, 541653.167349400930107 ], [ 211531.949265930335969, 541653.959339379798621 ], [ 211531.730254838999826, 541654.753329420927912 ], [ 211531.517243680224055, 541655.548319554072805 ], [ 211531.309232449129922, 541656.345309750875458 ], [ 211531.107221152051352, 541657.143300038180314 ], [ 211530.909209794859635, 541657.943290369934402 ], [ 211530.717198386817472, 541658.743280802271329 ], [ 211530.638193516526371, 541659.083276777411811 ], [ 211530.531186899199383, 541659.545271314564161 ], [ 211530.349175363284303, 541660.348261884762906 ], [ 211530.174163736257469, 541661.153252549120225 ], [ 211530.003152080636937, 541661.958243280649185 ], [ 211529.838140341686085, 541662.765234094229527 ], [ 211529.678128567058593, 541663.572224984294735 ], [ 211529.524116705957567, 541664.3812159585068 ], [ 211529.375104792794446, 541665.191207005642354 ], [ 211529.231092823843937, 541666.00219812488649 ], [ 211529.093080803984776, 541666.813189341803081 ], [ 211528.960068714281078, 541667.626180623075925 ], [ 211528.85705884397612, 541668.287173618329689 ], [ 211529.361929328122642, 541676.040119174402207 ], [ 211527.890937748656143, 541676.248093684902415 ], [ 211527.85893210049835, 541676.613090221420862 ], [ 211527.79091935895849, 541677.434082488645799 ], [ 211527.728906570584513, 541678.255074854940176 ], [ 211527.672893731360091, 541679.076067317510024 ], [ 211527.6218808395206, 541679.89805985300336 ], [ 211527.575867904524785, 541680.720052469987422 ], [ 211527.535854922782164, 541681.542045183945447 ], [ 211527.501841874822276, 541682.365037986310199 ], [ 211527.472828787867911, 541683.188030870165676 ], [ 211527.453818132431479, 541683.856025164946914 ], [ 211528.43479170720093, 541685.003031778847799 ], [ 211543.854376447037794, 541703.02613578713499 ], [ 211532.456309979286743, 541712.777872544829734 ], [ 211557.557633946795249, 541742.11904185032472 ], [ 211565.140531933197053, 541744.667144004255533 ], [ 211577.22547768347431, 541742.034360874444246 ], [ 211590.509119925263803, 541757.561450478038751 ], [ 211666.740777842904208, 541740.948818563832901 ], [ 211728.633500148513122, 541727.460929338121787 ] ] ] } },
{ "type": "Feature", "properties": { "landuse_category": "준주거지역", "signgu_code": "11000", "source_layer": "용도지역3", "area_name": "wirye_plan_area", "source_version": "2024_02_gap_fill", "area_sqm": 481490.87458296504, "area_ha": 48.149087458296506 }, "geometry": { "type": "MultiPolygon", "coordinates": [ [ [ [ 212773.821368292148691, 542330.071988557931036 ], [ 212768.119341913814424, 542211.042857117718086 ], [ 212762.418315425078617, 542092.013725587632507 ], [ 212827.385845463810256, 542088.90180305193644 ], [ 212823.984029404702596, 542017.484324354561977 ], [ 212771.054412195953773, 542020.02344653243199 ], [ 212770.005249541078229, 541998.063509812462144 ], [ 212769.919776870781789, 541998.067605356918648 ], [ 212769.919303484581178, 541998.057701922254637 ], [ 212757.944863647513557, 541998.631406847620383 ], [ 212754.70898387642228, 541931.060899776290171 ], [ 212754.336079463304486, 541925.342939880676568 ], [ 212753.765176378044998, 541919.640976652386598 ], [ 212752.999274481437169, 541913.962010076735169 ], [ 212752.037373667641077, 541908.31304008688312 ], [ 212750.880473818135215, 541902.701066640554927 ], [ 212749.531574809894664, 541897.132089733728208 ], [ 212747.989676549419528, 541891.612109308131039 ], [ 212746.259778857696801, 541886.150125370244496 ], [ 212744.341881667554844, 541880.750137884286232 ], [ 212742.237984849605709, 541875.419146832311526 ], [ 212739.952088239893783, 541870.165152207948267 ], [ 212737.486191758391215, 541864.992154015344568 ], [ 212705.533486483385786, 541800.842154199606739 ], [ 212703.230583121214295, 541796.013155869441107 ], [ 212701.096679672715254, 541791.106160909752361 ], [ 212699.132775994599797, 541786.129169264924712 ], [ 212697.341871982731391, 541781.087180946604349 ], [ 212695.725967524660518, 541775.986195940291509 ], [ 212694.287062491319375, 541770.833214218611829 ], [ 212693.027156802185345, 541765.632235783385113 ], [ 212691.947250302648172, 541760.392260578228161 ], [ 212691.04834291987936, 541755.117288588779047 ], [ 212690.332434507377911, 541749.815319776069373 ], [ 212689.800524976628367, 541744.491354124387726 ], [ 212689.452614234760404, 541739.151391579536721 ], [ 212684.730248466687044, 541640.563110601389781 ], [ 212576.355032193823718, 541645.753313715918921 ], [ 212575.422355022805277, 541626.276455775601789 ], [ 212571.427383919421118, 541626.467389544239268 ], [ 212531.473672867577989, 541628.380727131618187 ], [ 212469.045124356984161, 541631.371692110900767 ], [ 212455.504241554182954, 541630.83047722093761 ], [ 212456.49389905348653, 541651.495326479314826 ], [ 212462.686756151844747, 541780.782383335055783 ], [ 212463.034666920371819, 541786.121345877880231 ], [ 212463.566576455457835, 541791.445311522460543 ], [ 212464.282484855415532, 541796.748280313098803 ], [ 212465.180392252834281, 541802.023252279264852 ], [ 212466.260298760869773, 541807.263227470917627 ], [ 212467.521204463904724, 541812.463205920299515 ], [ 212468.959109497285681, 541817.617187604424544 ], [ 212470.576013950805645, 541822.718172617140226 ], [ 212472.365917974268086, 541827.760160906473175 ], [ 212474.330821650277358, 541832.737152554094791 ], [ 212476.46472511976026, 541837.643147511640564 ], [ 212478.767628466681344, 541842.473145819851197 ], [ 212511.751292026252486, 541908.692145465523936 ], [ 212514.027196522802114, 541913.464143804972991 ], [ 212516.139101136504905, 541918.310138892382383 ], [ 212518.085005945205921, 541923.226130722323433 ], [ 212519.860911095980555, 541928.205119293765165 ], [ 212521.46681666673976, 541933.242104642558843 ], [ 212522.899722785135964, 541938.331086769001558 ], [ 212524.158629565150477, 541943.465065715368837 ], [ 212525.242537083104253, 541948.640041496721096 ], [ 212526.147445484093623, 541953.849014105042443 ], [ 212526.875354868563591, 541959.084983627777547 ], [ 212527.424265325767919, 541964.342950076679699 ], [ 212527.793176968640182, 541969.616913476027548 ], [ 212514.377274027414387, 541970.259691016981378 ], [ 212520.774063695163932, 542103.588718277169392 ], [ 212534.181966687727254, 542102.945940620149486 ], [ 212547.602321631653467, 542383.122895753593184 ], [ 212627.598742660629796, 542379.291222495376132 ], [ 212627.359825120482128, 542374.318258781102486 ], [ 212651.329651673120679, 542373.168656341382302 ], [ 212661.231580088438932, 542372.689820605213754 ], [ 212665.15422226730152, 542454.579222899163142 ], [ 212561.352973564702552, 542459.5515012772521 ], [ 212563.16834620948066, 542497.386225128080696 ], [ 212571.69815248294617, 542505.126300789881498 ], [ 212594.857984847098123, 542504.016684916801751 ], [ 212626.13775845253258, 542502.517203734721988 ], [ 212657.457531749038026, 542501.017723207478411 ], [ 212663.447488442790927, 542500.727822582703084 ], [ 212671.437430566205876, 542500.347955085569993 ], [ 212669.807993697933853, 542466.388202929170802 ], [ 212780.097195617971011, 542461.099032309837639 ], [ 212773.821368292148691, 542330.071988557931036 ] ] ], [ [ [ 212582.103815739188576, 543446.673861693125218 ], [ 212577.069532600900857, 543343.206616476527415 ], [ 212580.893921355978819, 543317.319887686171569 ], [ 212577.13322361354949, 543238.806461325963028 ], [ 212380.769646240834845, 543248.212203627917916 ], [ 212276.30740317812888, 543253.215470705414191 ], [ 212271.571043044648832, 543154.330193337285891 ], [ 212348.572485147626139, 543150.641470657079481 ], [ 212259.693560916581191, 542881.296207680599764 ], [ 212079.380867141648196, 542889.93321714643389 ], [ 212086.482914079562761, 542945.2618849753635 ], [ 212098.304475930053741, 543028.201406044070609 ], [ 212112.430025100708008, 543110.778967322316021 ], [ 212121.201188480335986, 543158.085726969176903 ], [ 212122.084111067641061, 543162.427706170943566 ], [ 212123.113033001398435, 543166.73768799402751 ], [ 212124.288954369578278, 543171.009672506712377 ], [ 212125.608875280537177, 543175.238659697468393 ], [ 212127.072795796993887, 543179.420649606734514 ], [ 212128.678716014517704, 543183.550642231944948 ], [ 212130.42363605639548, 543187.62263758003246 ], [ 212132.306555980991106, 543191.63363565527834 ], [ 212134.325475898833247, 543195.577636473812163 ], [ 212136.477395898924442, 543199.450640023569576 ], [ 212138.760316062020138, 543203.248646300751716 ], [ 212141.170236520702019, 543206.965655293664895 ], [ 212143.706157326727407, 543210.598667001118883 ], [ 212146.365078570321202, 543214.143681415473111 ], [ 212149.142000372987241, 543217.595698494580574 ], [ 212152.035922811133787, 543220.95071825152263 ], [ 212155.042845959513215, 543224.205740650184453 ], [ 212158.157769927696791, 543227.356765637174249 ], [ 212161.378694810700836, 543230.398793221917003 ], [ 212164.701620673644356, 543233.329823357169516 ], [ 212168.122547609673347, 543236.145856012706645 ], [ 212171.637475708150305, 543238.843891141936183 ], [ 212175.241405064996798, 543241.419928701361641 ], [ 212178.93233573314501, 543243.871968672377989 ], [ 212182.703267816221341, 543246.197010965552181 ], [ 212186.552201378246536, 543248.392055575968698 ], [ 212190.474136510310927, 543250.45410244143568 ], [ 212194.463073277991498, 543252.382151480065659 ], [ 212199.203526047524065, 543345.546475038980134 ], [ 212223.209596444416093, 543452.766997022205032 ], [ 212295.25351928913733, 543483.571915235719644 ], [ 212462.317308528843569, 543475.568686995655298 ], [ 212522.31325293352711, 543511.010372674558312 ], [ 212560.471976424654713, 543509.182005826034583 ], [ 212570.384151442558505, 543493.473293451126665 ], [ 212582.103815739188576, 543446.673861693125218 ] ] ], [ [ [ 213745.243421245017089, 543204.155674335197546 ], [ 213597.175263356475625, 543102.015098571893759 ], [ 213457.366098524362314, 543304.690195370698348 ], [ 213645.623484464536887, 543434.554198593250476 ], [ 213787.899016473063966, 543532.698121474590153 ], [ 213802.095589757460402, 543523.469015300972387 ], [ 213827.874879542039707, 543505.131583704613149 ], [ 213830.989906360890018, 543501.937660007737577 ], [ 213834.00193561319611, 543498.644735443871468 ], [ 213836.906967229733709, 543495.258809896651655 ], [ 213839.703001213958487, 543491.780883322004229 ], [ 213842.387037503562169, 543488.215955634601414 ], [ 213844.956076064874651, 543484.568026755005121 ], [ 213847.40711687944713, 543480.839096613577567 ], [ 213689.049157007189933, 543371.601411103503779 ], [ 213793.347157000127481, 543220.405013724695891 ], [ 213793.347037102415925, 543220.404934081598185 ], [ 213793.347048391064163, 543220.404917086823843 ], [ 213784.385940701991785, 543214.452225818764418 ], [ 213752.60667140991427, 543193.354138071998022 ], [ 213745.243421245017089, 543204.155674335197546 ] ] ], [ [ [ 211366.942276393558132, 541117.009004735504277 ], [ 211226.018318777409149, 541122.363681406830437 ], [ 211235.871625752974069, 541283.946536137373187 ], [ 211369.943595904944232, 541281.199727705214173 ], [ 211369.684252065344481, 541240.773049912415445 ], [ 211367.988513821183005, 541163.625645326683298 ], [ 211367.379943091189489, 541137.393847252358682 ], [ 211366.942276393558132, 541117.009004735504277 ] ] ], [ [ [ 211775.330847098346567, 541868.250548265059479 ], [ 211730.495624275441514, 541904.216531976941042 ], [ 211869.826695828785887, 542077.909384726081043 ], [ 211914.662918704125332, 542041.943401148775592 ], [ 211775.330847098346567, 541868.250548265059479 ] ] ], [ [ [ 212658.081217451603152, 543013.953589971642941 ], [ 212614.95234749498195, 543027.271783554460853 ], [ 212617.173213186324574, 543034.462761433678679 ], [ 212610.219234115618747, 543036.612631387310103 ], [ 212544.446432381286286, 543056.929401534842327 ], [ 212589.639851039974019, 543193.890026986366138 ], [ 212627.146714832575526, 543183.731716828420758 ], [ 212646.566655008151429, 543177.812079344759695 ], [ 212631.507501127518481, 543133.042197117232718 ], [ 212622.937990599195473, 543107.072268119314685 ], [ 212646.677927245647879, 543099.232716132071801 ], [ 212641.35823107114993, 543083.112760193878785 ], [ 212677.008135897485772, 543071.343432940542698 ], [ 212660.439082709141076, 543021.103570403996855 ], [ 212658.081217451603152, 543013.953589971642941 ] ] ], [ [ [ 211749.306990790297277, 541316.175584553973749 ], [ 211734.490097991161747, 541316.885339021682739 ], [ 211733.099332321027759, 541303.093427841318771 ], [ 211730.883571512473281, 541289.409502436872572 ], [ 211727.851814695837675, 541275.882562557118945 ], [ 211724.49350490575307, 541264.229630087851547 ], [ 211724.465031640575035, 541264.152602427289821 ], [ 211724.155051438807277, 541263.082606045878492 ], [ 211723.895067762845429, 541262.20260894310195 ], [ 211723.545087881211657, 541261.132611914537847 ], [ 211722.98647522891406, 541259.44116512988694 ], [ 211722.821129003947135, 541258.949617820326239 ], [ 211722.450149531941861, 541257.864620573120192 ], [ 211722.114331027580192, 541256.89392860874068 ], [ 211721.695190569938859, 541255.702625805628486 ], [ 211721.621373369096546, 541255.494761455687694 ], [ 211721.313210922642611, 541254.633628251496702 ], [ 211721.008207874547224, 541253.790295549435541 ], [ 211720.925231366767548, 541253.562630616826937 ], [ 211720.535251640394563, 541252.502632863121107 ], [ 211720.462504507071571, 541252.303034547250718 ], [ 211720.140272054326488, 541251.436635075253434 ], [ 211719.741292370570591, 541250.378637156449258 ], [ 211719.567679815227166, 541249.923421944957227 ], [ 211719.335312710813014, 541249.322639111545868 ], [ 211719.120212556124898, 541248.757973771891557 ], [ 211718.933332887827419, 541248.274641063297167 ], [ 211718.629997253068723, 541247.498094472568482 ], [ 211718.525353021395858, 541247.232642871676944 ], [ 211718.455751948291436, 541247.054387719137594 ], [ 211718.111373293882934, 541246.184644629363902 ], [ 211717.695393437927123, 541245.145646285265684 ], [ 211717.580403136904351, 541244.860633125994354 ], [ 211717.27541351862601, 541244.112647826783359 ], [ 211716.855433552118484, 541243.082649342599325 ], [ 211716.425453662377549, 541242.052650698460639 ], [ 211716.165139264368918, 541241.414231115370058 ], [ 211716.002473685366567, 541241.024652149062604 ], [ 211715.571493658499094, 541240.003653416410089 ], [ 211715.258862417627824, 541239.268612120416947 ], [ 211715.135513674991671, 541238.982654603198171 ], [ 211714.963720008119708, 541238.579121153103188 ], [ 211714.702533501491416, 541237.971655753906816 ], [ 211714.264553368440829, 541236.960656827315688 ], [ 211713.824573186284397, 541235.953657834092155 ], [ 211713.381592983525479, 541234.949658770463429 ], [ 211713.086131061339984, 541234.287159313564189 ], [ 211712.485632477299077, 541232.952660386217758 ], [ 211711.135691350908019, 541229.982662513735704 ], [ 211710.675710893468931, 541229.002662978484295 ], [ 211710.2257303565857, 541228.022663606679998 ], [ 211709.765749896789202, 541227.042664074338973 ], [ 211709.528524047025712, 541226.537248640786856 ], [ 211709.30676936605596, 541226.066664522513747 ], [ 211708.845788768230705, 541225.095664898864925 ], [ 211708.382808143331204, 541224.127665219013579 ], [ 211708.317500766337616, 541223.991684835636988 ], [ 211707.915827499877196, 541223.162665453390218 ], [ 211707.514767311135074, 541222.325635565677658 ], [ 211707.454846742009977, 541222.201665748376399 ], [ 211707.387092434189981, 541222.062225722707808 ], [ 211706.985866019502282, 541221.24266589875333 ], [ 211706.839763596595731, 541220.937743852264248 ], [ 211706.521885187510634, 541220.287666098563932 ], [ 211706.053904355620034, 541219.334666216745973 ], [ 211705.584923485002946, 541218.384666295023635 ], [ 211705.316362757585011, 541217.84352304355707 ], [ 211705.115942485717824, 541217.442666309885681 ], [ 211704.88161901361309, 541216.969014502945356 ], [ 211704.644961612444604, 541216.493666345719248 ], [ 211704.173980611056322, 541215.552666319999844 ], [ 211703.702999562898185, 541214.614666269510053 ], [ 211703.231018488819245, 541213.678666184772737 ], [ 211702.82266783749219, 541212.873155780718662 ], [ 211702.756037442566594, 541212.742666052654386 ], [ 211702.605238488060422, 541212.444264655932784 ], [ 211702.286056222947082, 541211.814665938378312 ], [ 211701.813075011596084, 541210.887665765359998 ], [ 211701.768193193536717, 541210.799891269765794 ], [ 211701.336093800375238, 541209.962665512226522 ], [ 211700.624480877682799, 541208.569665514980443 ], [ 211700.393131174787413, 541208.119665127131157 ], [ 211675.09711334030726, 541159.943644599523395 ], [ 211678.819287604943383, 541147.331806627218612 ], [ 211679.88557778505492, 541144.857668156037107 ], [ 211679.887319165369263, 541144.852843920933083 ], [ 211680.180825161281973, 541144.172598645323887 ], [ 211683.313420344900806, 541136.903963518678211 ], [ 211684.414343782234937, 541135.138914672192186 ], [ 211684.447440890566213, 541135.072996649425477 ], [ 211688.697053247509757, 541128.272686608484946 ], [ 211691.672570249647833, 541123.502206960110925 ], [ 211698.466707288549514, 541111.670412398292683 ], [ 211704.825851679343032, 541099.599612723919563 ], [ 211705.164859854470706, 541098.926623643143103 ], [ 211707.24999284412479, 541089.675732044619508 ], [ 211687.423313230829081, 541079.688491799635813 ], [ 211682.945205266820267, 541088.577347593614832 ], [ 211677.184074228513055, 541099.52716599102132 ], [ 211671.039949656988028, 541110.266979885287583 ], [ 211664.519831737648929, 541120.781789509346709 ], [ 211657.632720578083536, 541131.060595097020268 ], [ 211650.386616338801105, 541141.089396892813966 ], [ 211642.789519151905552, 541150.856195119675249 ], [ 211634.85342914541252, 541160.346990089514293 ], [ 211675.124968437448842, 541230.684074069256894 ], [ 211677.110887626215117, 541234.695073832641356 ], [ 211678.84881569002755, 541238.280073022819124 ], [ 211680.551743797172094, 541241.880071521736681 ], [ 211682.217671957245329, 541245.495069302269258 ], [ 211683.840600181865739, 541249.127066249842755 ], [ 211685.41552850586595, 541252.777062276378274 ], [ 211686.939456894033356, 541256.448057308094576 ], [ 211688.046403285115957, 541259.213052904698998 ], [ 211689.119349736778531, 541261.99104784487281 ], [ 211689.815314081381075, 541263.850044099846855 ], [ 211691.158242899458855, 541267.584035694017075 ], [ 211692.119189650082262, 541270.399028523126617 ], [ 211692.737154194706818, 541272.284023307147436 ], [ 211693.954081209609285, 541276.192011458915658 ], [ 211695.004014185804408, 541279.813999212929048 ], [ 211695.983947402826743, 541283.455985672655515 ], [ 211696.894880894338712, 541287.114970880676992 ], [ 211697.73581467353506, 541290.790954817435704 ], [ 211698.506748768500984, 541294.481937499716878 ], [ 211699.206683207914466, 541298.186918921535835 ], [ 211699.836617997876601, 541301.904899103334174 ], [ 211700.395553174370434, 541305.633878048043698 ], [ 211700.883488747116644, 541309.373855754965916 ], [ 211701.300424753426341, 541313.121832249802537 ], [ 211701.64536122806021, 541316.876807518536225 ], [ 211701.919298171531409, 541320.637781593599357 ], [ 211702.121235627448186, 541324.402754468261264 ], [ 211702.252173587214202, 541328.171726164291613 ], [ 211702.311112107359804, 541331.941696684807539 ], [ 211749.952767394686816, 541329.66048615553882 ], [ 211749.306990790297277, 541316.175584553973749 ] ] ], [ [ [ 213054.607908506441163, 543021.984950621845201 ], [ 213008.265285454748664, 543083.358703827485442 ], [ 213042.181598583818413, 543108.968046617344953 ], [ 213087.831215180893196, 543048.337276195758022 ], [ 213063.446721389715094, 543029.160035909037106 ], [ 213054.607908506441163, 543021.984950621845201 ] ] ], [ [ [ 213185.564049161417643, 542763.400161153636873 ], [ 213194.307716014765901, 542779.636171753169037 ], [ 213198.209567320998758, 542786.883176469942555 ], [ 213202.877395085553871, 542795.204184928676113 ], [ 213219.358741317584645, 542786.29191421798896 ], [ 213219.321408543386497, 542786.242523779626936 ], [ 213214.591583090950735, 542777.809515219531022 ], [ 213213.700617029971909, 542776.155514135141857 ], [ 213213.65961858999799, 542776.079514083219692 ], [ 213210.567736406985205, 542770.337510340381414 ], [ 213202.05090747147915, 542754.521582661196589 ], [ 213202.050931046454934, 542754.521569965756498 ], [ 213202.050867681711679, 542754.52145229827147 ], [ 213185.564049161417643, 542763.400161153636873 ] ] ] ] } },
{ "type": "Feature", "properties": { "landuse_category": "일반상업지역", "signgu_code": "11000", "source_layer": "용도지역3", "area_name": "wirye_plan_area", "source_version": "2024_02_gap_fill", "area_sqm": 23190.725815775761, "area_ha": 2.3190725815775761 }, "geometry": { "type": "Polygon", "coordinates": [ [ [ 212669.909054620569805, 543018.150747704668902 ], [ 212655.021904904220719, 542973.034871008596383 ], [ 212619.069958197447704, 542864.083168745739385 ], [ 212482.96094384288881, 542870.601910962141119 ], [ 212530.331238521204796, 543014.155518481857143 ], [ 212544.435433005564846, 543056.896401623263955 ], [ 212617.165213655564003, 543034.437761503853835 ], [ 212614.95234749498195, 543027.271783554460853 ], [ 212658.002217698143795, 543013.977588496520184 ], [ 212660.353083430178231, 543021.101569028222002 ], [ 212669.909054620569805, 543018.150747704668902 ] ] ] } },
{ "type": "Feature", "properties": { "landuse_category": "일반상업지역", "signgu_code": "11000", "source_layer": "용도지역3", "area_name": "wirye_plan_area", "source_version": "2024_02_gap_fill", "area_sqm": 44968.743447943489, "area_ha": 4.4968743447943487 }, "geometry": { "type": "Polygon", "coordinates": [ [ [ 213874.779410511837341, 543387.523294021142647 ], [ 213871.487463708472205, 543385.869253997458145 ], [ 213871.478463846200611, 543385.8652538851602 ], [ 213868.837506524141645, 543384.538221775437705 ], [ 213860.78365403987118, 543379.420132512226701 ], [ 213860.780654096510261, 543379.418132477672771 ], [ 213855.761761159985326, 543375.295084388111718 ], [ 213847.967928205325734, 543368.844010106753558 ], [ 213847.963928285345901, 543368.841010064468719 ], [ 213843.699011649325257, 543365.806965410709381 ], [ 213843.671012199687539, 543365.786965118139051 ], [ 213832.766225409082836, 543358.025850972160697 ], [ 213821.594465322006727, 543348.749744730535895 ], [ 213821.59046540086274, 543348.74674468964804 ], [ 213814.453655177203473, 543340.568695004563779 ], [ 213803.359927451034309, 543329.257606466650032 ], [ 213790.415245165117085, 543316.058503161068074 ], [ 213786.377355195349082, 543311.267476377775893 ], [ 213766.149909964209655, 543287.045344002894126 ], [ 213762.711015742825111, 543282.22032720700372 ], [ 213751.563358651095768, 543266.5782727713231 ], [ 213737.208881001017289, 543241.452242920640856 ], [ 213732.156091268872842, 543230.979245564667508 ], [ 213726.193309198628413, 543220.483233644277789 ], [ 213718.39274340053089, 543197.554292311891913 ], [ 213712.998040212172782, 543181.911331155686639 ], [ 213689.451492170919664, 543165.669080555555411 ], [ 213597.175263356475625, 543102.015098571893759 ], [ 213524.566139010305051, 543207.274071528809145 ], [ 213598.482720134750707, 543258.26285806694068 ], [ 213616.842367698176531, 543270.928053437499329 ], [ 213712.823525193321984, 543337.138074885238893 ], [ 213689.049157007189933, 543371.601411103503779 ], [ 213697.280998986214399, 543377.279498715884984 ], [ 213831.864415268180892, 543470.117931163636968 ], [ 213847.701111232832773, 543481.042099741403945 ], [ 213853.010205934930127, 543472.577254190691747 ], [ 213857.763310343027115, 543463.788402241189033 ], [ 213861.940424036380136, 543454.711543275159784 ], [ 213865.523546547163278, 543445.384676695452072 ], [ 213868.499677356187021, 543435.845801985007711 ], [ 213874.240967452875338, 543415.116062479326501 ], [ 213875.421023611939745, 543411.069114293786697 ], [ 213875.851041876478121, 543409.730132076540031 ], [ 213876.052051160018891, 543409.058140761684626 ], [ 213876.281060106295627, 543408.393149847979657 ], [ 213876.711078338033985, 543407.056167615810409 ], [ 213878.109131616656668, 543403.079222399857827 ], [ 213879.969194794481155, 543398.263291450333782 ], [ 213881.4792403159081, 543394.709344632574357 ], [ 213881.689247112197336, 543394.186352263204753 ], [ 213881.797249910858227, 543393.960355837712996 ], [ 213881.987255667365389, 543393.511362545308657 ], [ 213883.572298238635994, 543390.102415772387758 ], [ 213874.779410511837341, 543387.523294021142647 ] ] ] } },
{ "type": "Feature", "properties": { "landuse_category": "자연녹지지역", "signgu_code": "11000", "source_layer": "용도지역3", "area_name": "wirye_plan_area", "source_version": "2024_02_gap_fill", "area_sqm": 618.02515763241433, "area_ha": 0.061802515763241431 }, "geometry": { "type": "Polygon", "coordinates": [ [ [ 213186.581714004219975, 542725.795599493314512 ], [ 213178.590221103804652, 542729.690466524101794 ], [ 213169.735652273026062, 542734.006141983205453 ], [ 213185.564049176318804, 542763.399161159992218 ], [ 213202.050931043107994, 542754.521569959586486 ], [ 213191.679908043035539, 542735.262722801882774 ], [ 213186.581714004219975, 542725.795599493314512 ] ] ] } },
{ "type": "Feature", "properties": { "landuse_category": "제1종전용주거지역", "signgu_code": "11000", "source_layer": "용도지역3", "area_name": "wirye_plan_area", "source_version": "2024_02_gap_fill", "area_sqm": 72170.719698856017, "area_ha": 7.2170719698856018 }, "geometry": { "type": "Polygon", "coordinates": [ [ [ 213683.554756256256951, 543460.71960227121599 ], [ 213679.17984025075566, 543457.701555711682886 ], [ 213653.854326444299659, 543440.232286182232201 ], [ 213651.93136337105534, 543438.905265722540207 ], [ 213645.623484464536887, 543434.554198593250476 ], [ 213549.642327078647213, 543368.345177204231732 ], [ 213531.282679540105164, 543355.67998184717726 ], [ 213457.366098524362314, 543304.690195370698348 ], [ 213348.912419415515615, 543461.911167180980556 ], [ 213346.50338212409406, 543465.403099914663471 ], [ 213352.677263588440837, 543469.662165594636463 ], [ 213344.865142665919848, 543480.985947464010678 ], [ 213390.808260596793843, 543512.678436236456037 ], [ 213357.730106553412043, 543600.230192595627159 ], [ 213350.758863320632372, 543618.682930475799367 ], [ 213399.005936937086517, 543651.964443773962557 ], [ 213413.473659139766824, 543661.944597700145096 ], [ 213415.150627989787608, 543663.03661606577225 ], [ 213415.352624232007656, 543663.168618271825835 ], [ 213415.474622152862139, 543663.236619702191092 ], [ 213418.545569888898171, 543664.941655716160312 ], [ 213418.556569701380795, 543664.947655846830457 ], [ 213421.770520699617919, 543666.380696373526007 ], [ 213421.902518684917595, 543666.439698038157076 ], [ 213422.03251691328478, 543666.484699783031829 ], [ 213425.366471536399331, 543667.634744544979185 ], [ 213428.779430324852001, 543668.488792979973368 ], [ 213428.920428627403453, 543668.523794982465915 ], [ 213429.061427141656168, 543668.545797091210261 ], [ 213432.513390542502748, 543669.095848612720147 ], [ 213432.539390271296725, 543669.099849004065618 ], [ 213436.039358202455333, 543669.346903752884828 ], [ 213436.194356780993985, 543669.357906178222038 ], [ 213436.345355619559996, 543669.354908650391735 ], [ 213439.838328567013377, 543669.295965759316459 ], [ 213439.857328415469965, 543669.295966068166308 ], [ 213439.860328392242081, 543669.295966116245836 ], [ 213443.365306236868491, 543668.929025910445489 ], [ 213443.501305373705691, 543668.915028226212598 ], [ 213443.63330473768292, 543668.889030576567166 ], [ 213447.086287862708559, 543668.222091951640323 ], [ 213447.099287805642234, 543668.219092186889611 ], [ 213447.118287736055208, 543668.21409253415186 ], [ 213450.483276381652104, 543667.250154882203788 ], [ 213450.621275908371899, 543667.211157433921471 ], [ 213450.752275667764479, 543667.161159960669465 ], [ 213454.037269738764735, 543665.902223393553868 ], [ 213454.04326972286799, 543665.900223507662304 ], [ 213457.213269334461074, 543664.356287381029688 ], [ 213457.337269314331934, 543664.296289875288494 ], [ 213457.455269517580746, 543664.225292362389155 ], [ 213460.479274679499213, 543662.411356049356982 ], [ 213491.653358752140775, 543641.808027960825711 ], [ 213507.738402152259368, 543631.17637465626467 ], [ 213549.906515917449724, 543603.306283525656909 ], [ 213622.637712186609861, 543555.236851111752912 ], [ 213625.317720483610174, 543553.399909403640777 ], [ 213625.336720574414358, 543553.384909832966514 ], [ 213631.666749728436116, 543548.457052275305614 ], [ 213631.926750917191384, 543548.255058123380877 ], [ 213632.176752674364252, 543548.023064051405527 ], [ 213638.061794164852472, 543542.554203648818657 ], [ 213638.075794312549988, 543542.538204004638828 ], [ 213643.450847674248507, 543536.589339207741432 ], [ 213643.675849905383075, 543536.340344869764522 ], [ 213643.879852647747612, 543536.070350357447751 ], [ 213648.727917707466986, 543529.660480741527863 ], [ 213691.84958555951016, 543467.147684846771881 ], [ 213692.179590664891293, 543466.669694057898596 ], [ 213683.554756256256951, 543460.71960227121599 ] ] ] } },
{ "type": "Feature", "properties": { "landuse_category": "제1종일반주거지역", "signgu_code": "11000", "source_layer": "용도지역3", "area_name": "wirye_plan_area", "source_version": "2024_02_gap_fill", "area_sqm": 5548.952945335036, "area_ha": 0.55489529453350361 }, "geometry": { "type": "MultiPolygon", "coordinates": [ [ [ [ 212509.421136955003021, 543586.266555308131501 ], [ 212204.07067427309812, 543457.442649120464921 ], [ 212200.273720571916783, 543456.465595502639189 ], [ 212184.680910678143846, 543452.454375302186236 ], [ 212167.869730973499827, 543448.129970430978574 ], [ 212168.860124440863729, 543451.332021478912793 ], [ 212509.246702898468357, 543586.607547955820337 ], [ 212509.421136955003021, 543586.266555308131501 ] ] ], [ [ [ 213321.687981208931888, 543564.100900198798627 ], [ 213322.511985559569439, 543563.424919019453228 ], [ 213319.553059405472595, 543560.332896034233272 ], [ 213302.249491287977435, 543542.24876162968576 ], [ 213298.228603197669145, 543537.333736158441752 ], [ 213298.195604111650027, 543537.293735948507674 ], [ 213286.302935106883524, 543522.756660606246442 ], [ 213286.241936811129563, 543522.681660223635845 ], [ 213275.21324374244432, 543509.201590351527557 ], [ 213271.230354599974817, 543504.332565124612302 ], [ 213268.684425439685583, 543501.221548990113661 ], [ 213265.520513488125289, 543497.354528942960314 ], [ 213249.000973249610979, 543477.161424302379601 ], [ 213248.530986323603429, 543476.587421321542934 ], [ 213246.731036414043047, 543474.387409918475896 ], [ 213245.801062300248304, 543473.250404029851779 ], [ 213238.370269086648477, 543464.168356951908208 ], [ 213235.702343350392766, 543460.906340058543719 ], [ 213234.844360296876403, 543460.285331168561243 ], [ 213234.607373833772726, 543459.567333127371967 ], [ 213232.944420023355633, 543457.540322547079995 ], [ 213212.979724516044371, 543448.630070907180198 ], [ 213194.426009138958761, 543440.247837874107063 ], [ 213180.843215653439984, 543434.225666356505826 ], [ 213176.377720574353589, 543432.245438375859521 ], [ 213321.635390320210718, 543564.144077987060882 ], [ 213321.687981208931888, 543564.100900198798627 ] ] ], [ [ [ 213006.883843626215821, 543173.017957136733457 ], [ 213004.468966375279706, 543166.637969540548511 ], [ 213002.054089121258585, 543160.257981947972439 ], [ 212989.214706549042603, 543128.508030360331759 ], [ 212983.104970400687307, 543115.248038464924321 ], [ 212981.899007658823393, 543113.158238672767766 ], [ 212998.951150659791892, 543175.843364557251334 ], [ 213006.883843626215821, 543173.017957136733457 ] ] ], [ [ [ 212981.575073734216858, 543109.628059072303586 ], [ 212979.623666145489551, 543104.793890028377064 ], [ 212980.839476017805282, 543109.263310375856236 ], [ 212981.575073734216858, 543109.628059072303586 ] ] ], [ [ [ 212975.275237993279006, 543102.608013687073253 ], [ 212941.655629855667939, 543095.057529849931598 ], [ 212911.295860939775594, 543095.817031714133918 ], [ 212910.201886462746188, 543094.783022339455783 ], [ 212907.029960456013214, 543091.785995150567032 ], [ 212903.094052289205138, 543088.065961419139057 ], [ 212894.206259635771858, 543079.666885244543664 ], [ 212890.476332802412799, 543076.99684637109749 ], [ 212880.14642258733511, 543076.566682448727079 ], [ 212873.296379152976442, 543082.636522407992743 ], [ 212866.626339945592918, 543088.356368105742149 ], [ 212858.928988235944416, 543094.236091676400974 ], [ 212979.601490320666926, 543104.746248592389748 ], [ 212975.275237993279006, 543102.608013687073253 ] ] ], [ [ [ 212768.307160809636116, 543086.344791128998622 ], [ 212765.127138348179869, 543089.304715684615076 ], [ 212763.05709856125759, 543092.784654024406336 ], [ 212764.939434490457643, 543097.716083439649083 ], [ 212768.311541079776362, 543086.348299874807708 ], [ 212768.307160809636116, 543086.344791128998622 ] ] ], [ [ [ 212728.53530711485655, 543220.433063169242814 ], [ 212728.522809853224317, 543220.444604953285307 ], [ 212728.537337132001994, 543220.432003923226148 ], [ 212728.538456354814116, 543220.428230886347592 ], [ 212728.53530711485655, 543220.433063169242814 ] ] ], [ [ [ 212671.675032206752803, 543265.541777225094847 ], [ 212668.105017091031186, 543268.241697553894483 ], [ 212666.625022803782485, 543268.621670501423068 ], [ 212660.545010643108981, 543272.381541590439156 ], [ 212654.405032830982236, 543274.051428600680083 ], [ 212654.463978500949452, 543277.375402688863687 ], [ 212654.504940645390889, 543279.69138463633135 ], [ 212651.314855888689635, 543286.501277905190364 ], [ 212654.25490279198857, 543282.15136070153676 ], [ 212657.19494078317075, 543278.351439055637456 ], [ 212660.484970782970777, 543274.871520494110882 ], [ 212664.074993351008743, 543271.701604286907241 ], [ 212667.835011481598485, 543268.721689300611615 ], [ 212671.765022574458271, 543266.091774239437655 ], [ 212675.92502890760079, 543263.641861450043507 ], [ 212680.275026749819517, 543261.621948264772072 ], [ 212681.650063305045478, 543261.102246288210154 ], [ 212684.706574947369518, 543258.451013679848984 ], [ 212671.675032206752803, 543265.541777225094847 ] ] ], [ [ [ 213884.693022344989004, 543468.240802966640331 ], [ 213884.568022391817067, 543468.29980046255514 ], [ 213884.513022573752096, 543468.315799441887066 ], [ 213876.976045793155208, 543470.608658707584254 ], [ 213868.500004669476766, 543477.334466947708279 ], [ 213870.000225859286729, 543479.324623290915042 ], [ 213888.756112270668382, 543467.131535310880281 ], [ 213884.693022344989004, 543468.240802966640331 ] ] ], [ [ [ 213547.087152954161866, 543688.769547345815226 ], [ 213547.582576926244656, 543688.926381028490141 ], [ 213719.282992269669194, 543577.304982574190944 ], [ 213705.074553810671205, 543585.926939887693152 ], [ 213619.13939721803763, 543638.074125210405327 ], [ 213619.132397190696793, 543638.079125059884973 ], [ 213603.905369462270755, 543647.318803510745056 ], [ 213600.279359623178607, 543649.718725328915752 ], [ 213569.725276763463626, 543669.938066557864659 ], [ 213555.533251624408877, 543678.506767211016268 ], [ 213529.803206064447295, 543694.041224505286664 ], [ 213524.203196149872383, 543697.4221063896548 ], [ 213517.953166595631046, 543702.335965345380828 ], [ 213486.398017322761007, 543727.149253214709461 ], [ 213483.841005239402875, 543729.15919551323168 ], [ 213482.638647169456817, 543729.16310412529856 ], [ 213484.324862820853014, 543730.049837237573229 ], [ 213545.536667301086709, 543690.256414465024136 ], [ 213547.087152954161866, 543688.769547345815226 ] ] ], [ [ [ 212636.384798379353015, 543297.44094755302649 ], [ 212639.004792272608029, 543296.520997443236411 ], [ 212641.40478922467446, 543295.52104441751726 ], [ 212643.147705777722877, 543294.499372724560089 ], [ 212644.677112275909167, 543293.172758317785338 ], [ 212636.384798379353015, 543297.44094755302649 ] ] ] ] } },
{ "type": "Feature", "properties": { "landuse_category": "준주거지역", "signgu_code": "11000", "source_layer": "용도지역3", "area_name": "wirye_plan_area", "source_version": "2024_02_gap_fill", "area_sqm": 395433.77697122132, "area_ha": 39.543377697122132 }, "geometry": { "type": "MultiPolygon", "coordinates": [ [ [ [ 212669.72399459630833, 542466.374201681697741 ], [ 212669.742994461063063, 542466.373201996088028 ], [ 212669.741994678101037, 542466.360202085459605 ], [ 212780.096196130063618, 542461.068032546900213 ], [ 212773.821368292148691, 542330.071988557931036 ], [ 212769.536851327080512, 542240.630641227820888 ], [ 212768.827096887107473, 542225.820749283884652 ], [ 212768.119341913814424, 542211.042857117718086 ], [ 212762.418315425078617, 542092.013725587632507 ], [ 212827.329845865519019, 542088.904802120523527 ], [ 212823.919029893673724, 542017.48632328514941 ], [ 212823.90902995612123, 542017.487323115812615 ], [ 212770.983412781904917, 542020.022445388138294 ], [ 212769.931707743002335, 541998.067033672239631 ], [ 212769.919776870781789, 541998.067605356918648 ], [ 212769.918848180386703, 541998.048176770447753 ], [ 212757.94486380869057, 541998.62140692898538 ], [ 212754.70898387642228, 541931.060899776290171 ], [ 212753.881156712886877, 541920.797969190985896 ], [ 212753.811168575688498, 541920.099973692093045 ], [ 212751.661406218598131, 541906.48904871637933 ], [ 212751.434425833809655, 541905.390053911600262 ], [ 212748.122667792398715, 541892.087107630097307 ], [ 212748.053672363079386, 541891.83910851366818 ], [ 212743.553920301113976, 541878.754141229903325 ], [ 212743.133940910571255, 541877.689143022056669 ], [ 212737.486191758391215, 541864.992154015344568 ], [ 212711.95722619179287, 541813.739154158276506 ], [ 212709.997277107613627, 541811.564139968017116 ], [ 212695.645600692863809, 541798.679011517437175 ], [ 212673.615034444024786, 541782.787782964645885 ], [ 212664.383234662702307, 541774.988696391577832 ], [ 212637.875707290397258, 541758.910396856139414 ], [ 212624.382859404664487, 541756.18920030631125 ], [ 212604.381213666551048, 541744.202973120380193 ], [ 212588.351524620054988, 541732.926804530550726 ], [ 212569.758779625233728, 541726.373556323931552 ], [ 212507.404577013541711, 541707.966695133247413 ], [ 212507.26757875905605, 541707.926693238667212 ], [ 212484.519013054959942, 541692.355450532631949 ], [ 212478.979125231766375, 541688.167394624557346 ], [ 212475.467195760749746, 541685.548358892789111 ], [ 212469.694330556783825, 541680.078309560194612 ], [ 212457.650498852191959, 541675.64115034788847 ], [ 212462.686756151844747, 541780.782383335055783 ], [ 212463.034666920371819, 541786.121345877880231 ], [ 212463.566576455457835, 541791.445311522460543 ], [ 212464.282484855415532, 541796.748280313098803 ], [ 212465.181392245867755, 541802.023252294166014 ], [ 212466.260298760869773, 541807.263227470917627 ], [ 212467.521204463904724, 541812.463205920299515 ], [ 212468.960109486186411, 541817.617187620722689 ], [ 212470.576013950805645, 541822.718172617140226 ], [ 212472.365917974268086, 541827.760160906473175 ], [ 212474.330821650277358, 541832.737152554094791 ], [ 212476.46472511976026, 541837.643147511640564 ], [ 212478.767628466681344, 541842.473145819851197 ], [ 212511.751292026252486, 541908.692145465523936 ], [ 212514.023196685564471, 541913.456143804709427 ], [ 212514.02619656349998, 541913.462143805110827 ], [ 212516.133101427491056, 541918.295138915185817 ], [ 212516.13710120061296, 541918.307138881878927 ], [ 212518.076006390911061, 541923.203130762674846 ], [ 212518.08200606473838, 541923.220130722620524 ], [ 212519.850911677000113, 541928.174119381350465 ], [ 212519.857911249389872, 541928.197119308402762 ], [ 212521.454817396210274, 541933.203104761894792 ], [ 212521.463816854695324, 541933.232104676426388 ], [ 212522.887723657127935, 541938.283086962532252 ], [ 212522.896723003708757, 541938.319086819305085 ], [ 212524.145630573970266, 541943.409065956133418 ], [ 212524.155629798828159, 541943.452065772144124 ], [ 212525.229538240702823, 541948.575041811680421 ], [ 212525.238537375087617, 541948.624041563598439 ], [ 212526.136446770309703, 541953.775014524580911 ], [ 212526.144445798825473, 541953.831014201743528 ], [ 212526.865356274938677, 541959.002984127844684 ], [ 212526.872355214814888, 541959.064983740914613 ], [ 212527.41626684894436, 541964.252950671361759 ], [ 212527.421265707962448, 541964.320950204739347 ], [ 212527.792177380324574, 541969.591913663200103 ], [ 212514.308274920127587, 541970.238690070109442 ], [ 212514.347261815331876, 541971.028684322605841 ], [ 212520.697064262552885, 542103.591717005125247 ], [ 212534.181966687727254, 542102.945940620149486 ], [ 212547.602321631653467, 542383.122895753593184 ], [ 212627.509743307251483, 542379.295221020118333 ], [ 212627.270826107414905, 542374.301257475744933 ], [ 212661.231580347783165, 542372.67382073646877 ], [ 212665.15422226730152, 542454.579222899163142 ], [ 212561.274974124185974, 542459.555499983252957 ], [ 212561.847775593661936, 542471.529412557836622 ], [ 212561.862775491172215, 542471.528412808547728 ], [ 212563.102347192383604, 542497.358224282856099 ], [ 212571.632153465616284, 542505.098299947567284 ], [ 212671.350431700004265, 542500.320953895454295 ], [ 212669.72399459630833, 542466.374201681697741 ] ] ], [ [ [ 212582.103815739188576, 543446.673861693125218 ], [ 212580.87223588314373, 543421.354046413558535 ], [ 212577.069532600900857, 543343.206616476527415 ], [ 212580.893921355978819, 543317.319887686171569 ], [ 212577.612057929974981, 543248.79538835096173 ], [ 212577.13322361354949, 543238.806461325963028 ], [ 212542.316475839441409, 543240.473883690894581 ], [ 212380.768646248237928, 543248.212203610921279 ], [ 212259.693560902524041, 542881.29720767273102 ], [ 212147.519373505288968, 542886.66934721195139 ], [ 212079.380867141648196, 542889.93321714643389 ], [ 212086.482914079562761, 542945.2618849753635 ], [ 212112.430025100708008, 543110.778967322316021 ], [ 212121.201188480335986, 543158.085726969176903 ], [ 212123.471009022905491, 543168.040683259721845 ], [ 212123.698993783880724, 543168.868680258863606 ], [ 212126.974801134463632, 543179.139650290599093 ], [ 212127.02779826335609, 543179.290649929200299 ], [ 212131.216602320317179, 543189.312636763090268 ], [ 212131.346596808463801, 543189.588636635337025 ], [ 212131.36559600601322, 543189.628636621520855 ], [ 212131.575587050552713, 543190.077636393136345 ], [ 212136.606391381472349, 543199.665640374179929 ], [ 212136.752386290143477, 543199.907640786026604 ], [ 212142.536193875799654, 543208.921661607106216 ], [ 212142.993179599376163, 543209.576663713320158 ], [ 212149.571988856419921, 543218.093701431993395 ], [ 212149.951978682482149, 543218.533704032306559 ], [ 212157.134794901096029, 543226.321757431607693 ], [ 212157.586783870472573, 543226.778761059162207 ], [ 212165.537602819531457, 543234.017831339384429 ], [ 212166.133590085286414, 543234.508837023982778 ], [ 212174.590417821134906, 543240.954921913216822 ], [ 212174.924411284999223, 543241.192925400100648 ], [ 212184.049244593014009, 543246.964026569854468 ], [ 212184.67623376386473, 543247.322033834061585 ], [ 212184.71623306904803, 543247.345034296507947 ], [ 212184.7772320129734, 543247.380035000969656 ], [ 212194.463073277991498, 543252.382151480065659 ], [ 212199.203526047524065, 543345.546475038980134 ], [ 212216.491136412252672, 543422.764130770578049 ], [ 212223.208596453972859, 543452.766997006023303 ], [ 212295.253519305580994, 543483.57091524428688 ], [ 212314.342380939371651, 543482.657231931574643 ], [ 212462.317308528843569, 543475.568686995655298 ], [ 212487.821859795105411, 543490.634978474117815 ], [ 212490.000821443536552, 543491.923003370524384 ], [ 212522.312252940901089, 543511.010372658260167 ], [ 212556.983001709741075, 543509.348947935737669 ], [ 212560.471976424654713, 543509.182005826034583 ], [ 212561.819000196846901, 543507.048044906114228 ], [ 212570.384151442558505, 543493.473293451126665 ], [ 212582.103815739188576, 543446.673861693125218 ] ] ], [ [ [ 213598.482720134750707, 543258.26285806694068 ], [ 213531.282679540105164, 543355.67998184717726 ], [ 213549.642327078647213, 543368.345177204231732 ], [ 213645.623484464536887, 543434.554198593250476 ], [ 213651.93136337105534, 543438.905265722540207 ], [ 213653.854326444299659, 543440.232286182232201 ], [ 213679.17984025075566, 543457.701555711682886 ], [ 213683.554756256256951, 543460.71960227121599 ], [ 213692.179590664891293, 543466.669694057898596 ], [ 213723.459990133735118, 543488.247026977362111 ], [ 213723.461990100156981, 543488.248027002788149 ], [ 213749.62448781292187, 543506.295305456733331 ], [ 213761.815316772088408, 543510.818466599564999 ], [ 213781.894932058465201, 543524.620680716005154 ], [ 213793.822831981960917, 543524.89687190274708 ], [ 213799.690803784469608, 543525.032352074282244 ], [ 213821.211258714552969, 543511.042034870479256 ], [ 213827.409879116748925, 543505.387574094347656 ], [ 213834.722944491310045, 543497.740754435304552 ], [ 213841.497021987946937, 543489.612929920782335 ], [ 213847.701111232832773, 543481.042099741403945 ], [ 213831.864415268180892, 543470.117931163636968 ], [ 213697.280998986214399, 543377.279498715884984 ], [ 213689.049157007189933, 543371.601411103503779 ], [ 213712.823525193321984, 543337.138074885238893 ], [ 213616.842367698176531, 543270.928053437499329 ], [ 213598.482720134750707, 543258.26285806694068 ] ] ], [ [ [ 211775.330847098346567, 541868.250548265059479 ], [ 211739.146667282795534, 541897.275728084612638 ], [ 211730.49462428165134, 541904.216531959944405 ], [ 211749.120099175837822, 541927.434645948233083 ], [ 211869.826695845025824, 542077.90838473464828 ], [ 211914.662918704125332, 542041.943401148775592 ], [ 211775.330847098346567, 541868.250548265059479 ] ] ], [ [ [ 212658.002217698143795, 543013.977588496520184 ], [ 212614.95234749498195, 543027.271783554460853 ], [ 212617.165213655564003, 543034.437761503853835 ], [ 212544.435433005564846, 543056.896401623263955 ], [ 212545.728359146101866, 543060.815390903153457 ], [ 212584.404150133428629, 543178.021070396061987 ], [ 212590.293813733005663, 543195.869021588354371 ], [ 212646.083664599689655, 543177.459074369631708 ], [ 212640.194001003052108, 543159.611123165232129 ], [ 212622.854991411062656, 543107.063266847399063 ], [ 212646.59492796153063, 543099.229714813060127 ], [ 212641.275231833977159, 543083.106758898473345 ], [ 212676.931136546802009, 543071.341431708540767 ], [ 212673.253346635232447, 543060.194462183862925 ], [ 212660.353083430178231, 543021.101569028222002 ], [ 212658.002217698143795, 543013.977588496520184 ] ] ], [ [ [ 213054.607908523757942, 543021.983950629015453 ], [ 213008.265285454748664, 543083.358703827485442 ], [ 213042.182598561921623, 543108.969046627171338 ], [ 213087.831215180893196, 543048.337276195758022 ], [ 213086.310246751119848, 543047.141261207289062 ], [ 213076.553449311730219, 543039.467165070469491 ], [ 213076.549449378129793, 543039.465165021712892 ], [ 213063.446721389715094, 543029.160035909037106 ], [ 213054.607908523757942, 543021.983950629015453 ] ] ] ] } },
{ "type": "Feature", "properties": { "landuse_category": "준주거지역", "signgu_code": "11000", "source_layer": "용도지역3", "area_name": "wirye_plan_area", "source_version": "2024_02_gap_fill", "area_sqm": 8632.780414388224, "area_ha": 0.86327804143882236 }, "geometry": { "type": "Polygon", "coordinates": [ [ [ 211750.18276574506308, 541329.648489975137636 ], [ 211749.539687182172202, 541316.255250609829091 ], [ 211749.533989588875556, 541316.137588535202667 ], [ 211734.718096747994423, 541316.849343002075329 ], [ 211734.717991505836835, 541316.848300013574772 ], [ 211734.717096770997159, 541316.848342993645929 ], [ 211733.326331100834068, 541303.056431814096868 ], [ 211731.109570313768927, 541289.371506401104853 ], [ 211728.632476282858988, 541278.323794062132947 ], [ 211728.076813476742245, 541275.846566490130499 ], [ 211727.701840427733259, 541274.546581005793996 ], [ 211727.701837514556246, 541274.546570913982578 ], [ 211725.32697630324401, 541267.145592218032107 ], [ 211724.46633333657519, 541264.156123856897466 ], [ 211724.465031640575035, 541264.152602427289821 ], [ 211724.155051438807277, 541263.082606045878492 ], [ 211723.89507124669035, 541262.202620735275559 ], [ 211723.895067760604434, 541262.202608943800442 ], [ 211723.545087878941558, 541261.132611914537847 ], [ 211723.185108400182799, 541260.042614886420779 ], [ 211722.825128923344892, 541258.952617860515602 ], [ 211722.455149524728768, 541257.862620669533499 ], [ 211722.075170045136474, 541256.782623237930238 ], [ 211721.69519056766876, 541255.702625805628486 ], [ 211721.31521092451294, 541254.632628291263245 ], [ 211720.925231364526553, 541253.56263061822392 ], [ 211720.535251638153568, 541252.502632863936014 ], [ 211720.145272079622373, 541251.43263518740423 ], [ 211719.745292272797087, 541250.382637190166861 ], [ 211719.335312708572019, 541249.322639110847376 ], [ 211718.935332904249663, 541248.272641113726422 ], [ 211718.525353016884765, 541247.232642871676944 ], [ 211718.115373291861033, 541246.182644710177556 ], [ 211717.69539348653052, 541245.14264630805701 ], [ 211717.27541351862601, 541244.112647826783359 ], [ 211716.855433549877489, 541243.082649343996309 ], [ 211716.425453660107451, 541242.052650698460639 ], [ 211716.005473692930536, 541241.022652213578112 ], [ 211715.575493643642403, 541240.002653489471413 ], [ 211715.135513672721572, 541238.982654601102695 ], [ 211714.705533460102743, 541237.972655795514584 ], [ 211714.265553328994429, 541236.96265682647936 ], [ 211713.825573196489131, 541235.952657859656028 ], [ 211713.385592899867333, 541234.952658809954301 ], [ 211712.935612686560489, 541233.952659597387537 ], [ 211712.485632475058082, 541232.952660386217758 ], [ 211712.03565209970111, 541231.962661096593365 ], [ 211711.585671722743427, 541230.972661807667464 ], [ 211711.135691346396925, 541229.982662513735704 ], [ 211710.675710891227936, 541229.002662978484295 ], [ 211710.225730354344705, 541228.022663606679998 ], [ 211709.765749894548208, 541227.042664073524065 ], [ 211709.305769436352421, 541226.062664538272657 ], [ 211708.845788818085566, 541225.092664925148711 ], [ 211708.385808036924573, 541224.1326652278658 ], [ 211707.915827497636201, 541223.162665453390218 ], [ 211707.455846717930399, 541222.202665754710324 ], [ 211706.985866017261287, 541221.24266589875333 ], [ 211706.52588523508166, 541220.282666202983819 ], [ 211706.055904371343786, 541219.332666265661828 ], [ 211705.585923510283465, 541218.382666328456253 ], [ 211705.115942483476829, 541217.442666309885681 ], [ 211704.645961619331501, 541216.492666372680105 ], [ 211704.175980595115107, 541215.552666351897642 ], [ 211703.705999572470319, 541214.612666331231594 ], [ 211703.236018387484364, 541213.682666233391501 ], [ 211702.756037440325599, 541212.742666053352877 ], [ 211702.286056254582945, 541211.812665954115801 ], [ 211701.816074907168513, 541210.892665772116743 ], [ 211701.336093798105139, 541209.962665511411615 ], [ 211700.866112449963111, 541209.042665331624448 ], [ 211700.396131101180799, 541208.122665151022375 ], [ 211675.317104960355209, 541160.352644858066924 ], [ 211676.527180218487047, 541155.102706814650446 ], [ 211678.057251781836385, 541149.922773383208551 ], [ 211679.887319163099164, 541144.852843920933083 ], [ 211682.027382281085011, 541139.892918584402651 ], [ 211684.447440888325218, 541135.072996647330001 ], [ 211691.67757019540295, 541123.503207032335922 ], [ 211698.467707232513931, 541111.673412390984595 ], [ 211705.167859876994044, 541098.923623715643771 ], [ 211707.252992786758114, 541089.677732079173438 ], [ 211687.423313230829081, 541079.688491799635813 ], [ 211682.945205266820267, 541088.577347593614832 ], [ 211668.031893572973786, 541115.221891216351651 ], [ 211650.853622711641947, 541140.464409492327832 ], [ 211634.852429154649144, 541160.346990071819164 ], [ 211650.187872944457922, 541187.130022061057389 ], [ 211675.124968452262692, 541230.683074077824131 ], [ 211675.37595825624885, 541231.189074055408128 ], [ 211677.110887626215117, 541234.695073832641356 ], [ 211678.84881569002755, 541238.280073022819124 ], [ 211680.552743789419765, 541241.880071538034827 ], [ 211682.217671957245329, 541245.495069302269258 ], [ 211683.840600181865739, 541249.127066249842755 ], [ 211685.41552850586595, 541252.777062276378274 ], [ 211686.939456910302397, 541256.447057313867845 ], [ 211688.046403285115957, 541259.213052904698998 ], [ 211689.119349736778531, 541261.99104784487281 ], [ 211689.815314081381075, 541263.850044099846855 ], [ 211691.157242908055196, 541267.58403567771893 ], [ 211692.119189650082262, 541270.399028523126617 ], [ 211692.737154194706818, 541272.284023307147436 ], [ 211693.954081209609285, 541276.192011458915658 ], [ 211695.004014185804408, 541279.813999212929048 ], [ 211695.983947420172626, 541283.454985681921244 ], [ 211696.894880894338712, 541287.114970880676992 ], [ 211697.73581467353506, 541290.790954817435704 ], [ 211697.938797335023992, 541291.761950264568441 ], [ 211697.959795501024928, 541291.864949772367254 ], [ 211698.506748768500984, 541294.481937499716878 ], [ 211699.206683207914466, 541298.186918921535835 ], [ 211699.836617997876601, 541301.904899103334174 ], [ 211700.395553174370434, 541305.633878048043698 ], [ 211700.883488747116644, 541309.373855754965916 ], [ 211701.300424753426341, 541313.121832249802537 ], [ 211701.64536122806021, 541316.876807518536225 ], [ 211701.919298171531409, 541320.637781593599357 ], [ 211702.121235627448186, 541324.402754468261264 ], [ 211702.252173587214202, 541328.171726164291613 ], [ 211702.311112107359804, 541331.941696684807539 ], [ 211739.755841179488925, 541330.148317183018662 ], [ 211750.18276574506308, 541329.648489975137636 ] ] ] } },
{ "type": "Feature", "properties": { "landuse_category": "제3종일반주거지역", "signgu_code": "11000", "source_layer": "용도지역3", "area_name": "wirye_plan_area", "source_version": "2024_02_gap_fill", "area_sqm": 4679.4811226590255, "area_ha": 0.46794811226590255 }, "geometry": { "type": "Polygon", "coordinates": [ [ [ 212684.730248483683681, 541640.562110609957017 ], [ 212689.452614234760404, 541739.151391579536721 ], [ 212689.800524976628367, 541744.491354124387726 ], [ 212690.332434507377911, 541749.815319776069373 ], [ 212691.04834291987936, 541755.117288588779047 ], [ 212691.947250302648172, 541760.392260578228161 ], [ 212693.027156802185345, 541765.632235783385113 ], [ 212694.287062491319375, 541770.833214218611829 ], [ 212695.725967524660518, 541775.986195940291509 ], [ 212697.341871982731391, 541781.087180946604349 ], [ 212699.132775994599797, 541786.129169264924712 ], [ 212701.096679672715254, 541791.106160909752361 ], [ 212703.230583138269139, 541796.012155878706835 ], [ 212705.533486483385786, 541800.842154199606739 ], [ 212711.95722619179287, 541813.739154158276506 ], [ 212737.486191758391215, 541864.992154015344568 ], [ 212743.133940910571255, 541877.689143022056669 ], [ 212743.371930341178086, 541878.224142560269684 ], [ 212743.553920301113976, 541878.754141229903325 ], [ 212748.053672363079386, 541891.83910851366818 ], [ 212748.08067086423398, 541891.918108312645927 ], [ 212748.122667792398715, 541892.087107630097307 ], [ 212751.434425833809655, 541905.390053911600262 ], [ 212751.579415264975978, 541905.971051570493728 ], [ 212751.661406218598131, 541906.48904871637933 ], [ 212753.811168575688498, 541920.099973692093045 ], [ 212753.83916551823495, 541920.274972733110189 ], [ 212753.881156712886877, 541920.797969190985896 ], [ 212754.70898387642228, 541931.060899776290171 ], [ 212757.94486380869057, 541998.62140692898538 ], [ 212769.917819058464374, 541998.026647114544176 ], [ 212766.690896707790671, 541930.518098221975379 ], [ 212766.570940100529697, 541927.898117422242649 ], [ 212766.171028164390009, 541922.658153236145154 ], [ 212765.621117266302463, 541917.428186536184512 ], [ 212764.91120732575655, 541912.218217081972398 ], [ 212764.051298263977515, 541907.028245038934983 ], [ 212763.031389996962389, 541901.868270161678083 ], [ 212761.851482364203548, 541896.748292370815761 ], [ 212760.53157536269282, 541891.658312069252133 ], [ 212759.05166883560014, 541886.618328773416579 ], [ 212757.421762860903982, 541881.618342723464593 ], [ 212755.641857278387761, 541876.668353841407225 ], [ 212753.711951925797621, 541871.778362047392875 ], [ 212751.642046719731297, 541866.948367502074689 ], [ 212749.432141662895447, 541862.178370201378129 ], [ 212748.252189168852055, 541859.828370056115091 ], [ 212729.972931656346191, 541823.018371053505689 ], [ 212714.273569099488668, 541791.418371793231927 ], [ 212712.43365136149805, 541787.248375645489432 ], [ 212710.723733390128473, 541783.028382006799802 ], [ 212709.153815270488849, 541778.748391116620041 ], [ 212707.71389691872173, 541774.418402738985606 ], [ 212706.423978011560393, 541770.048417111393064 ], [ 212705.274058632610831, 541765.638434075866826 ], [ 212704.264138779893983, 541761.188453626818955 ], [ 212703.394218130182708, 541756.718475608504377 ], [ 212702.674296766344924, 541752.218500260147266 ], [ 212702.094374601874733, 541747.698527343454771 ], [ 212701.664451561082387, 541743.158557015354745 ], [ 212701.384527481452096, 541738.6085891952971 ], [ 212698.235610413627001, 541673.289065260090865 ], [ 212698.055672575806966, 541669.539092604769394 ], [ 212695.716485223500058, 541620.509450315730646 ], [ 212695.737442196143093, 541620.508458264521323 ], [ 212695.735485751996748, 541620.467450964963064 ], [ 212683.7945720803109, 541621.040252969134599 ], [ 212684.730248483683681, 541640.562110609957017 ] ] ] } },
{ "type": "Feature", "properties": { "landuse_category": "제3종일반주거지역", "signgu_code": "11000", "source_layer": "용도지역3", "area_name": "wirye_plan_area", "source_version": "2024_02_gap_fill", "area_sqm": 255423.14436559024, "area_ha": 25.542314436559025 }, "geometry": { "type": "Polygon", "coordinates": [ [ [ 212604.037028717953945, 543237.51790768338833 ], [ 212590.293813733005663, 543195.869021588354371 ], [ 212584.404150133428629, 543178.021070396061987 ], [ 212545.728359146101866, 543060.815390903153457 ], [ 212544.435433005564846, 543056.896401623263955 ], [ 212530.331238521204796, 543014.155518481857143 ], [ 212482.96094384288881, 542870.601910962141119 ], [ 212619.069958197447704, 542864.083168745739385 ], [ 212655.021904904220719, 542973.034871008596383 ], [ 212669.909054620569805, 543018.150747704668902 ], [ 212744.67082925394061, 542995.064145614160225 ], [ 212803.521058391517727, 543013.521950092981569 ], [ 212818.270013933652081, 543008.968225876917131 ], [ 212810.734487688983791, 542921.735808465629816 ], [ 212788.426731994986767, 542855.970978243043646 ], [ 212758.608395113842562, 542768.067205144674517 ], [ 212661.457725494110491, 542734.012906212941743 ], [ 212498.661127321392996, 542604.560314551927149 ], [ 212396.781864940887317, 542609.440624830662273 ], [ 212429.115018723998219, 542707.423357028746977 ], [ 212290.152607533149421, 542739.856843986897729 ], [ 212263.787648470868589, 542626.893329634098336 ], [ 212359.621242436085595, 542604.52606260299217 ], [ 212354.113556881231489, 542587.837108209263533 ], [ 212272.429395816085162, 542514.722375800716691 ], [ 212199.097794025350595, 542526.434093487798236 ], [ 212098.714922357874457, 542506.454629141022451 ], [ 212118.526264103624271, 542660.796702936524525 ], [ 212147.519373505288968, 542886.66934721195139 ], [ 212259.693560902524041, 542881.29720767273102 ], [ 212380.768646248237928, 543248.212203610921279 ], [ 212542.316475839441409, 543240.473883690894581 ], [ 212577.13322361354949, 543238.806461325963028 ], [ 212604.037028717953945, 543237.51790768338833 ] ] ] } },
{ "type": "Feature", "properties": { "landuse_category": "자연녹지지역", "signgu_code": "11000", "source_layer": "용도지역3", "area_name": "wirye_plan_area", "source_version": "2024_02_gap_fill", "area_sqm": 107057.80280021288, "area_ha": 10.705780280021289 }, "geometry": { "type": "MultiPolygon", "coordinates": [ [ [ [ 211668.031893572973786, 541115.221891216351651 ], [ 211682.945205266820267, 541088.577347593614832 ], [ 211687.423313230829081, 541079.688491799635813 ], [ 211707.252992786758114, 541089.677732079173438 ], [ 211707.888033232680755, 541086.86376506369561 ], [ 211713.658172617317177, 541075.393951006117277 ], [ 211717.428278341365512, 541066.994079806259833 ], [ 211721.068386080354685, 541058.534206985030323 ], [ 211726.288523719529621, 541047.44438095507212 ], [ 211726.29026463732589, 541047.440924155875109 ], [ 211737.47848985568271, 541025.225344558479264 ], [ 211739.43084125808673, 541021.315804486861452 ], [ 211747.794045328628272, 541004.565074995160103 ], [ 211742.863109783967957, 541003.022007652558386 ], [ 211688.788816453132313, 540986.109269088716246 ], [ 211685.66585869222763, 540985.0442271475913 ], [ 211681.069920838810503, 540983.478165416046977 ], [ 211673.496030386537313, 540980.456067243008874 ], [ 211666.008146023348672, 540977.014973846031353 ], [ 211658.993257893220289, 540973.572888109483756 ], [ 211653.332348157768138, 540970.795818918501027 ], [ 211645.987465274694841, 540967.192729140864685 ], [ 211622.820837282517459, 540955.666447293013334 ], [ 211622.820748760248534, 540955.66640384029597 ], [ 211621.347860779002076, 540954.943429291713983 ], [ 211589.712365162966307, 540939.427042611758225 ], [ 211581.579494831181364, 540935.437943208729848 ], [ 211577.68456132960273, 540933.72889733791817 ], [ 211577.684553669649176, 540933.728893978754058 ], [ 211577.684547524579102, 540933.728891884442419 ], [ 211573.658608095691307, 540932.357839899021201 ], [ 211569.522660114656901, 540931.331781828659587 ], [ 211569.522657815250568, 540931.331781258806586 ], [ 211569.522656318120426, 540931.331781019805931 ], [ 211565.330702197185019, 540930.663718823459931 ], [ 211561.089741886418778, 540930.352652760106139 ], [ 211561.089741189643973, 540930.352652709116228 ], [ 211556.836774442490423, 540930.40258349198848 ], [ 211552.604801671172027, 540930.814511691685766 ], [ 211551.952804933389416, 540930.935500167310238 ], [ 211548.421822696225718, 540931.585437787231058 ], [ 211526.889915507374099, 540936.507049674517475 ], [ 211517.241957118734717, 540938.710875783348456 ], [ 211441.980281623837072, 540955.910519233671948 ], [ 211438.833293530478841, 540956.732461682055146 ], [ 211435.746301674138522, 540957.757403462775983 ], [ 211432.733305974310497, 540958.983344817417674 ], [ 211429.807306450849865, 540960.402286023367196 ], [ 211426.979303122498095, 540962.008227306068875 ], [ 211417.713286468904698, 540967.625032049254514 ], [ 211409.361271475732792, 540972.68685606168583 ], [ 211398.215251459769206, 540979.442621194757521 ], [ 211388.883234688051743, 540985.099424546933733 ], [ 211379.105223064427264, 540990.65922146756202 ], [ 211368.988224609347526, 540995.573018115479499 ], [ 211358.573239312449005, 540999.820815319777466 ], [ 211347.905267097288743, 541003.38561394251883 ], [ 211347.068270240939455, 541003.605598624213599 ], [ 211343.291284399398137, 541004.600529484101571 ], [ 211337.029307870048797, 541006.250414855661802 ], [ 211322.951368470559828, 541009.475161050911993 ], [ 211238.539731897908496, 541028.809639287297614 ], [ 211238.170733478968032, 541028.894632630632259 ], [ 211234.539749110088451, 541029.726567171514034 ], [ 211228.719296085619135, 541031.059389459900558 ], [ 211480.659222044661874, 540983.952158335014246 ], [ 211228.717065797623945, 541031.059900172287598 ], [ 211227.906777677271748, 541031.245447596535087 ], [ 211227.871885673870565, 541031.217930601444095 ], [ 211227.696720000589266, 541031.250682799145579 ], [ 211227.674793597572716, 541031.233387459302321 ], [ 211227.617779971682467, 541031.246442913659848 ], [ 211219.916939924878534, 541025.172367361839861 ], [ 211220.532766447868198, 541035.591293212142773 ], [ 211220.533766181644751, 541035.607293100678362 ], [ 211221.541482180822641, 541052.664171700249426 ], [ 211222.044357246457366, 541060.138119495124556 ], [ 211222.053354731033323, 541060.289118419983424 ], [ 211223.487974325398682, 541083.093957518809475 ], [ 211223.510968188056722, 541083.461954921134748 ], [ 211223.831834518350661, 541091.565894682193175 ], [ 211224.466780431946972, 541094.594880500342697 ], [ 211225.359520609577885, 541110.213768842513673 ], [ 211225.923356371960836, 541120.086698253988288 ], [ 211227.876786503271433, 541154.34545325464569 ], [ 211228.25066457153298, 541161.697399944649078 ], [ 211228.479589758266229, 541166.208367225481197 ], [ 211228.643552661902504, 541168.420352018089034 ], [ 211229.793293359543895, 541183.879245801595971 ], [ 211231.668798095139209, 541213.564036458497867 ], [ 211231.678791752958205, 541213.951033497811295 ], [ 211231.870666487870039, 541221.598974847234786 ], [ 211231.921636003273306, 541223.457960661733523 ], [ 211233.324267068237532, 541245.567804825142957 ], [ 211235.279735703312326, 541277.443579072831199 ], [ 211235.540682632534299, 541280.594557849690318 ], [ 211235.818626160064014, 541283.947535272687674 ], [ 211235.871625752974069, 541283.946536137373187 ], [ 211377.389538719406119, 541281.046849423437379 ], [ 211377.538537575717783, 541281.043851858819835 ], [ 211380.052518983837217, 541280.947893311502412 ], [ 211380.124518440396059, 541280.945894495584071 ], [ 211389.461449373222422, 541280.59104844299145 ], [ 211389.723447434662376, 541280.581052764551714 ], [ 211389.763447146804538, 541280.579053427441977 ], [ 211393.870419094193494, 541280.279122306848876 ], [ 211401.96536383026978, 541279.686258080299012 ], [ 211406.370336235908326, 541279.210333202732727 ], [ 211406.389336116117192, 541279.208333527203649 ], [ 211414.066288053727476, 541278.377464459976181 ], [ 211414.128287668398116, 541278.370465520536527 ], [ 211418.548262544005411, 541277.734542177524418 ], [ 211418.560262480197707, 541277.732542387209833 ], [ 211426.160219272511313, 541276.639674191712402 ], [ 211426.238218823767966, 541276.628675542771816 ], [ 211430.56019676948199, 541275.851751751150005 ], [ 211438.178157883288804, 541274.482886075391434 ], [ 211438.280157358007273, 541274.464887873036787 ], [ 211442.439138582500163, 541273.565962428459898 ], [ 211450.137103812710848, 541271.903100422001444 ], [ 211450.23810336025781, 541271.881102234008722 ], [ 211454.20308782189386, 541270.87817449180875 ], [ 211461.951057426544139, 541268.920315676135942 ], [ 211462.09905685580452, 541268.88231837854255 ], [ 211467.723038235388231, 541267.248422575416043 ], [ 211473.691018459154293, 541265.515533140976913 ], [ 211473.848017947253538, 541265.469536053482443 ], [ 211479.271003348752856, 541263.686638200539164 ], [ 211485.293987131270114, 541261.706751650082879 ], [ 211485.469986659911228, 541261.648754965513945 ], [ 211490.850975583773106, 541259.668858025572263 ], [ 211496.757963437266881, 541257.494971164967865 ], [ 211496.951963032915955, 541257.423974875709973 ], [ 211502.199955645482987, 541255.282077091163956 ], [ 211508.075947386794724, 541252.883191543980502 ], [ 211508.278947103361133, 541252.800195499090478 ], [ 211513.218943464453332, 541250.579293367336504 ], [ 211519.23093903408153, 541247.876412478741258 ], [ 211519.43693888920825, 541247.78341656178236 ], [ 211524.431938659050502, 541245.324517242028378 ], [ 211530.166938393173041, 541242.501632837229408 ], [ 211530.413938372046687, 541242.38063781009987 ], [ 211535.496941776160384, 541239.653742078691721 ], [ 211540.944945425871992, 541236.730853835120797 ], [ 211541.193945599428844, 541236.596858946955763 ], [ 211545.951952335541137, 541233.82495831954293 ], [ 211551.517960202298127, 541230.583074564114213 ], [ 211551.765960546093993, 541230.439079737407155 ], [ 211556.289970434241695, 541227.588175962446257 ], [ 211561.85198259135359, 541224.083294262061827 ], [ 211562.116983170824824, 541223.916299898410216 ], [ 211566.758997067605378, 541220.75940050103236 ], [ 211571.940012582548661, 541217.235512789222412 ], [ 211572.233013458637288, 541217.036519137094729 ], [ 211576.866031260607997, 541213.642621508450247 ], [ 211581.803050237271236, 541210.025730598252267 ], [ 211582.102051384659717, 541209.806737203034572 ], [ 211586.557072473864537, 541206.297837622230873 ], [ 211591.409095451963367, 541202.47594699030742 ], [ 211591.713096898369258, 541202.235953847062774 ], [ 211595.973121088201879, 541198.632051876629703 ], [ 211600.748148210288491, 541194.592161759617738 ], [ 211601.053149940154981, 541194.33416877745185 ], [ 211605.125177141395397, 541190.63726451434195 ], [ 211609.799208356591407, 541186.394374400028028 ], [ 211610.111210435949033, 541186.111381733906455 ], [ 211614.016240690951236, 541182.308475623489358 ], [ 211618.567275948851602, 541177.876585045130923 ], [ 211618.877278337691678, 541177.575592489214614 ], [ 211622.64931184440502, 541173.637685316614807 ], [ 211627.0173506718711, 541169.075792826595716 ], [ 211627.339353529096115, 541168.739800748764537 ], [ 211634.852429154649144, 541160.346990071819164 ], [ 211650.853622711641947, 541140.464409492327832 ], [ 211668.031893572973786, 541115.221891216351651 ] ], [ [ 211326.623116680944804, 541023.221109498525038 ], [ 211448.261514041718328, 541000.24626301904209 ], [ 211448.338491744187195, 541001.586253448273055 ], [ 211453.343036101839971, 541089.081628183368593 ], [ 211368.642263520130655, 541116.96303261409048 ], [ 211309.238713819126133, 541118.5450586930383 ], [ 211252.891144332039403, 541119.838136578095146 ], [ 211245.854195343563333, 541120.170020044781268 ], [ 211235.864267765078694, 541120.640854614553973 ], [ 211231.185597160510952, 541040.78042366693262 ], [ 211246.88651721982751, 541037.946700564469211 ], [ 211326.623116680944804, 541023.221109498525038 ] ] ], [ [ [ 211227.690211692155572, 541031.229856895748526 ], [ 211227.696640639973339, 541031.250603560823947 ], [ 211227.871789311844623, 541031.217854607151821 ], [ 211227.842724612914026, 541031.194933218299411 ], [ 211227.690211692155572, 541031.229856895748526 ] ] ] ] } },
{ "type": "Feature", "properties": { "landuse_category": "자연녹지지역", "signgu_code": "11000", "source_layer": "용도지역3", "area_name": "wirye_plan_area", "source_version": "2024_02_gap_fill", "area_sqm": 513219.57118979905, "area_ha": 51.321957118979903 }, "geometry": { "type": "MultiPolygon", "coordinates": [ [ [ [ 213600.279359623178607, 543649.718725328915752 ], [ 213603.905369462270755, 543647.318803510745056 ], [ 213619.132397190696793, 543638.079125059884973 ], [ 213619.13939721803763, 543638.074125210405327 ], [ 213705.074553810671205, 543585.926939887693152 ], [ 213719.282992269669194, 543577.304982574190944 ], [ 213799.690803784469608, 543525.032352074282244 ], [ 213793.822831981960917, 543524.89687190274708 ], [ 213781.894932058465201, 543524.620680716005154 ], [ 213761.815316772088408, 543510.818466599564999 ], [ 213749.62448781292187, 543506.295305456733331 ], [ 213723.461990100156981, 543488.248027002788149 ], [ 213723.459990133735118, 543488.247026977362111 ], [ 213692.179590664891293, 543466.669694057898596 ], [ 213691.84958555951016, 543467.147684846771881 ], [ 213648.727917707466986, 543529.660480741527863 ], [ 213643.879852647747612, 543536.070350357447751 ], [ 213643.675849905383075, 543536.340344869764522 ], [ 213643.450847674248507, 543536.589339207741432 ], [ 213638.075794312549988, 543542.538204004638828 ], [ 213638.061794164852472, 543542.554203648818657 ], [ 213632.176752674364252, 543548.023064051405527 ], [ 213631.926750917191384, 543548.255058123380877 ], [ 213631.666749728436116, 543548.457052275305614 ], [ 213625.336720574414358, 543553.384909832966514 ], [ 213625.317720483610174, 543553.399909403640777 ], [ 213622.637712186609861, 543555.236851111752912 ], [ 213549.906515917449724, 543603.306283525656909 ], [ 213507.738402152259368, 543631.17637465626467 ], [ 213491.653358752140775, 543641.808027960825711 ], [ 213460.479274679499213, 543662.411356049356982 ], [ 213457.455269517580746, 543664.225292362389155 ], [ 213457.337269314331934, 543664.296289875288494 ], [ 213457.213269334461074, 543664.356287381029688 ], [ 213454.04326972286799, 543665.900223507662304 ], [ 213454.037269738764735, 543665.902223393553868 ], [ 213450.752275667764479, 543667.161159960669465 ], [ 213450.621275908371899, 543667.211157433921471 ], [ 213450.483276381652104, 543667.250154882203788 ], [ 213447.118287736055208, 543668.21409253415186 ], [ 213447.099287805642234, 543668.219092186889611 ], [ 213447.086287862708559, 543668.222091951640323 ], [ 213443.63330473768292, 543668.889030576567166 ], [ 213443.501305373705691, 543668.915028226212598 ], [ 213443.365306236868491, 543668.929025910445489 ], [ 213439.860328392242081, 543669.295966116245836 ], [ 213439.857328415469965, 543669.295966068166308 ], [ 213439.838328567013377, 543669.295965759316459 ], [ 213436.345355619559996, 543669.354908650391735 ], [ 213436.194356780993985, 543669.357906178222038 ], [ 213436.039358202455333, 543669.346903752884828 ], [ 213432.539390271296725, 543669.099849004065618 ], [ 213432.513390542502748, 543669.095848612720147 ], [ 213429.061427141656168, 543668.545797091210261 ], [ 213428.920428627403453, 543668.523794982465915 ], [ 213428.779430324852001, 543668.488792979973368 ], [ 213425.366471536399331, 543667.634744544979185 ], [ 213422.03251691328478, 543666.484699783031829 ], [ 213421.902518684917595, 543666.439698038157076 ], [ 213421.770520699617919, 543666.380696373526007 ], [ 213418.556569701380795, 543664.947655846830457 ], [ 213418.545569888898171, 543664.941655716160312 ], [ 213415.474622152862139, 543663.236619702191092 ], [ 213415.352624232007656, 543663.168618271825835 ], [ 213415.150627989787608, 543663.03661606577225 ], [ 213413.473659139766824, 543661.944597700145096 ], [ 213399.005936937086517, 543651.964443773962557 ], [ 213350.758863320632372, 543618.682930475799367 ], [ 213357.730106553412043, 543600.230192595627159 ], [ 213390.808260596793843, 543512.678436236456037 ], [ 213344.865142665919848, 543480.985947464010678 ], [ 213352.677263588440837, 543469.662165594636463 ], [ 213346.50338212409406, 543465.403099914663471 ], [ 213340.329500644118525, 543461.145034229848534 ], [ 213332.518379712942988, 543472.468816116219386 ], [ 213267.015637270233128, 543427.28411930904258 ], [ 213197.522971403988777, 543379.346380126429722 ], [ 213207.743129610549659, 543364.529665497248061 ], [ 213195.39636664110003, 543356.012534173554741 ], [ 213185.175208443804877, 543370.829248786438257 ], [ 213114.143572083296021, 543321.829493312514387 ], [ 213124.363730259326985, 543307.013778666965663 ], [ 213110.823990185454022, 543297.673634668346494 ], [ 213100.603832010034239, 543312.489349316689186 ], [ 213074.056341631163377, 543294.177066976903006 ], [ 213069.732424641144462, 543291.194020995870233 ], [ 213028.10315717686899, 543143.171542148804292 ], [ 213049.663447048922535, 543114.618122231098823 ], [ 213042.182598561921623, 543108.969046627171338 ], [ 213008.265285454748664, 543083.358703827485442 ], [ 213054.607908523757942, 543021.983950629015453 ], [ 212994.661179006041493, 542973.231372934766114 ], [ 212990.340271810389822, 542969.641331910854205 ], [ 212974.35264032240957, 542954.807192645734176 ], [ 212959.719019657757599, 542938.635086135007441 ], [ 212946.551406888203928, 542921.250013178796507 ], [ 212934.948799104546197, 542902.782974325702526 ], [ 212924.999193310504779, 542883.374969855765812 ], [ 212922.129321629472543, 542876.874975852901116 ], [ 212901.181288598570973, 542827.556034752982669 ], [ 212866.627376319345785, 542839.235380524303764 ], [ 212862.001583075005328, 542828.762390161049552 ], [ 212807.964077386801364, 542701.534542176523246 ], [ 212882.782992597320117, 542669.757011043373495 ], [ 212955.486550178698963, 542661.104258916224353 ], [ 213046.385997095290804, 542650.285819148411974 ], [ 213047.60398880840512, 542650.194839618634433 ], [ 213048.824978782155085, 542650.209859282709658 ], [ 213050.039967088261619, 542650.330877990694717 ], [ 213051.239953794662142, 542650.557895603706129 ], [ 213052.415939007012639, 542650.888911987305619 ], [ 213053.557922857056838, 542651.320927002816461 ], [ 213053.957916753715836, 542651.499932038364932 ], [ 213090.576346628367901, 542668.579387498670258 ], [ 213093.929322370706359, 542668.418443130445667 ], [ 213109.538024653971661, 542667.670710948761553 ], [ 213107.693841009779135, 542660.417135130614042 ], [ 213106.721411481819814, 542656.592745898640715 ], [ 213097.440765071893111, 542639.358734658104368 ], [ 213095.089854630059563, 542634.993731807451695 ], [ 213093.090930804930395, 542631.280729394056834 ], [ 213086.061198613373563, 542618.227720874827355 ], [ 213080.147423889982747, 542607.247713699936867 ], [ 213069.67185314244125, 542585.93371603905689 ], [ 213060.809281134104822, 542563.899750330019742 ], [ 213057.207493339548819, 542552.582783336867578 ], [ 213055.274607200175524, 542546.510801039403304 ], [ 213055.072619072569069, 542545.877802877454087 ], [ 213054.113675635424443, 542542.860811696737073 ], [ 213053.702699018584099, 542541.62081504764501 ], [ 213053.651446477655554, 542541.40813016158063 ], [ 213053.606830503355013, 542541.267925231950358 ], [ 213052.743948346062098, 542537.642245910246857 ], [ 213052.705774028494488, 542537.483832293306477 ], [ 213048.104123902186984, 542518.163913709344342 ], [ 213046.419976783538004, 542507.684835147461854 ], [ 213046.259410774247954, 542507.698069876758382 ], [ 213046.059419125725981, 542506.528093171538785 ], [ 213045.009553958807373, 542499.478145281551406 ], [ 213044.661229252582416, 542496.741578858578578 ], [ 213044.3355339858972, 542494.715041955001652 ], [ 213044.163006471877452, 542492.827358280657791 ], [ 213044.109651292237686, 542492.408180454629473 ], [ 213044.01970077372971, 542491.508161846897565 ], [ 213044.01861360197654, 542491.498108768602833 ], [ 213044.041417561820708, 542491.497011629398912 ], [ 213044.041413398343138, 542491.496966075501405 ], [ 213044.018563855323009, 542491.49806539225392 ], [ 213044.015320866834372, 542491.467178538441658 ], [ 212794.160397031839238, 542503.441918237134814 ], [ 212792.101109266368439, 542460.492231677984819 ], [ 212780.096196130063618, 542461.068032546900213 ], [ 212669.741994678101037, 542466.360202085459605 ], [ 212669.742994461063063, 542466.373201996088028 ], [ 212669.72399459630833, 542466.374201681697741 ], [ 212671.350431700004265, 542500.320953895454295 ], [ 212571.632153465616284, 542505.098299947567284 ], [ 212563.102347192383604, 542497.358224282856099 ], [ 212561.862775491172215, 542471.528412808547728 ], [ 212561.847775593661936, 542471.529412557836622 ], [ 212551.859847915970022, 542472.006246916251257 ], [ 212539.892934562463779, 542472.5780484538991 ], [ 212539.893934310617624, 542472.593048349488527 ], [ 212539.873934454430128, 542472.59404801519122 ], [ 212541.500371459493181, 542506.548800135147758 ], [ 212514.972563526214799, 542507.817360175424255 ], [ 212359.196011003077729, 542495.53693612688221 ], [ 212348.874600271636155, 542464.260021587368101 ], [ 212348.484622459363891, 542463.08302477793768 ], [ 212348.234635038534179, 542462.430026001879014 ], [ 212344.182855101651512, 542450.847053936799057 ], [ 212339.018110870674718, 542437.610077202087268 ], [ 212336.5452234702243, 542431.88108342315536 ], [ 212336.013250229385449, 542430.492086027050391 ], [ 212335.407275250967359, 542429.247086269664578 ], [ 212333.385367295704782, 542424.564091345644556 ], [ 212327.293624028970953, 542411.726096375496127 ], [ 212320.748880749684758, 542399.113092252402566 ], [ 212198.445517770451261, 542173.289935407345183 ], [ 212183.124150566465687, 542141.79194167337846 ], [ 212183.118150858877925, 542141.776941698393784 ], [ 212174.486569800239522, 542120.1749763765838 ], [ 212063.607372418802697, 542125.486138040432706 ], [ 212050.629475527966861, 542125.54192744626198 ], [ 212049.542484937963309, 542125.498910194961354 ], [ 212036.610606022150023, 542124.421709498623386 ], [ 212036.607606045232387, 542124.421709450427443 ], [ 212023.816744167706929, 542122.22252010088414 ], [ 212022.757756395585602, 542121.991504819947295 ], [ 212010.207910491764778, 542118.686328309355304 ], [ 212010.201910573116038, 542118.68432822660543 ], [ 211997.996079397766152, 542114.299166011624038 ], [ 211996.98609417953412, 542113.886152995284647 ], [ 211985.203276596119395, 542108.452006099745631 ], [ 211985.195276743586874, 542108.447006010916084 ], [ 211973.931471269432222, 542102.007875638897531 ], [ 211973.021487856021849, 542101.433865542290732 ], [ 211962.355693180084927, 542094.031752635142766 ], [ 211962.345693390263477, 542094.023752537905239 ], [ 211952.382907407300081, 542085.736658160574734 ], [ 211951.566925956984051, 542084.994650940876454 ], [ 211942.358147591963643, 542075.863575590890832 ], [ 211942.347147876309464, 542075.851575511624105 ], [ 211935.286337204102892, 542067.652527412748896 ], [ 211891.865121336100856, 542102.484543039929122 ], [ 211890.451114312571008, 542103.618510987958871 ], [ 211886.434227567864582, 542098.611486394889653 ], [ 211869.826695845025824, 542077.90838473464828 ], [ 211749.120099175837822, 541927.434645948233083 ], [ 211730.49462428165134, 541904.216531959944405 ], [ 211739.146667282795534, 541897.275728084612638 ], [ 211775.330847098346567, 541868.250548265059479 ], [ 211764.392155488603748, 541854.614481315948069 ], [ 211756.721386386605445, 541844.14744167169556 ], [ 211755.714418849733192, 541842.640437543857843 ], [ 211754.07847323641181, 541840.09043165622279 ], [ 211752.489527551952051, 541837.521426681778394 ], [ 211753.303499013476539, 541838.881428874330595 ], [ 211734.096652952692239, 541838.88111795776058 ], [ 211724.084733194991713, 541838.880955887841992 ], [ 211725.50425299233757, 541867.845744934049435 ], [ 211669.217704134993255, 541867.844833789858967 ], [ 211652.852131133549847, 541849.567716496880166 ], [ 211630.949661761784228, 541827.629539150861092 ], [ 211619.649995104002301, 541812.629477399284951 ], [ 211666.739617679209914, 541812.630239628255367 ], [ 211666.739694119925844, 541807.907277774997056 ], [ 211666.740777842904208, 541740.948818563832901 ], [ 211590.509119925263803, 541757.561450478038751 ], [ 211577.22547768347431, 541742.034360874444246 ], [ 211565.140531933197053, 541744.667144004255533 ], [ 211557.557633946795249, 541742.11904185032472 ], [ 211532.456309979286743, 541712.777872544829734 ], [ 211543.854376447037794, 541703.02613578713499 ], [ 211528.43479170720093, 541685.003031778847799 ], [ 211527.453818132431479, 541683.856025164946914 ], [ 211527.472828787867911, 541683.188030870165676 ], [ 211527.501841874822276, 541682.365037986310199 ], [ 211527.535854922782164, 541681.542045183945447 ], [ 211527.575867904524785, 541680.720052469987422 ], [ 211527.6218808395206, 541679.89805985300336 ], [ 211527.672893731360091, 541679.076067317510024 ], [ 211527.728906570584513, 541678.255074854940176 ], [ 211527.79091935895849, 541677.434082488645799 ], [ 211527.85893210049835, 541676.613090221420862 ], [ 211527.890937748656143, 541676.248093684902415 ], [ 211527.93194478523219, 541675.793098024325445 ], [ 211528.009957430040231, 541674.973105908604339 ], [ 211528.093970012996579, 541674.154113882686943 ], [ 211528.182982536964118, 541673.336121930507943 ], [ 211528.277995013282634, 541672.518130075186491 ], [ 211528.378007431485457, 541671.701138291391544 ], [ 211528.483019812963903, 541670.884146590484306 ], [ 211528.594032129447442, 541670.068154976586811 ], [ 211528.711044378171209, 541669.253163452493027 ], [ 211528.833056574891089, 541668.439171999925748 ], [ 211528.85705884397612, 541668.287173618329689 ], [ 211528.960068714281078, 541667.626180623075925 ], [ 211529.093080803984776, 541666.813189341803081 ], [ 211529.231092823843937, 541666.00219812488649 ], [ 211529.375104792794446, 541665.191207005642354 ], [ 211529.524116705957567, 541664.3812159585068 ], [ 211529.678128567058593, 541663.572224984294735 ], [ 211529.838140341686085, 541662.765234094229527 ], [ 211530.003152080636937, 541661.958243280649185 ], [ 211530.174163736257469, 541661.153252549120225 ], [ 211530.349175363284303, 541660.348261884762906 ], [ 211530.531186899199383, 541659.545271314564161 ], [ 211530.638193516526371, 541659.083276777411811 ], [ 211530.717198386817472, 541658.743280802271329 ], [ 211530.909209794859635, 541657.943290369934402 ], [ 211531.107221152051352, 541657.143300038180314 ], [ 211531.309232449129922, 541656.345309750875458 ], [ 211531.517243680224055, 541655.548319554072805 ], [ 211531.730254838999826, 541654.753329420927912 ], [ 211531.949265930335969, 541653.959339379798621 ], [ 211532.17327695217682, 541653.167349400930107 ], [ 211532.402287919481751, 541652.376359498361126 ], [ 211532.636298810859444, 541651.587369655142538 ], [ 211532.876309640647378, 541650.799379902542569 ], [ 211533.127320672036149, 541649.9933904747013 ], [ 211533.203323962516151, 541649.752393652917817 ], [ 211533.462334899348207, 541648.948404336813837 ], [ 211533.719345495890593, 541648.166414812556468 ], [ 211533.981356035132194, 541647.385425361106172 ], [ 211534.249366476899013, 541646.607435981044546 ], [ 211534.521376870834501, 541645.830446659703739 ], [ 211534.799387183826184, 541645.055457416921854 ], [ 211535.083397417329252, 541644.282468256074935 ], [ 211535.371407602215186, 541643.510479151736945 ], [ 211535.664417698106263, 541642.741490106098354 ], [ 211535.963427716080332, 541641.974501139600761 ], [ 211536.266437665646663, 541641.209512219764292 ], [ 211536.575447556271683, 541640.445523392641917 ], [ 211536.88945735359448, 541639.684534621192142 ], [ 211537.180466221208917, 541638.992544918553904 ], [ 211537.208467079733964, 541638.925545912701637 ], [ 211537.532476733525982, 541638.16855726914946 ], [ 211537.861486316134688, 541637.413568693562411 ], [ 211538.194495815521805, 541636.661580155952834 ], [ 211538.538505372969666, 541635.900591868092306 ], [ 211538.749511109635932, 541635.441598989185877 ], [ 211539.101520573312882, 541634.682610815390944 ], [ 211539.455529823258985, 541633.935622579068877 ], [ 211539.814539018785581, 541633.189634414971806 ], [ 211540.178548158874037, 541632.444646325195208 ], [ 211540.548557218193309, 541631.701658313162625 ], [ 211540.923566237062914, 541630.958670381922275 ], [ 211541.303575197583996, 541630.21668252418749 ], [ 211541.689584081235807, 541629.476694747805595 ], [ 211542.07959291379666, 541628.737707028631121 ], [ 211542.476601675385609, 541627.999719413579442 ], [ 211542.877610388211906, 541627.262731855036691 ], [ 211543.283619044261286, 541626.526744372327812 ], [ 211543.695627622946631, 541625.792756966548041 ], [ 211544.11163614934776, 541625.059769618790597 ], [ 211544.533644613635261, 541624.327782360953279 ], [ 211544.959653030062327, 541623.596795159741305 ], [ 211545.3916613648762, 541622.867808038368821 ], [ 211545.827669651596807, 541622.139820974203758 ], [ 211546.268677882791962, 541621.4128339815652 ], [ 211546.714686057326617, 541620.686847063247114 ], [ 211547.165694158611586, 541619.962860210682265 ], [ 211547.621702205447946, 541619.239873429527506 ], [ 211548.081710202503018, 541618.517886705696583 ], [ 211548.546718127065105, 541617.797900046105497 ], [ 211549.015726003650343, 541617.078913442441262 ], [ 211549.489733809605241, 541616.361926903831773 ], [ 211549.968741575285094, 541615.644940447993577 ], [ 211550.451749273313908, 541614.929954039514996 ], [ 211550.939756899111671, 541614.216967696789652 ], [ 211551.431764497538097, 541613.503981415648013 ], [ 211551.927772028546315, 541612.792995184659958 ], [ 211552.428779485548148, 541612.084009020822123 ], [ 211552.933786913432414, 541611.375022918567993 ], [ 211553.442794276314089, 541610.668036865768954 ], [ 211553.95680156556773, 541609.963050880935043 ], [ 211554.474808821716579, 541609.25806495686993 ], [ 211554.996816015249351, 541608.555079083656892 ], [ 211555.522823144536233, 541607.854093255009502 ], [ 211556.052830240980256, 541607.153107495629229 ], [ 211556.586837272479897, 541606.454121783026494 ], [ 211557.125844249792863, 541605.756136143230833 ], [ 211557.667851170117501, 541605.060150535078719 ], [ 211558.213858041970525, 541604.365164985065348 ], [ 211558.763864866195945, 541603.671179490163922 ], [ 211559.317871639097575, 541602.978194053983316 ], [ 211559.874878357368289, 541602.287208647350781 ], [ 211560.436885019589681, 541601.597223315853626 ], [ 211561.00189164315816, 541600.90823802666273 ], [ 211561.570898216072237, 541600.22025279130321 ], [ 211562.142904736596392, 541599.534267587587237 ], [ 211562.719911197549663, 541598.849282458308153 ], [ 211563.298917625739705, 541598.165297353640199 ], [ 211563.882923995901365, 541597.48231231898535 ], [ 211564.469930331164505, 541596.800327330362052 ], [ 211565.059936607751297, 541596.120342370704748 ], [ 211565.653942851524334, 541595.440357473911718 ], [ 211566.25094903993886, 541594.762372611789033 ], [ 211566.851955176971387, 541594.085387804196216 ], [ 211567.455961279687472, 541593.409403038909659 ], [ 211568.0629673373478, 541592.734418316860683 ], [ 211568.672973354958231, 541592.060433632228523 ], [ 211569.286979326017899, 541591.387449004803784 ], [ 211569.903985255950829, 541590.715464417822659 ], [ 211570.523991147550987, 541590.044479870353825 ], [ 211571.146996996802045, 541589.374495366006158 ], [ 211571.774002797523281, 541588.705510915373452 ], [ 211572.403008568187943, 541588.037526488187723 ], [ 211573.036014291486936, 541587.370542118907906 ], [ 211573.671019978792174, 541586.704557775054127 ], [ 211574.3090256449359, 541586.038573479396291 ], [ 211574.950031250889879, 541585.374589215498418 ], [ 211575.595036830578465, 541584.710605016676709 ], [ 211576.242042373865843, 541584.047620842582546 ], [ 211576.891047885495936, 541583.385636692517437 ], [ 211577.544053351477487, 541582.72465259837918 ], [ 211578.199058782076463, 541582.064668526756577 ], [ 211578.857064188749064, 541581.404684509034269 ], [ 211579.518069574434776, 541580.74470053659752 ], [ 211580.181074908963637, 541580.086716580321081 ], [ 211580.847080218984047, 541579.428732673637569 ], [ 211581.515085500112036, 541578.771748789469711 ], [ 211582.187090745661408, 541578.114764971192926 ], [ 211582.860095968615497, 541577.458781162044033 ], [ 211583.536101169302128, 541576.802797398995608 ], [ 211584.214106335886754, 541576.147813662071712 ], [ 211584.895111476798775, 541575.492829971830361 ], [ 211585.57811658893479, 541574.838846309110522 ], [ 211586.264121674234048, 541574.184862693189643 ], [ 211586.952126729273004, 541573.531879100599326 ], [ 211587.642131767875981, 541572.878895541303791 ], [ 211588.33413679045043, 541572.225912014488131 ], [ 211589.029141786129912, 541571.572928536566906 ], [ 211589.725146759912604, 541570.920945064979605 ], [ 211590.424151712242747, 541570.268961643683724 ], [ 211591.125156643684022, 541569.616978255682625 ], [ 211591.828161561512388, 541568.964994897367433 ], [ 211592.533166447537951, 541568.314011565875262 ], [ 211593.24017133488087, 541567.66202827275265 ], [ 211593.949176188965794, 541567.011045003659092 ], [ 211594.660181026614737, 541566.360061770537868 ], [ 211595.373185865028063, 541565.708078570198268 ], [ 211596.088190669077449, 541565.057095403783023 ], [ 211596.804195483273361, 541564.40511225501541 ], [ 211597.523200255527627, 541563.754129148088396 ], [ 211598.243205036618747, 541563.102146067307331 ], [ 211598.965209804126061, 541562.450163015630096 ], [ 211599.688214559748303, 541561.798179983859882 ], [ 211600.413219319860218, 541561.145196990924887 ], [ 211601.140224045928335, 541560.493214022135362 ], [ 211601.869228788389592, 541559.839231102261692 ], [ 211602.599233505345182, 541559.186248190817423 ], [ 211603.330238229915267, 541558.53226530214306 ], [ 211604.06324293956277, 541557.878282446763478 ], [ 211604.798247650382109, 541557.223299631034024 ], [ 211605.533252362074563, 541556.568316815420985 ], [ 211606.271257061889628, 541555.912334058550186 ], [ 211607.009261765488191, 541555.256351299583912 ], [ 211607.74926646790118, 541554.59936858236324 ], [ 211608.491271169827087, 541553.941385904909112 ], [ 211609.233275874255924, 541553.283403227571398 ], [ 211609.977280574676115, 541552.624420589068905 ], [ 211610.664284925500397, 541552.015436626272276 ], [ 211611.41128963790834, 541551.354454053100199 ], [ 211612.15829434961779, 541550.693471480626613 ], [ 211612.906299068476073, 541550.031488932319917 ], [ 211612.964299428946106, 541549.980490284506232 ], [ 211613.713304172240896, 541549.31650776672177 ], [ 211614.463308909384068, 541548.652525268145837 ], [ 211615.214313636068255, 541547.988542781560682 ], [ 211615.965318397124065, 541547.322560317115858 ], [ 211616.716323139757151, 541546.657577841891907 ], [ 211616.719323146418901, 541546.655577905825339 ], [ 211617.468327909009531, 541545.990595398005098 ], [ 211617.472327924915589, 541545.987595485989004 ], [ 211618.221332668996183, 541545.323612971114926 ], [ 211618.225332700443687, 541545.319613068364561 ], [ 211618.975337452284293, 541544.65463057695888 ], [ 211618.979337486671284, 541544.650630673510022 ], [ 211619.729342237464152, 541543.985648179193959 ], [ 211619.734342277341057, 541543.980648302705958 ], [ 211620.484347046993207, 541543.314665820566006 ], [ 211620.489347087714123, 541543.309665940469131 ], [ 211621.239351856667781, 541542.643683456932195 ], [ 211621.245351903431583, 541542.637683603097685 ], [ 211621.995356687228195, 541541.970701128826477 ], [ 211622.002356729470193, 541541.964701289194636 ], [ 211622.751361522998195, 541541.297718796413392 ], [ 211622.758361579559278, 541541.290718967560679 ], [ 211623.507366388308583, 541540.622736483346671 ], [ 211623.515366438456113, 541540.615736670792103 ], [ 211624.264371260534972, 541539.94675419293344 ], [ 211624.273371304414468, 541539.939754395978525 ], [ 211625.02237612666795, 541539.27077192242723 ], [ 211625.031376201164676, 541539.261772137600929 ], [ 211625.779381035710685, 541538.592789647052996 ], [ 211625.789381099835737, 541538.583789882715791 ], [ 211626.53738596427138, 541537.912807406508364 ], [ 211626.548386020498583, 541537.903807658469304 ], [ 211627.296390887902817, 541537.232825180748478 ], [ 211627.307390961854253, 541537.222825441276655 ], [ 211628.054395848826971, 541536.550842955941334 ], [ 211628.066395915229805, 541536.540843230555765 ], [ 211628.81340082155657, 541535.867860755184665 ], [ 211628.825400903791888, 541535.856861039879732 ], [ 211629.572405809041811, 541535.183878562296741 ], [ 211629.585405898105819, 541535.171878870460205 ], [ 211630.331410827988293, 541534.497896387241781 ], [ 211630.345410910056671, 541534.485896710189991 ], [ 211631.09141585562611, 541533.810914235655218 ], [ 211631.105415939935483, 541533.798914556507953 ], [ 211631.850420910428511, 541533.122932074242271 ], [ 211631.865421000082279, 541533.109932421240956 ], [ 211632.617426043347223, 541532.425950115779415 ], [ 211633.377431135362713, 541531.734967994969338 ], [ 211634.137436258897651, 541531.041985891875811 ], [ 211634.897441419045208, 541530.347003803704865 ], [ 211635.657446592522319, 541529.651021723519079 ], [ 211636.417451796733076, 541528.953039659652859 ], [ 211637.177457019512076, 541528.254057605168782 ], [ 211637.936462284531444, 541527.553075550007634 ], [ 211638.696467568835942, 541526.850093526765704 ], [ 211639.455472896253923, 541526.145111505175009 ], [ 211640.214478239213349, 541525.439129488659091 ], [ 211640.973483615671284, 541524.731147489859723 ], [ 211641.732489026122494, 541524.021165506099351 ], [ 211642.490494456607848, 541523.310183516005054 ], [ 211643.24849993980024, 541522.596201548818499 ], [ 211644.006505435914733, 541521.88121959217824 ], [ 211644.763510973163648, 541521.164237632998265 ], [ 211645.520516558055533, 541520.444255699403584 ], [ 211646.276522169006057, 541519.723273755284026 ], [ 211647.032527814793866, 541519.000291829695925 ], [ 211647.787533512659138, 541518.274309909902513 ], [ 211648.542539227899397, 541517.547327999374829 ], [ 211649.296544982003979, 541516.818346088286489 ], [ 211650.05055078928126, 541516.086364204413258 ], [ 211650.803556631784886, 541515.352382317651063 ], [ 211651.555562518828083, 541514.616400431841612 ], [ 211652.306568443891592, 541513.878418546169996 ], [ 211653.057574419799494, 541513.137436683289707 ], [ 211653.807580417720601, 541512.395454812678508 ], [ 211654.556586471677292, 541511.650472950772382 ], [ 211655.304592584492639, 541510.902491094660945 ], [ 211656.051598734979052, 541510.152509241597727 ], [ 211656.798604919516947, 541509.400527404854074 ], [ 211657.543611152970698, 541508.646545549854636 ], [ 211658.287617442343617, 541507.889563704258762 ], [ 211659.030623788188677, 541507.129581865272485 ], [ 211659.773630165349459, 541506.367600044701248 ], [ 211660.514636610198068, 541505.602618214557879 ], [ 211661.254643092805054, 541504.835636381641962 ], [ 211661.992649639054434, 541504.065654543926939 ], [ 211662.730656220432138, 541503.293672721250914 ], [ 211663.466662866150727, 541502.518690891563892 ], [ 211664.201669564499753, 541501.740709069301374 ], [ 211664.934676316275727, 541500.960727228666656 ], [ 211665.666683121322421, 541500.177745399530977 ], [ 211666.397689986886689, 541499.391763577703387 ], [ 211667.12669691152405, 541498.602781746885739 ], [ 211667.853703904489521, 541497.81079990696162 ], [ 211668.579710938094649, 541497.016818069387227 ], [ 211669.304718024650356, 541496.219836238306016 ], [ 211670.02772518034908, 541495.419854400330223 ], [ 211670.748732398613356, 541494.616872552665882 ], [ 211671.335738359863171, 541493.957887373515405 ], [ 211717.0774073258508, 541491.76764539827127 ], [ 211717.070409663836472, 541491.626646423945203 ], [ 211716.820593131618807, 541480.413732908316888 ], [ 211717.169771768094506, 541469.202829071087763 ], [ 211718.116945042856969, 541458.026934628956951 ], [ 211719.659112470078981, 541446.918049275642261 ], [ 211721.793273567134747, 541435.907172708888538 ], [ 211724.511427896126406, 541425.025304551469162 ], [ 211727.806574996124255, 541414.304444431792945 ], [ 211731.398735060269246, 541402.63559677451849 ], [ 211734.373902880324749, 541390.792740531498566 ], [ 211736.723077968199505, 541378.810875277267769 ], [ 211738.439259856124409, 541366.722000640700571 ], [ 211739.518448042246746, 541354.559116291347891 ], [ 211739.957641987828538, 541342.357221896294504 ], [ 211739.755841179488925, 541330.148317183018662 ], [ 211702.311112107359804, 541331.941696684807539 ], [ 211689.563204341131495, 541332.552485439227894 ], [ 211685.003237324708607, 541332.771409872570075 ], [ 211677.264290277729742, 541333.330280112335458 ], [ 211669.56033688041498, 541334.264147892827168 ], [ 211669.151169175398536, 541344.830055975122377 ], [ 211668.067007641366217, 541355.348953512264416 ], [ 211666.313852936029434, 541365.776840955135413 ], [ 211663.896705720108002, 541376.070718734990805 ], [ 211660.827566540712724, 541386.190587364137173 ], [ 211657.118436018499779, 541396.092447392526083 ], [ 211652.625303200009512, 541406.524290456203744 ], [ 211647.428181411320111, 541416.623124813777395 ], [ 211641.550071227626177, 541426.341951214708388 ], [ 211635.018973185447976, 541435.6337704929756 ], [ 211627.865887720079627, 541444.456583491177298 ], [ 211626.685876170755364, 541445.754553915234283 ], [ 211625.52586523653008, 541447.004525045282207 ], [ 211624.351854609383736, 541448.242496051476337 ], [ 211623.165844254719559, 541449.469466950045899 ], [ 211621.967834210547153, 541450.683437760919333 ], [ 211620.756824475858593, 541451.884408465703018 ], [ 211619.533815018890891, 541453.074379059951752 ], [ 211618.298805882484885, 541454.250349579378963 ], [ 211617.05179703826434, 541455.414319998933934 ], [ 211615.792788500519237, 541456.565290330676362 ], [ 211614.389779399440158, 541457.822257475811057 ], [ 211612.970770719373832, 541459.061224505887367 ], [ 211611.674763156072004, 541460.170194574864581 ], [ 211610.179754858661909, 541461.423160265781917 ], [ 211608.65674694799236, 541462.66612557915505 ], [ 211607.310740318760509, 541463.742095107678324 ], [ 211605.947733942681225, 541464.811064418638125 ], [ 211604.568727806239622, 541465.873033523908816 ], [ 211603.17272193529061, 541466.927002422162332 ], [ 211601.761716279346729, 541467.974971122574061 ], [ 211599.9827095301589, 541469.272931850282475 ], [ 211598.165703182341531, 541470.564892013324425 ], [ 211596.701698324613972, 541471.589860041742213 ], [ 211595.222693686024286, 541472.608827877207659 ], [ 211593.729689239320578, 541473.622795528266579 ], [ 211592.222684987005778, 541474.631762991193682 ], [ 211590.702680918155238, 541475.635730284499004 ], [ 211589.16867704372271, 541476.634697391884401 ], [ 211587.622673314122949, 541477.630664330092259 ], [ 211586.06266977704945, 541478.621631081099622 ], [ 211584.491666376037756, 541479.609597677947022 ], [ 211582.908663137932308, 541480.593564113485627 ], [ 211581.31266003541532, 541481.575530353118666 ], [ 211579.706657045055181, 541482.555496447603218 ], [ 211578.088654184481129, 541483.533462365274318 ], [ 211576.460651434579631, 541484.509428140008822 ], [ 211574.821648789133178, 541485.484393741935492 ], [ 211573.172646241291659, 541486.458359187468886 ], [ 211571.513643773389049, 541487.432324473047629 ], [ 211569.493640881380998, 541488.611282263183966 ], [ 211567.417638047947548, 541489.814238949213177 ], [ 211565.728635803738143, 541490.789203740423545 ], [ 211564.032633600174449, 541491.765168414684013 ], [ 211562.722631929063937, 541492.517141140066087 ], [ 211561.865630833111936, 541493.009123297524638 ], [ 211561.006629754963797, 541493.501105422968976 ], [ 211560.144628684647614, 541493.994087490369566 ], [ 211559.281627605145331, 541494.488069535815157 ], [ 211558.416626528196502, 541494.983051538583823 ], [ 211557.549625447718427, 541495.479033504612744 ], [ 211553.114619947271422, 541498.01494124752935 ], [ 211535.752598400140414, 541507.94358008808922 ], [ 211518.39157684717793, 541517.872218941454776 ], [ 211518.091576483624522, 541518.04321270424407 ], [ 211501.029555306100519, 541527.800857779104263 ], [ 211483.668533780262806, 541537.728496638825163 ], [ 211466.30751224127016, 541547.657135493471287 ], [ 211448.945490713260369, 541557.585774327628314 ], [ 211413.868447230634047, 541577.645044652977958 ], [ 211413.907445347722387, 541577.742044501123019 ], [ 211401.530456421140116, 541583.187800217187032 ], [ 211398.709459612815408, 541584.387744871899486 ], [ 211396.386463070288301, 541585.324699710821733 ], [ 211394.08646728011081, 541586.203655388904735 ], [ 211391.800472269562306, 541587.027611739584245 ], [ 211389.528478065534728, 541587.794568776385859 ], [ 211387.27248469326878, 541588.502526549156755 ], [ 211384.757493148819776, 541589.225480008521117 ], [ 211381.825504255975829, 541589.991426371969283 ], [ 211379.460514618636807, 541590.522383808740415 ], [ 211377.934521703573409, 541590.840356546337716 ], [ 211376.40452920741518, 541591.13432941143401 ], [ 211374.100541235005949, 541591.532288911403157 ], [ 211371.788554199563805, 541591.876248718588613 ], [ 211369.468568085576408, 541592.167208823608235 ], [ 211366.454587275686208, 541592.47415756736882 ], [ 211364.035604026430519, 541592.637117104022764 ], [ 211362.478615212050499, 541592.717091261292808 ], [ 211360.921626769762952, 541592.774065604084171 ], [ 211358.584644866583403, 541592.813027469674125 ], [ 211355.55366945505375, 541592.794978564139456 ], [ 211353.131690451264149, 541592.696940160589293 ], [ 211351.575704347342253, 541592.608915691496804 ], [ 211350.020718607614981, 541592.497891423525289 ], [ 211347.692740695434622, 541592.285855459515005 ], [ 211344.68277038668748, 541591.941809529205784 ], [ 211342.284795401239535, 541591.583773614722304 ], [ 211339.296827522164676, 541591.078729341505095 ], [ 211336.92185443759081, 541590.591694838483818 ], [ 211333.965888908598572, 541589.925652383128181 ], [ 211331.619917646952672, 541589.311619377229363 ], [ 211330.118936439859681, 541588.893598462920636 ], [ 211328.623955561779439, 541588.4525778304087 ], [ 211326.394984818558441, 541587.748547445167787 ], [ 211324.183014764101245, 541586.993517748545855 ], [ 211321.046058677398833, 541585.833476354368031 ], [ 211318.773092010203982, 541584.899447114206851 ], [ 211316.613124498078832, 541583.961419734638184 ], [ 211314.106163428223226, 541582.797388569451869 ], [ 211311.988197346567176, 541581.750362750259228 ], [ 211309.258242285897722, 541580.325330081628636 ], [ 211307.084279517788673, 541579.101304789772257 ], [ 211304.388326707005035, 541577.520273930160329 ], [ 211302.242365670274012, 541576.175250067724846 ], [ 211299.584414937155088, 541574.447221012320369 ], [ 211297.469455513637513, 541572.987198578193784 ], [ 211295.445495083578862, 541571.544177482021041 ], [ 211292.768548805528553, 541569.550150266732089 ], [ 211290.776589767599944, 541568.005130510311574 ], [ 211288.141645305382553, 541565.878105050185695 ], [ 211286.181687584816245, 541564.236086595687084 ], [ 211283.58974476554431, 541561.986062824958935 ], [ 211281.020802878483664, 541559.667039984837174 ], [ 211278.475861852813978, 541557.283018057234585 ], [ 211276.580906635703286, 541555.454002165002748 ], [ 211274.073967050790088, 541552.961981723434292 ], [ 211271.58702826348599, 541550.410962084890343 ], [ 211269.12009020280675, 541547.804943213239312 ], [ 211266.670152894977946, 541545.143925061565824 ], [ 211264.237216275883839, 541542.431907595717348 ], [ 211261.819280346913729, 541539.66989077674225 ], [ 211259.413345080014551, 541536.860874533420429 ], [ 211257.018410437362036, 541534.007858820492402 ], [ 211254.037493019044632, 541530.380839877878316 ], [ 211251.065576528199017, 541526.69182158424519 ], [ 211248.444176483229967, 541523.38387306581717 ], [ 211332.961224719212623, 541647.295614974806085 ], [ 211341.59192599132075, 541654.346181968925521 ], [ 211347.231672241934575, 541658.543312832247466 ], [ 211349.601387081551366, 541660.889247268438339 ], [ 211420.403602051985217, 541718.728783622034825 ], [ 211456.06935732261627, 541747.684354266733862 ], [ 211458.143828550615581, 541749.559417995042168 ], [ 211475.950046239537187, 541764.105620762449689 ], [ 211514.973215239064302, 541755.602198251057416 ], [ 211475.950840074510779, 541764.106175727094524 ], [ 211511.73865935462527, 541793.150518888724037 ], [ 211511.740223427535966, 541793.150351530406624 ], [ 211524.650117353390669, 541790.336119766696356 ], [ 211524.887116280733608, 541790.285124015761539 ], [ 211534.641072502767202, 541788.159299059887417 ], [ 211555.114980622864095, 541783.696666495874524 ], [ 211559.650960256432882, 541782.70874789590016 ], [ 211559.98395868865191, 541782.640753835556097 ], [ 211560.319956917664967, 541782.583759732777253 ], [ 211560.656954944453901, 541782.538765551289544 ], [ 211560.994952769775409, 541782.505771289812401 ], [ 211561.333950409520185, 541782.483776955399662 ], [ 211561.673947860050248, 541782.472782544558868 ], [ 211562.013945119164418, 541782.473788040806539 ], [ 211562.352942192839691, 541782.486793423187919 ], [ 211562.691939085081685, 541782.510798713425174 ], [ 211576.441880569531349, 541779.317047070828266 ], [ 211584.505659359158017, 541785.364334818557836 ], [ 211584.511877535784151, 541785.363669463782571 ], [ 211584.617497273924528, 541785.493312261649407 ], [ 211666.181533808965469, 541879.871687500388362 ], [ 211671.554390113335103, 541886.088724259170704 ], [ 211674.240318572759861, 541889.178742779884487 ], [ 211680.806146182731027, 541896.577789302915335 ], [ 211681.939118068956304, 541897.753798143356107 ], [ 211685.077035876631271, 541901.277820475050248 ], [ 211699.039684646966634, 541916.062927082064562 ], [ 211713.432336718949955, 541930.431044018245302 ], [ 211714.007323012425331, 541930.993048787815496 ], [ 211754.076271990634268, 541976.082333249622025 ], [ 211812.556633858068381, 542048.321696507744491 ], [ 211834.828944801818579, 542079.858802354545332 ], [ 211840.287775905395392, 542087.588828295236453 ], [ 211840.33177454827819, 542087.650828505284153 ], [ 211841.650749454274774, 542088.547842614469118 ], [ 211851.230461727303918, 542101.577892461558804 ], [ 211863.330081271502422, 542119.087946920888498 ], [ 211876.389650214725407, 542139.24799551977776 ], [ 211886.945510438323254, 542156.585403395118192 ], [ 211886.963497398450272, 542156.607481463812292 ], [ 211886.964710674830712, 542156.608026510919444 ], [ 211887.032283859065501, 542156.608027602196671 ], [ 211887.057908136572223, 542156.649894139030948 ], [ 211887.259036628180183, 542156.740248240181245 ], [ 211887.909273977566045, 542156.784040379105136 ], [ 211888.310270326124737, 542156.811046654125676 ], [ 211893.453231771534774, 542156.646131257293746 ], [ 211900.049152798223076, 542158.258225033176132 ], [ 211902.799087205319665, 542160.948247826774605 ], [ 211909.264044496958377, 542166.625683621852659 ], [ 212037.174003244086634, 542224.087405036087148 ], [ 212055.398728416359518, 542231.088152183452621 ], [ 212077.615412158542313, 542239.622443004045635 ], [ 212078.023406263033394, 542239.7844483013032 ], [ 212078.221403398609255, 542239.863450869685039 ], [ 212087.706262652820442, 542243.860572175588459 ], [ 212093.902166716463398, 542246.718649421352893 ], [ 212097.184115894080605, 542248.232690339675173 ], [ 212097.246114926878363, 542248.261691110441461 ], [ 212097.248114880057983, 542248.263691122992896 ], [ 212101.000054106552852, 542250.159736568573862 ], [ 212106.557964024337707, 542252.971803854685277 ], [ 212106.615963073098101, 542253.001804553205147 ], [ 212112.54486265318701, 542256.268874173983932 ], [ 212115.717808916117065, 542258.016911437152885 ], [ 212115.812807281123241, 542258.070912538445555 ], [ 212115.905805658519967, 542258.124913608655334 ], [ 212124.803265935537638, 542263.453599270200357 ], [ 212124.818542012624675, 542263.460461829556152 ], [ 212124.826520463830093, 542263.468458912684582 ], [ 212133.642484667099779, 542269.1691116244765 ], [ 212133.64548461305094, 542269.171111658331938 ], [ 212142.246318371151574, 542275.180202402640134 ], [ 212148.055201020004461, 542279.552261156495661 ], [ 212150.645148698618868, 542281.501287356251851 ], [ 212158.613980450027157, 542287.947364338790067 ], [ 212158.98497245676117, 542288.257367844460532 ], [ 212166.724801218486391, 542295.001438708626665 ], [ 212166.727801160712261, 542295.003438742482103 ], [ 212174.394623799773399, 542302.161505086463876 ], [ 212181.814443853450939, 542309.601565150893293 ], [ 212188.964262021356262, 542317.291618823306635 ], [ 212195.834078224783298, 542325.241665864945389 ], [ 212202.42389310724684, 542333.411706592771225 ], [ 212202.427893025858793, 542333.414706635754555 ], [ 212204.183841917809332, 542335.701716598705389 ], [ 212208.365716923086438, 542341.350738695939071 ], [ 212208.713706506678136, 542341.821740526123904 ], [ 212209.011697268142598, 542342.244741935050115 ], [ 212212.853578108653892, 542347.701760075986385 ], [ 212214.553523771377513, 542350.215767301386222 ], [ 212214.713518666685559, 542350.45176798698958 ], [ 212220.38133096290403, 542359.237788810278289 ], [ 212220.395330494036898, 542359.259788861963898 ], [ 212220.396489403006854, 542359.261610069428571 ], [ 212220.406092339311726, 542359.271235431195237 ], [ 212220.418298983684508, 542359.297404397744685 ], [ 212220.423329524608562, 542359.305788939120248 ], [ 212225.763141210190952, 542368.291802835883573 ], [ 212230.689956039714161, 542377.28780996450223 ], [ 212230.812951426429208, 542377.511810146737844 ], [ 212235.532761699490948, 542386.891810818808153 ], [ 212237.177690492710099, 542390.474808517843485 ], [ 212239.912572105095023, 542396.431804694468156 ], [ 212242.467452633572975, 542402.544796693371609 ], [ 212243.937383862852585, 542406.063792075961828 ], [ 212243.961382717941888, 542406.122791987261735 ], [ 212244.324364875530591, 542407.044790418003686 ], [ 212244.519355249794899, 542407.542789554223418 ], [ 212244.686346977658104, 542407.970788800274022 ], [ 212245.050328983779764, 542408.901787175913341 ], [ 212245.414310972555541, 542409.833785543683916 ], [ 212245.778292979230173, 542410.764783918624744 ], [ 212246.142274987301789, 542411.695782292052172 ], [ 212246.506256975611905, 542412.627780659124255 ], [ 212246.870238981966395, 542413.558779031853192 ], [ 212247.233220979367616, 542414.490777383325621 ], [ 212247.597202984092291, 542415.421775760361925 ], [ 212247.961184973391937, 542416.353774123941548 ], [ 212248.325166980910581, 542417.28477250027936 ], [ 212248.689148970646784, 542418.216770865139551 ], [ 212249.053130976448301, 542419.147769241477363 ], [ 212249.417112981376704, 542420.078767615719698 ], [ 212249.780094980087597, 542421.010765967192128 ], [ 212250.144076985685388, 542421.941764341318049 ], [ 212250.508058975508902, 542422.873762706993148 ], [ 212250.872040979389567, 542423.804761082632467 ], [ 212251.236022969649639, 542424.736759450403042 ], [ 212251.600004976295168, 542425.667757822433487 ], [ 212251.963986964750802, 542426.599756190902553 ], [ 212252.3279689719202, 542427.530754565144889 ], [ 212252.690950968855759, 542428.462752918014303 ], [ 212252.743418628291693, 542428.596955447341315 ], [ 212280.046527375438018, 542487.130170459044166 ], [ 212280.053781375725521, 542487.140722097596154 ], [ 212280.066780947323423, 542487.160722147324122 ], [ 212280.120779186108848, 542487.24272235960234 ], [ 212280.632155532337492, 542488.38565748592373 ], [ 212280.757784026995068, 542488.654983581975102 ], [ 212281.839731916523306, 542489.31073349469807 ], [ 212282.140230800025165, 542491.618714011274278 ], [ 212282.276365550380433, 542491.910563730169088 ], [ 212282.176561061758548, 542491.897748446441256 ], [ 212282.176687303523067, 542491.898718045908026 ], [ 212282.158170591486851, 542491.895387038704939 ], [ 212271.057658345205709, 542490.470038177561946 ], [ 212269.801808578602504, 542490.535528629203327 ], [ 212268.528817779762903, 542490.597507510101423 ], [ 212266.091835405124584, 542490.71546708769165 ], [ 212265.940836308931466, 542490.734464488457888 ], [ 212265.898836564127123, 542490.739463767269626 ], [ 212263.190855987253599, 542490.880418769083917 ], [ 212257.057889281306416, 542491.860311522032134 ], [ 212256.959889858175302, 542491.873309828806669 ], [ 212256.130894300935324, 542492.009295302559622 ], [ 212244.011960118514253, 542493.94408339378424 ], [ 212222.099089149036445, 542496.823705228627659 ], [ 212200.74020078551257, 542500.503329574130476 ], [ 212200.030204503884306, 542500.625317089492455 ], [ 212170.611535753530916, 542494.733888228307478 ], [ 212167.444587521225912, 542493.104850097210146 ], [ 212160.919687962421449, 542490.132768432842568 ], [ 212154.65178816797561, 542487.047691843472421 ], [ 212152.958814228215488, 542486.276670654420741 ], [ 212145.589927666151198, 542482.919578434899449 ], [ 212145.586927707976429, 542482.918578393873759 ], [ 212145.407930470159044, 542482.836576157715172 ], [ 212141.421993953903439, 542480.889527335646562 ], [ 212140.334010126825888, 542480.429513432085514 ], [ 212140.272011158900568, 542480.396512692794204 ], [ 212131.703153615875635, 542475.841410718508996 ], [ 212131.475157404027414, 542475.720408004010096 ], [ 212129.452193234377773, 542474.509385025361553 ], [ 212123.168689272424672, 542471.480520490324125 ], [ 212087.861890978732845, 542466.946990539552644 ], [ 212083.203646916139405, 542469.389677393366583 ], [ 212078.693690832034918, 542468.91060822608415 ], [ 212067.432795059517957, 542468.04943281726446 ], [ 212058.412875132140471, 542467.570290614385158 ], [ 212053.108926566143055, 542467.020209164358675 ], [ 212048.198967873700894, 542466.900130619877018 ], [ 212038.923055070219561, 542466.107986801536754 ], [ 212033.523106138483854, 542465.627903232700191 ], [ 212028.96816103902529, 542464.492838638368994 ], [ 212028.93316149734892, 542464.481838160310872 ], [ 212027.289183291781228, 542463.949815834756009 ], [ 212023.611228520458099, 542462.97776412719395 ], [ 212020.473265935172094, 542462.220719428500161 ], [ 212019.013285513792653, 542461.734699712367728 ], [ 212017.985297270526644, 542461.517684816499241 ], [ 212016.308317708637333, 542461.085661151329987 ], [ 212014.724336741521256, 542460.694638658314943 ], [ 212011.277378174243495, 542459.842589720385149 ], [ 212008.951407316577388, 542459.194557291571982 ], [ 212003.703469326748746, 542457.963482249993831 ], [ 212003.528471391939092, 542457.922479750821367 ], [ 211999.184522722760448, 542456.903417637571692 ], [ 211990.747922608890804, 542454.478534437832423 ], [ 211990.757699033798417, 542454.548182639176957 ], [ 211991.248584441869752, 542457.021288171876222 ], [ 211991.249584371311357, 542457.025288155302405 ], [ 211992.156498792988714, 542461.861263768048957 ], [ 211992.61646176467184, 542463.92025457858108 ], [ 211993.283402059052605, 542467.27723825618159 ], [ 211993.713363638729788, 542469.437227766728029 ], [ 211993.777358025137801, 542469.752226259326562 ], [ 211993.943330266396515, 542471.384215761092491 ], [ 212008.159150092222262, 542475.472412941628136 ], [ 212011.079098876420176, 542477.18944635533262 ], [ 212012.44803887073067, 542480.217444059904665 ], [ 212012.600031901500188, 542480.572443652548827 ], [ 212016.559690019232221, 542499.725353025831282 ], [ 212016.607657979184296, 542501.680338007281534 ], [ 212016.560500235500513, 542511.445258345222101 ], [ 212016.573500198777765, 542511.44125858694315 ], [ 212016.572499768342823, 542511.468258353066631 ], [ 212018.651494140125578, 542510.78629753307905 ], [ 212019.134430323494598, 542514.488275441341102 ], [ 212016.525381225801539, 542518.812198254279792 ], [ 212008.117223001871025, 542532.746949492720887 ], [ 212015.25808767756098, 542537.568026182125323 ], [ 212015.829743367416086, 542558.547865917207673 ], [ 212015.691505128110293, 542573.328744247206487 ], [ 212018.371254248224432, 542587.494673176552169 ], [ 212018.420252789976075, 542587.560673436499201 ], [ 212022.533128558512544, 542593.195694510708563 ], [ 212023.745025971438736, 542598.930667797103524 ], [ 212022.104976504517253, 542602.797609987668693 ], [ 212023.543838626792422, 542610.599570245598443 ], [ 212022.325724563677795, 542618.246488727163523 ], [ 212025.093628932518186, 542622.781496908632107 ], [ 212027.274490606650943, 542630.243471929919906 ], [ 212030.019459884584649, 542630.78151203726884 ], [ 212033.905934115260607, 542661.324328166781925 ], [ 212032.105718667822657, 542675.520184294204228 ], [ 212028.756688992056297, 542679.011101846001111 ], [ 212022.760274142492563, 542682.537638074136339 ], [ 212028.382609305059304, 542722.591700212331489 ], [ 212035.136983408214292, 542719.421878608758561 ], [ 212034.377921593579231, 542723.614832428982481 ], [ 212042.59081378771225, 542726.204944514436647 ], [ 212041.753441830631346, 542749.58774198172614 ], [ 212042.955411429604283, 542750.869751089601777 ], [ 212047.903351132641546, 542752.14282093802467 ], [ 212051.146280605229549, 542754.891851245425642 ], [ 212053.533198981982423, 542758.749858727678657 ], [ 212054.876086786767701, 542765.012829861021601 ], [ 212055.035975834936835, 542771.784777721739374 ], [ 212055.607884573983029, 542777.136743730632588 ], [ 212052.261122664640425, 542825.840295904665254 ], [ 212052.087026907422114, 542831.839244598755613 ], [ 212042.611293912283145, 542823.958232253673486 ], [ 212049.510559751128312, 542873.109272635774687 ], [ 212051.330317218351411, 542876.034875135519542 ], [ 212050.050571545521962, 542876.956369143328629 ], [ 212050.629130110319238, 542881.078076589503326 ], [ 212053.425188294379041, 542882.957853110041469 ], [ 212069.89386473770719, 542894.780024304869585 ], [ 212069.889864705270156, 542894.784024210413918 ], [ 212068.705762503086589, 542901.680949282483198 ], [ 212067.545604152343003, 542912.032846817979589 ], [ 212062.956371548032621, 542928.667638029204682 ], [ 212065.204215010919143, 542937.219605313614011 ], [ 212064.302161788538797, 542940.952560527715832 ], [ 212062.579119992995402, 542944.386504863970913 ], [ 212066.70694191227085, 542953.337499372544698 ], [ 212069.986621485586511, 542971.497405706089921 ], [ 212070.718549859186169, 542975.557384744868614 ], [ 212072.922334444214357, 542987.766321751871146 ], [ 212073.463281612406718, 542990.760306315263733 ], [ 212080.022640370705631, 543027.103118787636049 ], [ 212081.144530742691131, 543033.316086735459976 ], [ 212082.203412629489321, 543040.084049177239649 ], [ 212083.8852251538774, 543050.82598958525341 ], [ 212085.540040662483079, 543061.396930937306024 ], [ 212090.582478624535725, 543093.599752291222103 ], [ 212091.002431783446809, 543096.283737397287041 ], [ 212093.541148845863063, 543112.494647468673065 ], [ 212092.948060243885266, 543118.258591266581789 ], [ 212092.529997674981132, 543122.328551590675488 ], [ 212092.196947817545151, 543125.571519975899719 ], [ 212084.890167825651588, 543125.157039136392996 ], [ 212098.945951482804958, 543225.291808004956692 ], [ 212103.434369081573095, 543239.803355939569883 ], [ 212104.635998753714375, 543239.739798463881016 ], [ 212109.965960556350183, 543239.457887085154653 ], [ 212112.95993199563236, 543239.737933323951438 ], [ 212120.900676206831122, 543251.595966090681031 ], [ 212117.011631293629762, 543256.294865096686408 ], [ 212117.458611365611432, 543257.303864179761149 ], [ 212114.695581813051831, 543260.496793603291735 ], [ 212117.135465919855051, 543266.442785055958666 ], [ 212131.465281776094344, 543270.7129826733144 ], [ 212132.687933595501818, 543291.601833590306342 ], [ 212139.093603127548704, 543308.829798070830293 ], [ 212141.231232823076425, 543330.630656427820213 ], [ 212141.612213160522515, 543331.655654311063699 ], [ 212133.273242828727234, 543336.275717783370055 ], [ 212167.869730973499827, 543448.129970430978574 ], [ 212184.680910678143846, 543452.454375302186236 ], [ 212200.273720571916783, 543456.465595502639189 ], [ 212204.07067427309812, 543457.442649120464921 ], [ 212509.421136955003021, 543586.266555308131501 ], [ 212515.401921265234705, 543589.053738428163342 ], [ 212515.456728331046179, 543589.075519706122577 ], [ 212515.428873331809882, 543589.344776788610034 ], [ 212514.220811803417746, 543603.956490060780197 ], [ 212513.660782003193162, 543606.435824212036096 ], [ 212509.634466217277804, 543645.355733452015556 ], [ 212543.022520694037667, 543582.357487244182266 ], [ 212542.101004051044583, 543578.287149418145418 ], [ 212546.541086228680797, 543571.017280151019804 ], [ 212549.251238997181645, 543560.247411143966019 ], [ 212553.653337147203274, 543552.010549075086601 ], [ 212557.712425444566179, 543544.551675157621503 ], [ 212560.1835377420648, 543536.397781124804169 ], [ 212562.511498324398417, 543537.677808502223343 ], [ 212567.461556967406068, 543531.607937795110047 ], [ 212571.151698635425419, 543521.038083045510575 ], [ 212579.031859835493378, 543507.188322714413516 ], [ 212584.151935261994367, 543499.998463810654357 ], [ 212589.021968137501972, 543495.558578623691574 ], [ 212589.02844906214159, 543495.440756638417952 ], [ 212589.203538489149651, 543489.750921648927033 ], [ 212588.512179955403553, 543482.738673999439925 ], [ 212589.526172773155849, 543479.266360304900445 ], [ 212593.327627358958125, 543355.731491955113597 ], [ 212592.424238609499298, 543353.749780072364956 ], [ 212592.104252356803045, 543353.059780463110656 ], [ 212592.074364881991642, 543346.129835992120206 ], [ 212592.374424984533107, 543342.271872037090361 ], [ 212592.384427043463802, 543342.139873266103677 ], [ 212593.894494648411637, 543337.219937504967675 ], [ 212596.764527203224134, 543333.790011735982262 ], [ 212602.074622493761126, 543325.280166564160027 ], [ 212610.374729448260041, 543314.570387625601143 ], [ 212610.91473629855318, 543313.880401953472756 ], [ 212615.794752245070413, 543310.480508511536755 ], [ 212627.524795072968118, 543302.030766886542551 ], [ 212636.384798379353015, 543297.44094755302649 ], [ 212644.677112275909167, 543293.172758317785338 ], [ 212649.016892201849259, 543289.408412750344723 ], [ 212651.114850529556861, 543286.931271189590916 ], [ 212651.314855888689635, 543286.501277905190364 ], [ 212654.504940645390889, 543279.69138463633135 ], [ 212654.463978500949452, 543277.375402688863687 ], [ 212654.405032830982236, 543274.051428600680083 ], [ 212660.545010643108981, 543272.381541590439156 ], [ 212666.625022803782485, 543268.621670501423068 ], [ 212668.105017091031186, 543268.241697553894483 ], [ 212671.675032206752803, 543265.541777225094847 ], [ 212684.706574947369518, 543258.451013679848984 ], [ 212728.522809853224317, 543220.444604953285307 ], [ 212728.53530711485655, 543220.433063169242814 ], [ 212728.538456354814116, 543220.428230886347592 ], [ 212764.939434490457643, 543097.716083439649083 ], [ 212763.05709856125759, 543092.784654024406336 ], [ 212765.127138348179869, 543089.304715684615076 ], [ 212768.307160809636116, 543086.344791128998622 ], [ 212768.311541079776362, 543086.348299874807708 ], [ 212768.312892625952372, 543086.343743647448719 ], [ 212858.928988235944416, 543094.236091676400974 ], [ 212866.626339945592918, 543088.356368105742149 ], [ 212873.296379152976442, 543082.636522407992743 ], [ 212880.14642258733511, 543076.566682448727079 ], [ 212890.476332802412799, 543076.99684637109749 ], [ 212894.206259635771858, 543079.666885244543664 ], [ 212903.094052289205138, 543088.065961419139057 ], [ 212907.029960456013214, 543091.785995150567032 ], [ 212910.201886462746188, 543094.783022339455783 ], [ 212911.295860939775594, 543095.817031714133918 ], [ 212941.655629855667939, 543095.057529849931598 ], [ 212975.275237993279006, 543102.608013687073253 ], [ 212979.601490320666926, 543104.746248592389748 ], [ 212979.610929966554977, 543104.747070752899162 ], [ 212979.623666145489551, 543104.793890028377064 ], [ 212981.575073734216858, 543109.628059072303586 ], [ 212986.010860556649277, 543120.589042411185801 ], [ 212989.214706549042603, 543128.508030360331759 ], [ 213002.054089121258585, 543160.257981947972439 ], [ 213004.468966375279706, 543166.637969540548511 ], [ 213006.883843626215821, 543173.017957136733457 ], [ 213014.943321708415169, 543201.23785976995714 ], [ 213016.36325798172038, 543204.467856688774191 ], [ 213031.621711830288405, 543292.327394146006554 ], [ 213033.361085115524475, 543302.337206000695005 ], [ 213033.377170079940697, 543302.396335695986636 ], [ 213176.377720574353589, 543432.245438375859521 ], [ 213180.843215653439984, 543434.225666356505826 ], [ 213194.426009138958761, 543440.247837874107063 ], [ 213212.979724516044371, 543448.630070907180198 ], [ 213232.944420023355633, 543457.540322547079995 ], [ 213234.607373833772726, 543459.567333127371967 ], [ 213234.844360296876403, 543460.285331168561243 ], [ 213235.702343350392766, 543460.906340058543719 ], [ 213238.370269086648477, 543464.168356951908208 ], [ 213241.367222980741644, 543465.530394527479075 ], [ 213243.181186183297541, 543466.903412840794772 ], [ 213245.801062300248304, 543473.250404029851779 ], [ 213246.731036414043047, 543474.387409918475896 ], [ 213248.530986323603429, 543476.587421321542934 ], [ 213249.000973249610979, 543477.161424302379601 ], [ 213252.857978988846298, 543474.899505104054697 ], [ 213261.540671164635569, 543489.595527118188329 ], [ 213265.520513488125289, 543497.354528942960314 ], [ 213268.684425439685583, 543501.221548990113661 ], [ 213271.230354599974817, 543504.332565124612302 ], [ 213275.21324374244432, 543509.201590351527557 ], [ 213286.241936811129563, 543522.681660223635845 ], [ 213286.302935106883524, 543522.756660606246442 ], [ 213298.195604111650027, 543537.293735948507674 ], [ 213298.228603197669145, 543537.333736158441752 ], [ 213302.249491287977435, 543542.24876162968576 ], [ 213319.553059405472595, 543560.332896034233272 ], [ 213322.511985559569439, 543563.424919019453228 ], [ 213321.687981208931888, 543564.100900198798627 ], [ 213321.635390320210718, 543564.144077987060882 ], [ 213322.400526353623718, 543564.838846133206971 ], [ 213293.209840832452755, 543629.547853342024609 ], [ 213482.638647169456817, 543729.16310412529856 ], [ 213483.841005239402875, 543729.15919551323168 ], [ 213486.398017322761007, 543727.149253214709461 ], [ 213517.953166595631046, 543702.335965345380828 ], [ 213524.203196149872383, 543697.4221063896548 ], [ 213529.803206064447295, 543694.041224505286664 ], [ 213555.533251624408877, 543678.506767211016268 ], [ 213569.725276763463626, 543669.938066557864659 ], [ 213600.279359623178607, 543649.718725328915752 ] ], [ [ 212646.59492796153063, 543099.229714813060127 ], [ 212622.854991411062656, 543107.063266847399063 ], [ 212640.194001003052108, 543159.611123165232129 ], [ 212646.083664599689655, 543177.459074369631708 ], [ 212590.293813733005663, 543195.869021588354371 ], [ 212604.037028717953945, 543237.51790768338833 ], [ 212577.13322361354949, 543238.806461325963028 ], [ 212577.612057929974981, 543248.79538835096173 ], [ 212580.893921355978819, 543317.319887686171569 ], [ 212577.069532600900857, 543343.206616476527415 ], [ 212580.87223588314373, 543421.354046413558535 ], [ 212582.103815739188576, 543446.673861693125218 ], [ 212570.384151442558505, 543493.473293451126665 ], [ 212561.819000196846901, 543507.048044906114228 ], [ 212560.471976424654713, 543509.182005826034583 ], [ 212556.983001709741075, 543509.348947935737669 ], [ 212522.312252940901089, 543511.010372658260167 ], [ 212490.000821443536552, 543491.923003370524384 ], [ 212487.821859795105411, 543490.634978474117815 ], [ 212462.317308528843569, 543475.568686995655298 ], [ 212314.342380939371651, 543482.657231931574643 ], [ 212295.253519305580994, 543483.57091524428688 ], [ 212223.208596453972859, 543452.766997006023303 ], [ 212216.491136412252672, 543422.764130770578049 ], [ 212199.203526047524065, 543345.546475038980134 ], [ 212194.463073277991498, 543252.382151480065659 ], [ 212184.7772320129734, 543247.380035000969656 ], [ 212184.71623306904803, 543247.345034296507947 ], [ 212184.67623376386473, 543247.322033834061585 ], [ 212184.049244593014009, 543246.964026569854468 ], [ 212174.924411284999223, 543241.192925400100648 ], [ 212174.590417821134906, 543240.954921913216822 ], [ 212166.133590085286414, 543234.508837023982778 ], [ 212165.537602819531457, 543234.017831339384429 ], [ 212157.586783870472573, 543226.778761059162207 ], [ 212157.134794901096029, 543226.321757431607693 ], [ 212149.951978682482149, 543218.533704032306559 ], [ 212149.571988856419921, 543218.093701431993395 ], [ 212142.993179599376163, 543209.576663713320158 ], [ 212142.536193875799654, 543208.921661607106216 ], [ 212136.752386290143477, 543199.907640786026604 ], [ 212136.606391381472349, 543199.665640374179929 ], [ 212131.575587050552713, 543190.077636393136345 ], [ 212131.36559600601322, 543189.628636621520855 ], [ 212131.346596808463801, 543189.588636635337025 ], [ 212131.216602320317179, 543189.312636763090268 ], [ 212127.02779826335609, 543179.290649929200299 ], [ 212126.974801134463632, 543179.139650290599093 ], [ 212123.698993783880724, 543168.868680258863606 ], [ 212123.471009022905491, 543168.040683259721845 ], [ 212121.201188480335986, 543158.085726969176903 ], [ 212112.430025100708008, 543110.778967322316021 ], [ 212086.482914079562761, 542945.2618849753635 ], [ 212079.380867141648196, 542889.93321714643389 ], [ 212147.519373505288968, 542886.66934721195139 ], [ 212118.526264103624271, 542660.796702936524525 ], [ 212098.714922357874457, 542506.454629141022451 ], [ 212199.097794025350595, 542526.434093487798236 ], [ 212272.429395816085162, 542514.722375800716691 ], [ 212354.113556881231489, 542587.837108209263533 ], [ 212359.621242436085595, 542604.52606260299217 ], [ 212392.619102644326631, 542596.824659316334873 ], [ 212396.781864940887317, 542609.440624830662273 ], [ 212498.661127321392996, 542604.560314551927149 ], [ 212661.457725494110491, 542734.012906212941743 ], [ 212758.608395113842562, 542768.067205144674517 ], [ 212788.426731994986767, 542855.970978243043646 ], [ 212810.734487688983791, 542921.735808465629816 ], [ 212818.270013933652081, 543008.968225876917131 ], [ 212803.521058391517727, 543013.521950092981569 ], [ 212744.67082925394061, 542995.064145614160225 ], [ 212669.909054620569805, 543018.150747704668902 ], [ 212660.353083430178231, 543021.101569028222002 ], [ 212673.253346635232447, 543060.194462183862925 ], [ 212676.931136546802009, 543071.341431708540767 ], [ 212641.275231833977159, 543083.106758898473345 ], [ 212646.59492796153063, 543099.229714813060127 ] ] ], [ [ [ 213858.648956871824339, 543485.151244079577737 ], [ 213868.500004669476766, 543477.334466947708279 ], [ 213876.976045793155208, 543470.608658707584254 ], [ 213884.513022573752096, 543468.315799441887066 ], [ 213884.568022391817067, 543468.29980046255514 ], [ 213884.693022344989004, 543468.240802966640331 ], [ 213888.756112270668382, 543467.131535310880281 ], [ 213893.604799636435928, 543463.979433067259379 ], [ 213894.625997302995529, 543398.181265941704623 ], [ 213926.330975494493032, 543396.712905621156096 ], [ 213936.59347435759264, 543393.915884741116315 ], [ 213962.369287893816363, 543392.678312708390877 ], [ 213965.582264516851865, 543392.532365989754908 ], [ 213979.458150816411944, 543392.687589746667072 ], [ 213987.481084375962382, 543392.82071877119597 ], [ 213998.514994781318819, 543392.893897106987424 ], [ 214001.276972150080837, 543392.924941645469517 ], [ 214006.602228544128593, 543392.982827533269301 ], [ 214006.605928510602098, 543392.983027592883445 ], [ 214007.054346431570593, 543391.656245577614754 ], [ 214008.778015317977406, 543386.556114706560038 ], [ 214009.082857181900181, 543383.823541713296436 ], [ 214009.458165437477874, 543383.893834790331312 ], [ 214009.464391212532064, 543383.830507843755186 ], [ 214010.800022996321786, 543384.060042034019716 ], [ 214011.152050888544181, 543383.189180388115346 ], [ 214012.60209482134087, 543379.763231563265435 ], [ 214013.972141079691937, 543376.233282280503772 ], [ 214015.542170008993708, 543373.673328409553505 ], [ 214017.913480704213725, 543369.977705350960605 ], [ 214015.514596974244341, 543368.150732552399859 ], [ 214013.445653065718943, 543365.713718677987345 ], [ 214011.911171108105918, 543363.893896078225225 ], [ 214010.417820893053431, 543362.731575492420234 ], [ 214010.648780862014974, 543362.396761303651147 ], [ 214010.648775692330673, 543362.396755172754638 ], [ 214010.417768452491146, 543362.7316386931343 ], [ 214010.41771159315249, 543362.731594437616877 ], [ 213999.038549380115001, 543379.227375942515209 ], [ 213930.94485655616154, 543332.255651011364534 ], [ 213926.402835879358463, 543335.775548940175213 ], [ 213921.99381142668426, 543339.462447679252364 ], [ 213913.95375432955916, 543346.957256794092245 ], [ 213907.390693620429374, 543353.945093949441798 ], [ 213901.2726229710388, 543361.325935148284771 ], [ 213895.623542685556458, 543369.069781017256901 ], [ 213890.463453027245123, 543377.149632104672492 ], [ 213885.812354382884223, 543385.53248899593018 ], [ 213883.629297572013456, 543390.115416592918336 ], [ 213883.627297521423316, 543390.119416526868008 ], [ 213883.572298238635994, 543390.102415772387758 ], [ 213881.987255667365389, 543393.511362545308657 ], [ 213881.797249910858227, 543393.960355837712996 ], [ 213881.689247112197336, 543394.186352263204753 ], [ 213881.4792403159081, 543394.709344632574357 ], [ 213879.969194794481155, 543398.263291450333782 ], [ 213878.109131616656668, 543403.079222399857827 ], [ 213876.711078338033985, 543407.056167615810409 ], [ 213876.281060106295627, 543408.393149847979657 ], [ 213876.052051160018891, 543409.058140761684626 ], [ 213875.851041876478121, 543409.730132076540031 ], [ 213875.421023611939745, 543411.069114293786697 ], [ 213874.240967452875338, 543415.116062479326501 ], [ 213868.499677356187021, 543435.845801985007711 ], [ 213865.523546547163278, 543445.384676695452072 ], [ 213861.940424036380136, 543454.711543275159784 ], [ 213857.763310343027115, 543463.788402241189033 ], [ 213853.010205934930127, 543472.577254190691747 ], [ 213847.701111232832773, 543481.042099741403945 ], [ 213841.497021987946937, 543489.612929920782335 ], [ 213834.722944491310045, 543497.740754435304552 ], [ 213827.409879116748925, 543505.387574094347656 ], [ 213821.211258714552969, 543511.042034870479256 ], [ 213838.581360235257307, 543499.749837241484784 ], [ 213858.648956871824339, 543485.151244079577737 ] ] ] ] } },
{ "type": "Feature", "properties": { "landuse_category": "자연녹지지역", "signgu_code": "11000", "source_layer": "용도지역3", "area_name": "wirye_plan_area", "source_version": "2024_02_gap_fill", "area_sqm": 10693.725687194388, "area_ha": 1.0693725687194389 }, "geometry": { "type": "Polygon", "coordinates": [ [ [ 212514.347261815331876, 541971.028684322605841 ], [ 212514.308274920127587, 541970.238690070109442 ], [ 212412.9270083134179, 541975.102008982561529 ], [ 212413.165925517474534, 541980.096972526167519 ], [ 212413.172925460559782, 541980.096972640836611 ], [ 212418.670021473895758, 542094.959134326665662 ], [ 212426.658963762572967, 542094.570266847033054 ], [ 212424.887576838693349, 542057.586536757880822 ], [ 212424.890576815669192, 542057.58653680596035 ], [ 212424.890576929756207, 542057.57953685882967 ], [ 212479.200183912558714, 542054.980437390389852 ], [ 212481.612347072310513, 542105.4640688841464 ], [ 212520.697064262552885, 542103.591717005125247 ], [ 212514.347261815331876, 541971.028684322605841 ] ] ] } },
{ "type": "Feature", "properties": { "landuse_category": "자연녹지지역", "signgu_code": "11000", "source_layer": "용도지역3", "area_name": "wirye_plan_area", "source_version": "2024_02_gap_fill", "area_sqm": 7719.209382394045, "area_ha": 0.77192093823940444 }, "geometry": { "type": "Polygon", "coordinates": [ [ [ 212998.635662871820386, 542077.23867124307435 ], [ 212988.466903612570604, 542067.40358588390518 ], [ 212987.798015760112321, 542060.810628252802417 ], [ 212983.51910974792554, 542057.123588692280464 ], [ 212976.975244613189716, 542052.032523771631531 ], [ 212967.510445500491187, 542044.309432774432935 ], [ 212959.142602779786102, 542038.736342197749764 ], [ 212944.342917172878515, 542026.643200049642473 ], [ 212937.970037307270104, 542022.377131243119948 ], [ 212927.324220747716026, 542016.315007717115805 ], [ 212897.761458645982202, 541991.941889561479911 ], [ 212769.931707743002335, 541998.067033672239631 ], [ 212770.983412781904917, 542020.022445388138294 ], [ 212823.90902995612123, 542017.487323115812615 ], [ 212823.919029893673724, 542017.48632328514941 ], [ 212823.91803038897342, 542017.456323511432856 ], [ 212886.427578346774681, 542014.457360246451572 ], [ 212887.947055014345096, 542046.017130163265392 ], [ 212912.906874391104793, 542044.827544074272737 ], [ 212914.842212862247834, 542084.713253530091606 ], [ 212935.119066209124867, 542083.741589835030027 ], [ 213001.401586816791678, 542080.566689193830825 ], [ 212998.635662871820386, 542077.23867124307435 ] ] ] } },
{ "type": "Feature", "properties": { "landuse_category": "제2종일반주거지역", "signgu_code": "11000", "source_layer": "용도지역3", "area_name": "wirye_plan_area", "source_version": "2024_02_gap_fill", "area_sqm": 119761.82356101798, "area_ha": 11.976182356101798 }, "geometry": { "type": "MultiPolygon", "coordinates": [ [ [ [ 212479.200183912558714, 542054.980437390389852 ], [ 212424.890576929756207, 542057.57953685882967 ], [ 212424.890576815669192, 542057.58653680596035 ], [ 212424.887576838693349, 542057.586536757880822 ], [ 212426.658963762572967, 542094.570266847033054 ], [ 212418.670021473895758, 542094.959134326665662 ], [ 212413.172925460559782, 541980.096972640836611 ], [ 212413.165925517474534, 541980.096972526167519 ], [ 212196.243495246599196, 541990.487375925527886 ], [ 212196.483412384695839, 541995.486339447670616 ], [ 212190.483455882844282, 541995.769240008550696 ], [ 212150.278747284406563, 541997.668573660310358 ], [ 212150.279746855812846, 541997.694573466782458 ], [ 212150.451687209511874, 542001.293547188746743 ], [ 212151.499431876989547, 542016.545440997928381 ], [ 212151.592409291653894, 542017.894431609893218 ], [ 212151.747389315365581, 542019.051424773875624 ], [ 212156.097827724210219, 542051.584232513443567 ], [ 212156.234809983609011, 542052.612226430443116 ], [ 212156.371798992331605, 542053.223223713459447 ], [ 212163.628215996606741, 542085.639079444459639 ], [ 212163.886195261438843, 542086.792074311641045 ], [ 212164.29717100027483, 542088.087070509092882 ], [ 212174.486569800239522, 542120.1749763765838 ], [ 212177.930544870207086, 542120.010033478029072 ], [ 212216.91026273460011, 542118.14267977385316 ], [ 212454.273544900730485, 542106.773615544196218 ], [ 212481.612347072310513, 542105.4640688841464 ], [ 212479.200183912558714, 542054.980437390389852 ] ] ], [ [ [ 213346.457075387006626, 542929.065431042807177 ], [ 213206.647911224310519, 543131.740528233814985 ], [ 213310.022926928068046, 543203.050627834862098 ], [ 213449.832091366086388, 543000.375530805205926 ], [ 213346.457075387006626, 542929.065431042807177 ] ] ], [ [ [ 212912.906874391104793, 542044.827544074272737 ], [ 212887.947055014345096, 542046.017130163265392 ], [ 212886.427578346774681, 542014.457360246451572 ], [ 212823.91803038897342, 542017.456323511432856 ], [ 212823.919029893673724, 542017.48632328514941 ], [ 212827.329845865519019, 542088.904802120523527 ], [ 212762.418315425078617, 542092.013725587632507 ], [ 212768.119341913814424, 542211.042857117718086 ], [ 212768.827096887107473, 542225.820749283884652 ], [ 212870.717357248155167, 542221.094437966588885 ], [ 212881.254280765308067, 542220.605612607789226 ], [ 212876.266225841798587, 542102.986481161788106 ], [ 212875.646278103144141, 542100.066494687576778 ], [ 212875.287498969002627, 542086.607597502297722 ], [ 212914.81521306297509, 542084.714253083104268 ], [ 212914.842212862247834, 542084.713253530091606 ], [ 212912.906874391104793, 542044.827544074272737 ] ] ], [ [ [ 213032.74795470040408, 542783.086525805410929 ], [ 212901.181288598570973, 542827.556034752982669 ], [ 212922.129321629472543, 542876.874975852901116 ], [ 212924.999193310504779, 542883.374969855765812 ], [ 212934.948799104546197, 542902.782974325702526 ], [ 212946.551406888203928, 542921.250013178796507 ], [ 212959.719019657757599, 542938.635086135007441 ], [ 212974.35264032240957, 542954.807192645734176 ], [ 212990.340271810389822, 542969.641331910854205 ], [ 213053.292967550543835, 542895.56495037546847 ], [ 213026.776191661978373, 542833.133024877635762 ], [ 213050.586131248390302, 542825.085475700441748 ], [ 213032.74795470040408, 542783.086525805410929 ] ] ], [ [ [ 212392.619102644326631, 542596.824659316334873 ], [ 212359.621242436085595, 542604.52606260299217 ], [ 212263.787648470868589, 542626.893329634098336 ], [ 212290.152607533149421, 542739.856843986897729 ], [ 212429.115018723998219, 542707.423357028746977 ], [ 212396.781864940887317, 542609.440624830662273 ], [ 212392.619102644326631, 542596.824659316334873 ] ] ] ] } },
{ "type": "Feature", "properties": { "landuse_category": "제1종일반주거지역", "signgu_code": "11710", "source_layer": "용도지역3", "area_name": "wirye_plan_area", "source_version": "2024_02_gap_fill", "area_sqm": 2769.90753402677, "area_ha": 0.27699075340267698 }, "geometry": { "type": "MultiPolygon", "coordinates": [ [ [ [ 213322.511985559569439, 543563.424919019453228 ], [ 213302.249491287977435, 543542.24876162968576 ], [ 213298.228603197669145, 543537.333736158441752 ], [ 213286.302935106883524, 543522.756660606246442 ], [ 213271.230354599974817, 543504.332565124612302 ], [ 213268.685425415373174, 543501.222548997844569 ], [ 213237.464294310862897, 543463.060351216583513 ], [ 213235.703343325905735, 543460.90734006697312 ], [ 213234.844360296876403, 543460.285331168561243 ], [ 213234.60637385796872, 543459.566333121852949 ], [ 213232.950419942528242, 543457.542322629014961 ], [ 213220.945603027066682, 543452.18517131160479 ], [ 213212.979724516044371, 543448.630070907180198 ], [ 213194.427009131555678, 543440.247837891802192 ], [ 213176.377624773653224, 543432.245351385674439 ], [ 213321.635659674386261, 543564.144322569249198 ], [ 213322.511985559569439, 543563.424919019453228 ] ] ], [ [ [ 213884.693022344989004, 543468.240802966640331 ], [ 213884.568022391817067, 543468.29980046255514 ], [ 213884.513022573752096, 543468.315799441887066 ], [ 213876.976045793155208, 543470.608658707584254 ], [ 213868.500004669476766, 543477.334466947708279 ], [ 213870.000225859286729, 543479.324623290915042 ], [ 213888.756112270668382, 543467.131535310880281 ], [ 213884.693022344989004, 543468.240802966640331 ] ] ], [ [ [ 213547.087152954161866, 543688.769547345815226 ], [ 213547.582576926244656, 543688.926381028490141 ], [ 213719.274549328023568, 543577.310471279313788 ], [ 213603.905369462270755, 543647.318803510745056 ], [ 213600.279359623178607, 543649.718725328915752 ], [ 213569.725276763463626, 543669.938066557864659 ], [ 213555.533251624408877, 543678.506767211016268 ], [ 213529.803206064447295, 543694.041224505286664 ], [ 213524.203196149872383, 543697.4221063896548 ], [ 213517.953166595631046, 543702.335965345380828 ], [ 213486.398017322761007, 543727.149253214709461 ], [ 213483.841005239402875, 543729.15919551323168 ], [ 213482.638647169456817, 543729.16310412529856 ], [ 213484.324862820853014, 543730.049837237573229 ], [ 213545.536667301086709, 543690.256414465024136 ], [ 213547.087152954161866, 543688.769547345815226 ] ] ] ] } },
{ "type": "Feature", "properties": { "landuse_category": "준주거지역", "signgu_code": "11000", "source_layer": "용도지역3", "area_name": "wirye_plan_area", "source_version": "2024_02_gap_fill", "area_sqm": 661.95551887568445, "area_ha": 0.066195551887568441 }, "geometry": { "type": "Polygon", "coordinates": [ [ [ 213745.087424247234594, 543204.047672677901573 ], [ 213785.432649801281514, 543231.879102081875317 ], [ 213793.347447808890138, 543220.405206896946765 ], [ 213793.347037102415925, 543220.404934081598185 ], [ 213793.347048391064163, 543220.404917086823843 ], [ 213784.385940701991785, 543214.452225818764418 ], [ 213752.508715679461602, 543193.289105783798732 ], [ 213745.087424247234594, 543204.047672677901573 ] ] ] } },
{ "type": "Feature", "properties": { "landuse_category": "준주거지역", "signgu_code": "11000", "source_layer": "용도지역3", "area_name": "wirye_plan_area", "source_version": "2024_02_gap_fill", "area_sqm": 22509.02502561134, "area_ha": 2.250902502561134 }, "geometry": { "type": "Polygon", "coordinates": [ [ [ 212576.355032193823718, 541645.753313715918921 ], [ 212575.421355241065612, 541626.26345586637035 ], [ 212531.446673342376016, 541628.364726824569516 ], [ 212468.99712487027864, 541631.363691397593357 ], [ 212455.503241968224756, 541630.805477406596765 ], [ 212456.49389905348653, 541651.495326479314826 ], [ 212457.650498852191959, 541675.64115034788847 ], [ 212469.694330556783825, 541680.078309560194612 ], [ 212475.467195760749746, 541685.548358892789111 ], [ 212478.979125231766375, 541688.167394624557346 ], [ 212484.519013054959942, 541692.355450532631949 ], [ 212507.26757875905605, 541707.926693238667212 ], [ 212507.404577013541711, 541707.966695133247413 ], [ 212569.758779625233728, 541726.373556323931552 ], [ 212588.351524620054988, 541732.926804530550726 ], [ 212604.381213666551048, 541744.202973120380193 ], [ 212624.382859404664487, 541756.18920030631125 ], [ 212637.875707290397258, 541758.910396856139414 ], [ 212664.383234662702307, 541774.988696391577832 ], [ 212673.615034444024786, 541782.787782964645885 ], [ 212695.645600692863809, 541798.679011517437175 ], [ 212709.997277107613627, 541811.564139968017116 ], [ 212711.95722619179287, 541813.739154158276506 ], [ 212705.533486483385786, 541800.842154199606739 ], [ 212703.230583138269139, 541796.012155878706835 ], [ 212701.096679672715254, 541791.106160909752361 ], [ 212699.132775994599797, 541786.129169264924712 ], [ 212697.341871982731391, 541781.087180946604349 ], [ 212695.725967524660518, 541775.986195940291509 ], [ 212694.287062491319375, 541770.833214218611829 ], [ 212693.027156802185345, 541765.632235783385113 ], [ 212691.947250302648172, 541760.392260578228161 ], [ 212691.04834291987936, 541755.117288588779047 ], [ 212690.332434507377911, 541749.815319776069373 ], [ 212689.800524976628367, 541744.491354124387726 ], [ 212689.452614234760404, 541739.151391579536721 ], [ 212684.730248483683681, 541640.562110609957017 ], [ 212576.355032193823718, 541645.753313715918921 ] ] ] } },
{ "type": "Feature", "properties": { "landuse_category": "제2종일반주거지역(7층이하)", "signgu_code": "11000", "source_layer": "용도지역3", "area_name": "wirye_plan_area", "source_version": "2024_02_gap_fill", "area_sqm": 40.549050009132309, "area_ha": 0.0040549050009132306 }, "geometry": { "type": "MultiPolygon", "coordinates": [ [ [ [ 213868.500004669476766, 543477.334466947708279 ], [ 213858.648956871824339, 543485.151244079577737 ], [ 213838.581360235257307, 543499.749837241484784 ], [ 213870.000225859286729, 543479.324623290915042 ], [ 213868.500004669476766, 543477.334466947708279 ] ] ], [ [ [ 213547.087152954161866, 543688.769547345815226 ], [ 213545.536667301086709, 543690.256414465024136 ], [ 213547.582576926244656, 543688.926381028490141 ], [ 213547.087152954161866, 543688.769547345815226 ] ] ] ] } },
{ "type": "Feature", "properties": { "landuse_category": "일반상업지역", "signgu_code": "11000", "source_layer": "용도지역3", "area_name": "wirye_plan_area", "source_version": "2024_02_gap_fill", "area_sqm": 20151.245014444718, "area_ha": 2.0151245014444719 }, "geometry": { "type": "Polygon", "coordinates": [ [ [ 211448.261514041718328, 541000.24626301904209 ], [ 211326.623116680944804, 541023.221109498525038 ], [ 211246.88651721982751, 541037.946700564469211 ], [ 211231.185597160510952, 541040.78042366693262 ], [ 211235.864267765078694, 541120.640854614553973 ], [ 211245.854195343563333, 541120.170020044781268 ], [ 211252.891144332039403, 541119.838136578095146 ], [ 211309.238713819126133, 541118.5450586930383 ], [ 211368.642263520130655, 541116.96303261409048 ], [ 211453.343036101839971, 541089.081628183368593 ], [ 211448.338491744187195, 541001.586253448273055 ], [ 211448.261514041718328, 541000.24626301904209 ] ] ] } },
{ "type": "Feature", "properties": { "landuse_category": "근린상업지역", "signgu_code": "11000", "source_layer": "용도지역3", "area_name": "wirye_plan_area", "source_version": "2024_02_gap_fill", "area_sqm": 9067.6641632101164, "area_ha": 0.90676641632101163 }, "geometry": { "type": "Polygon", "coordinates": [ [ [ 212561.274974124185974, 542459.555499983252957 ], [ 212665.15422226730152, 542454.579222899163142 ], [ 212661.231580347783165, 542372.67382073646877 ], [ 212627.270826107414905, 542374.301257475744933 ], [ 212627.509743307251483, 542379.295221020118333 ], [ 212547.602321631653467, 542383.122895753593184 ], [ 212551.859847915970022, 542472.006246916251257 ], [ 212561.847775593661936, 542471.529412557836622 ], [ 212561.274974124185974, 542459.555499983252957 ] ] ] } },
{ "type": "Feature", "properties": { "landuse_category": "제2종일반주거지역(7층이하)", "signgu_code": "11000", "source_layer": "용도지역3", "area_name": "wirye_plan_area", "source_version": "2024_02_gap_fill", "area_sqm": 101.81192016212768, "area_ha": 0.010181192016212768 }, "geometry": { "type": "Polygon", "coordinates": [ [ [ 212610.374729448260041, 543314.570387625601143 ], [ 212602.074622493761126, 543325.280166564160027 ], [ 212596.764527203224134, 543333.790011735982262 ], [ 212593.894494648411637, 543337.219937504967675 ], [ 212592.384427043463802, 543342.139873266103677 ], [ 212592.374424984533107, 543342.271872037090361 ], [ 212592.074364881991642, 543346.129835992120206 ], [ 212592.104252356803045, 543353.059780463110656 ], [ 212592.424238609499298, 543353.749780072364956 ], [ 212593.327627358958125, 543355.731491955113597 ], [ 212593.897286825813353, 543337.219418311840855 ], [ 212612.649990064703161, 543320.953235113876872 ], [ 212610.374729448260041, 543314.570387625601143 ] ] ] } },
{ "type": "Feature", "properties": { "landuse_category": "제3종일반주거지역", "signgu_code": "11000", "source_layer": "용도지역3", "area_name": "wirye_plan_area", "source_version": "2024_02_gap_fill", "area_sqm": 651542.5129092054, "area_ha": 65.154251290920541 }, "geometry": { "type": "MultiPolygon", "coordinates": [ [ [ [ 212174.486569800239522, 542120.1749763765838 ], [ 212164.29717100027483, 542088.087070509092882 ], [ 212163.886195261438843, 542086.792074311641045 ], [ 212163.628215996606741, 542085.639079444459639 ], [ 212156.371798992331605, 542053.223223713459447 ], [ 212156.234809983609011, 542052.612226430443116 ], [ 212156.097827724210219, 542051.584232513443567 ], [ 212151.747389315365581, 542019.051424773875624 ], [ 212151.592409291653894, 542017.894431609893218 ], [ 212151.499431876989547, 542016.545440997928381 ], [ 212150.451687209511874, 542001.293547188746743 ], [ 212150.279746855812846, 541997.694573466782458 ], [ 212150.278747284406563, 541997.668573660310358 ], [ 212190.483455882844282, 541995.769240008550696 ], [ 212196.483412384695839, 541995.486339447670616 ], [ 212196.243495246599196, 541990.487375925527886 ], [ 212413.165925517474534, 541980.096972526167519 ], [ 212412.9270083134179, 541975.102008982561529 ], [ 212514.308274920127587, 541970.238690070109442 ], [ 212527.792177380324574, 541969.591913663200103 ], [ 212527.421265707962448, 541964.320950204739347 ], [ 212527.41626684894436, 541964.252950671361759 ], [ 212526.872355214814888, 541959.064983740914613 ], [ 212526.865356274938677, 541959.002984127844684 ], [ 212526.144445798825473, 541953.831014201743528 ], [ 212526.136446770309703, 541953.775014524580911 ], [ 212525.238537375087617, 541948.624041563598439 ], [ 212525.229538240702823, 541948.575041811680421 ], [ 212524.155629798828159, 541943.452065772144124 ], [ 212524.145630573970266, 541943.409065956133418 ], [ 212522.896723003708757, 541938.319086819305085 ], [ 212522.887723657127935, 541938.283086962532252 ], [ 212521.463816854695324, 541933.232104676426388 ], [ 212521.454817396210274, 541933.203104761894792 ], [ 212519.857911249389872, 541928.197119308402762 ], [ 212519.850911677000113, 541928.174119381350465 ], [ 212518.08200606473838, 541923.220130722620524 ], [ 212518.076006390911061, 541923.203130762674846 ], [ 212516.13710120061296, 541918.307138881878927 ], [ 212516.133101427491056, 541918.295138915185817 ], [ 212514.02619656349998, 541913.462143805110827 ], [ 212514.023196685564471, 541913.456143804709427 ], [ 212511.751292026252486, 541908.692145465523936 ], [ 212478.767628466681344, 541842.473145819851197 ], [ 212476.46472511976026, 541837.643147511640564 ], [ 212474.330821650277358, 541832.737152554094791 ], [ 212472.365917974268086, 541827.760160906473175 ], [ 212470.576013950805645, 541822.718172617140226 ], [ 212468.960109486186411, 541817.617187620722689 ], [ 212467.521204463904724, 541812.463205920299515 ], [ 212466.260298760869773, 541807.263227470917627 ], [ 212465.181392245867755, 541802.023252294166014 ], [ 212464.282484855415532, 541796.748280313098803 ], [ 212463.566576455457835, 541791.445311522460543 ], [ 212463.034666920371819, 541786.121345877880231 ], [ 212462.686756151844747, 541780.782383335055783 ], [ 212457.650498852191959, 541675.64115034788847 ], [ 212423.605974585167132, 541663.097700310871005 ], [ 212403.855141135281883, 541662.580384677276015 ], [ 212389.180264882277697, 541662.196150162140839 ], [ 212375.191455200314522, 541657.360962681239471 ], [ 212367.661566231545294, 541654.227866045897827 ], [ 212355.243757418909809, 541648.561710710753687 ], [ 212348.496903849678347, 541642.85464752803091 ], [ 212346.177970990771428, 541639.854634193587117 ], [ 212344.940022110764403, 541637.309634688543156 ], [ 212236.518806130363373, 541642.519837183644995 ], [ 212224.458917621610453, 541641.599649355281144 ], [ 212173.629285595932743, 541644.018806881271303 ], [ 212163.709357287356397, 541644.498642402119003 ], [ 212113.197764340555295, 541644.347825845354237 ], [ 212098.70840282633435, 541644.603725949535146 ], [ 212098.033287772123003, 541644.636162646231242 ], [ 212066.169952666765312, 541655.985970540554263 ], [ 212050.79396675908356, 541662.724667214904912 ], [ 212032.959960387612227, 541671.944304066593759 ], [ 212022.191967206774279, 541676.852090119384229 ], [ 212009.655988227197668, 541681.757847569417208 ], [ 211991.558994893537601, 541690.302485614665784 ], [ 211970.900972101371735, 541701.935057267779484 ], [ 211959.220990933274152, 541706.552830898435786 ], [ 211918.601940482272767, 541729.774985833209939 ], [ 211889.140856052050367, 541749.574349032016471 ], [ 211848.043521675426746, 541790.576352643081918 ], [ 211848.566407514066668, 541797.370306245866232 ], [ 211845.892317272664513, 541804.269207244738936 ], [ 211839.066328997985693, 541806.92407530604396 ], [ 211823.04135727515677, 541813.1107659235131 ], [ 211803.7734851220157, 541814.751440761610866 ], [ 211776.630668368597981, 541816.868984268279746 ], [ 211745.279805269441567, 541823.933419710490853 ], [ 211734.194853678025538, 541826.431220098515041 ], [ 211733.493856739776675, 541826.589207471464761 ], [ 211734.096652952692239, 541838.88111795776058 ], [ 211753.303499013476539, 541838.881428874330595 ], [ 211752.489527551952051, 541837.521426681778394 ], [ 211754.07847323641181, 541840.09043165622279 ], [ 211755.714418849733192, 541842.640437543857843 ], [ 211756.721386386605445, 541844.14744167169556 ], [ 211764.392155488603748, 541854.614481315948069 ], [ 211775.330847098346567, 541868.250548265059479 ], [ 211914.662918704125332, 542041.943401148775592 ], [ 211869.826695845025824, 542077.90838473464828 ], [ 211886.434227567864582, 542098.611486394889653 ], [ 211890.451114312571008, 542103.618510987958871 ], [ 211891.865121336100856, 542102.484543039929122 ], [ 211935.286337204102892, 542067.652527412748896 ], [ 211942.347147876309464, 542075.851575511624105 ], [ 211942.358147591963643, 542075.863575590890832 ], [ 211951.566925956984051, 542084.994650940876454 ], [ 211952.382907407300081, 542085.736658160574734 ], [ 211962.345693390263477, 542094.023752537905239 ], [ 211962.355693180084927, 542094.031752635142766 ], [ 211973.021487856021849, 542101.433865542290732 ], [ 211973.931471269432222, 542102.007875638897531 ], [ 211985.195276743586874, 542108.447006010916084 ], [ 211985.203276596119395, 542108.452006099745631 ], [ 211996.98609417953412, 542113.886152995284647 ], [ 211997.996079397766152, 542114.299166011624038 ], [ 212010.201910573116038, 542118.68432822660543 ], [ 212010.207910491764778, 542118.686328309355304 ], [ 212022.757756395585602, 542121.991504819947295 ], [ 212023.816744167706929, 542122.22252010088414 ], [ 212036.607606045232387, 542124.421709450427443 ], [ 212036.610606022150023, 542124.421709498623386 ], [ 212049.542484937963309, 542125.498910194961354 ], [ 212050.629475527966861, 542125.54192744626198 ], [ 212063.607372418802697, 542125.486138040432706 ], [ 212174.486569800239522, 542120.1749763765838 ] ] ], [ [ [ 213597.175263356475625, 543102.015098571893759 ], [ 213689.451492170919664, 543165.669080555555411 ], [ 213712.998040212172782, 543181.911331155686639 ], [ 213713.005040057527367, 543181.917331222561188 ], [ 213745.087424247234594, 543204.047672677901573 ], [ 213752.508715679461602, 543193.289105783798732 ], [ 213752.508489240921335, 543193.288955452502705 ], [ 213752.508483227778925, 543193.288964169449173 ], [ 213748.055622798623517, 543190.332831536768936 ], [ 213748.996647079242393, 543188.369862640509382 ], [ 213752.746705154626397, 543182.933967330143787 ], [ 213750.850741548376391, 543181.625947152497247 ], [ 213749.900759795302292, 543180.969937047571875 ], [ 213738.319923005677992, 543176.625784365343861 ], [ 213707.730510179681005, 543155.52345881680958 ], [ 213704.201577928004554, 543153.088421265711077 ], [ 213704.185578963020816, 543153.032421458279714 ], [ 213701.409632249589777, 543151.11739191680681 ], [ 213602.023539824091131, 543082.562334233080037 ], [ 213596.967636872635921, 543079.07428043615073 ], [ 213583.342996807856252, 543063.603184487204999 ], [ 213545.84571649224381, 543037.737785481731407 ], [ 213528.247014869732084, 543028.028578597819433 ], [ 213498.394587803049944, 543007.437260954640806 ], [ 213492.203384589200141, 543003.166643020231277 ], [ 213492.113707952899858, 543003.129193928907625 ], [ 213471.578012614918407, 542994.483930861228146 ], [ 213459.57720899983542, 542988.299786268500611 ], [ 213445.749513345159357, 542976.357658557943068 ], [ 213434.748334833333502, 542963.845184688572772 ], [ 213426.970953545009252, 542958.480498525779694 ], [ 213416.239159514545463, 542951.077384353382513 ], [ 213404.657322703162208, 542946.734231697279029 ], [ 213383.962719888746506, 542932.45801154198125 ], [ 213364.324096761032706, 542918.912802606355399 ], [ 213335.513649691594765, 542899.03849612805061 ], [ 213304.457245696627069, 542877.6161657552002 ], [ 213299.088362644484732, 542873.054115576436743 ], [ 213285.674654802947771, 542861.657990197651088 ], [ 213277.260838071320904, 542854.508911560988054 ], [ 213259.545223923167214, 542839.457745979423635 ], [ 213219.321408543386497, 542786.242523779626936 ], [ 213214.591583090950735, 542777.809515219531022 ], [ 213213.700617029971909, 542776.155514135141857 ], [ 213213.65961858999799, 542776.079514083219692 ], [ 213210.567736406985205, 542770.337510340381414 ], [ 213202.05090747147915, 542754.521582661196589 ], [ 213202.050931046454934, 542754.521569965756498 ], [ 213202.050931043107994, 542754.521569959586486 ], [ 213185.564049176318804, 542763.399161159992218 ], [ 213169.735652273026062, 542734.006141983205453 ], [ 213150.145654534659116, 542743.553747434401885 ], [ 213140.972004011768149, 542726.521736296708696 ], [ 213124.827619147661608, 542696.540716756368056 ], [ 213109.769192829320673, 542668.580698491539806 ], [ 213109.537979894579621, 542667.670760451699607 ], [ 213109.538036550016841, 542667.670757738407701 ], [ 213109.538024653971661, 542667.670710948761553 ], [ 213093.929322370706359, 542668.418443130445667 ], [ 213090.576346628367901, 542668.579387498670258 ], [ 213053.957916753715836, 542651.499932038364932 ], [ 213053.557922857056838, 542651.320927002816461 ], [ 213052.415939007012639, 542650.888911987305619 ], [ 213051.239953794662142, 542650.557895603706129 ], [ 213050.039967088261619, 542650.330877990694717 ], [ 213048.824978782155085, 542650.209859282709658 ], [ 213047.60398880840512, 542650.194839618634433 ], [ 213046.385997095290804, 542650.285819148411974 ], [ 212955.486550178698963, 542661.104258916224353 ], [ 212882.782992597320117, 542669.757011043373495 ], [ 212807.964077386801364, 542701.534542176523246 ], [ 212862.001583075005328, 542828.762390161049552 ], [ 212866.627376319345785, 542839.235380524303764 ], [ 212901.181288598570973, 542827.556034752982669 ], [ 213032.74795470040408, 542783.086525805410929 ], [ 213050.586131248390302, 542825.085475700441748 ], [ 213026.776191661978373, 542833.133024877635762 ], [ 213053.292967550543835, 542895.56495037546847 ], [ 212990.340271810389822, 542969.641331910854205 ], [ 212994.661179006041493, 542973.231372934766114 ], [ 213054.607908523757942, 543021.983950629015453 ], [ 213063.446721389715094, 543029.160035909037106 ], [ 213076.549449378129793, 543039.465165021712892 ], [ 213076.553449311730219, 543039.467165070469491 ], [ 213086.310246751119848, 543047.141261207289062 ], [ 213087.831215180893196, 543048.337276195758022 ], [ 213042.182598561921623, 543108.969046627171338 ], [ 213049.663447048922535, 543114.618122231098823 ], [ 213028.10315717686899, 543143.171542148804292 ], [ 213069.732424641144462, 543291.194020995870233 ], [ 213074.056341631163377, 543294.177066976903006 ], [ 213100.603832010034239, 543312.489349316689186 ], [ 213110.823990185454022, 543297.673634668346494 ], [ 213195.429299661715049, 543175.024996776599437 ], [ 213178.683621093456168, 543163.473818665603176 ], [ 213192.310832027811557, 543143.718199112103321 ], [ 213202.531990225223126, 543128.901484456728213 ], [ 213206.647911224310519, 543131.740528233814985 ], [ 213346.457075387006626, 542929.065431042807177 ], [ 213449.832091366086388, 543000.375530805205926 ], [ 213310.022926928068046, 543203.050627834862098 ], [ 213457.366098524362314, 543304.690195370698348 ], [ 213531.282679540105164, 543355.67998184717726 ], [ 213598.482720134750707, 543258.26285806694068 ], [ 213524.566139010305051, 543207.274071528809145 ], [ 213597.175263356475625, 543102.015098571893759 ] ] ], [ [ [ 212183.118150858877925, 542141.776941698393784 ], [ 212183.124150566465687, 542141.79194167337846 ], [ 212198.445517770451261, 542173.289935407345183 ], [ 212320.748880749684758, 542399.113092252402566 ], [ 212327.293624028970953, 542411.726096375496127 ], [ 212333.385367295704782, 542424.564091345644556 ], [ 212335.407275250967359, 542429.247086269664578 ], [ 212336.013250229385449, 542430.492086027050391 ], [ 212336.5452234702243, 542431.88108342315536 ], [ 212339.018110870674718, 542437.610077202087268 ], [ 212344.182855101651512, 542450.847053936799057 ], [ 212348.234635038534179, 542462.430026001879014 ], [ 212348.484622459363891, 542463.08302477793768 ], [ 212348.874600271636155, 542464.260021587368101 ], [ 212359.196011003077729, 542495.53693612688221 ], [ 212514.972563526214799, 542507.817360175424255 ], [ 212541.500371459493181, 542506.548800135147758 ], [ 212539.873934454430128, 542472.59404801519122 ], [ 212539.893934310617624, 542472.593048349488527 ], [ 212539.892934562463779, 542472.5780484538991 ], [ 212551.859847915970022, 542472.006246916251257 ], [ 212547.602321631653467, 542383.122895753593184 ], [ 212534.181966687727254, 542102.945940620149486 ], [ 212520.697064262552885, 542103.591717005125247 ], [ 212481.612347072310513, 542105.4640688841464 ], [ 212454.273544900730485, 542106.773615544196218 ], [ 212216.91026273460011, 542118.14267977385316 ], [ 212177.930544870207086, 542120.010033478029072 ], [ 212174.486569800239522, 542120.1749763765838 ], [ 212183.118150858877925, 542141.776941698393784 ] ] ], [ [ [ 213006.940434516582172, 542087.230725142988376 ], [ 213001.401586816791678, 542080.566689193830825 ], [ 212935.119066209124867, 542083.741589835030027 ], [ 212914.842212862247834, 542084.713253530091606 ], [ 212914.81521306297509, 542084.714253083104268 ], [ 212875.287498969002627, 542086.607597502297722 ], [ 212875.646278103144141, 542100.066494687576778 ], [ 212876.266225841798587, 542102.986481161788106 ], [ 212881.254280765308067, 542220.605612607789226 ], [ 212870.717357248155167, 542221.094437966588885 ], [ 212871.419114234886365, 542235.750331029761583 ], [ 212769.536851327080512, 542240.630641227820888 ], [ 212773.821368292148691, 542330.071988557931036 ], [ 212780.096196130063618, 542461.068032546900213 ], [ 212792.101109266368439, 542460.492231677984819 ], [ 212794.160397031839238, 542503.441918237134814 ], [ 213044.015320866834372, 542491.467178538441658 ], [ 213043.369693959568394, 542485.31810216687154 ], [ 213042.789813632640289, 542478.21815008786507 ], [ 213042.369932182860794, 542471.108200685470365 ], [ 213036.501964034483535, 542348.589094637078233 ], [ 213032.373391715460457, 542262.499722629785538 ], [ 213027.215177800855599, 542154.790508369449526 ], [ 213023.645398177352035, 542142.950546090258285 ], [ 213021.596106248965953, 542100.250857488252223 ], [ 213021.545307316730032, 542099.191998270223849 ], [ 213006.940434516582172, 542087.230725142988376 ] ] ], [ [ [ 211576.441880569531349, 541779.317047070828266 ], [ 211562.691939085081685, 541782.510798713425174 ], [ 211562.352942192839691, 541782.486793423187919 ], [ 211562.013945119164418, 541782.473788040806539 ], [ 211561.673947860050248, 541782.472782544558868 ], [ 211561.333950409520185, 541782.483776955399662 ], [ 211560.994952769775409, 541782.505771289812401 ], [ 211560.656954944453901, 541782.538765551289544 ], [ 211560.319956917664967, 541782.583759732777253 ], [ 211559.98395868865191, 541782.640753835556097 ], [ 211559.650960256432882, 541782.70874789590016 ], [ 211555.114980622864095, 541783.696666495874524 ], [ 211534.641072502767202, 541788.159299059887417 ], [ 211524.887116280733608, 541790.285124015761539 ], [ 211524.650117353390669, 541790.336119766696356 ], [ 211511.740223427535966, 541793.150351530406624 ], [ 211584.505659359158017, 541785.364334818557836 ], [ 211576.441880569531349, 541779.317047070828266 ] ] ], [ [ [ 211840.287775905395392, 542087.588828295236453 ], [ 211834.828944801818579, 542079.858802354545332 ], [ 211812.556633858068381, 542048.321696507744491 ], [ 211754.076271990634268, 541976.082333249622025 ], [ 211714.007323012425331, 541930.993048787815496 ], [ 211713.432336718949955, 541930.431044018245302 ], [ 211699.039684646966634, 541916.062927082064562 ], [ 211685.077035876631271, 541901.277820475050248 ], [ 211681.939118068956304, 541897.753798143356107 ], [ 211680.806146182731027, 541896.577789302915335 ], [ 211674.240318572759861, 541889.178742779884487 ], [ 211671.554390113335103, 541886.088724259170704 ], [ 211666.181533808965469, 541879.871687500388362 ], [ 211584.617497273924528, 541785.493312261649407 ], [ 211818.911793784529436, 542073.077514343080111 ], [ 211840.287775905395392, 542087.588828295236453 ] ] ] ] } },
{ "type": "Feature", "properties": { "landuse_category": "일반상업지역", "signgu_code": "11000", "source_layer": "용도지역3", "area_name": "wirye_plan_area", "source_version": "2024_02_gap_fill", "area_sqm": 103113.21398053307, "area_ha": 10.311321398053307 }, "geometry": { "type": "Polygon", "coordinates": [ [ [ 211634.852429154649144, 541160.346990071819164 ], [ 211631.835398937633727, 541163.707914123660885 ], [ 211627.623356740485178, 541168.400808081147261 ], [ 211627.0173506718711, 541169.075792826595716 ], [ 211626.707347556832246, 541169.421785015729256 ], [ 211623.784321827668464, 541172.458713200641796 ], [ 211622.64931184440502, 541173.637685316614807 ], [ 211619.334282686788356, 541177.080603878945112 ], [ 211618.567275948851602, 541177.876585045130923 ], [ 211618.250273149838904, 541178.206577250151895 ], [ 211615.328250748163555, 541181.037507114000618 ], [ 211614.016240690951236, 541182.308475623489358 ], [ 211610.74621560703963, 541185.477397126844153 ], [ 211609.799208356591407, 541186.394374400028028 ], [ 211609.493206003156956, 541186.691367049701512 ], [ 211606.598186863673618, 541189.30729908880312 ], [ 211605.125177141395397, 541190.63726451434195 ], [ 211601.876155662845122, 541193.573188238660805 ], [ 211600.748148210288491, 541194.592161759617738 ], [ 211600.44514620344853, 541194.866154643590562 ], [ 211597.592130190460011, 541197.268089085933752 ], [ 211597.590130173135549, 541197.270089036319405 ], [ 211595.973121088201879, 541198.632051876629703 ], [ 211592.735102902515791, 541201.358977464959025 ], [ 211591.409095451963367, 541202.47594699030742 ], [ 211591.118093817145564, 541202.720940304570831 ], [ 211588.315080705680884, 541204.918877200456336 ], [ 211586.557072473864537, 541206.297837622230873 ], [ 211583.332057389750844, 541208.826765019446611 ], [ 211581.803050237271236, 541210.025730598252267 ], [ 211581.523048919771099, 541210.245724290027283 ], [ 211578.774038497969741, 541212.250663620536216 ], [ 211576.866031260607997, 541213.642621508450247 ], [ 211573.682019195024623, 541215.964551239740103 ], [ 211571.940012582548661, 541217.235512789222412 ], [ 211571.67101156746503, 541217.431506853550673 ], [ 211568.997003667696845, 541219.243448956287466 ], [ 211566.758997067605378, 541220.75940050103236 ], [ 211563.790988304943312, 541222.770336238085292 ], [ 211563.786988301668316, 541222.77233615797013 ], [ 211561.85198259135359, 541224.083294262061827 ], [ 211561.575981775706168, 541224.270288285217248 ], [ 211558.991976231947774, 541225.892233378137462 ], [ 211558.988976225431543, 541225.894233311410062 ], [ 211556.289970434241695, 541227.588175962446257 ], [ 211553.664964797993889, 541229.236120179179125 ], [ 211553.662964799150359, 541229.237120138015598 ], [ 211551.517960202298127, 541230.583074564114213 ], [ 211551.247959615080617, 541230.753068819874898 ], [ 211548.771956215234241, 541232.189017159747891 ], [ 211545.951952335541137, 541233.82495831954293 ], [ 211543.320948704204056, 541235.351903419126756 ], [ 211540.944945425871992, 541236.730853835120797 ], [ 211540.700945098215016, 541236.871848749229684 ], [ 211538.328943584288936, 541238.139800128876232 ], [ 211535.496941776160384, 541239.653742078691721 ], [ 211532.774940040544607, 541241.108686285559088 ], [ 211532.771940048056422, 541241.109686228795908 ], [ 211530.166938393173041, 541242.501632837229408 ], [ 211529.945938254444627, 541242.619628307176754 ], [ 211527.699938417412341, 541243.721583067090251 ], [ 211527.696938409120776, 541243.723583000362851 ], [ 211524.431938659050502, 541245.324517242028378 ], [ 211522.047938825911842, 541246.494469219003804 ], [ 211522.043938828399405, 541246.496469138888642 ], [ 211519.23093903408153, 541247.876412478741258 ], [ 211518.998939047800377, 541247.990407802979462 ], [ 211516.877940669888631, 541248.940365811344236 ], [ 211516.874940677691484, 541248.941365754581057 ], [ 211513.218943464453332, 541250.579293367336504 ], [ 211511.128945061529521, 541251.515251991106197 ], [ 211511.126945061900187, 541251.516251952853054 ], [ 211511.123945071303751, 541251.51725189469289 ], [ 211508.075947386794724, 541252.883191543980502 ], [ 211507.869947546423646, 541252.97518747090362 ], [ 211505.887950384872966, 541253.781148888519965 ], [ 211502.199955645482987, 541255.282077091163956 ], [ 211500.031958742853021, 541256.164034888497554 ], [ 211500.018958767817821, 541256.169034637510777 ], [ 211496.757963437266881, 541257.494971164967865 ], [ 211496.57496368966531, 541257.569967598537914 ], [ 211494.749967485695379, 541258.238932664389722 ], [ 211494.745967500348343, 541258.239932589349337 ], [ 211490.850975583773106, 541259.668858025572263 ], [ 211488.778979888098547, 541260.428818359854631 ], [ 211485.293987131270114, 541261.706751650082879 ], [ 211485.126987480296521, 541261.76774845412001 ], [ 211483.449992016539909, 541262.317716876859777 ], [ 211479.271003348752856, 541263.686638200539164 ], [ 211477.390008434740594, 541264.303602781146765 ], [ 211473.691018459154293, 541265.515533140976913 ], [ 211473.539018886425765, 541265.564530283561908 ], [ 211472.022023919591447, 541266.004502185038291 ], [ 211467.723038235388231, 541267.248422575416043 ], [ 211465.853044445771957, 541267.790387939661741 ], [ 211461.951057426544139, 541268.920315676135942 ], [ 211461.826057842292357, 541268.956313363276422 ], [ 211460.477063149708556, 541269.296288789599203 ], [ 211454.20308782189386, 541270.87817449180875 ], [ 211450.137103812710848, 541271.903100422001444 ], [ 211450.00210434384644, 541271.937097962712869 ], [ 211448.825109681027243, 541272.190076874918304 ], [ 211442.439138582500163, 541273.565962428459898 ], [ 211438.178157883288804, 541274.482886075391434 ], [ 211438.082158311328385, 541274.50388435262721 ], [ 211437.083163423056249, 541274.682866742019542 ], [ 211430.56019676948199, 541275.851751751150005 ], [ 211426.160219272511313, 541276.639674191712402 ], [ 211426.079219678329537, 541276.654672759701498 ], [ 211425.25722435672651, 541276.772658505127765 ], [ 211418.560262480197707, 541277.732542387209833 ], [ 211418.548262544005411, 541277.734542177524418 ], [ 211414.066288053727476, 541278.377464459976181 ], [ 211414.008288388431538, 541278.385463458951563 ], [ 211413.370292381790932, 541278.454452575882897 ], [ 211413.367292405222543, 541278.454452527686954 ], [ 211406.389336116117192, 541279.208333527203649 ], [ 211406.370336235908326, 541279.210333202732727 ], [ 211401.96536383026978, 541279.686258080299012 ], [ 211401.885364325367846, 541279.695256714476272 ], [ 211401.432367419911316, 541279.728249117149971 ], [ 211393.870419094193494, 541280.279122306848876 ], [ 211389.763447146804538, 541280.579053427441977 ], [ 211389.723447434662376, 541280.581052764551714 ], [ 211389.461449373222422, 541280.59104844299145 ], [ 211380.124518440396059, 541280.945894495584071 ], [ 211380.052518983837217, 541280.947893311502412 ], [ 211377.538537575717783, 541281.043851858819835 ], [ 211377.389538719406119, 541281.046849423437379 ], [ 211235.871625752974069, 541283.946536137373187 ], [ 211237.918273842806229, 541304.684401792590506 ], [ 211239.997757744538831, 541335.554186155437492 ], [ 211245.505687486263923, 541460.783263936871663 ], [ 211248.376241660356754, 541522.841312194126658 ], [ 211248.403952505846974, 541523.324900075094774 ], [ 211248.444176483229967, 541523.38387306581717 ], [ 211251.065576528199017, 541526.69182158424519 ], [ 211254.037493019044632, 541530.380839877878316 ], [ 211257.018410437362036, 541534.007858820492402 ], [ 211259.413345080014551, 541536.860874533420429 ], [ 211261.819280346913729, 541539.66989077674225 ], [ 211264.237216275883839, 541542.431907595717348 ], [ 211266.670152894977946, 541545.143925061565824 ], [ 211269.12009020280675, 541547.804943213239312 ], [ 211271.58702826348599, 541550.410962084890343 ], [ 211274.073967050790088, 541552.961981723434292 ], [ 211276.580906635703286, 541555.454002165002748 ], [ 211278.475861852813978, 541557.283018057234585 ], [ 211281.020802878483664, 541559.667039984837174 ], [ 211283.58974476554431, 541561.986062824958935 ], [ 211286.181687584816245, 541564.236086595687084 ], [ 211288.141645305382553, 541565.878105050185695 ], [ 211290.776589767599944, 541568.005130510311574 ], [ 211292.768548805528553, 541569.550150266732089 ], [ 211295.445495083578862, 541571.544177482021041 ], [ 211297.469455513637513, 541572.987198578193784 ], [ 211299.584414937155088, 541574.447221012320369 ], [ 211302.242365670274012, 541576.175250067724846 ], [ 211304.388326707005035, 541577.520273930160329 ], [ 211307.084279517788673, 541579.101304789772257 ], [ 211309.258242285897722, 541580.325330081628636 ], [ 211311.988197346567176, 541581.750362750259228 ], [ 211314.106163428223226, 541582.797388569451869 ], [ 211316.613124498078832, 541583.961419734638184 ], [ 211318.773092010203982, 541584.899447114206851 ], [ 211321.046058677398833, 541585.833476354368031 ], [ 211324.183014764101245, 541586.993517748545855 ], [ 211326.394984818558441, 541587.748547445167787 ], [ 211328.623955561779439, 541588.4525778304087 ], [ 211330.118936439859681, 541588.893598462920636 ], [ 211331.619917646952672, 541589.311619377229363 ], [ 211333.965888908598572, 541589.925652383128181 ], [ 211336.92185443759081, 541590.591694838483818 ], [ 211339.296827522164676, 541591.078729341505095 ], [ 211342.284795401239535, 541591.583773614722304 ], [ 211344.68277038668748, 541591.941809529205784 ], [ 211347.692740695434622, 541592.285855459515005 ], [ 211350.020718607614981, 541592.497891423525289 ], [ 211351.575704347342253, 541592.608915691496804 ], [ 211353.131690451264149, 541592.696940160589293 ], [ 211355.55366945505375, 541592.794978564139456 ], [ 211358.584644866583403, 541592.813027469674125 ], [ 211360.921626769762952, 541592.774065604084171 ], [ 211362.478615212050499, 541592.717091261292808 ], [ 211364.035604026430519, 541592.637117104022764 ], [ 211366.454587275686208, 541592.47415756736882 ], [ 211369.468568085576408, 541592.167208823608235 ], [ 211371.788554199563805, 541591.876248718588613 ], [ 211374.100541235005949, 541591.532288911403157 ], [ 211376.40452920741518, 541591.13432941143401 ], [ 211377.934521703573409, 541590.840356546337716 ], [ 211379.460514618636807, 541590.522383808740415 ], [ 211381.825504255975829, 541589.991426371969283 ], [ 211384.757493148819776, 541589.225480008521117 ], [ 211387.27248469326878, 541588.502526549156755 ], [ 211389.528478065534728, 541587.794568776385859 ], [ 211391.800472269562306, 541587.027611739584245 ], [ 211394.08646728011081, 541586.203655388904735 ], [ 211396.386463070288301, 541585.324699710821733 ], [ 211398.709459612815408, 541584.387744871899486 ], [ 211401.530456421140116, 541583.187800217187032 ], [ 211413.907445347722387, 541577.742044501123019 ], [ 211413.868447230634047, 541577.645044652977958 ], [ 211448.945490713260369, 541557.585774327628314 ], [ 211466.30751224127016, 541547.657135493471287 ], [ 211483.668533780262806, 541537.728496638825163 ], [ 211501.029555306100519, 541527.800857779104263 ], [ 211518.091576483624522, 541518.04321270424407 ], [ 211518.029617159860209, 541515.560231753042899 ], [ 211516.501248596410733, 541477.296515995869413 ], [ 211521.234695911232848, 541447.309834731859155 ], [ 211523.954923083947506, 541431.924002988263965 ], [ 211530.243187205283903, 541412.488261683378369 ], [ 211533.733310536685167, 541403.138393657049164 ], [ 211535.381476493319497, 541392.06650972540956 ], [ 211542.338505040359451, 541386.857664369046688 ], [ 211558.33662893527071, 541371.280049044522457 ], [ 211582.484662750299321, 541357.234553238609806 ], [ 211609.266705193731468, 541341.352114890469238 ], [ 211626.79070629546186, 541332.60846908041276 ], [ 211634.964722465520026, 541327.56264209933579 ], [ 211660.220872658886947, 541305.778226697351784 ], [ 211670.236887637205655, 541299.894436292466708 ], [ 211682.972840177302714, 541296.522669624886476 ], [ 211695.836792230024002, 541293.117905301158316 ], [ 211697.938797335023992, 541291.761950264568441 ], [ 211697.73581467353506, 541290.790954817435704 ], [ 211696.894880894338712, 541287.114970880676992 ], [ 211695.983947420172626, 541283.454985681921244 ], [ 211695.004014185804408, 541279.813999212929048 ], [ 211693.954081209609285, 541276.192011458915658 ], [ 211692.737154194706818, 541272.284023307147436 ], [ 211692.119189650082262, 541270.399028523126617 ], [ 211691.157242908055196, 541267.58403567771893 ], [ 211689.815314081381075, 541263.850044099846855 ], [ 211689.119349736778531, 541261.99104784487281 ], [ 211688.046403285115957, 541259.213052904698998 ], [ 211686.939456910302397, 541256.447057313867845 ], [ 211685.41552850586595, 541252.777062276378274 ], [ 211683.840600181865739, 541249.127066249842755 ], [ 211682.217671957245329, 541245.495069302269258 ], [ 211680.552743789419765, 541241.880071538034827 ], [ 211678.84881569002755, 541238.280073022819124 ], [ 211677.110887626215117, 541234.695073832641356 ], [ 211675.37595825624885, 541231.189074055408128 ], [ 211675.124968452262692, 541230.683074077824131 ], [ 211650.187872944457922, 541187.130022061057389 ], [ 211634.852429154649144, 541160.346990071819164 ] ] ] } },
{ "type": "Feature", "properties": { "landuse_category": "제2종일반주거지역", "signgu_code": "11000", "source_layer": "용도지역3", "area_name": "wirye_plan_area", "source_version": "2024_02_gap_fill", "area_sqm": 4369.5478051070686, "area_ha": 0.43695478051070685 }, "geometry": { "type": "Polygon", "coordinates": [ [ [ 211733.493856739776675, 541826.589207471464761 ], [ 211733.482860260264715, 541826.377209007041529 ], [ 211723.709950498858234, 541825.64105675148312 ], [ 211698.30329693161184, 541816.817716738325544 ], [ 211669.632659911090741, 541808.588319104164839 ], [ 211666.739694119925844, 541807.907277774997056 ], [ 211666.739617679209914, 541812.630239628255367 ], [ 211619.649995104002301, 541812.629477399284951 ], [ 211630.949661761784228, 541827.629539150861092 ], [ 211652.852131133549847, 541849.567716496880166 ], [ 211669.217704134993255, 541867.844833789858967 ], [ 211725.50425299233757, 541867.845744934049435 ], [ 211724.084733194991713, 541838.880955887841992 ], [ 211734.096652952692239, 541838.88111795776058 ], [ 211733.493856739776675, 541826.589207471464761 ] ] ] } },
{ "type": "Feature", "properties": { "landuse_category": "제2종일반주거지역", "signgu_code": "11000", "source_layer": "용도지역3", "area_name": "wirye_plan_area", "source_version": "2024_02_gap_fill", "area_sqm": 1504.4693042592719, "area_ha": 0.15044693042592719 }, "geometry": { "type": "Polygon", "coordinates": [ [ [ 212768.827096887107473, 542225.820749283884652 ], [ 212769.536851327080512, 542240.630641227820888 ], [ 212871.419114234886365, 542235.750331029761583 ], [ 212870.717357248155167, 542221.094437966588885 ], [ 212768.827096887107473, 542225.820749283884652 ] ] ] } },
{ "type": "Feature", "properties": { "landuse_category": "자연녹지지역", "signgu_code": "11000", "source_layer": "용도지역3", "area_name": "wirye_plan_area", "source_version": "2024_02_gap_fill", "area_sqm": 620801.40329752222, "area_ha": 62.080140329752226 }, "geometry": { "type": "MultiPolygon", "coordinates": [ [ [ [ 213603.97136642030091, 543647.473803330445662 ], [ 213761.642222447873792, 543549.767503992770799 ], [ 213787.899014802766033, 543532.698122560512275 ], [ 213692.179590664891293, 543466.669694057898596 ], [ 213648.727917707466986, 543529.660480741527863 ], [ 213646.929891296545975, 543532.178431248059496 ], [ 213645.051866485242499, 543534.637380933971144 ], [ 213643.095843305549351, 543537.034329859074205 ], [ 213641.063821769377682, 543539.367278066463768 ], [ 213638.957801914773881, 543541.633225613972172 ], [ 213636.778783761459636, 543543.830172538990155 ], [ 213634.530767314776313, 543545.956118916161358 ], [ 213632.271752934146207, 543547.960066098254174 ], [ 213629.949740227399161, 543549.892012844327837 ], [ 213627.568729188933503, 543551.749959228211083 ], [ 213624.319716714846436, 543554.125887356582098 ], [ 213459.662272460525855, 543662.952338430914097 ], [ 213457.344268950226251, 543664.315289835794829 ], [ 213454.716268816700904, 543665.62323665979784 ], [ 213452.003272414323874, 543666.743183622253127 ], [ 213449.220279668021249, 543667.672130992403254 ], [ 213446.376290589541895, 543668.405078961863182 ], [ 213443.488305121281883, 543668.937027839594521 ], [ 213440.570323184219887, 543669.265977868577465 ], [ 213437.641344642848708, 543669.390929372631945 ], [ 213434.700369538564701, 543669.309882345376536 ], [ 213431.782397558214143, 543669.024837334756739 ], [ 213428.887428680842277, 543668.536794342217036 ], [ 213426.037462701700861, 543667.84775370254647 ], [ 213423.237499534443486, 543666.960715473513119 ], [ 213420.505538947531022, 543665.88067990494892 ], [ 213417.858580729749519, 543664.61264723574277 ], [ 213414.922631311957957, 543662.944613110856153 ], [ 213350.758863320632372, 543618.682930475799367 ], [ 213390.808260596793843, 543512.678436236456037 ], [ 213344.865142665919848, 543480.985947464010678 ], [ 213355.086300896567991, 543466.169232868007384 ], [ 213349.730403713416308, 543462.475175885367207 ], [ 213342.739537938672584, 543457.652101519517601 ], [ 213332.518379712942988, 543472.468816116219386 ], [ 213267.015637270233128, 543427.28411930904258 ], [ 213197.522971403988777, 543379.346380126429722 ], [ 213207.743129610549659, 543364.529665497248061 ], [ 213195.39636664110003, 543356.012534173554741 ], [ 213185.176208435732406, 543370.829248801339418 ], [ 213114.143572083296021, 543321.829493312514387 ], [ 213124.364730266795959, 543307.012778690434061 ], [ 213110.823990185454022, 543297.673634668346494 ], [ 213100.603832010034239, 543312.489349316689186 ], [ 213069.732424641144462, 543291.194020995870233 ], [ 213028.10315717686899, 543143.171542148804292 ], [ 213049.663447048922535, 543114.618122231098823 ], [ 213042.181598583818413, 543108.968046617344953 ], [ 213008.265285454748664, 543083.358703827485442 ], [ 213054.607908506441163, 543021.984950621845201 ], [ 212994.661179006041493, 542973.231372934766114 ], [ 212990.339271817647386, 542969.641331893857569 ], [ 212984.106410542386584, 542964.16327513649594 ], [ 212978.057551094680093, 542958.48122300801333 ], [ 212972.201693308190443, 542952.601175608579069 ], [ 212966.542837018758291, 542946.531132934964262 ], [ 212961.089982092205901, 542940.275095103657804 ], [ 212955.847128352703294, 542933.842062105075456 ], [ 212950.821275624330156, 542927.239033995894715 ], [ 212946.016423780616606, 542920.472010792116635 ], [ 212941.439572620845865, 542913.549992536427453 ], [ 212937.094722019624896, 542906.478979244013317 ], [ 212932.985871770652011, 542899.268970899400301 ], [ 212929.120021733629983, 542891.92596756585408 ], [ 212925.49917175777955, 542884.457969211856835 ], [ 212922.129321629472543, 542876.874975852901116 ], [ 212901.181288598570973, 542827.556034752982669 ], [ 212866.628376311884494, 542839.235380538506433 ], [ 212862.001583075005328, 542828.762390161049552 ], [ 212807.964077386801364, 542701.534542176523246 ], [ 212882.782992597320117, 542669.757011043373495 ], [ 212955.486550178698963, 542661.104258916224353 ], [ 213046.385997095290804, 542650.285819148411974 ], [ 213047.59498939893092, 542650.162839731783606 ], [ 213049.537972648133291, 542650.23587062372826 ], [ 213051.45295177740627, 542650.576898900209926 ], [ 213053.202928506711032, 542651.147922646603547 ], [ 213090.576346628367901, 542668.579387498670258 ], [ 213093.929322370706359, 542668.418443130445667 ], [ 213109.538166905229446, 542667.671496431692503 ], [ 213109.537979894579621, 542667.670760451699607 ], [ 213109.538036550016841, 542667.670757738407701 ], [ 213106.721540874103084, 542656.592866992112249 ], [ 213097.440888602490304, 542639.358846963848919 ], [ 213095.089964980259538, 542634.993853877414949 ], [ 213093.091017716447823, 542631.280838771024719 ], [ 213086.061317261075601, 542618.227851733099669 ], [ 213086.086280440591509, 542618.227852138224989 ], [ 213080.17653244471876, 542607.253784920321777 ], [ 213079.304435531492345, 542605.479222855181433 ], [ 213078.002508864039555, 542603.063712723669596 ], [ 213073.702682648785412, 542594.463712484342977 ], [ 213070.605627971177455, 542587.778697060071863 ], [ 213069.701925071334699, 542585.939822435146198 ], [ 213069.005314317357261, 542584.207644587848336 ], [ 213065.883029638556764, 542576.913727471604943 ], [ 213062.373202762159053, 542567.963742858846672 ], [ 213061.566843636363046, 542565.711297728237696 ], [ 213060.840353556646733, 542563.904822569456883 ], [ 213060.202001819299767, 542561.898813679232262 ], [ 213059.133375339442864, 542558.913763427990489 ], [ 213056.173547297279583, 542549.763789341086522 ], [ 213054.738029186206404, 542544.824880299391225 ], [ 213054.1137586417899, 542542.860938162659295 ], [ 213053.606830503355013, 542541.267925231950358 ], [ 213052.758623811590951, 542537.70390963961836 ], [ 213051.083888281806139, 542531.233856474165805 ], [ 213048.96405706735095, 542521.863897773437202 ], [ 213048.720942666084738, 542520.616507651167922 ], [ 213048.138254401390441, 542518.169024084461853 ], [ 213047.642302632535575, 542515.08213816746138 ], [ 213047.124224743543891, 542512.423944173380733 ], [ 213046.34546077856794, 542507.69097716442775 ], [ 213046.259410774247954, 542507.698069876758382 ], [ 213046.059419125725981, 542506.528093171538785 ], [ 213045.009553958807373, 542499.478145281551406 ], [ 213044.481029254879104, 542495.325861700577661 ], [ 213044.372534726775484, 542494.651043072110042 ], [ 213044.32692731069983, 542494.115180406253785 ], [ 213044.109651292237686, 542492.408180454629473 ], [ 213044.01970077372971, 542491.508161846897565 ], [ 213044.01861360197654, 542491.498108768602833 ], [ 213044.103838657378219, 542491.49400843901094 ], [ 213044.103834782727063, 542491.493962913868017 ], [ 213044.018563855323009, 542491.49806539225392 ], [ 213044.018257899529999, 542491.495151409646496 ], [ 212794.140396836446598, 542503.463917737244628 ], [ 212792.083109069033526, 542460.513231215649284 ], [ 212780.097195617971011, 542461.099032309837639 ], [ 212669.807993697933853, 542466.388202929170802 ], [ 212671.437430566205876, 542500.347955085569993 ], [ 212663.447488442790927, 542500.727822582703084 ], [ 212657.457531749038026, 542501.017723207478411 ], [ 212626.13775845253258, 542502.517203734721988 ], [ 212594.857984847098123, 542504.016684916801751 ], [ 212571.69815248294617, 542505.126300789881498 ], [ 212563.16834620948066, 542497.386225128080696 ], [ 212561.848775391816162, 542471.541412477847189 ], [ 212551.860847407806432, 542472.037246683379635 ], [ 212539.958933578862343, 542472.606049296213314 ], [ 212541.588370319106616, 542506.575801340746693 ], [ 212515.038562545669265, 542507.845361017039977 ], [ 212401.18961987431976, 542498.903589116642252 ], [ 212379.569820708740735, 542497.203252665349282 ], [ 212359.210010193841299, 542495.579936005873606 ], [ 212348.874600271636155, 542464.260021587368101 ], [ 212344.182855101651512, 542450.847053936799057 ], [ 212339.018110884935595, 542437.609077209257521 ], [ 212333.385367295704782, 542424.564091345644556 ], [ 212327.293624028970953, 542411.726096375496127 ], [ 212320.749880740710068, 542399.113092268700711 ], [ 212198.445517770451261, 542173.289935407345183 ], [ 212193.039728435018333, 542162.954931332729757 ], [ 212187.937939159281086, 542152.465933425468393 ], [ 212183.14214972712216, 542141.834941618260927 ], [ 212178.65736000178731, 542131.067955946899019 ], [ 212174.487569774064468, 542120.175976384314708 ], [ 212063.607372404047055, 542125.487138033262454 ], [ 212058.199413089896552, 542125.651049138279632 ], [ 212052.788456848007627, 542125.62696171796415 ], [ 212047.381503632466774, 542125.413875889964402 ], [ 212041.985553390171845, 542125.01179176394362 ], [ 212036.607606045232387, 542124.421709450427443 ], [ 212031.252661545906449, 542123.644629018031992 ], [ 212025.927719831495779, 542122.68055058142636 ], [ 212020.6407807940559, 542121.532474248087965 ], [ 212015.396844408591278, 542120.199400106444955 ], [ 212010.201910573116038, 542118.68432822660543 ], [ 212005.063979197526351, 542116.989258724497631 ], [ 211999.988050221320009, 542115.115191673045047 ], [ 211994.980123549932614, 542113.065127144218422 ], [ 211990.047199077176629, 542110.842065227800049 ], [ 211985.195276724756695, 542108.448006002348848 ], [ 211980.428356412594439, 542105.885949512128718 ], [ 211975.755438016174594, 542103.158895876607858 ], [ 211971.17952144757146, 542100.27084511204157 ], [ 211966.707606603420572, 542097.224797308677807 ], [ 211962.344693382765399, 542094.024752513039857 ], [ 211958.09678168175742, 542090.673710798611864 ], [ 211953.967871389759239, 542087.176672192057595 ], [ 211949.962962403311394, 542083.537636739085428 ], [ 211946.088054607331287, 542079.760604508221149 ], [ 211942.347147876309464, 542075.851575511624105 ], [ 211938.745242118195165, 542071.813549807411619 ], [ 211935.286337204102892, 542067.652527412748896 ], [ 211890.451114312571008, 542103.618510987958871 ], [ 211869.826695828785887, 542077.909384726081043 ], [ 211730.495624275441514, 541904.216531976941042 ], [ 211775.330847098346567, 541868.250548265059479 ], [ 211764.392155488603748, 541854.614481315948069 ], [ 211761.438240701099858, 541850.812464203336276 ], [ 211758.603326419834048, 541846.920449742698111 ], [ 211755.891412542434409, 541842.942437969031744 ], [ 211753.303499013476539, 541838.881428874330595 ], [ 211724.084733194991713, 541838.880955887841992 ], [ 211725.50425299233757, 541867.845744934049435 ], [ 211669.217704134993255, 541867.844833789858967 ], [ 211652.852131133549847, 541849.567716496880166 ], [ 211630.949661761784228, 541827.629539150861092 ], [ 211619.649995104002301, 541812.629477399284951 ], [ 211666.739617679209914, 541812.630239628255367 ], [ 211666.740777842904208, 541740.948818563832901 ], [ 211590.509119925263803, 541757.561450478038751 ], [ 211577.22547768347431, 541742.034360874444246 ], [ 211565.140531915501924, 541744.668143995688297 ], [ 211557.557633946795249, 541742.11904185032472 ], [ 211532.456309979286743, 541712.777872544829734 ], [ 211543.854376447037794, 541703.02613578713499 ], [ 211527.439818502083654, 541683.840025070356205 ], [ 211527.587874475459103, 541680.308055992354639 ], [ 211527.813925841648597, 541677.022086187265813 ], [ 211528.126976381725399, 541673.744117730646394 ], [ 211528.528026071027853, 541670.47515062103048 ], [ 211529.016074868937721, 541667.218184825032949 ], [ 211529.590122749679722, 541663.975220306194387 ], [ 211530.251169671973912, 541660.748257067287341 ], [ 211530.997215610055719, 541657.540295050246641 ], [ 211531.829260518599767, 541654.35333425400313 ], [ 211532.786306334019173, 541651.048376434948295 ], [ 211533.840350902202772, 541647.772419952554628 ], [ 211534.931392436905298, 541644.665462703211233 ], [ 211536.104432848776923, 541641.587506546871737 ], [ 211537.35947206732817, 541638.542551450664178 ], [ 211538.634508326969808, 541635.670595280011185 ], [ 211539.983543651935179, 541632.819640137720853 ], [ 211541.483579694089713, 541629.8496884010965 ], [ 211543.067614773230162, 541626.89773787627928 ], [ 211544.733648883091519, 541623.964788530021906 ], [ 211546.478682026034221, 541621.052840287797153 ], [ 211548.30071420702734, 541618.161893123527989 ], [ 211550.196745475317584, 541615.290946997469291 ], [ 211552.164775793033186, 541612.443001846433617 ], [ 211554.201805233868072, 541609.615057653747499 ], [ 211556.306833773298422, 541606.809114385163411 ], [ 211558.474861483788118, 541604.023171970620751 ], [ 211560.704888357169693, 541601.258230392588302 ], [ 211562.994914431270445, 541598.513289622031152 ], [ 211565.341939735488268, 541595.787349621998146 ], [ 211567.743964308669092, 541593.079410365782678 ], [ 211570.197988176136278, 541590.389471807400696 ], [ 211572.702011398621835, 541587.714533936465159 ], [ 211575.254033994307974, 541585.054596720845439 ], [ 211577.852056012052344, 541582.407660144031979 ], [ 211580.493077488557901, 541579.77272416674532 ], [ 211583.175098478881409, 541577.147788771078922 ], [ 211585.896119024255313, 541574.530853943433613 ], [ 211588.654139161022613, 541571.920919655705802 ], [ 211591.445158935210202, 541569.316985854064114 ], [ 211594.269178413436748, 541566.715052569867112 ], [ 211597.121197636704892, 541564.115119727444835 ], [ 211599.998216638807207, 541561.516187278670259 ], [ 211602.89623544603819, 541558.919255151995458 ], [ 211605.804254106828012, 541556.326323156710714 ], [ 211608.684272390877595, 541553.770390409277752 ], [ 211610.665284918737598, 541552.015436641173437 ], [ 211612.15829434961779, 541550.693471480626613 ], [ 211613.7133041578345, 541549.317507759667933 ], [ 211615.214313636068255, 541547.988542781560682 ], [ 211616.718323157052509, 541546.655577889527194 ], [ 211618.225332700443687, 541545.319613068364561 ], [ 211619.734342277341057, 541543.980648302705958 ], [ 211621.239351856667781, 541542.643683456932195 ], [ 211621.245351903431583, 541542.637683603097685 ], [ 211622.751361522998195, 541541.297718796413392 ], [ 211622.758361579559278, 541541.290718967560679 ], [ 211624.264371260534972, 541539.94675419293344 ], [ 211624.273371304414468, 541539.939754395978525 ], [ 211625.779381035710685, 541538.592789647052996 ], [ 211625.789381099835737, 541538.583789882715791 ], [ 211626.53738596427138, 541537.912807406508364 ], [ 211626.548386020498583, 541537.903807658469304 ], [ 211627.296390887902817, 541537.232825180748478 ], [ 211627.307390961854253, 541537.222825441276655 ], [ 211628.054395848826971, 541536.550842955941334 ], [ 211628.066395915229805, 541536.540843230555765 ], [ 211628.81340082155657, 541535.867860755184665 ], [ 211628.825400903791888, 541535.856861039879732 ], [ 211629.572405809041811, 541535.183878562296741 ], [ 211629.585405898105819, 541535.171878870460205 ], [ 211630.331410811602836, 541534.498896377277561 ], [ 211630.345410893642111, 541534.48689670022577 ], [ 211631.09141585562611, 541533.810914235655218 ], [ 211631.105415939935483, 541533.798914556507953 ], [ 211631.850420910428511, 541533.122932074242271 ], [ 211631.865421000082279, 541533.109932421240956 ], [ 211632.617426043347223, 541532.425950115779415 ], [ 211633.377431135362713, 541531.734967994969338 ], [ 211634.137436258897651, 541531.041985891875811 ], [ 211634.897441419045208, 541530.347003803704865 ], [ 211635.657446592522319, 541529.651021723519079 ], [ 211636.417451796733076, 541528.953039659652859 ], [ 211637.177457019512076, 541528.254057605168782 ], [ 211637.936462299578125, 541527.552075556362979 ], [ 211638.696467568835942, 541526.850093526765704 ], [ 211639.455472896253923, 541526.145111505175009 ], [ 211640.214478239213349, 541525.439129488659091 ], [ 211640.973483615671284, 541524.731147489859723 ], [ 211641.732489008369157, 541524.02216549962759 ], [ 211642.490494456607848, 541523.310183516005054 ], [ 211643.24849993980024, 541522.596201548818499 ], [ 211644.006505435914733, 541521.88121959217824 ], [ 211644.763510973163648, 541521.164237632998265 ], [ 211645.520516558055533, 541520.444255699403584 ], [ 211646.276522169006057, 541519.723273755284026 ], [ 211647.032527814793866, 541519.000291829695925 ], [ 211647.787533512659138, 541518.274309909902513 ], [ 211648.542539227899397, 541517.547327999374829 ], [ 211649.296544982003979, 541516.818346088286489 ], [ 211650.05055078928126, 541516.086364204413258 ], [ 211650.803556631784886, 541515.352382317651063 ], [ 211651.555562518828083, 541514.616400431841612 ], [ 211652.306568443891592, 541513.878418546169996 ], [ 211653.057574402948376, 541513.138436673209071 ], [ 211653.807580417720601, 541512.395454812678508 ], [ 211654.556586471677292, 541511.650472950772382 ], [ 211655.304592584492639, 541510.902491094660945 ], [ 211656.051598734979052, 541510.152509241597727 ], [ 211656.798604919516947, 541509.400527404854074 ], [ 211657.543611152970698, 541508.646545549854636 ], [ 211658.287617457594024, 541507.888563710032031 ], [ 211659.030623788188677, 541507.129581865272485 ], [ 211659.773630165349459, 541506.367600044701248 ], [ 211660.514636592444731, 541505.603618203895167 ], [ 211661.253643100615591, 541504.835636366042309 ], [ 211661.992649623396574, 541504.066654535359703 ], [ 211662.730656220432138, 541503.293672721250914 ], [ 211663.466662866150727, 541502.518690891563892 ], [ 211664.201669564499753, 541501.740709069301374 ], [ 211664.934676316275727, 541500.960727228666656 ], [ 211665.666683121322421, 541500.177745399530977 ], [ 211666.397689986886689, 541499.391763577703387 ], [ 211667.12669691152405, 541498.602781746885739 ], [ 211667.854703897493891, 541497.810799924656749 ], [ 211668.580710931215435, 541497.016818086383864 ], [ 211669.304718024650356, 541496.219836238306016 ], [ 211670.02772518034908, 541495.419854400330223 ], [ 211670.748732398613356, 541494.616872552665882 ], [ 211671.335738359863171, 541493.957887373515405 ], [ 211717.075407342781546, 541491.767645367188379 ], [ 211716.842526944994461, 541484.492700331378728 ], [ 211716.856642348895548, 541477.354758188244887 ], [ 211717.113755741826026, 541470.220819945097901 ], [ 211717.612866966985166, 541463.100885505788028 ], [ 211718.35397591869696, 541456.001954813953489 ], [ 211719.335082474397495, 541448.932027769973502 ], [ 211720.556186507485108, 541441.899104311713018 ], [ 211722.016287882230245, 541434.912184350774623 ], [ 211723.712386491039069, 541427.979267772636376 ], [ 211725.643482233514078, 541421.107354503241368 ], [ 211727.806574996124255, 541414.304444431792945 ], [ 211730.163675932533806, 541406.900542356190272 ], [ 211732.271780080307508, 541399.421636849525385 ], [ 211734.128887318045599, 541391.875727822771296 ], [ 211735.732997509592678, 541384.27281516045332 ], [ 211737.082110546645708, 541376.6198987752432 ], [ 211738.174226311064558, 541368.925978560931981 ], [ 211739.00934465212049, 541361.200054443441331 ], [ 211739.58546543578268, 541353.451126320054755 ], [ 211739.901588547596475, 541345.687194110476412 ], [ 211739.958713846863247, 541337.916257762350142 ], [ 211739.755841179488925, 541330.148317183018662 ], [ 211702.311112107359804, 541331.941696684807539 ], [ 211689.563204341131495, 541332.552485439227894 ], [ 211685.003237324708607, 541332.771409872570075 ], [ 211679.840273329406045, 541333.10232364165131 ], [ 211674.691306535358308, 541333.599236299982294 ], [ 211669.56133687280817, 541334.264147909125313 ], [ 211669.421244686964201, 541340.030099096242338 ], [ 211669.080154226598097, 541345.789047084399499 ], [ 211668.539065626799129, 541351.531991966417991 ], [ 211667.797978981921915, 541357.252933788695373 ], [ 211666.857894423039397, 541362.943872630828992 ], [ 211665.719812027789885, 541368.598808561451733 ], [ 211664.385731900430983, 541374.210741663584486 ], [ 211662.855654135550139, 541379.773671990842558 ], [ 211661.133578849083278, 541385.278599678422324 ], [ 211659.220506108918926, 541390.720524783828296 ], [ 211657.118436018499779, 541396.092447392526083 ], [ 211654.961368277290603, 541401.346370068145916 ], [ 211652.625303200009512, 541406.524290456203744 ], [ 211650.113240891194437, 541411.618208676343784 ], [ 211647.428181411320111, 541416.623124813777395 ], [ 211644.572124837053707, 541421.533038950408809 ], [ 211641.549071235058364, 541426.341951199807227 ], [ 211638.364020665670978, 541431.043861688347533 ], [ 211635.018973185447976, 541435.6337704929756 ], [ 211631.517928854940692, 541440.10667771869339 ], [ 211627.633885096089216, 541444.7335774989333 ], [ 211624.944859775947407, 541447.629510597558692 ], [ 211622.572839086642489, 541450.082452403963543 ], [ 211620.151819598308066, 541452.48539381835144 ], [ 211617.680801303969929, 541454.839334823656827 ], [ 211615.031783334125066, 541457.26127239537891 ], [ 211612.328766785562038, 541459.622209586435929 ], [ 211609.534751274099108, 541461.964145460049622 ], [ 211606.644737046211958, 541464.27408003131859 ], [ 211603.887724783853628, 541466.397018271032721 ], [ 211600.719712120248005, 541468.747948016040027 ], [ 211597.452700690657366, 541471.071876379195601 ], [ 211594.495691403542878, 541473.10981206712313 ], [ 211591.483682898164261, 541475.126747034024447 ], [ 211588.418675140099367, 541477.123681305558421 ], [ 211585.303668042644858, 541479.104614895302802 ], [ 211582.139661563938716, 541481.071547806961462 ], [ 211578.931655599706573, 541483.028480087523349 ], [ 211575.680650127440458, 541484.976411744137295 ], [ 211572.391645040013827, 541486.919342826120555 ], [ 211568.741639804211445, 541489.050266544683836 ], [ 211564.643634352221852, 541491.416181118809618 ], [ 211560.827629523031646, 541493.604101695469581 ], [ 211557.549625447718427, 541495.479033504612744 ], [ 211553.114619947271422, 541498.01494124752935 ], [ 211535.753598389623221, 541507.943580106482841 ], [ 211518.39157684717793, 541517.872218941454776 ], [ 211501.030555314297089, 541527.799857803969644 ], [ 211483.668533780262806, 541537.728496638825163 ], [ 211466.30751224127016, 541547.657135493471287 ], [ 211448.945490713260369, 541557.585774327628314 ], [ 211413.868447230634047, 541577.645044652977958 ], [ 211413.907445347722387, 541577.742044501123019 ], [ 211401.530456421140116, 541583.187800217187032 ], [ 211398.709459612815408, 541584.387744871899486 ], [ 211395.21046482474776, 541585.798676848760806 ], [ 211390.641474792471854, 541587.445589607581496 ], [ 211386.012488398206187, 541588.897502969019115 ], [ 211381.825504255975829, 541589.991426371969283 ], [ 211378.699517949891742, 541590.693370115128346 ], [ 211375.151535352109931, 541591.375307189184241 ], [ 211370.632560681493487, 541592.048228621482849 ], [ 211366.453587282943772, 541592.474157551070675 ], [ 211363.257609420019435, 541592.689104091958143 ], [ 211359.646636242192471, 541592.820044597843662 ], [ 211355.55366945505375, 541592.794978564139456 ], [ 211352.352697213209467, 541592.664927812409587 ], [ 211348.748730273189722, 541592.40687157434877 ], [ 211343.821778875193559, 541591.84379638847895 ], [ 211338.442836712114513, 541590.933716689469293 ], [ 211333.236897405236959, 541589.761641910416074 ], [ 211329.284946880448842, 541588.661586840171367 ], [ 211325.239999981160508, 541587.383531703846529 ], [ 211321.046058662090218, 541585.834476344287395 ], [ 211317.540110095142154, 541584.392431254382245 ], [ 211313.093179153016536, 541582.327375971595757 ], [ 211308.483255050872685, 541579.920320810750127 ], [ 211303.62334007024765, 541577.073265161830932 ], [ 211299.584414919925621, 541574.448221003054641 ], [ 211296.291478125756839, 541572.173186088912189 ], [ 211291.776568697794573, 541568.812140173977241 ], [ 211287.167665830696933, 541565.092095638741739 ], [ 211283.58974476554431, 541561.986062824958935 ], [ 211281.020802878483664, 541559.667039984837174 ], [ 211277.538883552188054, 541556.406009978498332 ], [ 211274.073967050790088, 541552.961981723434292 ], [ 211271.587028245150577, 541550.411962077836506 ], [ 211269.12009020280675, 541547.804943213239312 ], [ 211266.670152894977946, 541545.143925061565824 ], [ 211264.237216275883839, 541542.431907595717348 ], [ 211261.819280346913729, 541539.66989077674225 ], [ 211259.413345080014551, 541536.860874533420429 ], [ 211257.018410437362036, 541534.007858820492402 ], [ 211254.037493019044632, 541530.380839877878316 ], [ 211251.065576528199017, 541526.69182158424519 ], [ 211248.441186457290314, 541523.379489342914894 ], [ 211332.961224719212623, 541647.295614974806085 ], [ 211341.59192599132075, 541654.346181968925521 ], [ 211347.231672241934575, 541658.543312832247466 ], [ 211349.601387081551366, 541660.889247268438339 ], [ 211420.403602051985217, 541718.728783622034825 ], [ 211456.06935732261627, 541747.684354266733862 ], [ 211458.143828550615581, 541749.559417995042168 ], [ 211475.950046239537187, 541764.105620762449689 ], [ 211514.973215239064302, 541755.602198251057416 ], [ 211475.950840074510779, 541764.106175727094524 ], [ 211511.73865935462527, 541793.150518888724037 ], [ 211511.740227223315742, 541793.150351124349982 ], [ 211555.114980608574115, 541783.69766648800578 ], [ 211560.589956047828309, 541782.503764750435948 ], [ 211563.016937711712671, 541782.43480459053535 ], [ 211578.805870491312817, 541778.769089761190116 ], [ 211584.505723148060497, 541785.364327993011102 ], [ 211584.511877535784151, 541785.363669463782571 ], [ 211584.622448582289508, 541785.499389738077298 ], [ 211666.182533798884833, 541879.871687515289523 ], [ 211671.553390153771034, 541886.086724259308539 ], [ 211685.244031575653935, 541901.460821700631641 ], [ 211699.387676079437369, 541916.41992983140517 ], [ 211713.969323998549953, 541930.951048512128182 ], [ 211754.076271990634268, 541976.082333249622025 ], [ 211769.57986722845817, 541993.410444275476038 ], [ 211784.504458993469598, 542011.239541880320758 ], [ 211798.835047726868652, 542029.549625986837782 ], [ 211812.555633865791606, 542048.321696490049362 ], [ 211840.332774542621337, 542087.650828521465883 ], [ 211841.650749454274774, 542088.547842614469118 ], [ 211851.230461727303918, 542101.577892461558804 ], [ 211863.330081271502422, 542119.087946920888498 ], [ 211876.389650214725407, 542139.24799551977776 ], [ 211885.8503228132613, 542154.787023175274953 ], [ 211900.049152798223076, 542158.258225033176132 ], [ 211902.799087205319665, 542160.948247826774605 ], [ 211909.264044496958377, 542166.625683621852659 ], [ 212037.17361706669908, 542224.087231551413424 ], [ 212078.026406305260025, 542239.78044838225469 ], [ 212087.706262652820442, 542243.860572175588459 ], [ 212097.24611494349665, 542248.260691116796806 ], [ 212106.615963090851437, 542253.000804559560493 ], [ 212115.815807255043183, 542258.070912586641498 ], [ 212124.803266864037141, 542263.453599687316455 ], [ 212124.818542012624675, 542263.460461829556152 ], [ 212124.82535923726391, 542263.467294974252582 ], [ 212133.64548461305094, 542269.171111658331938 ], [ 212142.245318363566184, 542275.181202377774753 ], [ 212150.645148698618868, 542281.501287356251851 ], [ 212158.804976425424684, 542288.101366187212989 ], [ 212166.724801218486391, 542295.001438708626665 ], [ 212174.394623799773399, 542302.161505086463876 ], [ 212181.814443853450939, 542309.601565150893293 ], [ 212188.964262021356262, 542317.291618823306635 ], [ 212198.644003044028068, 542328.493685102788731 ], [ 212206.818765287724091, 542339.129731583991088 ], [ 212213.87954629084561, 542349.158764924970455 ], [ 212220.397266427258728, 542359.262388908187859 ], [ 212220.406092339311726, 542359.271235431195237 ], [ 212220.417377726378618, 542359.295429378980771 ], [ 212225.763141210190952, 542368.291802835883573 ], [ 212230.812951426429208, 542377.511810146737844 ], [ 212235.532761699490948, 542386.891810818808153 ], [ 212241.422506738512311, 542399.720802580355667 ], [ 212253.151934012159472, 542429.281753766234033 ], [ 212253.575049656938063, 542430.379830733174458 ], [ 212280.043258648453047, 542487.123162865173072 ], [ 212281.241742573096417, 542488.948726732051 ], [ 212281.840731891483301, 542489.311733501730487 ], [ 212281.920731087040622, 542489.321734717581421 ], [ 212282.268150519696064, 542491.892952103517018 ], [ 212282.276365550380433, 542491.910563730169088 ], [ 212282.270427149138413, 542491.909801216446795 ], [ 212282.270686340198154, 542491.911719464114867 ], [ 212282.234116024832474, 542491.905138727044687 ], [ 212271.137662270921282, 542490.480310992104933 ], [ 212263.270855168171693, 542490.891419977182522 ], [ 212199.66120057736407, 542501.050307678291574 ], [ 212171.121521363791544, 542495.369891349691898 ], [ 212141.501993150915951, 542480.899528549402021 ], [ 212137.052059269481106, 542479.019471670384519 ], [ 212129.532192429935094, 542474.519386238418519 ], [ 212123.249029188853456, 542471.490836447454058 ], [ 212088.579323860089062, 542467.039111706311814 ], [ 212083.272638121241471, 542469.898674398078583 ], [ 212039.003054266009713, 542466.11798801808618 ], [ 212033.541105914540822, 542465.632903482299298 ], [ 212014.503335387125844, 542460.887633520876989 ], [ 212003.513467870856402, 542458.147477686055936 ], [ 211990.747922599868616, 542454.47853437345475 ], [ 211990.75772441283334, 542454.548363441834226 ], [ 211992.193499694229104, 542461.787264962913468 ], [ 211993.283402059052605, 542467.27723825618159 ], [ 211993.713363638729788, 542469.437227766728029 ], [ 211994.093330312927719, 542471.307218812871724 ], [ 212001.138240745756775, 542473.350316389929503 ], [ 212011.757105858414434, 542476.422463533119299 ], [ 212014.591860824788455, 542490.151398514281027 ], [ 212016.904661022970686, 542501.345345522859134 ], [ 212016.573499759164406, 542511.468258369364776 ], [ 212022.037484965549083, 542509.676361334859394 ], [ 212016.524381233612075, 542518.812198236468248 ], [ 212008.11822299240157, 542532.746949509019032 ], [ 212015.25808767756098, 542537.568026182125323 ], [ 212015.829743367416086, 542558.547865917207673 ], [ 212015.691505128110293, 542573.328744247206487 ], [ 212018.371254248224432, 542587.494673176552169 ], [ 212022.533128558512544, 542593.195694510708563 ], [ 212024.690945858135819, 542603.409646924468689 ], [ 212022.834772204194451, 542615.052522781305015 ], [ 212027.274490606650943, 542630.243471929919906 ], [ 212030.019459884584649, 542630.78151203726884 ], [ 212033.906934108352289, 542661.324328183778562 ], [ 212031.896693719027098, 542677.164167625363916 ], [ 212022.760266930010403, 542682.537586691789329 ], [ 212028.37346819441882, 542722.526578051736578 ], [ 212035.15198461629916, 542719.339879513136111 ], [ 212034.377921593579231, 542723.614832428982481 ], [ 212042.59081378771225, 542726.204944514436647 ], [ 212041.753441830631346, 542749.58774198172614 ], [ 212042.955411429604283, 542750.869751089601777 ], [ 212049.737328778544907, 542752.614846826414578 ], [ 212054.775156505173072, 542760.757862613885663 ], [ 212055.035975834936835, 542771.784777721739374 ], [ 212055.607884573983029, 542777.136743730632588 ], [ 212052.261122664640425, 542825.840295904665254 ], [ 212052.079022518999409, 542832.114242248353548 ], [ 212042.679952607635641, 542824.447363472310826 ], [ 212049.510475045186467, 542873.108669182285666 ], [ 212051.466312597913202, 542876.252875577192754 ], [ 212050.08356695988914, 542877.191431681974791 ], [ 212050.629144324542722, 542881.078177853021771 ], [ 212070.373867803951725, 542894.353035530308262 ], [ 212069.889864705270156, 542894.784024210413918 ], [ 212068.705762503086589, 542901.680949282483198 ], [ 212067.545604152343003, 542912.032846817979589 ], [ 212062.956371548032621, 542928.667638029204682 ], [ 212065.538191747822566, 542938.490600448916666 ], [ 212062.578120002348442, 542944.386504846275784 ], [ 212066.707941904081963, 542953.337499388144352 ], [ 212069.986621485586511, 542971.497405706089921 ], [ 212070.718549859186169, 542975.557384744868614 ], [ 212073.463281626638491, 542990.759306321619079 ], [ 212080.022640370705631, 543027.103118787636049 ], [ 212081.144530710036634, 543033.318086717627011 ], [ 212083.8852251538774, 543050.82598958525341 ], [ 212085.540040662483079, 543061.396930937306024 ], [ 212091.002431783446809, 543096.283737397287041 ], [ 212093.541148845863063, 543112.494647468673065 ], [ 212092.948060243885266, 543118.258591266581789 ], [ 212092.196947803196963, 543125.572519970824942 ], [ 212084.890246647672029, 543125.157600672217086 ], [ 212098.945951482804958, 543225.291808004956692 ], [ 212101.988227138383081, 543235.127819925546646 ], [ 212115.489974110794719, 543235.885005461168475 ], [ 212123.707708629081026, 543248.204038988682441 ], [ 212117.011631293629762, 543256.294865096686408 ], [ 212119.372525932150893, 543261.629860207322054 ], [ 212133.661343705840409, 543265.802057957625948 ], [ 212135.015000144398073, 543286.340913824154995 ], [ 212141.730668289412279, 543303.500883878208697 ], [ 212144.027291513280943, 543325.622742218780331 ], [ 212145.533216884068679, 543329.483735396876 ], [ 212133.2732568042411, 543336.275762967881747 ], [ 212168.860124440863729, 543451.332021478912793 ], [ 212168.870850318053272, 543451.33628412836697 ], [ 212206.305584898160305, 543461.852649670443498 ], [ 212350.88585265877191, 543523.672201072913595 ], [ 212509.24664347289945, 543586.607524338993244 ], [ 212509.421136955003021, 543586.266555308131501 ], [ 212515.401921265234705, 543589.053738428163342 ], [ 212515.456728331046179, 543589.075519706122577 ], [ 212515.428872159565799, 543589.344788120011799 ], [ 212513.931757473328616, 543607.452457108767703 ], [ 212513.344364284334006, 543609.494438974070363 ], [ 212509.634466217277804, 543645.355733452015556 ], [ 212543.022520694037667, 543582.357487244182266 ], [ 212542.101004051044583, 543578.287149418145418 ], [ 212546.541086228680797, 543571.017280151019804 ], [ 212549.38124633312691, 543559.730417429585941 ], [ 212557.621424619603204, 543544.647672908962704 ], [ 212560.151538647740381, 543536.357780931866728 ], [ 212562.511498324398417, 543537.677808502223343 ], [ 212567.461556967406068, 543531.607937795110047 ], [ 212571.151698635425419, 543521.038083045510575 ], [ 212579.031859835493378, 543507.188322714413516 ], [ 212584.151935261994367, 543499.998463810654357 ], [ 212589.021968137501972, 543495.558578623691574 ], [ 212589.02844906214159, 543495.440756638417952 ], [ 212589.203538489149651, 543489.750921648927033 ], [ 212588.512179955403553, 543482.738673999439925 ], [ 212589.526172773155849, 543479.266360304900445 ], [ 212593.327627358958125, 543355.731491955113597 ], [ 212592.424238609499298, 543353.749780072364956 ], [ 212591.617273261916125, 543352.010781049728394 ], [ 212592.651480540778721, 543338.705905353184789 ], [ 212596.764527203224134, 543333.790011735982262 ], [ 212602.074622493761126, 543325.280166564160027 ], [ 212610.903736255946569, 543313.888401710777543 ], [ 212615.794752245070413, 543310.480508511536755 ], [ 212625.747788585111266, 543303.310727744945325 ], [ 212610.524658119538799, 543257.179853901383467 ], [ 212647.840575167501811, 543243.828566479729488 ], [ 212649.987564170616679, 543243.444604373653419 ], [ 212653.259523251035716, 543244.350650070584379 ], [ 212655.818466563359834, 543246.582673498312943 ], [ 212658.687312152818777, 543254.692654445068911 ], [ 212663.284301630978007, 543253.066742077236995 ], [ 212668.538018918392481, 543267.914707214571536 ], [ 212671.675032206752803, 543265.541777225094847 ], [ 212684.706574947369518, 543258.451013679848984 ], [ 212728.522809853224317, 543220.444604953285307 ], [ 212728.53530711485655, 543220.433063169242814 ], [ 212728.538456354814116, 543220.428230886347592 ], [ 212764.93945353521849, 543097.716019237414002 ], [ 212762.620120631618192, 543091.638656200375408 ], [ 212768.621163020899985, 543086.052798576769419 ], [ 212768.989583081041928, 543086.402681041974574 ], [ 212858.928988235944416, 543094.236091676400974 ], [ 212866.626339945592918, 543088.356368105742149 ], [ 212873.296379152976442, 543082.636522407992743 ], [ 212880.14642258733511, 543076.566682448727079 ], [ 212891.422324585786555, 543077.035861385753378 ], [ 212911.295860939775594, 543095.817031714133918 ], [ 212941.655629855667939, 543095.057529849931598 ], [ 212979.087193562998436, 543103.464068548753858 ], [ 212979.604817872692365, 543104.746538410661742 ], [ 212979.610929966554977, 543104.747070752899162 ], [ 212979.623121290904237, 543104.791887096595019 ], [ 212981.575073734216858, 543109.628059072303586 ], [ 212989.214706549042603, 543128.508030360331759 ], [ 213002.054089121258585, 543160.257981947972439 ], [ 213006.883843626215821, 543173.017957136733457 ], [ 213014.943321708415169, 543201.23785976995714 ], [ 213016.36325798172038, 543204.467856688774191 ], [ 213031.621711830288405, 543292.327394146006554 ], [ 213033.361085115524475, 543302.337206000695005 ], [ 213033.377170079940697, 543302.396335695986636 ], [ 213177.235251692240126, 543433.024104232667014 ], [ 213194.058005427708849, 543440.658828588435426 ], [ 213212.707727688364685, 543448.569066989468411 ], [ 213231.497419645689661, 543458.279293121304363 ], [ 213236.869292193267029, 543463.485338138765655 ], [ 213242.9011993847962, 543466.22741376387421 ], [ 213247.044003528280882, 543476.261399848386645 ], [ 213247.701985206484096, 543477.0664040108677 ], [ 213252.500991674110992, 543474.29350421205163 ], [ 213261.541671158076497, 543489.595527133787982 ], [ 213267.592431408062112, 543501.39352989778854 ], [ 213285.423934941965854, 543523.201642762403935 ], [ 213289.284943825186929, 543520.743725213455036 ], [ 213299.921608476230176, 543536.170773001969792 ], [ 213297.380602038378129, 543537.824718444142491 ], [ 213302.265466018143343, 543543.799749357625842 ], [ 213322.350427095138002, 543564.793354393914342 ], [ 213322.400526353623718, 543564.838846133206971 ], [ 213293.209840832452755, 543629.547853342024609 ], [ 213484.323608309670817, 543730.049177525681444 ], [ 213524.941168344899779, 543698.772107446333393 ], [ 213547.311223903001519, 543684.282587232533842 ], [ 213569.791273724345956, 543670.093066375353374 ], [ 213603.97136642030091, 543647.473803330445662 ] ], [ [ 212646.677927245647879, 543099.232716132071801 ], [ 212622.937990599195473, 543107.072268119314685 ], [ 212631.507501127518481, 543133.042197117232718 ], [ 212646.566655008151429, 543177.812079344759695 ], [ 212627.146714832575526, 543183.731716828420758 ], [ 212589.639851039974019, 543193.890026986366138 ], [ 212604.037028717953945, 543237.51790768338833 ], [ 212577.13322361354949, 543238.806461325963028 ], [ 212580.893921355978819, 543317.319887686171569 ], [ 212577.069532600900857, 543343.206616476527415 ], [ 212582.103815739188576, 543446.673861693125218 ], [ 212570.384151442558505, 543493.473293451126665 ], [ 212560.471976424654713, 543509.182005826034583 ], [ 212522.31325293352711, 543511.010372674558312 ], [ 212462.317308528843569, 543475.568686995655298 ], [ 212295.25351928913733, 543483.571915235719644 ], [ 212223.209596444416093, 543452.766997022205032 ], [ 212199.203526047524065, 543345.546475038980134 ], [ 212194.463073277991498, 543252.382151480065659 ], [ 212188.478168141271453, 543249.490077898837626 ], [ 212180.778301046579145, 543245.098988657584414 ], [ 212173.395439750573132, 543240.192908714758232 ], [ 212166.363583591359202, 543234.795838429359719 ], [ 212159.716731891734526, 543228.9327781512402 ], [ 212153.483883998793317, 543222.629728135420009 ], [ 212147.695039179961896, 543215.916688627563417 ], [ 212142.376196714496473, 543208.825659790425561 ], [ 212137.554355866741389, 543201.388641803408973 ], [ 212133.248515913408482, 543193.640634689712897 ], [ 212129.481676107679959, 543185.616638537147082 ], [ 212126.269835700979456, 543177.354653300833888 ], [ 212123.627993946836796, 543168.893678907654248 ], [ 212121.740137104847236, 543160.990712214377709 ], [ 212112.430025100708008, 543110.778967322316021 ], [ 212098.304475930053741, 543028.201406044070609 ], [ 212086.482914079562761, 542945.2618849753635 ], [ 212079.380867141648196, 542889.93321714643389 ], [ 212147.519373505288968, 542886.66934721195139 ], [ 212118.526264103624271, 542660.796702936524525 ], [ 212098.714922357874457, 542506.454629141022451 ], [ 212199.097794025350595, 542526.434093487798236 ], [ 212272.429395816085162, 542514.722375800716691 ], [ 212354.113556881231489, 542587.837108209263533 ], [ 212359.621242416964378, 542604.527062595123425 ], [ 212392.619102644326631, 542596.824659316334873 ], [ 212396.781864940887317, 542609.440624830662273 ], [ 212498.661127321392996, 542604.560314551927149 ], [ 212661.457725494110491, 542734.012906212941743 ], [ 212758.608395113842562, 542768.067205144674517 ], [ 212788.426731994986767, 542855.970978243043646 ], [ 212810.734487688983791, 542921.735808465629816 ], [ 212818.270013933652081, 543008.968225876917131 ], [ 212803.521058391517727, 543013.521950092981569 ], [ 212744.67082925394061, 542995.064145614160225 ], [ 212669.909054620569805, 543018.150747704668902 ], [ 212660.430083202169044, 543021.077570468536578 ], [ 212677.008135897485772, 543071.343432940542698 ], [ 212641.35823107114993, 543083.112760193878785 ], [ 212646.677927245647879, 543099.232716132071801 ] ] ], [ [ [ 211380.125518012238899, 541280.971894299960695 ], [ 211380.125517866312293, 541280.980894229374826 ], [ 211392.199429958243854, 541280.435094007174484 ], [ 211404.247348992328625, 541279.473296726937406 ], [ 211416.254275085753761, 541278.095502142910846 ], [ 211428.207208293664735, 541276.304710018448532 ], [ 211440.090148730494548, 541274.101920091547072 ], [ 211451.891096443927381, 541271.490132138831541 ], [ 211463.594051510764984, 541268.472345880349167 ], [ 211475.186013975529931, 541265.05256106890738 ], [ 211486.653983887605136, 541261.233777477638796 ], [ 211497.981961282726843, 541257.021994788898155 ], [ 211509.1579461771762, 541252.42221277509816 ], [ 211520.168938606861047, 541247.438431191723794 ], [ 211531.000938572920859, 541242.077649756451137 ], [ 211541.641946073097643, 541236.345868221833371 ], [ 211552.077961104980204, 541230.250086311949417 ], [ 211562.297983631084207, 541223.798303779214621 ], [ 211572.288013662473531, 541216.996520350454375 ], [ 211582.038051122013712, 541209.854735780972987 ], [ 211591.536095986608416, 541202.379949819529429 ], [ 211600.770148195093498, 541194.582162195700221 ], [ 211609.729207688011229, 541186.470372654730454 ], [ 211618.402274406253127, 541178.05358094687108 ], [ 211626.780348249303643, 541169.342786834924482 ], [ 211634.85342914541252, 541160.346990089514293 ], [ 211642.789519151905552, 541150.856195119675249 ], [ 211650.386616338801105, 541141.089396892813966 ], [ 211657.632720578083536, 541131.060595097020268 ], [ 211664.519831737648929, 541120.781789509346709 ], [ 211671.039949656988028, 541110.266979885287583 ], [ 211677.184074228513055, 541099.52716599102132 ], [ 211682.945205266820267, 541088.577347593614832 ], [ 211687.423313230829081, 541079.688491799635813 ], [ 211706.625002945249435, 541089.36072447465267 ], [ 211712.071259582735365, 541078.548397761886008 ], [ 211713.658172619587276, 541075.393951006815769 ], [ 211717.428278343635611, 541066.994079806259833 ], [ 211720.769503951043589, 541059.228830606793053 ], [ 211721.065386105066864, 541058.534206937649287 ], [ 211726.285523810132872, 541047.440380941843614 ], [ 211747.879044472560054, 541004.57607628183905 ], [ 211688.874815586052136, 540986.120270393788815 ], [ 211681.155919985816581, 540983.488166727591306 ], [ 211671.051066129526589, 540979.45703574095387 ], [ 211581.376496033772128, 540935.463939716806635 ], [ 211577.482554853748297, 540933.755890492466278 ], [ 211573.456609289569315, 540932.383836421999149 ], [ 211569.320659013435943, 540931.357777779689059 ], [ 211565.128703407739522, 540930.688715352094732 ], [ 211560.88774240334169, 540930.377649239148013 ], [ 211556.634775653015822, 540930.427580021321774 ], [ 211552.545405152020976, 540930.825533670606092 ], [ 211551.952804933389416, 540930.935500167310238 ], [ 211548.421822696225718, 540931.585437787231058 ], [ 211526.889915507374099, 540936.507049674517475 ], [ 211517.241957118734717, 540938.710875783348456 ], [ 211441.980281623837072, 540955.910519233671948 ], [ 211438.833293530478841, 540956.732461682055146 ], [ 211435.746301674138522, 540957.757403462775983 ], [ 211432.733305974310497, 540958.983344817417674 ], [ 211429.807306450849865, 540960.402286023367196 ], [ 211426.979303122498095, 540962.008227306068875 ], [ 211417.713286468904698, 540967.625032049254514 ], [ 211409.361271475732792, 540972.68685606168583 ], [ 211398.215251459769206, 540979.442621194757521 ], [ 211388.883234688051743, 540985.099424546933733 ], [ 211379.105223064427264, 540990.65922146756202 ], [ 211368.988224609347526, 540995.573018115479499 ], [ 211358.573239312449005, 540999.820815319777466 ], [ 211347.905267097288743, 541003.38561394251883 ], [ 211347.081452067563077, 541003.602134095155634 ], [ 211344.13427787218825, 541004.586543238721788 ], [ 211338.100756384927081, 541005.968113058013842 ], [ 211337.029307870048797, 541006.250414855661802 ], [ 211322.951368470559828, 541009.475161050911993 ], [ 211238.539731897908496, 541028.809639287297614 ], [ 211238.170733478968032, 541028.894632630632259 ], [ 211234.539749110088451, 541029.726567171514034 ], [ 211228.719296085619135, 541031.059389459900558 ], [ 211480.659222044661874, 540983.952158335014246 ], [ 211228.717065797623945, 541031.059900172287598 ], [ 211227.906777677271748, 541031.245447596535087 ], [ 211227.871885673870565, 541031.217930601444095 ], [ 211227.696720000589266, 541031.250682799145579 ], [ 211219.852249703719281, 541025.06303862365894 ], [ 211220.547900862526149, 541037.202995518920943 ], [ 211220.905649495805847, 541042.636242369306274 ], [ 211246.88651721982751, 541037.946700564469211 ], [ 211326.623116680944804, 541023.221109498525038 ], [ 211448.261514041718328, 541000.24626301904209 ], [ 211453.343036101839971, 541089.081628183368593 ], [ 211366.953268055425724, 541117.519000797066838 ], [ 211367.379943091189489, 541137.393847252358682 ], [ 211367.988513821183005, 541163.625645326683298 ], [ 211369.684252065344481, 541240.773049912415445 ], [ 211369.943595904944232, 541281.199727705214173 ], [ 211377.538537575717783, 541281.043851858819835 ], [ 211380.125518012238899, 541280.971894299960695 ] ] ], [ [ [ 211227.697779299807735, 541031.248444191762246 ], [ 211227.695386715611676, 541031.24655705911573 ], [ 211227.696640639973339, 541031.250603560823947 ], [ 211227.871789311844623, 541031.217854607151821 ], [ 211227.862693899398437, 541031.210681662196293 ], [ 211227.697779299807735, 541031.248444191762246 ] ] ], [ [ [ 213015.32967356487643, 541986.310630667721853 ], [ 213015.308002161211334, 541986.311675067991018 ], [ 212999.198118693107972, 541987.081407893332653 ], [ 212770.005678318237187, 541998.063489267020486 ], [ 212771.054412195953773, 542020.02344653243199 ], [ 212823.91002994828159, 542017.48732313211076 ], [ 212886.423577812296571, 542014.492359898635186 ], [ 212888.013053920352831, 542046.052130947704427 ], [ 212889.917393147828989, 542085.906840142793953 ], [ 212935.119066209124867, 542083.741589835030027 ], [ 213020.607662271475419, 542079.646572491852567 ], [ 213019.47696335305227, 542056.071276362752542 ], [ 213016.517963328340556, 541994.441720862756483 ], [ 213015.308042444783496, 541986.311718526412733 ], [ 213015.329680268972879, 541986.310675730113871 ], [ 213015.32967356487643, 541986.310630667721853 ] ] ], [ [ [ 212514.377274027414387, 541970.259691016981378 ], [ 212412.998007485177368, 541975.118010001257062 ], [ 212413.236925013829023, 541980.092973707476631 ], [ 212413.165925517474534, 541980.096972526167519 ], [ 212418.669021400244674, 542094.964134270325303 ], [ 212426.658963584544836, 542094.581266757100821 ], [ 212424.887576838693349, 542057.586536757880822 ], [ 212479.194183880987111, 542054.985437255585566 ], [ 212481.612347072310513, 542105.4640688841464 ], [ 212520.774063695163932, 542103.588718277169392 ], [ 212514.377274027414387, 541970.259691016981378 ] ] ], [ [ [ 213905.640025550528662, 543396.014725868590176 ], [ 213910.283111306867795, 543397.456134235253558 ], [ 213926.318262512242654, 543396.713494400610216 ], [ 213936.592811636510305, 543393.911244770046324 ], [ 213947.545259680395247, 543393.390057565760799 ], [ 213962.369287893816363, 543392.678312708390877 ], [ 213965.293698792840587, 543392.545473841251805 ], [ 213965.582601721165702, 543392.531726000714116 ], [ 213985.688437053089729, 543392.752050256356597 ], [ 213985.702436778170522, 543392.7620504044462 ], [ 213996.48530599984224, 543392.880435945698991 ], [ 213998.514994781318819, 543392.893897106987424 ], [ 214001.276972150080837, 543392.924941645469517 ], [ 214006.602228544128593, 543392.982827533269301 ], [ 214006.605928510602098, 543392.983027592883445 ], [ 214007.054346431570593, 543391.656245577614754 ], [ 214008.778015317977406, 543386.556114706560038 ], [ 214009.082857181900181, 543383.823541713296436 ], [ 214009.16174057230819, 543383.83831611846108 ], [ 214009.162393598322524, 543383.832502930657938 ], [ 214009.373391276749317, 543383.871506036957726 ], [ 214013.823956578387879, 543376.615082362666726 ], [ 214013.972141079691937, 543376.233282280503772 ], [ 214015.542170008993708, 543373.673328409553505 ], [ 214017.491303394635906, 543370.635657176142558 ], [ 214017.54154177205055, 543370.553746019606479 ], [ 214011.845763589633862, 543363.842987386859022 ], [ 214010.469233967858599, 543362.771591876167804 ], [ 213998.821553537767613, 543379.078373626340181 ], [ 213925.753956206899602, 543328.674595753778704 ], [ 213913.427765258093132, 543346.543251606752165 ], [ 213897.969616025948199, 543363.386864947620779 ], [ 213895.29558859905228, 543366.399797258665785 ], [ 213892.724558909307234, 543369.501730525051244 ], [ 213890.258526996563887, 543372.688664802350104 ], [ 213887.900492926070001, 543375.955600187880918 ], [ 213885.654456689488143, 543379.300536758732051 ], [ 213883.521418365271529, 543382.718474572175182 ], [ 213881.504377975710668, 543386.206413701060228 ], [ 213879.606335562741151, 543389.760354225873016 ], [ 213877.827291208930546, 543393.375296188518405 ], [ 213876.171244912780821, 543397.049239667830989 ], [ 213874.640196769061731, 543400.775184753583744 ], [ 213873.234146815579152, 543404.551131465472281 ], [ 213871.956095105124405, 543408.372079886030406 ], [ 213870.806041705538519, 543412.234030052437447 ], [ 213869.78798666325747, 543416.131982066901401 ], [ 213868.899930045910878, 543420.062935923226178 ], [ 213868.144871940778103, 543424.019891728064977 ], [ 213867.155787338502705, 543429.726829606224783 ], [ 213866.295721042319201, 543434.24077920941636 ], [ 213865.288656393997371, 543438.725726660923101 ], [ 213864.134593525290256, 543443.173672027303837 ], [ 213862.835532465862343, 543447.581615368137136 ], [ 213861.392473290441558, 543451.944556734757498 ], [ 213859.806416055158479, 543456.25849617831409 ], [ 213858.080360835767351, 543460.517433796892874 ], [ 213856.214307693648152, 543464.717369619873352 ], [ 213854.213256653747521, 543468.854303764994256 ], [ 213852.076207807549508, 543472.923236250295304 ], [ 213849.806161211861763, 543476.919167171698064 ], [ 213847.40711687944713, 543480.839096613577567 ], [ 213844.956076064874651, 543484.568026755005121 ], [ 213842.387037503562169, 543488.215955634601414 ], [ 213839.703001213958487, 543491.780883322004229 ], [ 213836.906967229733709, 543495.258809896651655 ], [ 213834.00193561319611, 543498.644735443871468 ], [ 213830.989906360890018, 543501.937660007737577 ], [ 213827.874879542039707, 543505.131583704613149 ], [ 213833.951900928572286, 543500.808717155712657 ], [ 213857.681987675983692, 543483.729239885578863 ], [ 213876.24908077242435, 543468.810661439667456 ], [ 213893.602020037273178, 543463.979981838725507 ], [ 213893.605065209820168, 543463.962321549188346 ], [ 213894.616973024560139, 543398.762721423059702 ], [ 213894.623078713426366, 543398.180529735633172 ], [ 213905.640025550528662, 543396.014725868590176 ] ] ] ] } },
{ "type": "Feature", "properties": { "landuse_category": "일반상업지역", "signgu_code": "11000", "source_layer": "용도지역3", "area_name": "wirye_plan_area", "source_version": "2024_02_gap_fill", "area_sqm": 239071.25338278527, "area_ha": 23.907125338278526 }, "geometry": { "type": "MultiPolygon", "coordinates": [ [ [ [ 211695.004014185804408, 541279.813999212929048 ], [ 211693.954081209609285, 541276.192011458915658 ], [ 211692.737154194706818, 541272.284023307147436 ], [ 211692.119189650082262, 541270.399028523126617 ], [ 211691.158242899458855, 541267.584035694017075 ], [ 211689.815314081381075, 541263.850044099846855 ], [ 211689.119349736778531, 541261.99104784487281 ], [ 211688.046403285115957, 541259.213052904698998 ], [ 211686.939456894033356, 541256.448057308094576 ], [ 211685.41552850586595, 541252.777062276378274 ], [ 211683.840600181865739, 541249.127066249842755 ], [ 211682.217671957245329, 541245.495069302269258 ], [ 211680.551743797172094, 541241.880071521736681 ], [ 211678.84881569002755, 541238.280073022819124 ], [ 211677.110887626215117, 541234.695073832641356 ], [ 211675.124968437448842, 541230.684074069256894 ], [ 211634.85342914541252, 541160.346990089514293 ], [ 211626.780348249303643, 541169.342786834924482 ], [ 211618.402274406253127, 541178.05358094687108 ], [ 211609.729207688011229, 541186.470372654730454 ], [ 211600.770148195093498, 541194.582162195700221 ], [ 211591.536095986608416, 541202.379949819529429 ], [ 211582.038051122013712, 541209.854735780972987 ], [ 211572.288013662473531, 541216.996520350454375 ], [ 211562.297983631084207, 541223.798303779214621 ], [ 211552.077961104980204, 541230.250086311949417 ], [ 211541.641946073097643, 541236.345868221833371 ], [ 211531.000938572920859, 541242.077649756451137 ], [ 211520.168938606861047, 541247.438431191723794 ], [ 211509.1579461771762, 541252.42221277509816 ], [ 211497.981961282726843, 541257.021994788898155 ], [ 211486.653983887605136, 541261.233777477638796 ], [ 211475.186013975529931, 541265.05256106890738 ], [ 211463.594051510764984, 541268.472345880349167 ], [ 211451.891096443927381, 541271.490132138831541 ], [ 211440.090148730494548, 541274.101920091547072 ], [ 211428.207208293664735, 541276.304710018448532 ], [ 211416.254275085753761, 541278.095502142910846 ], [ 211404.247348992328625, 541279.473296726937406 ], [ 211392.199429958243854, 541280.435094007174484 ], [ 211380.125517866312293, 541280.980894229374826 ], [ 211380.125518012238899, 541280.971894299960695 ], [ 211377.538537575717783, 541281.043851858819835 ], [ 211235.871625752974069, 541283.946536137373187 ], [ 211237.918273842806229, 541304.684401792590506 ], [ 211239.997757744538831, 541335.554186155437492 ], [ 211245.505687486263923, 541460.783263936871663 ], [ 211248.376241660356754, 541522.841312194126658 ], [ 211248.403952505846974, 541523.324900075094774 ], [ 211248.441186457290314, 541523.379489342914894 ], [ 211251.065576528199017, 541526.69182158424519 ], [ 211254.037493019044632, 541530.380839877878316 ], [ 211257.018410437362036, 541534.007858820492402 ], [ 211259.413345080014551, 541536.860874533420429 ], [ 211261.819280346913729, 541539.66989077674225 ], [ 211264.237216275883839, 541542.431907595717348 ], [ 211266.670152894977946, 541545.143925061565824 ], [ 211269.12009020280675, 541547.804943213239312 ], [ 211271.587028245150577, 541550.411962077836506 ], [ 211274.073967050790088, 541552.961981723434292 ], [ 211276.580906635703286, 541555.454002165002748 ], [ 211278.475861852813978, 541557.283018057234585 ], [ 211281.020802878483664, 541559.667039984837174 ], [ 211283.58974476554431, 541561.986062824958935 ], [ 211286.181687584816245, 541564.236086595687084 ], [ 211288.141645289520966, 541565.879105041618459 ], [ 211290.776589767599944, 541568.005130510311574 ], [ 211292.768548805528553, 541569.550150266732089 ], [ 211295.44649507428403, 541571.544177497620694 ], [ 211297.469455513637513, 541572.987198578193784 ], [ 211299.584414919925621, 541574.448221003054641 ], [ 211302.243365662696306, 541576.175250083208084 ], [ 211304.388326707005035, 541577.520273930160329 ], [ 211307.084279517788673, 541579.101304789772257 ], [ 211309.258242285897722, 541580.325330081628636 ], [ 211311.988197346567176, 541581.750362750259228 ], [ 211314.106163428223226, 541582.797388569451869 ], [ 211316.613124498078832, 541583.961419734638184 ], [ 211318.773092010203982, 541584.899447114206851 ], [ 211321.046058662090218, 541585.834476344287395 ], [ 211324.183014764101245, 541586.993517748545855 ], [ 211326.394984818558441, 541587.748547445167787 ], [ 211328.623955561779439, 541588.4525778304087 ], [ 211330.118936439859681, 541588.893598462920636 ], [ 211331.619917646952672, 541589.311619377229363 ], [ 211333.964888915565098, 541589.925652365433052 ], [ 211336.92185443759081, 541590.591694838483818 ], [ 211339.296827522164676, 541591.078729341505095 ], [ 211342.284795401239535, 541591.583773614722304 ], [ 211344.68277038668748, 541591.941809529205784 ], [ 211347.692740679194685, 541592.286855452344753 ], [ 211350.020718607614981, 541592.497891423525289 ], [ 211351.575704347342253, 541592.608915691496804 ], [ 211353.131690451264149, 541592.696940160589293 ], [ 211355.55366945505375, 541592.794978564139456 ], [ 211358.583644860831555, 541592.814027446205728 ], [ 211360.921626769762952, 541592.774065604084171 ], [ 211362.478615212050499, 541592.717091261292808 ], [ 211364.035604026430519, 541592.637117104022764 ], [ 211366.453587282943772, 541592.474157551070675 ], [ 211369.468568085576408, 541592.167208823608235 ], [ 211371.788554199563805, 541591.876248718588613 ], [ 211374.100541235005949, 541591.532288911403157 ], [ 211376.40452920741518, 541591.13432941143401 ], [ 211377.934521703573409, 541590.840356546337716 ], [ 211379.460514618636807, 541590.522383808740415 ], [ 211381.825504255975829, 541589.991426371969283 ], [ 211384.757493148819776, 541589.225480008521117 ], [ 211387.27248469326878, 541588.502526549156755 ], [ 211389.528478065534728, 541587.794568776385859 ], [ 211391.800472252536565, 541587.0286117317155 ], [ 211394.08646728011081, 541586.203655388904735 ], [ 211396.386463070288301, 541585.324699710821733 ], [ 211398.709459612815408, 541584.387744871899486 ], [ 211401.530456421140116, 541583.187800217187032 ], [ 211413.907445347722387, 541577.742044501123019 ], [ 211413.868447230634047, 541577.645044652977958 ], [ 211448.945490713260369, 541557.585774327628314 ], [ 211466.30751224127016, 541547.657135493471287 ], [ 211483.668533780262806, 541537.728496638825163 ], [ 211501.030555314297089, 541527.799857803969644 ], [ 211518.39157684717793, 541517.872218941454776 ], [ 211535.753598389623221, 541507.943580106482841 ], [ 211553.114619947271422, 541498.01494124752935 ], [ 211557.549625447718427, 541495.479033504612744 ], [ 211558.416626528196502, 541494.983051538583823 ], [ 211559.281627605145331, 541494.488069535815157 ], [ 211560.144628684647614, 541493.994087490369566 ], [ 211561.006629754963797, 541493.501105422968976 ], [ 211561.865630833111936, 541493.009123297524638 ], [ 211562.722631929063937, 541492.517141140066087 ], [ 211564.032633600174449, 541491.765168414684013 ], [ 211565.728635803738143, 541490.789203740423545 ], [ 211567.417638047947548, 541489.814238949213177 ], [ 211569.493640881380998, 541488.611282263183966 ], [ 211571.513643773389049, 541487.432324473047629 ], [ 211573.172646241291659, 541486.458359187468886 ], [ 211574.821648789133178, 541485.484393741935492 ], [ 211576.460651434579631, 541484.509428140008822 ], [ 211578.088654184481129, 541483.533462365274318 ], [ 211579.706657045055181, 541482.555496447603218 ], [ 211581.312660018185852, 541481.576530345948413 ], [ 211582.908663137932308, 541480.593564113485627 ], [ 211584.491666376037756, 541479.609597677947022 ], [ 211586.06266977704945, 541478.621631081099622 ], [ 211587.622673314122949, 541477.630664330092259 ], [ 211589.168677027802914, 541476.635697384714149 ], [ 211590.702680918155238, 541475.635730284499004 ], [ 211592.222684987005778, 541474.631762991193682 ], [ 211593.729689239320578, 541473.622795528266579 ], [ 211595.222693686024286, 541472.608827877207659 ], [ 211596.701698324613972, 541471.589860041742213 ], [ 211598.165703182341531, 541470.564892013324425 ], [ 211599.981709538260475, 541469.272931834799238 ], [ 211601.761716279346729, 541467.974971122574061 ], [ 211603.173721925239079, 541466.927002437761985 ], [ 211604.568727806239622, 541465.873033523908816 ], [ 211605.947733942681225, 541464.811064418638125 ], [ 211607.310740318760509, 541463.742095107678324 ], [ 211608.65674694799236, 541462.66612557915505 ], [ 211610.179754858661909, 541461.423160265781917 ], [ 211611.674763156072004, 541460.170194574864581 ], [ 211612.970770719373832, 541459.061224505887367 ], [ 211614.389779399440158, 541457.822257475811057 ], [ 211615.792788500519237, 541456.565290330676362 ], [ 211617.05179703826434, 541455.414319998933934 ], [ 211618.298805882484885, 541454.250349579378963 ], [ 211619.533815018890891, 541453.074379059951752 ], [ 211620.756824460666394, 541451.885408455738798 ], [ 211621.967834210547153, 541450.683437760919333 ], [ 211623.166844246763503, 541449.469466967042536 ], [ 211624.351854609383736, 541448.242496051476337 ], [ 211625.52586523653008, 541447.004525045282207 ], [ 211626.685876170755364, 541445.754553915234283 ], [ 211627.865887720079627, 541444.456583491177298 ], [ 211631.517928854940692, 541440.10667771869339 ], [ 211635.018973185447976, 541435.6337704929756 ], [ 211638.364020665670978, 541431.043861688347533 ], [ 211641.549071235058364, 541426.341951199807227 ], [ 211644.572124837053707, 541421.533038950408809 ], [ 211647.428181411320111, 541416.623124813777395 ], [ 211650.113240891194437, 541411.618208676343784 ], [ 211652.625303200009512, 541406.524290456203744 ], [ 211654.961368277290603, 541401.346370068145916 ], [ 211657.118436018499779, 541396.092447392526083 ], [ 211659.220506108918926, 541390.720524783828296 ], [ 211661.133578849083278, 541385.278599678422324 ], [ 211662.855654135550139, 541379.773671990842558 ], [ 211664.385731900430983, 541374.210741663584486 ], [ 211665.719812027789885, 541368.598808561451733 ], [ 211666.857894423039397, 541362.943872630828992 ], [ 211667.797978981921915, 541357.252933788695373 ], [ 211668.539065626799129, 541351.531991966417991 ], [ 211669.080154226598097, 541345.789047084399499 ], [ 211669.421244686964201, 541340.030099096242338 ], [ 211669.56133687280817, 541334.264147909125313 ], [ 211674.691306535358308, 541333.599236299982294 ], [ 211679.840273329406045, 541333.10232364165131 ], [ 211685.003237324708607, 541332.771409872570075 ], [ 211689.563204341131495, 541332.552485439227894 ], [ 211702.311112107359804, 541331.941696684807539 ], [ 211702.252173587214202, 541328.171726164291613 ], [ 211702.121235627448186, 541324.402754468261264 ], [ 211701.919298171531409, 541320.637781593599357 ], [ 211701.64536122806021, 541316.876807518536225 ], [ 211701.300424753426341, 541313.121832249802537 ], [ 211700.883488747116644, 541309.373855754965916 ], [ 211700.395553174370434, 541305.633878048043698 ], [ 211699.836617997876601, 541301.904899103334174 ], [ 211699.206683207914466, 541298.186918921535835 ], [ 211698.506748768500984, 541294.481937499716878 ], [ 211697.73581467353506, 541290.790954817435704 ], [ 211696.894880894338712, 541287.114970880676992 ], [ 211695.983947402826743, 541283.455985672655515 ], [ 211695.004014185804408, 541279.813999212929048 ] ] ], [ [ [ 211728.633500148513122, 541727.460929338121787 ], [ 211723.847118485689862, 541629.840640150592662 ], [ 211717.0774073258508, 541491.76764539827127 ], [ 211671.335738359863171, 541493.957887373515405 ], [ 211670.748732398613356, 541494.616872552665882 ], [ 211670.02772518034908, 541495.419854400330223 ], [ 211669.304718024650356, 541496.219836238306016 ], [ 211668.580710931215435, 541497.016818086383864 ], [ 211667.854703897493891, 541497.810799924656749 ], [ 211667.12669691152405, 541498.602781746885739 ], [ 211666.397689986886689, 541499.391763577703387 ], [ 211665.666683121322421, 541500.177745399530977 ], [ 211664.934676316275727, 541500.960727228666656 ], [ 211664.201669564499753, 541501.740709069301374 ], [ 211663.466662866150727, 541502.518690891563892 ], [ 211662.730656220432138, 541503.293672721250914 ], [ 211661.992649623396574, 541504.066654535359703 ], [ 211661.253643100615591, 541504.835636366042309 ], [ 211660.514636592444731, 541505.603618203895167 ], [ 211659.773630165349459, 541506.367600044701248 ], [ 211659.030623788188677, 541507.129581865272485 ], [ 211658.287617457594024, 541507.888563710032031 ], [ 211657.543611152970698, 541508.646545549854636 ], [ 211656.798604919516947, 541509.400527404854074 ], [ 211656.051598734979052, 541510.152509241597727 ], [ 211655.304592584492639, 541510.902491094660945 ], [ 211654.556586471677292, 541511.650472950772382 ], [ 211653.807580417720601, 541512.395454812678508 ], [ 211653.057574402948376, 541513.138436673209071 ], [ 211652.306568443891592, 541513.878418546169996 ], [ 211651.555562518828083, 541514.616400431841612 ], [ 211650.803556631784886, 541515.352382317651063 ], [ 211650.05055078928126, 541516.086364204413258 ], [ 211649.296544982003979, 541516.818346088286489 ], [ 211648.542539227899397, 541517.547327999374829 ], [ 211647.787533512659138, 541518.274309909902513 ], [ 211647.032527814793866, 541519.000291829695925 ], [ 211646.276522169006057, 541519.723273755284026 ], [ 211645.520516558055533, 541520.444255699403584 ], [ 211644.763510973163648, 541521.164237632998265 ], [ 211644.006505435914733, 541521.88121959217824 ], [ 211643.24849993980024, 541522.596201548818499 ], [ 211642.490494456607848, 541523.310183516005054 ], [ 211641.732489008369157, 541524.02216549962759 ], [ 211640.973483615671284, 541524.731147489859723 ], [ 211640.214478239213349, 541525.439129488659091 ], [ 211639.455472896253923, 541526.145111505175009 ], [ 211638.696467568835942, 541526.850093526765704 ], [ 211637.936462299578125, 541527.552075556362979 ], [ 211637.177457019512076, 541528.254057605168782 ], [ 211636.417451796733076, 541528.953039659652859 ], [ 211635.657446592522319, 541529.651021723519079 ], [ 211634.897441419045208, 541530.347003803704865 ], [ 211634.137436258897651, 541531.041985891875811 ], [ 211633.377431135362713, 541531.734967994969338 ], [ 211632.617426043347223, 541532.425950115779415 ], [ 211631.865421000082279, 541533.109932421240956 ], [ 211631.850420910428511, 541533.122932074242271 ], [ 211631.105415939935483, 541533.798914556507953 ], [ 211631.09141585562611, 541533.810914235655218 ], [ 211630.345410893642111, 541534.48689670022577 ], [ 211630.331410811602836, 541534.498896377277561 ], [ 211629.585405898105819, 541535.171878870460205 ], [ 211629.572405809041811, 541535.183878562296741 ], [ 211628.825400903791888, 541535.856861039879732 ], [ 211628.81340082155657, 541535.867860755184665 ], [ 211628.066395915229805, 541536.540843230555765 ], [ 211628.054395848826971, 541536.550842955941334 ], [ 211627.307390961854253, 541537.222825441276655 ], [ 211627.296390887902817, 541537.232825180748478 ], [ 211626.548386020498583, 541537.903807658469304 ], [ 211626.53738596427138, 541537.912807406508364 ], [ 211625.789381099835737, 541538.583789882715791 ], [ 211625.779381035710685, 541538.592789647052996 ], [ 211625.031376201164676, 541539.261772137600929 ], [ 211625.02237612666795, 541539.27077192242723 ], [ 211624.273371304414468, 541539.939754395978525 ], [ 211624.264371260534972, 541539.94675419293344 ], [ 211623.515366438456113, 541540.615736670792103 ], [ 211623.507366388308583, 541540.622736483346671 ], [ 211622.758361579559278, 541541.290718967560679 ], [ 211622.751361522998195, 541541.297718796413392 ], [ 211622.002356729470193, 541541.964701289194636 ], [ 211621.995356687228195, 541541.970701128826477 ], [ 211621.245351903431583, 541542.637683603097685 ], [ 211621.239351856667781, 541542.643683456932195 ], [ 211620.490347079758067, 541543.309665957465768 ], [ 211620.484347046993207, 541543.314665820566006 ], [ 211619.734342277341057, 541543.980648302705958 ], [ 211619.729342237464152, 541543.985648179193959 ], [ 211618.979337486671284, 541544.650630673510022 ], [ 211618.975337452284293, 541544.65463057695888 ], [ 211618.225332700443687, 541545.319613068364561 ], [ 211618.221332668996183, 541545.323612971114926 ], [ 211617.472327907802537, 541545.988595478935167 ], [ 211617.468327909009531, 541545.990595398005098 ], [ 211616.718323157052509, 541546.655577889527194 ], [ 211616.716323122760514, 541546.658577832626179 ], [ 211615.966318403341575, 541547.321560341282748 ], [ 211615.964318386395462, 541547.323560291551985 ], [ 211615.214313636068255, 541547.988542781560682 ], [ 211614.463308909384068, 541548.652525268145837 ], [ 211613.7133041578345, 541549.317507759667933 ], [ 211612.964299428946106, 541549.980490284506232 ], [ 211612.906299068476073, 541550.031488932319917 ], [ 211612.15829434961779, 541550.693471480626613 ], [ 211611.41128963790834, 541551.354454053100199 ], [ 211610.665284918737598, 541552.015436641173437 ], [ 211609.977280574676115, 541552.624420589068905 ], [ 211609.233275874255924, 541553.283403227571398 ], [ 211608.491271153790876, 541553.942385895643383 ], [ 211607.750266460818239, 541554.59936859656591 ], [ 211607.009261765488191, 541555.256351299583912 ], [ 211606.271257061889628, 541555.912334058550186 ], [ 211605.534252354758792, 541556.568316832417622 ], [ 211604.797247642185539, 541557.224299606168643 ], [ 211604.06324293956277, 541557.878282446763478 ], [ 211603.330238229915267, 541558.53226530214306 ], [ 211602.599233505345182, 541559.186248190817423 ], [ 211601.869228770898189, 541559.840231092995964 ], [ 211601.140224045928335, 541560.493214022135362 ], [ 211600.413219319860218, 541561.145196990924887 ], [ 211599.688214559748303, 541561.798179983859882 ], [ 211598.964209812169429, 541562.45016300084535 ], [ 211598.243205036618747, 541563.102146067307331 ], [ 211597.523200255527627, 541563.754129148088396 ], [ 211596.804195483273361, 541564.40511225501541 ], [ 211596.088190669077449, 541565.057095403783023 ], [ 211595.373185865028063, 541565.708078570198268 ], [ 211594.660181026614737, 541566.360061770537868 ], [ 211593.949176188965794, 541567.011045003659092 ], [ 211593.24017133488087, 541567.66202827275265 ], [ 211592.533166447537951, 541568.314011565875262 ], [ 211591.828161547455238, 541568.96599489019718 ], [ 211591.125156643684022, 541569.616978255682625 ], [ 211590.424151712242747, 541570.268961643683724 ], [ 211589.725146759912604, 541570.920945064979605 ], [ 211589.029141786129912, 541571.572928536566906 ], [ 211588.33413679045043, 541572.225912014488131 ], [ 211587.642131767875981, 541572.878895541303791 ], [ 211586.952126729273004, 541573.531879100599326 ], [ 211586.264121674234048, 541574.184862693189643 ], [ 211585.57811658893479, 541574.838846309110522 ], [ 211584.895111476798775, 541575.492829971830361 ], [ 211584.214106335886754, 541576.147813662071712 ], [ 211583.536101169302128, 541576.802797398995608 ], [ 211582.860095968615497, 541577.458781162044033 ], [ 211582.18609075556742, 541578.114764955593273 ], [ 211581.515085500112036, 541578.771748789469711 ], [ 211580.847080218984047, 541579.428732673637569 ], [ 211580.181074908963637, 541580.086716580321081 ], [ 211579.518069557379931, 541580.745700529427268 ], [ 211578.857064188749064, 541581.404684509034269 ], [ 211578.199058782076463, 541582.064668526756577 ], [ 211577.544053351477487, 541582.72465259837918 ], [ 211576.891047870973125, 541583.386636684648693 ], [ 211576.241042382258456, 541584.047620827681385 ], [ 211575.59403683905839, 541584.710605000378564 ], [ 211574.951031246833736, 541585.374589230283163 ], [ 211574.3090256449359, 541586.038573479396291 ], [ 211573.671019978792174, 541586.704557775054127 ], [ 211573.036014291486936, 541587.370542118907906 ], [ 211572.403008568187943, 541588.037526488187723 ], [ 211571.774002797523281, 541588.705510915373452 ], [ 211571.147996990039246, 541589.374495378695428 ], [ 211570.523991147550987, 541590.044479870353825 ], [ 211569.903985255950829, 541590.715464417822659 ], [ 211569.286979326017899, 541591.387449004803784 ], [ 211568.672973354958231, 541592.060433632228523 ], [ 211568.0629673373478, 541592.734418316860683 ], [ 211567.455961279687472, 541593.409403038909659 ], [ 211566.851955176971387, 541594.085387804196216 ], [ 211566.25094903993886, 541594.762372611789033 ], [ 211565.653942851524334, 541595.440357473911718 ], [ 211565.059936607751297, 541596.120342370704748 ], [ 211564.469930331164505, 541596.800327330362052 ], [ 211563.882923995901365, 541597.48231231898535 ], [ 211563.298917625739705, 541598.165297353640199 ], [ 211562.719911197549663, 541598.849282458308153 ], [ 211562.143904726341134, 541599.534267603885382 ], [ 211561.570898216072237, 541600.22025279130321 ], [ 211561.00189164315816, 541600.90823802666273 ], [ 211560.436885019589681, 541601.597223315853626 ], [ 211559.874878357368289, 541602.287208647350781 ], [ 211559.317871639097575, 541602.978194053983316 ], [ 211558.763864866195945, 541603.671179490163922 ], [ 211558.213858041970525, 541604.365164985065348 ], [ 211557.667851170117501, 541605.060150535078719 ], [ 211557.125844233145472, 541605.757136136759073 ], [ 211556.586837272479897, 541606.454121783026494 ], [ 211556.052830240980256, 541607.153107495629229 ], [ 211555.522823144536233, 541607.854093255009502 ], [ 211554.996816001104889, 541608.556079072295688 ], [ 211554.47480880538933, 541609.259064948302694 ], [ 211553.95680156556773, 541609.963050880935043 ], [ 211553.443794266961049, 541610.668036882765591 ], [ 211552.933786913432414, 541611.375022918567993 ], [ 211552.428779485548148, 541612.084009020822123 ], [ 211551.927772028546315, 541612.792995184659958 ], [ 211551.431764497538097, 541613.503981415648013 ], [ 211550.939756899111671, 541614.216967696789652 ], [ 211550.451749273313908, 541614.929954039514996 ], [ 211549.968741575285094, 541615.644940447993577 ], [ 211549.489733809605241, 541616.361926903831773 ], [ 211549.015726003650343, 541617.078913442441262 ], [ 211548.546718127065105, 541617.797900046105497 ], [ 211548.081710186932469, 541618.518886697129346 ], [ 211547.621702205447946, 541619.239873429527506 ], [ 211547.165694158611586, 541619.962860210682265 ], [ 211546.714686057326617, 541620.686847063247114 ], [ 211546.268677882791962, 541621.4128339815652 ], [ 211545.827669651596807, 541622.139820974203758 ], [ 211545.3916613648762, 541622.867808038368821 ], [ 211544.959653030062327, 541623.596795159741305 ], [ 211544.533644613635261, 541624.327782360953279 ], [ 211544.11163614934776, 541625.059769618790597 ], [ 211543.695627622946631, 541625.792756966548041 ], [ 211543.283619044261286, 541626.526744372327812 ], [ 211542.877610388211906, 541627.262731855036691 ], [ 211542.476601675385609, 541627.999719413579442 ], [ 211542.080592904530931, 541628.737707043532282 ], [ 211541.689584081235807, 541629.476694747805595 ], [ 211541.303575197583996, 541630.21668252418749 ], [ 211540.923566237062914, 541630.958670381922275 ], [ 211540.548557218193309, 541631.701658313162625 ], [ 211540.178548158874037, 541632.444646325195208 ], [ 211539.814539018785581, 541633.189634414971806 ], [ 211539.455529823258985, 541633.935622579068877 ], [ 211539.102520565589657, 541634.682610834483057 ], [ 211538.749511109635932, 541635.441598989185877 ], [ 211538.539505365100922, 541635.900591885088943 ], [ 211538.194495815521805, 541636.661580155952834 ], [ 211537.86048632193706, 541637.413568677264266 ], [ 211537.531476741685765, 541638.168557252851315 ], [ 211537.208467079733964, 541638.925545912701637 ], [ 211537.180466221208917, 541638.992544918553904 ], [ 211536.88945735359448, 541639.684534621192142 ], [ 211536.575447556271683, 541640.445523392641917 ], [ 211536.266437684302218, 541641.208512229030021 ], [ 211535.963427716080332, 541641.974501139600761 ], [ 211535.664417698106263, 541642.741490106098354 ], [ 211535.371407602215186, 541643.510479151736945 ], [ 211535.08239742621663, 541644.282468239078298 ], [ 211534.800387177092489, 541645.055457431008108 ], [ 211534.5223768617725, 541645.830446676001884 ], [ 211534.249366476899013, 541646.607435981044546 ], [ 211533.981356035132194, 541647.385425361106172 ], [ 211533.719345495890593, 541648.166414812556468 ], [ 211533.461334906518459, 541648.948404321912676 ], [ 211533.203323962516151, 541649.752393652917817 ], [ 211533.127320672036149, 541649.9933904747013 ], [ 211532.876309640647378, 541650.799379902542569 ], [ 211532.636298810859444, 541651.587369655142538 ], [ 211532.402287919481751, 541652.376359498361126 ], [ 211532.17327695217682, 541653.167349400930107 ], [ 211531.949265916686272, 541653.960339371929877 ], [ 211531.730254838999826, 541654.753329420927912 ], [ 211531.517243662121473, 541655.549319545505568 ], [ 211531.309232449129922, 541656.345309750875458 ], [ 211531.107221152051352, 541657.143300038180314 ], [ 211530.909209794859635, 541657.943290369934402 ], [ 211530.717198386817472, 541658.743280802271329 ], [ 211530.531186899199383, 541659.545271314564161 ], [ 211530.349175363284303, 541660.348261884762906 ], [ 211530.173163744941121, 541661.15325253282208 ], [ 211530.003152080636937, 541661.958243280649185 ], [ 211529.838140341686085, 541662.765234094229527 ], [ 211529.678128567058593, 541663.572224984294735 ], [ 211529.524116705957567, 541664.3812159585068 ], [ 211529.375104792794446, 541665.191207005642354 ], [ 211529.231092837202596, 541666.00119813263882 ], [ 211529.093080803984776, 541666.813189341803081 ], [ 211528.960068714281078, 541667.626180623075925 ], [ 211528.833056574891089, 541668.439171999925748 ], [ 211528.711044378171209, 541669.253163452493027 ], [ 211528.594032129447442, 541670.068154976586811 ], [ 211528.484019805386197, 541670.884146606782451 ], [ 211528.378007431485457, 541671.701138291391544 ], [ 211528.277995013282634, 541672.518130075186491 ], [ 211528.182982536964118, 541673.336121930507943 ], [ 211528.093970012996579, 541674.154113882686943 ], [ 211528.009957414615201, 541674.974105900735594 ], [ 211527.93194478523219, 541675.793098024325445 ], [ 211527.85893210049835, 541676.613090221420862 ], [ 211527.79091935895849, 541677.434082488645799 ], [ 211527.728906570584513, 541678.255074854940176 ], [ 211527.672893731360091, 541679.076067317510024 ], [ 211527.6218808395206, 541679.89805985300336 ], [ 211527.575867904524785, 541680.720052469987422 ], [ 211527.535854922782164, 541681.542045183945447 ], [ 211527.501841874822276, 541682.365037986310199 ], [ 211527.472828787867911, 541683.188030870165676 ], [ 211527.453818132431479, 541683.856025164946914 ], [ 211543.854376447037794, 541703.02613578713499 ], [ 211532.456309979286743, 541712.777872544829734 ], [ 211557.557633946795249, 541742.11904185032472 ], [ 211565.140531915501924, 541744.668143995688297 ], [ 211577.22547768347431, 541742.034360874444246 ], [ 211590.509119925263803, 541757.561450478038751 ], [ 211728.633500148513122, 541727.460929338121787 ] ] ], [ [ [ 213925.753956206899602, 543328.674595753778704 ], [ 213998.821553537767613, 543379.078373626340181 ], [ 214010.469233967858599, 543362.771591876167804 ], [ 214010.417820893053431, 543362.731575492420234 ], [ 214010.635150411369978, 543362.416520867613144 ], [ 214010.635145249631023, 543362.41651477268897 ], [ 214010.417768452491146, 543362.7316386931343 ], [ 214008.274769893032499, 543361.063672370277345 ], [ 214007.16779961224529, 543359.777664803434163 ], [ 214004.597848449426237, 543358.035637193592265 ], [ 214004.282834255631315, 543359.066623760852963 ], [ 213993.371040436264593, 543351.742505949339829 ], [ 213993.1800653639948, 543350.299514503451064 ], [ 213987.938165083207423, 543346.739458246040158 ], [ 213985.425179023732198, 543347.121414409717545 ], [ 213985.551164313859772, 543347.966409631771967 ], [ 213955.980741128267255, 543327.003099384019151 ], [ 213956.997769410489127, 543324.756134016439319 ], [ 213939.936033356847474, 543316.907920720637776 ], [ 213937.567063700844301, 543316.206887967884541 ], [ 213928.904226403625216, 543310.452793957549147 ], [ 213907.51562813000055, 543296.244561858358793 ], [ 213889.821999357402092, 543282.091389233828522 ], [ 213851.941710838465951, 543256.926978205563501 ], [ 213834.240004400839098, 543247.567766756517813 ], [ 213826.094157374405768, 543242.157678361982107 ], [ 213815.324359646881931, 543235.003561505815014 ], [ 213793.347157000127481, 543220.405013724695891 ], [ 213689.049157007189933, 543371.601411103503779 ], [ 213847.40711687944713, 543480.839096613577567 ], [ 213849.806161211861763, 543476.919167171698064 ], [ 213852.076207807549508, 543472.923236250295304 ], [ 213854.213256653747521, 543468.854303764994256 ], [ 213856.214307693648152, 543464.717369619873352 ], [ 213858.080360835767351, 543460.517433796892874 ], [ 213859.806416055158479, 543456.25849617831409 ], [ 213861.392473290441558, 543451.944556734757498 ], [ 213862.835532465862343, 543447.581615368137136 ], [ 213864.134593525290256, 543443.173672027303837 ], [ 213865.288656393997371, 543438.725726660923101 ], [ 213866.295721042319201, 543434.24077920941636 ], [ 213867.155787338502705, 543429.726829606224783 ], [ 213868.144871940778103, 543424.019891728064977 ], [ 213868.899930045910878, 543420.062935923226178 ], [ 213869.78798666325747, 543416.131982066901401 ], [ 213870.806041705538519, 543412.234030052437447 ], [ 213871.956095105124405, 543408.372079886030406 ], [ 213873.234146815579152, 543404.551131465472281 ], [ 213874.640196769061731, 543400.775184753583744 ], [ 213876.171244912780821, 543397.049239667830989 ], [ 213877.827291208930546, 543393.375296188518405 ], [ 213879.606335562741151, 543389.760354225873016 ], [ 213881.504377975710668, 543386.206413701060228 ], [ 213883.521418365271529, 543382.718474572175182 ], [ 213885.654456689488143, 543379.300536758732051 ], [ 213887.900492926070001, 543375.955600187880918 ], [ 213890.258526996563887, 543372.688664802350104 ], [ 213892.724558909307234, 543369.501730525051244 ], [ 213895.29558859905228, 543366.399797258665785 ], [ 213897.969616025948199, 543363.386864947620779 ], [ 213913.427765258093132, 543346.543251606752165 ], [ 213925.753956206899602, 543328.674595753778704 ] ] ], [ [ [ 212658.002217698143795, 543013.977588496520184 ], [ 212660.353083430178231, 543021.101569028222002 ], [ 212669.909054620569805, 543018.150747704668902 ], [ 212619.069958197447704, 542864.083168745739385 ], [ 212482.960943824553397, 542870.60291095636785 ], [ 212544.435433005564846, 543056.896401623263955 ], [ 212617.303213247214444, 543034.394764087628573 ], [ 212614.95234749498195, 543027.271783554460853 ], [ 212658.002217698143795, 543013.977588496520184 ] ] ], [ [ [ 211448.261514041718328, 541000.24626301904209 ], [ 211326.623116680944804, 541023.221109498525038 ], [ 211246.88651721982751, 541037.946700564469211 ], [ 211220.859723938658135, 541042.644686595420353 ], [ 211220.88654263530043, 541043.112705396604724 ], [ 211225.874340184760513, 541121.111689183511771 ], [ 211366.942276393558132, 541117.009004735504277 ], [ 211368.642263520130655, 541116.96303261409048 ], [ 211453.343036101839971, 541089.081628183368593 ], [ 211448.261514041718328, 541000.24626301904209 ] ] ], [ [ [ 212683.797571327886544, 541621.085252654738724 ], [ 212671.811658002523473, 541621.659053923212923 ], [ 212585.411282791785197, 541625.797621392528526 ], [ 212579.418326115934178, 541626.085522022447549 ], [ 212575.422355022805277, 541626.276455775601789 ], [ 212576.355032193823718, 541645.753313715918921 ], [ 212684.730248466687044, 541640.563110601389781 ], [ 212683.797571327886544, 541621.085252654738724 ] ] ] ] } },
{ "type": "Feature", "properties": { "landuse_category": "자연녹지지역", "signgu_code": "11000", "source_layer": "용도지역3", "area_name": "wirye_plan_area", "source_version": "2024_02_gap_fill", "area_sqm": 2892.730257373722, "area_ha": 0.28927302573737218 }, "geometry": { "type": "MultiPolygon", "coordinates": [ [ [ [ 212271.021577802370302, 542490.465405295835808 ], [ 212123.178989587991964, 542471.481843090848997 ], [ 212129.454193280631443, 542474.505385090131313 ], [ 212131.703153615875635, 542475.841410718508996 ], [ 212140.272011158900568, 542480.396512692794204 ], [ 212141.422994075663155, 542480.881527414661832 ], [ 212145.586927707976429, 542482.918578393873759 ], [ 212145.589927666151198, 542482.919578434899449 ], [ 212152.958814228215488, 542486.276670654420741 ], [ 212154.65178816797561, 542487.047691843472421 ], [ 212160.919687962421449, 542490.132768432842568 ], [ 212167.444587521225912, 542493.104850097210146 ], [ 212170.611535753530916, 542494.733888228307478 ], [ 212200.030204503884306, 542500.625317089492455 ], [ 212200.74020078551257, 542500.503329574130476 ], [ 212222.099089149036445, 542496.823705228627659 ], [ 212244.011960118514253, 542493.94408339378424 ], [ 212256.130894300935324, 542492.009295302559622 ], [ 212256.959889858175302, 542491.873309828806669 ], [ 212257.057889281306416, 542491.860311522032134 ], [ 212263.190855987253599, 542490.880418769083917 ], [ 212265.940836308931466, 542490.734464488457888 ], [ 212266.091835405124584, 542490.71546708769165 ], [ 212268.528817779762903, 542490.597507510101423 ], [ 212271.021577802370302, 542490.465405295835808 ] ] ], [ [ [ 212282.176687303523067, 542491.898718045908026 ], [ 212282.176561061758548, 542491.897748446441256 ], [ 212282.15858756902162, 542491.895440580206923 ], [ 212282.176687303523067, 542491.898718045908026 ] ] ], [ [ [ 212281.839731916523306, 542489.31073349469807 ], [ 212280.757784026995068, 542488.654983581975102 ], [ 212282.140230800025165, 542491.618714011274278 ], [ 212281.839731916523306, 542489.31073349469807 ] ] ], [ [ [ 212280.120779186108848, 542487.24272235960234 ], [ 212280.066780947323423, 542487.160722147324122 ], [ 212280.053781375725521, 542487.140722097596154 ], [ 212280.046527375438018, 542487.130170459044166 ], [ 212280.632155532337492, 542488.38565748592373 ], [ 212280.120779186108848, 542487.24272235960234 ] ] ], [ [ [ 212252.690950968855759, 542428.462752918014303 ], [ 212252.3279689719202, 542427.530754565144889 ], [ 212251.963986964750802, 542426.599756190902553 ], [ 212251.600004976295168, 542425.667757822433487 ], [ 212251.236022969649639, 542424.736759450403042 ], [ 212250.872040979389567, 542423.804761082632467 ], [ 212250.508058975508902, 542422.873762706993148 ], [ 212250.144076985685388, 542421.941764341318049 ], [ 212249.780094980087597, 542421.010765967192128 ], [ 212249.417112981376704, 542420.078767615719698 ], [ 212249.053130976448301, 542419.147769241477363 ], [ 212248.689148970646784, 542418.216770865139551 ], [ 212248.325166980910581, 542417.28477250027936 ], [ 212247.961184973391937, 542416.353774123941548 ], [ 212247.597202984092291, 542415.421775760361925 ], [ 212247.233220979367616, 542414.490777383325621 ], [ 212246.870238981966395, 542413.558779031853192 ], [ 212246.506256975611905, 542412.627780659124255 ], [ 212246.142274987301789, 542411.695782292052172 ], [ 212245.778292979230173, 542410.764783918624744 ], [ 212245.414310972555541, 542409.833785543683916 ], [ 212245.050328983779764, 542408.901787175913341 ], [ 212244.686346977658104, 542407.970788800274022 ], [ 212244.519355249794899, 542407.542789554223418 ], [ 212244.324364875530591, 542407.044790418003686 ], [ 212243.961382717941888, 542406.122791987261735 ], [ 212243.937383862852585, 542406.063792075961828 ], [ 212242.467452633572975, 542402.544796693371609 ], [ 212239.912572105095023, 542396.431804694468156 ], [ 212237.177690492710099, 542390.474808517843485 ], [ 212235.529761755111394, 542386.889810787164606 ], [ 212230.689956039714161, 542377.28780996450223 ], [ 212225.763141210190952, 542368.291802835883573 ], [ 212220.423329524608562, 542359.305788939120248 ], [ 212220.418298983684508, 542359.297404397744685 ], [ 212252.743418628291693, 542428.596955447341315 ], [ 212252.690950968855759, 542428.462752918014303 ] ] ], [ [ [ 212220.395330494036898, 542359.259788861963898 ], [ 212220.38133096290403, 542359.237788810278289 ], [ 212214.713518666685559, 542350.45176798698958 ], [ 212214.553523771377513, 542350.215767301386222 ], [ 212209.011697268142598, 542342.244741935050115 ], [ 212208.713706506678136, 542341.821740526123904 ], [ 212208.365716923086438, 542341.350738695939071 ], [ 212202.427893025858793, 542333.414706635754555 ], [ 212202.42389310724684, 542333.411706592771225 ], [ 212195.834078224783298, 542325.241665864945389 ], [ 212188.964262021356262, 542317.291618823306635 ], [ 212181.814443853450939, 542309.601565150893293 ], [ 212174.394623799773399, 542302.161505086463876 ], [ 212166.727801160712261, 542295.003438742482103 ], [ 212166.724801218486391, 542295.001438708626665 ], [ 212158.98497245676117, 542288.257367844460532 ], [ 212158.613980450027157, 542287.947364338790067 ], [ 212150.642148724058643, 542281.501287309569307 ], [ 212148.055201020004461, 542279.552261156495661 ], [ 212142.246318371151574, 542275.180202402640134 ], [ 212133.64548461305094, 542269.171111658331938 ], [ 212133.642484667099779, 542269.1691116244765 ], [ 212124.826520463830093, 542263.468458912684582 ], [ 212220.396489403006854, 542359.261610069428571 ], [ 212220.395330494036898, 542359.259788861963898 ] ] ], [ [ [ 212115.812807281123241, 542258.070912538445555 ], [ 212115.717808916117065, 542258.016911437152885 ], [ 212112.54486265318701, 542256.268874173983932 ], [ 212106.615963073098101, 542253.001804553205147 ], [ 212106.557964024337707, 542252.971803854685277 ], [ 212101.000054106552852, 542250.159736568573862 ], [ 212097.248114880057983, 542248.263691122992896 ], [ 212097.246114926878363, 542248.261691110441461 ], [ 212097.184115894080605, 542248.232690339675173 ], [ 212093.902166716463398, 542246.718649421352893 ], [ 212087.706262652820442, 542243.860572175588459 ], [ 212078.221403398609255, 542239.863450869685039 ], [ 212078.023406263033394, 542239.7844483013032 ], [ 212077.615412158542313, 542239.622443004045635 ], [ 212055.398728416359518, 542231.088152183452621 ], [ 212037.174003244086634, 542224.087405036087148 ], [ 212124.803250334021868, 542263.453592261415906 ], [ 212115.812807281123241, 542258.070912538445555 ] ] ], [ [ [ 212003.528471391939092, 542457.922479750821367 ], [ 212003.703469326748746, 542457.963482249993831 ], [ 212008.951407316577388, 542459.194557291571982 ], [ 212011.277378174243495, 542459.842589720385149 ], [ 212014.724336741521256, 542460.694638658314943 ], [ 212016.308317708637333, 542461.085661151329987 ], [ 212017.985297270526644, 542461.517684816499241 ], [ 212019.013285513792653, 542461.734699712367728 ], [ 212020.473265935172094, 542462.220719428500161 ], [ 212023.611228520458099, 542462.97776412719395 ], [ 212027.289183291781228, 542463.949815834756009 ], [ 212028.93316149734892, 542464.481838160310872 ], [ 212033.524106180178933, 542465.624903271789663 ], [ 212038.923055070219561, 542466.107986801536754 ], [ 212048.198967873700894, 542466.900130619877018 ], [ 212053.108926566143055, 542467.020209164358675 ], [ 212058.412875132140471, 542467.570290614385158 ], [ 212067.432795059517957, 542468.04943281726446 ], [ 212078.693690832034918, 542468.91060822608415 ], [ 212083.203646916139405, 542469.389677393366583 ], [ 212087.861890978732845, 542466.946990539552644 ], [ 212003.624281679803971, 542456.130554521689191 ], [ 212003.528471391939092, 542457.922479750821367 ] ] ] ] } },
{ "type": "Feature", "properties": { "landuse_category": "제3종일반주거지역", "signgu_code": "11000", "source_layer": "용도지역3", "area_name": "wirye_plan_area", "source_version": "2024_02_gap_fill", "area_sqm": 203.66966464248503, "area_ha": 0.020366966464248504 }, "geometry": { "type": "Polygon", "coordinates": [ [ [ 213001.401586816791678, 542080.566689193830825 ], [ 213006.940434516582172, 542087.230725142988376 ], [ 213021.545307316730032, 542099.191998270223849 ], [ 213020.607632993604057, 542079.646998866228387 ], [ 213020.607682606845628, 542079.646996488445438 ], [ 213020.607635092310375, 542079.646005801041611 ], [ 213001.401586816791678, 542080.566689193830825 ] ] ] } },
{ "type": "Feature", "properties": { "landuse_category": "자연녹지지역", "signgu_code": "11000", "source_layer": "용도지역3", "area_name": "wirye_plan_area", "source_version": "2024_02_gap_fill", "area_sqm": 6054.3199288329988, "area_ha": 0.60543199288329985 }, "geometry": { "type": "Polygon", "coordinates": [ [ [ 213015.333073020214215, 541986.310466839233413 ], [ 213015.308002161211334, 541986.311675067991018 ], [ 212999.198118693107972, 541987.081407893332653 ], [ 212897.761458645982202, 541991.941889561479911 ], [ 212927.324220747716026, 542016.315007717115805 ], [ 212937.970037307270104, 542022.377131243119948 ], [ 212944.342917172878515, 542026.643200049642473 ], [ 212959.142602779786102, 542038.736342197749764 ], [ 212967.510445500491187, 542044.309432774432935 ], [ 212976.975244613189716, 542052.032523771631531 ], [ 212983.51910974792554, 542057.123588692280464 ], [ 212987.798015760112321, 542060.810628252802417 ], [ 212988.466903612570604, 542067.40358588390518 ], [ 212998.635662871820386, 542077.23867124307435 ], [ 213001.401586816791678, 542080.566689193830825 ], [ 213020.607635092310375, 542079.646005801041611 ], [ 213019.47696335305227, 542056.071276362752542 ], [ 213016.517963328340556, 541994.441720862756483 ], [ 213015.308042444783496, 541986.311718526412733 ], [ 213015.333079725824064, 541986.310511899413541 ], [ 213015.333073020214215, 541986.310466839233413 ] ] ] } },
{ "type": "Feature", "properties": { "landuse_category": "제3종일반주거지역", "signgu_code": "11000", "source_layer": "용도지역3", "area_name": "wirye_plan_area", "source_version": "2024_02_gap_fill", "area_sqm": 895.84137375833006, "area_ha": 0.089584137375833012 }, "geometry": { "type": "MultiPolygon", "coordinates": [ [ [ [ 213031.621711830288405, 543292.327394146006554 ], [ 213016.36325798172038, 543204.467856688774191 ], [ 213014.943321708415169, 543201.23785976995714 ], [ 213006.883843626215821, 543173.017957136733457 ], [ 212998.951150659791892, 543175.843364557251334 ], [ 213033.361085115524475, 543302.337206000695005 ], [ 213031.621711830288405, 543292.327394146006554 ] ] ], [ [ [ 212680.275026749819517, 543261.621948264772072 ], [ 212675.92502890760079, 543263.641861450043507 ], [ 212671.765022574458271, 543266.091774239437655 ], [ 212667.835011481598485, 543268.721689300611615 ], [ 212664.074993351008743, 543271.701604286907241 ], [ 212660.484970782970777, 543274.871520494110882 ], [ 212657.19494078317075, 543278.351439055637456 ], [ 212654.25490279198857, 543282.15136070153676 ], [ 212651.314855888689635, 543286.501277905190364 ], [ 212651.114850529556861, 543286.931271189590916 ], [ 212649.016892201849259, 543289.408412750344723 ], [ 212681.650063305045478, 543261.102246288210154 ], [ 212680.275026749819517, 543261.621948264772072 ] ] ], [ [ [ 212641.40478922467446, 543295.52104441751726 ], [ 212639.004792272608029, 543296.520997443236411 ], [ 212636.384798379353015, 543297.44094755302649 ], [ 212637.069098710402614, 543299.771985152037814 ], [ 212643.147705777722877, 543294.499372724560089 ], [ 212641.40478922467446, 543295.52104441751726 ] ] ], [ [ [ 212545.420987947058165, 543577.63720847654622 ], [ 212547.491046524286503, 543572.997279537608847 ], [ 212551.521203448995948, 543561.317439280101098 ], [ 212549.251238997181645, 543560.247411143966019 ], [ 212546.541086228680797, 543571.017280151019804 ], [ 212542.101004051044583, 543578.287149418145418 ], [ 212543.022520694037667, 543582.357487244182266 ], [ 212545.425972603523405, 543577.822534324252047 ], [ 212545.420987947058165, 543577.63720847654622 ] ] ], [ [ [ 212514.220811803417746, 543603.956490060780197 ], [ 212515.428873331809882, 543589.344776788610034 ], [ 212513.660782003193162, 543606.435824212036096 ], [ 212514.220811803417746, 543603.956490060780197 ] ] ], [ [ [ 212509.421136955003021, 543586.266555308131501 ], [ 212509.246702898468357, 543586.607547955820337 ], [ 212515.401921265234705, 543589.053738428163342 ], [ 212509.421136955003021, 543586.266555308131501 ] ] ], [ [ [ 212582.711830310698133, 543507.188382348394953 ], [ 212582.860932707611937, 543507.188384764594957 ], [ 212583.295507206174079, 543506.368407929083332 ], [ 212582.711830310698133, 543507.188382348394953 ] ] ] ] } },
{ "type": "Feature", "properties": { "landuse_category": "기타 도시지역", "signgu_code": "11000", "source_layer": "용도지역3", "area_name": "wirye_plan_area", "source_version": "2024_02_gap_fill", "area_sqm": 10.059379648287106, "area_ha": 0.0010059379648287106 }, "geometry": { "type": "Polygon", "coordinates": [ [ [ 212980.839476017805282, 543109.263310375856236 ], [ 212981.899007658823393, 543113.158238672767766 ], [ 212983.104970400687307, 543115.248038464924321 ], [ 212989.214706549042603, 543128.508030360331759 ], [ 212986.010860556649277, 543120.589042411185801 ], [ 212981.575073734216858, 543109.628059072303586 ], [ 212980.839476017805282, 543109.263310375856236 ] ] ] } },
{ "type": "Feature", "properties": { "landuse_category": "제1종일반주거지역", "signgu_code": "11000", "source_layer": "용도지역3", "area_name": "wirye_plan_area", "source_version": "2024_02_gap_fill", "area_sqm": 60635.948794547839, "area_ha": 6.0635948794547838 }, "geometry": { "type": "Polygon", "coordinates": [ [ [ 213348.912419415515615, 543461.911167180980556 ], [ 213457.366098524362314, 543304.690195370698348 ], [ 213310.022926928068046, 543203.050627834862098 ], [ 213206.647911224310519, 543131.740528233814985 ], [ 213202.531990225223126, 543128.901484456728213 ], [ 213192.310832027811557, 543143.718199112103321 ], [ 213178.683621093456168, 543163.473818665603176 ], [ 213195.429299661715049, 543175.024996776599437 ], [ 213110.823990185454022, 543297.673634668346494 ], [ 213124.363730259326985, 543307.013778666965663 ], [ 213114.143572083296021, 543321.829493312514387 ], [ 213185.175208443804877, 543370.829248786438257 ], [ 213195.39636664110003, 543356.012534173554741 ], [ 213207.743129610549659, 543364.529665497248061 ], [ 213197.522971403988777, 543379.346380126429722 ], [ 213267.015637270233128, 543427.28411930904258 ], [ 213332.518379712942988, 543472.468816116219386 ], [ 213340.329500644118525, 543461.145034229848534 ], [ 213346.50338212409406, 543465.403099914663471 ], [ 213348.912419415515615, 543461.911167180980556 ] ] ] } },
{ "type": "Feature", "properties": { "landuse_category": "제3종일반주거지역", "signgu_code": "11000", "source_layer": "용도지역3", "area_name": "wirye_plan_area", "source_version": "2024_02_gap_fill", "area_sqm": 30592.394042562217, "area_ha": 3.0592394042562217 }, "geometry": { "type": "Polygon", "coordinates": [ [ [ 212091.003931463201297, 541645.006461221142672 ], [ 212080.734526377927978, 541645.467301980941556 ], [ 212065.026119884190848, 541646.222030844073743 ], [ 212053.186156948009739, 541649.791810345952399 ], [ 212038.006266898941249, 541650.511558786965907 ], [ 212022.02738064865116, 541651.278132636798546 ], [ 212021.192065004433971, 541651.321681733592413 ], [ 212019.116402692452539, 541651.471245231688954 ], [ 211982.866654742188985, 541653.84063926350791 ], [ 211966.929753371427068, 541655.635366778587922 ], [ 211966.929790153750218, 541655.635247242869809 ], [ 211966.928753379150294, 541655.635366761591285 ], [ 211966.536741076473845, 541656.58935271401424 ], [ 211946.849844400712755, 541659.950006881146692 ], [ 211883.037147796538193, 541672.791870188200846 ], [ 211822.989417062781285, 541685.880792467505671 ], [ 211810.625522188987816, 541685.506595345097594 ], [ 211776.057677194534335, 541693.042974931420758 ], [ 211775.389727332425537, 541691.211949422955513 ], [ 211751.737818279420026, 541696.366554423002526 ], [ 211741.418028837419115, 541688.466451169457287 ], [ 211740.522443587920861, 541670.286418586038053 ], [ 211740.398359801183688, 541668.522595711285248 ], [ 211739.276386549201561, 541667.425586407771334 ], [ 211736.915549963130616, 541658.497620286070742 ], [ 211728.791293100366602, 541493.02682482637465 ], [ 211728.803736736706924, 541492.542938405298628 ], [ 211728.73132528498536, 541491.067839671624824 ], [ 211728.501455300254747, 541483.147899892763235 ], [ 211728.581582672632067, 541475.237965050968342 ], [ 211728.981707476224983, 541467.328035387559794 ], [ 211729.701829234458273, 541459.448110659373924 ], [ 211730.73194802281796, 541451.598190706921741 ], [ 211732.072063513100147, 541443.798275366076268 ], [ 211733.72217571613146, 541436.048364639747888 ], [ 211735.682284138456453, 541428.378458283259533 ], [ 211737.85238472893252, 541421.088552258443087 ], [ 211739.292439868062502, 541416.968608826049604 ], [ 211741.872554004774429, 541408.63871783146169 ], [ 211744.162671921134461, 541400.218822868540883 ], [ 211746.152793536399258, 541391.718923696549609 ], [ 211747.84291852262686, 541383.159020150778815 ], [ 211749.22304680274101, 541374.54911199118942 ], [ 211750.302605183795094, 541365.893794282223098 ], [ 211750.657253883051453, 541361.043244230328128 ], [ 211751.194537060364382, 541355.022930129198357 ], [ 211751.305090377893066, 541353.038155526155606 ], [ 211750.18276574506308, 541329.648489975137636 ], [ 211739.755841179488925, 541330.148317183018662 ], [ 211739.957641987828538, 541342.357221896294504 ], [ 211739.518448042246746, 541354.559116291347891 ], [ 211738.439259856124409, 541366.722000640700571 ], [ 211736.723077968199505, 541378.810875277267769 ], [ 211734.373902880324749, 541390.792740531498566 ], [ 211731.398735060269246, 541402.63559677451849 ], [ 211727.806574996124255, 541414.304444431792945 ], [ 211724.511427896126406, 541425.025304551469162 ], [ 211721.793273567134747, 541435.907172708888538 ], [ 211719.659112470078981, 541446.918049275642261 ], [ 211718.116945042856969, 541458.026934628956951 ], [ 211717.169771768094506, 541469.202829071087763 ], [ 211716.820593131618807, 541480.413732908316888 ], [ 211717.070409663836472, 541491.626646423945203 ], [ 211717.0774073258508, 541491.76764539827127 ], [ 211723.847118504374521, 541629.839640159159899 ], [ 211728.633500148513122, 541727.460929338121787 ], [ 211730.484874201356433, 541765.217654396896251 ], [ 211731.372695163125172, 541775.839582988992333 ], [ 211732.988511667062994, 541786.376524050720036 ], [ 211735.324324618239189, 541796.776477874140255 ], [ 211738.370134853874333, 541806.992444674600847 ], [ 211742.109943331597606, 541816.973424605443142 ], [ 211745.279805269441567, 541823.933419710490853 ], [ 211776.630668368597981, 541816.868984268279746 ], [ 211803.7734851220157, 541814.751440761610866 ], [ 211823.04135727515677, 541813.1107659235131 ], [ 211839.066328997985693, 541806.92407530604396 ], [ 211845.892317272664513, 541804.269207244738936 ], [ 211848.566407514066668, 541797.370306245866232 ], [ 211848.043521675426746, 541790.576352643081918 ], [ 211889.140856052050367, 541749.574349032016471 ], [ 211918.601940482272767, 541729.774985833209939 ], [ 211959.220990933274152, 541706.552830898435786 ], [ 211970.900972101371735, 541701.935057267779484 ], [ 211991.558994893537601, 541690.302485614665784 ], [ 212009.655988227197668, 541681.757847569417208 ], [ 212022.191967206774279, 541676.852090119384229 ], [ 212032.959960387612227, 541671.944304066593759 ], [ 212050.79396675908356, 541662.724667214904912 ], [ 212066.169952666765312, 541655.985970540554263 ], [ 212098.033287772123003, 541644.636162646231242 ], [ 212091.313560986483935, 541644.959019822068512 ], [ 212091.003931463201297, 541645.006461221142672 ] ] ] } },
{ "type": "Feature", "properties": { "landuse_category": "일반상업지역", "signgu_code": "11000", "source_layer": "용도지역3", "area_name": "wirye_plan_area", "source_version": "2024_02_gap_fill", "area_sqm": 2118.9589640126878, "area_ha": 0.2118958964012688 }, "geometry": { "type": "Polygon", "coordinates": [ [ [ 212683.7945720803109, 541621.040252969134599 ], [ 212671.765659051103285, 541621.617053517256863 ], [ 212575.421355241065612, 541626.26345586637035 ], [ 212576.355032193823718, 541645.753313715918921 ], [ 212684.730248483683681, 541640.562110609957017 ], [ 212683.7945720803109, 541621.040252969134599 ] ] ] } },
{ "type": "Feature", "properties": { "landuse_category": "제3종일반주거지역", "signgu_code": "11000", "source_layer": "용도지역3", "area_name": "wirye_plan_area", "source_version": "2024_02_gap_fill", "area_sqm": 3106.5243944640538, "area_ha": 0.31065243944640536 }, "geometry": { "type": "Polygon", "coordinates": [ [ [ 212434.877420941746095, 541629.953150306129828 ], [ 212392.800724489148706, 541632.03438708698377 ], [ 212380.983761165669421, 541635.597232113359496 ], [ 212380.822563180321595, 541635.60475148668047 ], [ 212380.797762414149474, 541635.612228981917724 ], [ 212362.367896094219759, 541636.47192363278009 ], [ 212344.940022110764403, 541637.309634688543156 ], [ 212346.177970990771428, 541639.854634193587117 ], [ 212348.496903849678347, 541642.85464752803091 ], [ 212355.243757418909809, 541648.561710710753687 ], [ 212367.661566231545294, 541654.227866045897827 ], [ 212375.191455200314522, 541657.360962681239471 ], [ 212389.180264882277697, 541662.196150162140839 ], [ 212403.855141135281883, 541662.580384677276015 ], [ 212423.605974585167132, 541663.097700310871005 ], [ 212457.650498852191959, 541675.64115034788847 ], [ 212456.49389905348653, 541651.495326479314826 ], [ 212455.503241968224756, 541630.805477406596765 ], [ 212434.877420941746095, 541629.953150306129828 ] ] ] } },
{ "type": "Feature", "properties": { "landuse_category": "자연녹지지역", "signgu_code": "11000", "source_layer": "용도지역3", "area_name": "wirye_plan_area", "source_version": "2024_02_gap_fill", "area_sqm": 62.065979870896086, "area_ha": 0.0062065979870896083 }, "geometry": { "type": "Polygon", "coordinates": [ [ [ 213265.520513488125289, 543497.354528942960314 ], [ 213261.540671164635569, 543489.595527118188329 ], [ 213252.857978988846298, 543474.899505104054697 ], [ 213249.000973249610979, 543477.161424302379601 ], [ 213265.520513488125289, 543497.354528942960314 ] ] ] } },
{ "type": "Feature", "properties": { "landuse_category": "자연녹지지역", "signgu_code": "11000", "source_layer": "용도지역3", "area_name": "wirye_plan_area", "source_version": "2024_02_gap_fill", "area_sqm": 12.506763680032297, "area_ha": 0.0012506763680032297 }, "geometry": { "type": "Polygon", "coordinates": [ [ [ 213245.801062300248304, 543473.250404029851779 ], [ 213243.181186183297541, 543466.903412840794772 ], [ 213241.367222980741644, 543465.530394527479075 ], [ 213238.370269086648477, 543464.168356951908208 ], [ 213245.801062300248304, 543473.250404029851779 ] ] ] } },
{ "type": "Feature", "properties": { "landuse_category": "제2종일반주거지역(7층)", "signgu_code": "11000", "source_layer": "용도지역3", "area_name": "wirye_plan_area", "source_version": "2024_02_gap_fill", "area_sqm": 40.549050009132309, "area_ha": 0.0040549050009132306 }, "geometry": { "type": "MultiPolygon", "coordinates": [ [ [ [ 213868.500004669476766, 543477.334466947708279 ], [ 213858.648956871824339, 543485.151244079577737 ], [ 213838.581360235257307, 543499.749837241484784 ], [ 213870.000225859286729, 543479.324623290915042 ], [ 213868.500004669476766, 543477.334466947708279 ] ] ], [ [ [ 213547.087152954161866, 543688.769547345815226 ], [ 213545.536667301086709, 543690.256414465024136 ], [ 213547.582576926244656, 543688.926381028490141 ], [ 213547.087152954161866, 543688.769547345815226 ] ] ] ] } },
{ "type": "Feature", "properties": { "landuse_category": "일반상업지역", "signgu_code": "11000", "source_layer": "용도지역3", "area_name": "wirye_plan_area", "source_version": "2024_02_gap_fill", "area_sqm": 18914.644305652433, "area_ha": 1.8914644305652433 }, "geometry": { "type": "Polygon", "coordinates": [ [ [ 213785.432649801281514, 543231.879102081875317 ], [ 213745.087424247234594, 543204.047672677901573 ], [ 213713.005040057527367, 543181.917331222561188 ], [ 213712.998040212172782, 543181.911331155686639 ], [ 213718.39274340053089, 543197.554292311891913 ], [ 213726.193309198628413, 543220.483233644277789 ], [ 213732.156091268872842, 543230.979245564667508 ], [ 213737.208881001017289, 543241.452242920640856 ], [ 213751.563358651095768, 543266.5782727713231 ], [ 213762.711015742825111, 543282.22032720700372 ], [ 213766.149909964209655, 543287.045344002894126 ], [ 213786.377355195349082, 543311.267476377775893 ], [ 213790.415245165117085, 543316.058503161068074 ], [ 213803.359927451034309, 543329.257606466650032 ], [ 213814.453655177203473, 543340.568695004563779 ], [ 213821.59046540086274, 543348.74674468964804 ], [ 213821.594465322006727, 543348.749744730535895 ], [ 213832.766225409082836, 543358.025850972160697 ], [ 213843.671012199687539, 543365.786965118139051 ], [ 213843.699011649325257, 543365.806965410709381 ], [ 213847.963928285345901, 543368.841010064468719 ], [ 213847.967928205325734, 543368.844010106753558 ], [ 213855.761761159985326, 543375.295084388111718 ], [ 213860.780654096510261, 543379.418132477672771 ], [ 213860.78365403987118, 543379.420132512226701 ], [ 213868.837506524141645, 543384.538221775437705 ], [ 213871.478463846200611, 543385.8652538851602 ], [ 213871.487463708472205, 543385.869253997458145 ], [ 213874.779410511837341, 543387.523294021142647 ], [ 213883.572298238635994, 543390.102415772387758 ], [ 213883.627297521423316, 543390.119416526868008 ], [ 213883.629297572013456, 543390.115416592918336 ], [ 213885.812354382884223, 543385.53248899593018 ], [ 213890.463453027245123, 543377.149632104672492 ], [ 213895.623542685556458, 543369.069781017256901 ], [ 213901.2726229710388, 543361.325935148284771 ], [ 213907.390693620429374, 543353.945093949441798 ], [ 213913.95375432955916, 543346.957256794092245 ], [ 213921.99381142668426, 543339.462447679252364 ], [ 213926.402835879358463, 543335.775548940175213 ], [ 213930.94485655616154, 543332.255651011364534 ], [ 213999.038549380115001, 543379.227375942515209 ], [ 214010.41771159315249, 543362.731594437616877 ], [ 214008.274769893032499, 543361.063672370277345 ], [ 214007.16779961224529, 543359.777664803434163 ], [ 214004.597848449426237, 543358.035637193592265 ], [ 214004.282834255631315, 543359.066623760852963 ], [ 213993.371040436264593, 543351.742505949339829 ], [ 213993.1800653639948, 543350.299514503451064 ], [ 213987.938165083207423, 543346.739458246040158 ], [ 213985.425179023732198, 543347.121414409717545 ], [ 213985.551164313859772, 543347.966409631771967 ], [ 213955.980741128267255, 543327.003099384019151 ], [ 213956.997769410489127, 543324.756134016439319 ], [ 213939.936033356847474, 543316.907920720637776 ], [ 213937.567063700844301, 543316.206887967884541 ], [ 213928.904226403625216, 543310.452793957549147 ], [ 213907.51562813000055, 543296.244561858358793 ], [ 213889.821999357402092, 543282.091389233828522 ], [ 213851.941710838465951, 543256.926978205563501 ], [ 213834.240004400839098, 543247.567766756517813 ], [ 213826.094157374405768, 543242.157678361982107 ], [ 213815.324359646881931, 543235.003561505815014 ], [ 213793.347447808890138, 543220.405206896946765 ], [ 213785.432649801281514, 543231.879102081875317 ] ] ] } },
{ "type": "Feature", "properties": { "landuse_category": "제2종일반주거지역", "signgu_code": "11000", "source_layer": "용도지역3", "area_name": "wirye_plan_area", "source_version": "2024_02_gap_fill", "area_sqm": 156.25082948784467, "area_ha": 0.015625082948784466 }, "geometry": { "type": "Polygon", "coordinates": [ [ [ 212636.384798379353015, 543297.44094755302649 ], [ 212627.524795072968118, 543302.030766886542551 ], [ 212615.794752245070413, 543310.480508511536755 ], [ 212610.91473629855318, 543313.880401953472756 ], [ 212610.374729448260041, 543314.570387625601143 ], [ 212612.649990064703161, 543320.953235113876872 ], [ 212637.069098710402614, 543299.771985152037814 ], [ 212636.384798379353015, 543297.44094755302649 ] ] ] } },
{ "type": "Feature", "properties": { "landuse_category": "자연녹지지역", "signgu_code": "11000", "source_layer": "용도지역3", "area_name": "wirye_plan_area", "source_version": "2024_02_gap_fill", "area_sqm": 8549.7767500840382, "area_ha": 0.85497767500840383 }, "geometry": { "type": "MultiPolygon", "coordinates": [ [ [ [ 211456.06935732261627, 541747.684354266733862 ], [ 211420.403602051985217, 541718.728783622034825 ], [ 211458.143828550615581, 541749.559417995042168 ], [ 211456.06935732261627, 541747.684354266733862 ] ] ], [ [ [ 211347.231672241934575, 541658.543312832247466 ], [ 211341.59192599132075, 541654.346181968925521 ], [ 211349.601387081551366, 541660.889247268438339 ], [ 211347.231672241934575, 541658.543312832247466 ] ] ], [ [ [ 211245.505687486263923, 541460.783263936871663 ], [ 211239.997757744538831, 541335.554186155437492 ], [ 211237.918273842806229, 541304.684401792590506 ], [ 211235.871625752974069, 541283.946536137373187 ], [ 211235.868626261129975, 541283.916536329779774 ], [ 211235.540682632534299, 541280.594557849690318 ], [ 211235.238734560174635, 541277.534577675047331 ], [ 211231.849641319422517, 541223.164961863309145 ], [ 211228.643552661902504, 541168.420352018089034 ], [ 211228.479589758266229, 541166.208367225481197 ], [ 211228.25066457153298, 541161.697399944649078 ], [ 211224.321781416627346, 541094.605878065805882 ], [ 211223.731835967540974, 541091.525893388781697 ], [ 211220.972193957131822, 541044.607424900401384 ], [ 211248.376241660356754, 541522.841312194126658 ], [ 211245.505687486263923, 541460.783263936871663 ] ] ], [ [ [ 212112.95993199563236, 543239.737933323951438 ], [ 212109.965960556350183, 543239.457887085154653 ], [ 212104.635998753714375, 543239.739798463881016 ], [ 212103.434369081573095, 543239.803355939569883 ], [ 212133.273242828727234, 543336.275717783370055 ], [ 212141.612213160522515, 543331.655654311063699 ], [ 212141.231232823076425, 543330.630656427820213 ], [ 212139.093603127548704, 543308.829798070830293 ], [ 212132.687933595501818, 543291.601833590306342 ], [ 212131.465281776094344, 543270.7129826733144 ], [ 212117.135465919855051, 543266.442785055958666 ], [ 212114.695581813051831, 543260.496793603291735 ], [ 212117.458611365611432, 543257.303864179761149 ], [ 212117.011631293629762, 543256.294865096686408 ], [ 212120.900676206831122, 543251.595966090681031 ], [ 212112.95993199563236, 543239.737933323951438 ] ] ], [ [ [ 212092.196947817545151, 543125.571519975899719 ], [ 212092.529997674981132, 543122.328551590675488 ], [ 212092.948060243885266, 543118.258591266581789 ], [ 212093.541148845863063, 543112.494647468673065 ], [ 212091.002431783446809, 543096.283737397287041 ], [ 212090.582478624535725, 543093.599752291222103 ], [ 212085.540040662483079, 543061.396930937306024 ], [ 212083.8852251538774, 543050.82598958525341 ], [ 212082.203412629489321, 543040.084049177239649 ], [ 212081.144530742691131, 543033.316086735459976 ], [ 212080.022640370705631, 543027.103118787636049 ], [ 212073.463281612406718, 542990.760306315263733 ], [ 212072.922334444214357, 542987.766321751871146 ], [ 212070.718549859186169, 542975.557384744868614 ], [ 212069.986621485586511, 542971.497405706089921 ], [ 212066.70694191227085, 542953.337499372544698 ], [ 212062.579119992995402, 542944.386504863970913 ], [ 212064.302161788538797, 542940.952560527715832 ], [ 212065.204215010919143, 542937.219605313614011 ], [ 212062.956371548032621, 542928.667638029204682 ], [ 212067.545604152343003, 542912.032846817979589 ], [ 212068.705762503086589, 542901.680949282483198 ], [ 212069.889864705270156, 542894.784024210413918 ], [ 212069.89386473770719, 542894.780024304869585 ], [ 212053.425188294379041, 542882.957853110041469 ], [ 212050.629130110319238, 542881.078076589503326 ], [ 212084.890167825651588, 543125.157039136392996 ], [ 212092.196947817545151, 543125.571519975899719 ] ] ], [ [ [ 212051.330317218351411, 542876.034875135519542 ], [ 212049.510559751128312, 542873.109272635774687 ], [ 212050.050571545521962, 542876.956369143328629 ], [ 212051.330317218351411, 542876.034875135519542 ] ] ], [ [ [ 212052.087026907422114, 542831.839244598755613 ], [ 212052.261122664640425, 542825.840295904665254 ], [ 212055.607884573983029, 542777.136743730632588 ], [ 212055.035975834936835, 542771.784777721739374 ], [ 212054.876086786767701, 542765.012829861021601 ], [ 212053.533198981982423, 542758.749858727678657 ], [ 212051.146280605229549, 542754.891851245425642 ], [ 212047.903351132641546, 542752.14282093802467 ], [ 212042.955411429604283, 542750.869751089601777 ], [ 212041.753441830631346, 542749.58774198172614 ], [ 212042.59081378771225, 542726.204944514436647 ], [ 212034.377921593579231, 542723.614832428982481 ], [ 212035.136983408214292, 542719.421878608758561 ], [ 212028.382609305059304, 542722.591700212331489 ], [ 212042.611293912283145, 542823.958232253673486 ], [ 212052.087026907422114, 542831.839244598755613 ] ] ], [ [ [ 212028.756688992056297, 542679.011101846001111 ], [ 212032.105718667822657, 542675.520184294204228 ], [ 212033.905934115260607, 542661.324328166781925 ], [ 212030.019459884584649, 542630.78151203726884 ], [ 212027.274490606650943, 542630.243471929919906 ], [ 212025.093628932518186, 542622.781496908632107 ], [ 212022.325724563677795, 542618.246488727163523 ], [ 212023.543838626792422, 542610.599570245598443 ], [ 212022.104976504517253, 542602.797609987668693 ], [ 212023.745025971438736, 542598.930667797103524 ], [ 212022.533128558512544, 542593.195694510708563 ], [ 212018.420252789976075, 542587.560673436499201 ], [ 212018.371254248224432, 542587.494673176552169 ], [ 212015.691505128110293, 542573.328744247206487 ], [ 212015.829743367416086, 542558.547865917207673 ], [ 212015.25808767756098, 542537.568026182125323 ], [ 212008.117223001871025, 542532.746949492720887 ], [ 212016.525381225801539, 542518.812198254279792 ], [ 212019.134430323494598, 542514.488275441341102 ], [ 212018.651494140125578, 542510.78629753307905 ], [ 212016.572499768342823, 542511.468258353066631 ], [ 212016.573500198777765, 542511.44125858694315 ], [ 212016.560500235500513, 542511.445258345222101 ], [ 212016.607657979184296, 542501.680338007281534 ], [ 212016.559690019232221, 542499.725353025831282 ], [ 212012.600031901500188, 542480.572443652548827 ], [ 212012.44803887073067, 542480.217444059904665 ], [ 212011.079098876420176, 542477.18944635533262 ], [ 212008.159150092222262, 542475.472412941628136 ], [ 211993.943330266396515, 542471.384215761092491 ], [ 211993.777358025137801, 542469.752226259326562 ], [ 211993.713363638729788, 542469.437227766728029 ], [ 211993.283402059052605, 542467.27723825618159 ], [ 211992.61646176467184, 542463.92025457858108 ], [ 211992.156498792988714, 542461.861263768048957 ], [ 211991.249584371311357, 542457.025288155302405 ], [ 211991.248584441869752, 542457.021288171876222 ], [ 211990.757699033798417, 542454.548182639176957 ], [ 212022.760274142492563, 542682.537638074136339 ], [ 212028.756688992056297, 542679.011101846001111 ] ] ], [ [ [ 211999.184522722760448, 542456.903417637571692 ], [ 212003.528471391939092, 542457.922479750821367 ], [ 212003.703469326748746, 542457.963482249993831 ], [ 212003.703498839138774, 542456.140726312529296 ], [ 211990.747729003662243, 542454.47715517540928 ], [ 211990.747922608890804, 542454.478534437832423 ], [ 211999.184522722760448, 542456.903417637571692 ] ] ], [ [ [ 211902.799087205319665, 542160.948247826774605 ], [ 211900.049152798223076, 542158.258225033176132 ], [ 211893.453231771534774, 542156.646131257293746 ], [ 211888.310270326124737, 542156.811046654125676 ], [ 211887.909273977566045, 542156.784040379105136 ], [ 211887.259036628180183, 542156.740248240181245 ], [ 211909.264044496958377, 542166.625683621852659 ], [ 211902.799087205319665, 542160.948247826774605 ] ] ], [ [ [ 211887.032283859065501, 542156.608027602196671 ], [ 211886.964710674830712, 542156.608026510919444 ], [ 211887.057908136572223, 542156.649894139030948 ], [ 211887.032283859065501, 542156.608027602196671 ] ] ], [ [ [ 211876.389650214725407, 542139.24799551977776 ], [ 211863.330081271502422, 542119.087946920888498 ], [ 211851.230461727303918, 542101.577892461558804 ], [ 211841.650749454274774, 542088.547842614469118 ], [ 211840.33177454827819, 542087.650828505284153 ], [ 211840.287775905395392, 542087.588828295236453 ], [ 211818.911793784529436, 542073.077514343080111 ], [ 211886.945510438323254, 542156.585403395118192 ], [ 211876.389650214725407, 542139.24799551977776 ] ] ], [ [ [ 211528.85705884397612, 541668.287173618329689 ], [ 211528.833056574891089, 541668.439171999925748 ], [ 211528.711044378171209, 541669.253163452493027 ], [ 211528.594032129447442, 541670.068154976586811 ], [ 211528.483019812963903, 541670.884146590484306 ], [ 211528.378007431485457, 541671.701138291391544 ], [ 211528.277995013282634, 541672.518130075186491 ], [ 211528.182982536964118, 541673.336121930507943 ], [ 211528.093970012996579, 541674.154113882686943 ], [ 211528.009957430040231, 541674.973105908604339 ], [ 211527.93194478523219, 541675.793098024325445 ], [ 211527.890937748656143, 541676.248093684902415 ], [ 211529.361929328122642, 541676.040119174402207 ], [ 211528.85705884397612, 541668.287173618329689 ] ] ], [ [ [ 211733.482860260264715, 541826.377209007041529 ], [ 211733.493856739776675, 541826.589207471464761 ], [ 211734.194853678025538, 541826.431220098515041 ], [ 211733.482860260264715, 541826.377209007041529 ] ] ] ] } },
{ "type": "Feature", "properties": { "landuse_category": "제2종일반주거지역", "signgu_code": "11000", "source_layer": "용도지역3", "area_name": "wirye_plan_area", "source_version": "2024_02_gap_fill", "area_sqm": 5612.1532737484386, "area_ha": 0.56121532737484381 }, "geometry": { "type": "Polygon", "coordinates": [ [ [ 211742.109943331597606, 541816.973424605443142 ], [ 211738.370134853874333, 541806.992444674600847 ], [ 211735.324324618239189, 541796.776477874140255 ], [ 211732.988511667062994, 541786.376524050720036 ], [ 211731.372695163125172, 541775.839582988992333 ], [ 211730.484874201356433, 541765.217654396896251 ], [ 211728.633500148513122, 541727.460929338121787 ], [ 211666.740777842904208, 541740.948818563832901 ], [ 211666.739694119925844, 541807.907277774997056 ], [ 211669.632659911090741, 541808.588319104164839 ], [ 211698.30329693161184, 541816.817716738325544 ], [ 211723.709950498858234, 541825.64105675148312 ], [ 211733.482860260264715, 541826.377209007041529 ], [ 211734.194853678025538, 541826.431220098515041 ], [ 211745.279805269441567, 541823.933419710490853 ], [ 211742.109943331597606, 541816.973424605443142 ] ] ] } },
{ "type": "Feature", "properties": { "landuse_category": "일반상업지역", "signgu_code": "11000", "source_layer": "용도지역3", "area_name": "wirye_plan_area", "source_version": "2024_02_gap_fill", "area_sqm": 17774.029586373774, "area_ha": 1.7774029586373774 }, "geometry": { "type": "Polygon", "coordinates": [ [ [ 211702.252173587214202, 541328.171726164291613 ], [ 211702.121235627448186, 541324.402754468261264 ], [ 211701.919298171531409, 541320.637781593599357 ], [ 211701.64536122806021, 541316.876807518536225 ], [ 211701.300424753426341, 541313.121832249802537 ], [ 211700.883488747116644, 541309.373855754965916 ], [ 211700.395553174370434, 541305.633878048043698 ], [ 211699.836617997876601, 541301.904899103334174 ], [ 211699.206683207914466, 541298.186918921535835 ], [ 211698.506748768500984, 541294.481937499716878 ], [ 211697.959795501024928, 541291.864949772367254 ], [ 211697.938797335023992, 541291.761950264568441 ], [ 211695.836792230024002, 541293.117905301158316 ], [ 211682.972840177302714, 541296.522669624886476 ], [ 211670.236887637205655, 541299.894436292466708 ], [ 211660.220872658886947, 541305.778226697351784 ], [ 211634.964722465520026, 541327.56264209933579 ], [ 211626.79070629546186, 541332.60846908041276 ], [ 211609.266705193731468, 541341.352114890469238 ], [ 211582.484662750299321, 541357.234553238609806 ], [ 211558.33662893527071, 541371.280049044522457 ], [ 211542.338505040359451, 541386.857664369046688 ], [ 211535.381476493319497, 541392.06650972540956 ], [ 211533.733310536685167, 541403.138393657049164 ], [ 211530.243187205283903, 541412.488261683378369 ], [ 211523.954923083947506, 541431.924002988263965 ], [ 211521.234695911232848, 541447.309834731859155 ], [ 211516.501248596410733, 541477.296515995869413 ], [ 211518.029617159860209, 541515.560231753042899 ], [ 211518.091576483624522, 541518.04321270424407 ], [ 211518.39157684717793, 541517.872218941454776 ], [ 211535.752598400140414, 541507.94358008808922 ], [ 211553.114619947271422, 541498.01494124752935 ], [ 211557.549625447718427, 541495.479033504612744 ], [ 211558.416626528196502, 541494.983051538583823 ], [ 211559.281627605145331, 541494.488069535815157 ], [ 211560.144628684647614, 541493.994087490369566 ], [ 211561.006629754963797, 541493.501105422968976 ], [ 211561.865630833111936, 541493.009123297524638 ], [ 211562.722631929063937, 541492.517141140066087 ], [ 211564.032633600174449, 541491.765168414684013 ], [ 211565.728635803738143, 541490.789203740423545 ], [ 211567.417638047947548, 541489.814238949213177 ], [ 211569.493640881380998, 541488.611282263183966 ], [ 211571.513643773389049, 541487.432324473047629 ], [ 211573.172646241291659, 541486.458359187468886 ], [ 211574.821648789133178, 541485.484393741935492 ], [ 211576.460651434579631, 541484.509428140008822 ], [ 211578.088654184481129, 541483.533462365274318 ], [ 211579.706657045055181, 541482.555496447603218 ], [ 211581.31266003541532, 541481.575530353118666 ], [ 211582.908663137932308, 541480.593564113485627 ], [ 211584.491666376037756, 541479.609597677947022 ], [ 211586.06266977704945, 541478.621631081099622 ], [ 211587.622673314122949, 541477.630664330092259 ], [ 211589.16867704372271, 541476.634697391884401 ], [ 211590.702680918155238, 541475.635730284499004 ], [ 211592.222684987005778, 541474.631762991193682 ], [ 211593.729689239320578, 541473.622795528266579 ], [ 211595.222693686024286, 541472.608827877207659 ], [ 211596.701698324613972, 541471.589860041742213 ], [ 211598.165703182341531, 541470.564892013324425 ], [ 211599.9827095301589, 541469.272931850282475 ], [ 211601.761716279346729, 541467.974971122574061 ], [ 211603.17272193529061, 541466.927002422162332 ], [ 211604.568727806239622, 541465.873033523908816 ], [ 211605.947733942681225, 541464.811064418638125 ], [ 211607.310740318760509, 541463.742095107678324 ], [ 211608.65674694799236, 541462.66612557915505 ], [ 211610.179754858661909, 541461.423160265781917 ], [ 211611.674763156072004, 541460.170194574864581 ], [ 211612.970770719373832, 541459.061224505887367 ], [ 211614.389779399440158, 541457.822257475811057 ], [ 211615.792788500519237, 541456.565290330676362 ], [ 211617.05179703826434, 541455.414319998933934 ], [ 211618.298805882484885, 541454.250349579378963 ], [ 211619.533815018890891, 541453.074379059951752 ], [ 211620.756824475858593, 541451.884408465703018 ], [ 211621.967834210547153, 541450.683437760919333 ], [ 211623.165844254719559, 541449.469466950045899 ], [ 211624.351854609383736, 541448.242496051476337 ], [ 211625.52586523653008, 541447.004525045282207 ], [ 211626.685876170755364, 541445.754553915234283 ], [ 211627.865887720079627, 541444.456583491177298 ], [ 211635.018973185447976, 541435.6337704929756 ], [ 211641.550071227626177, 541426.341951214708388 ], [ 211647.428181411320111, 541416.623124813777395 ], [ 211652.625303200009512, 541406.524290456203744 ], [ 211657.118436018499779, 541396.092447392526083 ], [ 211660.827566540712724, 541386.190587364137173 ], [ 211663.896705720108002, 541376.070718734990805 ], [ 211666.313852936029434, 541365.776840955135413 ], [ 211668.067007641366217, 541355.348953512264416 ], [ 211669.151169175398536, 541344.830055975122377 ], [ 211669.56033688041498, 541334.264147892827168 ], [ 211677.264290277729742, 541333.330280112335458 ], [ 211685.003237324708607, 541332.771409872570075 ], [ 211689.563204341131495, 541332.552485439227894 ], [ 211702.311112107359804, 541331.941696684807539 ], [ 211702.252173587214202, 541328.171726164291613 ] ] ] } },
{ "type": "Feature", "properties": { "landuse_category": "제2종일반주거지역(7층이하)", "signgu_code": "11000", "source_layer": "용도지역3", "area_name": "wirye_plan_area", "source_version": "2024_02_gap_fill", "area_sqm": 40.549050009132309, "area_ha": 0.0040549050009132306 }, "geometry": { "type": "MultiPolygon", "coordinates": [ [ [ [ 213868.500004669476766, 543477.334466947708279 ], [ 213858.648956871824339, 543485.151244079577737 ], [ 213838.581360235257307, 543499.749837241484784 ], [ 213870.000225859286729, 543479.324623290915042 ], [ 213868.500004669476766, 543477.334466947708279 ] ] ], [ [ [ 213547.087152954161866, 543688.769547345815226 ], [ 213545.536667301086709, 543690.256414465024136 ], [ 213547.582576926244656, 543688.926381028490141 ], [ 213547.087152954161866, 543688.769547345815226 ] ] ] ] } }
]
}
