{
"type": "FeatureCollection",
"name": "sgis_joined_census",
"crs": { "type": "name", "properties": { "name": "urn:ogc:def:crs:EPSG::5186" } },
"features": [
{ "type": "Feature", "properties": { "area_name": "pangyo_1st_technovalley", "spatial_id": "31023740020101", "original_area_sqm": 13104.880791668156, "intersect_area_sqm": 68.356583841848916, "allocation_ratio": 0.0052161164171221448, "population_allocated": 2.4463585996302859, "households_allocated": 0.84501085957378741, "business_count_allocated": 0.0, "worker_count_allocated": 0.0 }, "geometry": { "type": "Polygon", "coordinates": [ [ [ 209999.252895531302784, 533742.468263902934268 ], [ 209997.956121889990754, 533769.033967544673942 ], [ 210001.083903742808616, 533757.357219246565364 ], [ 210000.793454746191856, 533717.440400187042542 ], [ 209999.252895531302784, 533742.468263902934268 ] ] ] } },
{ "type": "Feature", "properties": { "area_name": "pangyo_1st_technovalley", "spatial_id": "31023740050001", "original_area_sqm": 358868.99102014129, "intersect_area_sqm": 280112.40816108079, "allocation_ratio": 0.7805422456947797, "population_allocated": 85.079104780730987, "households_allocated": 76.493140078088416, "business_count_allocated": 924.16201890261914, "worker_count_allocated": 35120.498345036613 }, "geometry": { "type": "Polygon", "coordinates": [ [ [ 209984.259503615787253, 533770.509856283664703 ], [ 209995.287440068088472, 533770.751988565782085 ], [ 209997.482919521047734, 533770.800543736899272 ], [ 209997.956121889990754, 533769.033967544673942 ], [ 209999.252895531302784, 533742.468263902934268 ], [ 210000.793454746191856, 533717.440400187042542 ], [ 209998.4252737860661, 533391.97791971731931 ], [ 209714.59226165706059, 533390.756159666809253 ], [ 209712.58502912404947, 533295.854307116591372 ], [ 209543.174218790780287, 533297.767926829867065 ], [ 209543.0694091959449, 533389.503996488871053 ], [ 209371.576583179528825, 533386.269414144800976 ], [ 209370.914062594005372, 533387.970948941772804 ], [ 209369.127131531771738, 533393.711977856582962 ], [ 209368.72410914520151, 533395.006961021223105 ], [ 209363.803168488986557, 533410.817716162069701 ], [ 209362.286964160186471, 533415.686829417594709 ], [ 209356.400048979878193, 533438.176836585975252 ], [ 209350.987133900867775, 533460.626740132574923 ], [ 209345.350043781567365, 533476.487820353358984 ], [ 209335.506108653527917, 533494.001870806096122 ], [ 209323.968155101581942, 533512.598778612213209 ], [ 209322.985113142378395, 533514.419898289837874 ], [ 209313.047016962431371, 533532.825804097577929 ], [ 209306.909972478926647, 533550.564784400863573 ], [ 209303.121021962782834, 533566.877834020648152 ], [ 209299.785024536628043, 533590.971798350685276 ], [ 209299.24600641609868, 533594.55777546740137 ], [ 209293.021034903591499, 533608.463754546828568 ], [ 209287.090966437710449, 533619.692826443468221 ], [ 209276.291006646730239, 533647.29284519108478 ], [ 209263.382131886581192, 533679.283843686920591 ], [ 209237.408066170406528, 533743.654764148057438 ], [ 209236.533099331369158, 533745.280775607330725 ], [ 209229.095473738911096, 533766.163120997603983 ], [ 209258.779354106867686, 533766.709126023692079 ], [ 209290.04611665091943, 533766.868660800973885 ], [ 209425.965035159897525, 533767.560835856478661 ], [ 209426.3340689635952, 533767.56279204308521 ], [ 209427.087851871474413, 533767.566688501508906 ], [ 209445.358867184986593, 533767.660136073478498 ], [ 209674.557000319444342, 533768.136882288497873 ], [ 209711.82171796093462, 533768.477475257357582 ], [ 209711.934755413851235, 533768.479475003667176 ], [ 209715.380669235048117, 533768.510544663993642 ], [ 209933.589901548548369, 533770.508973327465355 ], [ 209984.259503615787253, 533770.509856283664703 ] ] ] } },
{ "type": "Feature", "properties": { "area_name": "pangyo_1st_technovalley", "spatial_id": "31023740060001", "original_area_sqm": 500580.57207633386, "intersect_area_sqm": 236004.4073821315, "allocation_ratio": 0.47146138013950534, "population_allocated": 148.03887336380467, "households_allocated": 134.36649333975902, "business_count_allocated": 140.49549128157258, "worker_count_allocated": 4279.9264089064291 }, "geometry": { "type": "Polygon", "coordinates": [ [ [ 209995.287440068088472, 533770.751988565782085 ], [ 209984.259503615787253, 533770.509856283664703 ], [ 209933.589901548548369, 533770.508973327465355 ], [ 209715.380669235048117, 533768.510544663993642 ], [ 209711.934755413851235, 533768.479475003667176 ], [ 209711.82171796093462, 533768.477475257357582 ], [ 209674.557000319444342, 533768.136882288497873 ], [ 209445.358867184986593, 533767.660136073478498 ], [ 209427.087851871474413, 533767.566688501508906 ], [ 209426.3340689635952, 533767.56279204308521 ], [ 209425.965035159897525, 533767.560835856478661 ], [ 209290.04611665091943, 533766.868660800973885 ], [ 209258.779354106867686, 533766.709126023692079 ], [ 209229.095473738911096, 533766.163120997603983 ], [ 209222.393085117044393, 533784.980733612668701 ], [ 209214.187979936163174, 533805.517870187642984 ], [ 209201.640000547078671, 533830.04479013371747 ], [ 209178.761114715511212, 533866.078771246015094 ], [ 209167.171033343300223, 533883.071752962539904 ], [ 209156.963974599551875, 533896.051857470069081 ], [ 209146.324974544695579, 533905.514869218342938 ], [ 209143.054131733137183, 533908.18280461570248 ], [ 209122.666062420757953, 533924.811820337316021 ], [ 209109.469128581520636, 533933.012767613166943 ], [ 209079.326117830642033, 533951.612882811226882 ], [ 209060.309139087650692, 533963.270771998795681 ], [ 209050.181143362948205, 533970.620841708499938 ], [ 209032.201074447628343, 533986.601756396237761 ], [ 209017.86695766102639, 533998.63881244242657 ], [ 208995.099050982476911, 534013.54872686706949 ], [ 208989.247970556927612, 534017.651762653607875 ], [ 208981.417077478748979, 534022.588837063405663 ], [ 208979.077121254056692, 534024.064828212023713 ], [ 208978.697101380093955, 534024.303911179769784 ], [ 208971.664996852166951, 534028.85086677223444 ], [ 208961.802123403525911, 534037.292776481015608 ], [ 208953.903067502804333, 534044.142855444340967 ], [ 208940.433075638196897, 534057.995814627502114 ], [ 208935.70993319209083, 534062.761891182162799 ], [ 208926.93207892528153, 534071.620917944004759 ], [ 208910.829020280129043, 534084.08076570997946 ], [ 208894.307000789121957, 534094.160843571997248 ], [ 208889.100139014655724, 534096.836721542757004 ], [ 208886.904086460272083, 534097.96473737177439 ], [ 208869.676087132975226, 534106.817782147787511 ], [ 208853.573003524914384, 534115.092755374964327 ], [ 208851.09257774244179, 534116.684346581925638 ], [ 208846.506953815638553, 534119.626825491781346 ], [ 208834.760121245111804, 534127.125973322079517 ], [ 208812.260008156561526, 534136.282801026245579 ], [ 208799.67008671691292, 534141.017976508010179 ], [ 208797.736041962954914, 534141.597959622158669 ], [ 208795.777993746072752, 534142.213829171610996 ], [ 208784.807945036154706, 534146.491005290183239 ], [ 208783.055028735107044, 534147.022929222439416 ], [ 208781.357953017199179, 534147.550947515526786 ], [ 208772.563126937544439, 534149.873869461705908 ], [ 208768.033020514034433, 534151.175983644207008 ], [ 208757.378159338491969, 534154.663295649224892 ], [ 208840.392251006764127, 534176.980503628496081 ], [ 208976.588522057892988, 534197.16606124327518 ], [ 209081.842460779007524, 534201.904539828770794 ], [ 209233.530604313971708, 534209.778668466256931 ], [ 209225.956175069120945, 534193.578628855058923 ], [ 209221.115645650657825, 534171.656689888914116 ], [ 209219.272852723253891, 534162.19589772913605 ], [ 209208.630473204597365, 534149.726263117277995 ], [ 209205.873247771669412, 534129.190731518552639 ], [ 209197.567693921271712, 534098.26739674853161 ], [ 209193.180443131073844, 534085.34317220072262 ], [ 209190.881648462091107, 534069.191372032975778 ], [ 209194.614074907556642, 534045.663632206735201 ], [ 209202.276837637735298, 534029.292021642089821 ], [ 209233.584395477344515, 533998.873441962292418 ], [ 209251.207111659168731, 533983.897041982854716 ], [ 209281.105055640509818, 533971.472060351981781 ], [ 209307.052006724959938, 533970.578110236325301 ], [ 209326.242038381897146, 533975.308637695736252 ], [ 209341.744155310065253, 533992.398240292444825 ], [ 209362.119065026286989, 534002.341417967691086 ], [ 209397.332297490589553, 534001.45814538479317 ], [ 209417.261752797057852, 533995.482238771859556 ], [ 209433.502926947345259, 533973.352752693113871 ], [ 209435.149569704954047, 533951.206737952656113 ], [ 209455.560517652775161, 533929.312597891199403 ], [ 209499.136179062101291, 533908.829018181888387 ], [ 209534.114472889545141, 533911.175962428795174 ], [ 209556.0737602195004, 533953.651307860156521 ], [ 209573.677844816935249, 533955.51712866849266 ], [ 209585.280464235256659, 533938.458085354999639 ], [ 209606.144811415462755, 533925.562417886219919 ], [ 209651.532031460519647, 533941.533590184175409 ], [ 209686.71852657943964, 533963.952940138638951 ], [ 209701.26863301746198, 534002.267107679625042 ], [ 209714.234838545526145, 534008.04982775868848 ], [ 209740.394280049484223, 534023.537574014393613 ], [ 209761.016749692731537, 534019.408955210237764 ], [ 209787.441796749160858, 534005.828248158097267 ], [ 209817.326905226247618, 534004.940503831021488 ], [ 209837.936957267054822, 534011.424521325156093 ], [ 209849.066413285851013, 534022.334098801598884 ], [ 209890.837562567146961, 534042.42410586529877 ], [ 209954.436023657675833, 533931.504771736450493 ], [ 209997.482919521047734, 533770.800543736899272 ], [ 209995.287440068088472, 533770.751988565782085 ] ] ] } },
{ "type": "Feature", "properties": { "area_name": "pangyo_1st_technovalley", "spatial_id": "31023740070001", "original_area_sqm": 349972.71002593433, "intersect_area_sqm": 188753.42599706844, "allocation_ratio": 0.5393375557285055, "population_allocated": 106.24949847851559, "households_allocated": 83.057983582189848, "business_count_allocated": 240.00521229918496, "worker_count_allocated": 6968.2412200122908 }, "geometry": { "type": "Polygon", "coordinates": [ [ [ 208768.033020514034433, 534151.175983644207008 ], [ 208772.563126937544439, 534149.873869461705908 ], [ 208781.357953017199179, 534147.550947515526786 ], [ 208783.055028735107044, 534147.022929222439416 ], [ 208784.807945036154706, 534146.491005290183239 ], [ 208795.777993746072752, 534142.213829171610996 ], [ 208797.736041962954914, 534141.597959622158669 ], [ 208799.67008671691292, 534141.017976508010179 ], [ 208812.260008156561526, 534136.282801026245579 ], [ 208834.760121245111804, 534127.125973322079517 ], [ 208846.506953815638553, 534119.626825491781346 ], [ 208851.09257774244179, 534116.684346581925638 ], [ 208853.573003524914384, 534115.092755374964327 ], [ 208869.676087132975226, 534106.817782147787511 ], [ 208886.904086460272083, 534097.96473737177439 ], [ 208889.100139014655724, 534096.836721542757004 ], [ 208894.307000789121957, 534094.160843571997248 ], [ 208910.829020280129043, 534084.08076570997946 ], [ 208926.93207892528153, 534071.620917944004759 ], [ 208935.70993319209083, 534062.761891182162799 ], [ 208940.433075638196897, 534057.995814627502114 ], [ 208953.903067502804333, 534044.142855444340967 ], [ 208961.802123403525911, 534037.292776481015608 ], [ 208971.664996852166951, 534028.85086677223444 ], [ 208978.697101380093955, 534024.303911179769784 ], [ 208979.077121254056692, 534024.064828212023713 ], [ 208981.417077478748979, 534022.588837063405663 ], [ 208989.247970556927612, 534017.651762653607875 ], [ 208995.099050982476911, 534013.54872686706949 ], [ 209017.86695766102639, 533998.63881244242657 ], [ 209032.201074447628343, 533986.601756396237761 ], [ 209050.181143362948205, 533970.620841708499938 ], [ 209060.309139087650692, 533963.270771998795681 ], [ 209079.326117830642033, 533951.612882811226882 ], [ 209109.469128581520636, 533933.012767613166943 ], [ 209122.666062420757953, 533924.811820337316021 ], [ 209143.054131733137183, 533908.18280461570248 ], [ 209146.324974544695579, 533905.514869218342938 ], [ 209156.963974599551875, 533896.051857470069081 ], [ 209167.171033343300223, 533883.071752962539904 ], [ 209178.761114715511212, 533866.078771246015094 ], [ 209201.640000547078671, 533830.04479013371747 ], [ 209214.187979936163174, 533805.517870187642984 ], [ 209222.393085117044393, 533784.980733612668701 ], [ 209229.095473738911096, 533766.163120997603983 ], [ 209129.973493044963107, 533764.340072810649872 ], [ 209081.671802220720565, 533763.39235462108627 ], [ 209080.208900410769274, 533763.206328979809768 ], [ 209078.290922481945017, 533762.963269455940463 ], [ 209076.951890269236173, 533762.793306521489285 ], [ 209076.898904677596875, 533762.786324364948086 ], [ 209051.83825259769219, 533759.602862136438489 ], [ 209020.110482302028686, 533753.91947346762754 ], [ 208968.020221751648933, 533740.659761582966894 ], [ 208927.767802136891987, 533726.926289874711074 ], [ 208877.572481117036659, 533704.668627561768517 ], [ 208829.270314663648605, 533677.2020177092636 ], [ 208817.930565771617694, 533670.146911176852882 ], [ 208817.575596302107442, 533669.925844870740548 ], [ 208816.57848324070801, 533669.305811877944507 ], [ 208814.426518668216886, 533667.966874843463302 ], [ 208799.451796525652753, 533658.650815080152825 ], [ 208792.945301062194631, 533665.116864770418033 ], [ 208727.870271314459387, 533720.547962754033506 ], [ 208664.340910961967893, 533779.064069535466842 ], [ 208599.258099039783701, 533843.745136470883153 ], [ 208583.733818636188516, 533886.89444483211264 ], [ 208583.679944740957581, 533939.309073667624034 ], [ 208600.615569679706823, 534028.739030605182052 ], [ 208619.105134311510483, 534112.003391833393835 ], [ 208696.474925802700454, 534138.290290751960129 ], [ 208757.378159338491969, 534154.663295649224892 ], [ 208768.033020514034433, 534151.175983644207008 ] ] ] } },
{ "type": "Feature", "properties": { "area_name": "pangyo_1st_technovalley", "spatial_id": "31023740080001", "original_area_sqm": 459867.80081976502, "intersect_area_sqm": 155566.28986351279, "allocation_ratio": 0.33828480616863965, "population_allocated": 0.0, "households_allocated": 0.0, "business_count_allocated": 165.08298541029615, "worker_count_allocated": 6198.7307882341529 }, "geometry": { "type": "Polygon", "coordinates": [ [ [ 209345.350043781567365, 533476.487820353358984 ], [ 209350.987133900867775, 533460.626740132574923 ], [ 209356.400048979878193, 533438.176836585975252 ], [ 209362.286964160186471, 533415.686829417594709 ], [ 209363.803168488986557, 533410.817716162069701 ], [ 209368.72410914520151, 533395.006961021223105 ], [ 209369.127131531771738, 533393.711977856582962 ], [ 209370.914062594005372, 533387.970948941772804 ], [ 209371.576583179528825, 533386.269414144800976 ], [ 208961.987659196951427, 533378.54402333626058 ], [ 208938.715346676210174, 533426.311850147438236 ], [ 208912.319213932467392, 533500.284807331976481 ], [ 208885.957991249975748, 533541.882089056540281 ], [ 208834.785995273268782, 533623.536261300556362 ], [ 208799.451796525652753, 533658.650815080152825 ], [ 208814.426518668216886, 533667.966874843463302 ], [ 208816.57848324070801, 533669.305811877944507 ], [ 208817.575596302107442, 533669.925844870740548 ], [ 208817.930565771617694, 533670.146911176852882 ], [ 208829.270314663648605, 533677.2020177092636 ], [ 208877.572481117036659, 533704.668627561768517 ], [ 208927.767802136891987, 533726.926289874711074 ], [ 208968.020221751648933, 533740.659761582966894 ], [ 209020.110482302028686, 533753.91947346762754 ], [ 209051.83825259769219, 533759.602862136438489 ], [ 209076.898904677596875, 533762.786324364948086 ], [ 209076.951890269236173, 533762.793306521489285 ], [ 209078.290922481945017, 533762.963269455940463 ], [ 209080.208900410769274, 533763.206328979809768 ], [ 209081.671802220720565, 533763.39235462108627 ], [ 209129.973493044963107, 533764.340072810649872 ], [ 209229.095473738911096, 533766.163120997603983 ], [ 209236.533099331369158, 533745.280775607330725 ], [ 209237.408066170406528, 533743.654764148057438 ], [ 209263.382131886581192, 533679.283843686920591 ], [ 209276.291006646730239, 533647.29284519108478 ], [ 209287.090966437710449, 533619.692826443468221 ], [ 209293.021034903591499, 533608.463754546828568 ], [ 209299.24600641609868, 533594.55777546740137 ], [ 209299.785024536628043, 533590.971798350685276 ], [ 209303.121021962782834, 533566.877834020648152 ], [ 209306.909972478926647, 533550.564784400863573 ], [ 209313.047016962431371, 533532.825804097577929 ], [ 209322.985113142378395, 533514.419898289837874 ], [ 209323.968155101581942, 533512.598778612213209 ], [ 209335.506108653527917, 533494.001870806096122 ], [ 209345.350043781567365, 533476.487820353358984 ] ] ] } },
{ "type": "Feature", "properties": { "area_name": "wirye_plan_area", "spatial_id": "11240530020004", "original_area_sqm": 153543.62424860956, "intersect_area_sqm": 1462.2063109297601, "allocation_ratio": 0.0095230675847681866, "population_allocated": 3.3330736546688655, "households_allocated": 1.5427369487324463, "business_count_allocated": 0.38092270339072748, "worker_count_allocated": 2.8188280050913832 }, "geometry": { "type": "MultiPolygon", "coordinates": [ [ [ [ 212514.221058748895302, 543603.956203611800447 ], [ 212515.430307542410446, 543589.330913160112686 ], [ 212513.660638412751723, 543606.437212212244049 ], [ 212514.221058748895302, 543603.956203611800447 ] ] ], [ [ [ 212509.421441906830296, 543586.266376336920075 ], [ 212487.769003755645826, 543577.131328857271001 ], [ 212403.837332670838805, 543541.721617158036679 ], [ 212248.050932873331476, 543475.997085605398752 ], [ 212204.071005872188834, 543457.442399726365693 ], [ 212200.273860966379289, 543456.465447750058956 ], [ 212194.37953263008967, 543454.949140118900687 ], [ 212188.470219496928621, 543453.428951947018504 ], [ 212184.681069195765303, 543452.454244433203712 ], [ 212167.869563463056693, 543448.129428851301782 ], [ 212168.860124440863729, 543451.332021478912793 ], [ 212515.408452011673944, 543589.056333860033192 ], [ 212509.421441906830296, 543586.266376336920075 ] ] ] ] } },
{ "type": "Feature", "properties": { "area_name": "wirye_plan_area", "spatial_id": "11240530020002", "original_area_sqm": 34210.274110172992, "intersect_area_sqm": 1035.0711560773186, "allocation_ratio": 0.030256149154020459, "population_allocated": 1.3312705627769001, "households_allocated": 0.51435453561834776, "business_count_allocated": 0.18153689492412275, "worker_count_allocated": 11.013238292063447 }, "geometry": { "type": "MultiPolygon", "coordinates": [ [ [ [ 212623.213201423233841, 543309.367037615505978 ], [ 212623.103665383008774, 543309.102349267224781 ], [ 212622.728448345675133, 543308.191389540093951 ], [ 212622.305197733046953, 543307.170228872797452 ], [ 212621.865664437267696, 543306.107167205540463 ], [ 212615.794998363155173, 543310.480202900245786 ], [ 212614.413126933184685, 543311.443054247880355 ], [ 212610.914976187195862, 543313.880266001680866 ], [ 212610.374894376378506, 543314.57007906853687 ], [ 212602.074884161789669, 543325.279937225393951 ], [ 212596.764762334263651, 543333.789780415245332 ], [ 212593.894792474777205, 543337.219726335722953 ], [ 212592.384663685108535, 543342.139697796548717 ], [ 212592.374555574700935, 543342.271697394549847 ], [ 212592.074552225414664, 543346.129660150734708 ], [ 212592.104373105510604, 543353.05961832520552 ], [ 212592.424439923692262, 543353.749595897272229 ], [ 212593.327645595069043, 543355.730899340938777 ], [ 212593.897286825813353, 543337.219418311840855 ], [ 212623.950801918748766, 543311.150857634609565 ], [ 212623.213201423233841, 543309.367037615505978 ] ] ], [ [ [ 212588.512432424380677, 543482.738503748667426 ], [ 212589.20357187197078, 543489.749836816219613 ], [ 212589.526153004408116, 543479.267002724925987 ], [ 212588.512432424380677, 543482.738503748667426 ] ] ], [ [ [ 212589.02217640701565, 543495.558386260643601 ], [ 212584.152235060959356, 543499.99832364555914 ], [ 212579.031997587619117, 543507.188042253255844 ], [ 212557.16031477105571, 543507.009644693695009 ], [ 212555.409958329604706, 543530.185507999616675 ], [ 212554.202725894632749, 543545.186855827691033 ], [ 212553.653576625831192, 543552.010394827695563 ], [ 212549.290569648961537, 543560.174123372533359 ], [ 212549.251466060348321, 543560.247145461966284 ], [ 212546.541189991199644, 543571.017106010578573 ], [ 212542.629002605448477, 543577.422718281392008 ], [ 212542.101198842632584, 543578.286864860448986 ], [ 212543.022666273463983, 543582.357212557690218 ], [ 212589.024840727914125, 543495.558015725458972 ], [ 212589.028200939210365, 543495.448819824145176 ], [ 212589.02217640701565, 543495.558386260643601 ] ] ] ] } },
{ "type": "Feature", "properties": { "area_name": "wirye_plan_area", "spatial_id": "11240540010003", "original_area_sqm": 19039.31083581191, "intersect_area_sqm": 293.35695767734347, "allocation_ratio": 0.015407960939718204, "population_allocated": 6.77950281347601, "households_allocated": 2.8042488910287133, "business_count_allocated": 0.80121396886534657, "worker_count_allocated": 9.9227268451785235 }, "geometry": { "type": "MultiPolygon", "coordinates": [ [ [ [ 213310.321264350466663, 543533.719497842364945 ], [ 213307.23889873950975, 543535.625503965537064 ], [ 213300.405891762115061, 543539.852531959419139 ], [ 213297.661774918291485, 543541.549449164187536 ], [ 213297.1207752606133, 543541.884018448647112 ], [ 213317.498621054401156, 543560.387758341385052 ], [ 213319.250587541144341, 543547.655642625875771 ], [ 213319.299077903444413, 543547.303355832700618 ], [ 213319.480967301351484, 543545.981387622421607 ], [ 213312.531550572864944, 543536.678329823887907 ], [ 213310.321264350466663, 543533.719497842364945 ] ] ], [ [ [ 213294.585190772282658, 543629.344530087080784 ], [ 213299.948637375287944, 543614.609497963101603 ], [ 213293.209840832452755, 543629.547853342024609 ], [ 213293.898802562587662, 543629.910158826853149 ], [ 213294.585190772282658, 543629.344530087080784 ] ] ] ] } },
{ "type": "Feature", "properties": { "area_name": "wirye_plan_area", "spatial_id": "11240540010011", "original_area_sqm": 9718.4460384901577, "intersect_area_sqm": 1725.2012165310011, "allocation_ratio": 0.1775182173876664, "population_allocated": 69.054586563802232, "households_allocated": 35.326125260145616, "business_count_allocated": 1.4201457391013312, "worker_count_allocated": 2.8402914782026625 }, "geometry": { "type": "Polygon", "coordinates": [ [ [ 213235.575144213478779, 543483.560158162610605 ], [ 213237.96519747300772, 543482.111862188321538 ], [ 213252.798131983494386, 543473.121177934575826 ], [ 213254.519220833986765, 543472.256365826004185 ], [ 213258.681002682773396, 543470.165616591693833 ], [ 213259.471272562717786, 543469.70382430870086 ], [ 213255.535456585261272, 543464.773634989047423 ], [ 213254.451132721937029, 543464.940346912946552 ], [ 213246.516451405273983, 543466.159512320067734 ], [ 213229.462197153217858, 543459.182344915345311 ], [ 213222.11930242474773, 543451.031863452401012 ], [ 213205.152914483711356, 543438.134769678348675 ], [ 213204.572521105466876, 543437.580163915059529 ], [ 213190.804309307102812, 543424.423246233724058 ], [ 213183.422218160296325, 543421.617717207642272 ], [ 213163.626508269837359, 543410.882579049444757 ], [ 213153.97778745094547, 543405.650033445446752 ], [ 213150.157424916076707, 543408.436565952259116 ], [ 213233.964546330971643, 543484.536129739135504 ], [ 213235.575144213478779, 543483.560158162610605 ] ] ] } },
{ "type": "Feature", "properties": { "area_name": "wirye_plan_area", "spatial_id": "11240540010005", "original_area_sqm": 25167.171079995296, "intersect_area_sqm": 1082.7299245575723, "allocation_ratio": 0.043021518831657841, "population_allocated": 0.0, "households_allocated": 0.0, "business_count_allocated": 0.0, "worker_count_allocated": 6.6253139000753078 }, "geometry": { "type": "MultiPolygon", "coordinates": [ [ [ [ 213006.204132508661132, 543173.82167485950049 ], [ 213004.884865042025922, 543170.28734446130693 ], [ 212992.977614077448379, 543138.385834768530913 ], [ 212982.126970524346689, 543113.996249526855536 ], [ 212999.092971327569103, 543176.364709376590326 ], [ 213006.204132508661132, 543173.82167485950049 ] ] ], [ [ [ 212942.587938590557314, 543096.438570325495675 ], [ 212911.515096067392733, 543094.759732381091453 ], [ 212909.893381589907221, 543093.301734679145738 ], [ 212894.716877325117821, 543079.658450938761234 ], [ 212883.85865377340815, 543076.764836680144072 ], [ 212882.120809571730206, 543076.301623419043608 ], [ 212879.941552212578245, 543078.387897222070023 ], [ 212873.244513842306333, 543084.798934435355477 ], [ 212871.154546903737355, 543086.79934763838537 ], [ 212863.014546939113643, 543094.59192968683783 ], [ 212964.62042206764454, 543103.44144944276195 ], [ 212942.587938590557314, 543096.438570325495675 ] ] ] ] } },
{ "type": "Feature", "properties": { "area_name": "wirye_plan_area", "spatial_id": "11240540010008", "original_area_sqm": 12211.002385878586, "intersect_area_sqm": 1843.094031913158, "allocation_ratio": 0.15093716090372761, "population_allocated": 85.732307393317285, "households_allocated": 39.545536156776635, "business_count_allocated": 0.90562296542236564, "worker_count_allocated": 3.0187432180745519 }, "geometry": { "type": "Polygon", "coordinates": [ [ [ 213297.661774918291485, 543541.549449164187536 ], [ 213300.405891762115061, 543539.852531959419139 ], [ 213307.23889873950975, 543535.625503965537064 ], [ 213310.321264350466663, 543533.719497842364945 ], [ 213310.10342498330283, 543533.427921039517969 ], [ 213306.61202745771152, 543528.753894608700648 ], [ 213284.695521840389119, 543501.300527401152067 ], [ 213259.471272562717786, 543469.70382430870086 ], [ 213258.681002682773396, 543470.165616591693833 ], [ 213254.519220833986765, 543472.256365826004185 ], [ 213252.798131983494386, 543473.121177934575826 ], [ 213237.96519747300772, 543482.111862188321538 ], [ 213235.575144213478779, 543483.560158162610605 ], [ 213233.964546330971643, 543484.536129739135504 ], [ 213297.1207752606133, 543541.884018448647112 ], [ 213297.661774918291485, 543541.549449164187536 ] ] ] } },
{ "type": "Feature", "properties": { "area_name": "wirye_plan_area", "spatial_id": "11240540010502", "original_area_sqm": 5807.9439259472083, "intersect_area_sqm": 423.96000919971891, "allocation_ratio": 0.072996574107002235, "population_allocated": 40.148115758851226, "households_allocated": 23.431900288347716, "business_count_allocated": 0.0, "worker_count_allocated": 0.0 }, "geometry": { "type": "Polygon", "coordinates": [ [ [ 213019.338936328946147, 543230.274324646336026 ], [ 213017.331961666874122, 543220.604762421920896 ], [ 213011.453494448913261, 543187.884627351304516 ], [ 213006.204132508661132, 543173.82167485950049 ], [ 212999.092971327569103, 543176.364709376590326 ], [ 213014.216278455947759, 543231.959270780324005 ], [ 213019.338936328946147, 543230.274324646336026 ] ] ] } },
{ "type": "Feature", "properties": { "area_name": "wirye_plan_area", "spatial_id": "11240540010501", "original_area_sqm": 7900.2982430421998, "intersect_area_sqm": 218.14854866683868, "allocation_ratio": 0.027612697895166467, "population_allocated": 14.966082259180226, "households_allocated": 8.3942601601306066, "business_count_allocated": 0.13806348947583233, "worker_count_allocated": 1.1873460094921582 }, "geometry": { "type": "Polygon", "coordinates": [ [ [ 213019.64591254296829, 543231.752752067521214 ], [ 213019.338936328946147, 543230.274324646336026 ], [ 213014.216278455947759, 543231.959270780324005 ], [ 213030.80791834340198, 543292.951548109762371 ], [ 213031.981875213503372, 543292.540916200727224 ], [ 213032.255326187063474, 543292.495249439263716 ], [ 213019.64591254296829, 543231.752752067521214 ] ] ] } },
{ "type": "Feature", "properties": { "area_name": "wirye_plan_area", "spatial_id": "11240540010702", "original_area_sqm": 5816.2829736911463, "intersect_area_sqm": 26.176868240160502, "allocation_ratio": 0.0045006180680284306, "population_allocated": 1.5167082889255812, "households_allocated": 0.83711496065328805, "business_count_allocated": 0.0, "worker_count_allocated": 0.0 }, "geometry": { "type": "Polygon", "coordinates": [ [ [ 213033.885695012781071, 543300.348281283630058 ], [ 213032.255326187063474, 543292.495249439263716 ], [ 213031.981875213503372, 543292.540916200727224 ], [ 213030.80791834340198, 543292.951548109762371 ], [ 213033.377170079940697, 543302.396335695986636 ], [ 213045.377955085132271, 543313.293434755993076 ], [ 213033.885695012781071, 543300.348281283630058 ] ] ] } },
{ "type": "Feature", "properties": { "area_name": "wirye_plan_area", "spatial_id": "11240540010802", "original_area_sqm": 11995.27631123088, "intersect_area_sqm": 650.28250918546621, "allocation_ratio": 0.054211548972542031, "population_allocated": 31.822179246882172, "households_allocated": 14.42027202669618, "business_count_allocated": 0.59632703869796233, "worker_count_allocated": 0.92159633253321449 }, "geometry": { "type": "Polygon", "coordinates": [ [ [ 212730.17917814408429, 543208.278697045869194 ], [ 212710.69982558969059, 543232.85701080574654 ], [ 212710.073775443568593, 543233.64740613847971 ], [ 212709.111338883492863, 543234.861784973181784 ], [ 212697.681827611057088, 543243.092431787517853 ], [ 212680.417889909847872, 543256.855235279304907 ], [ 212635.774111510254443, 543292.445289911818691 ], [ 212630.417220567440381, 543298.911159898154438 ], [ 212626.087126069847727, 543304.137683696812019 ], [ 212622.793994711653795, 543308.112604155670851 ], [ 212622.728448345675133, 543308.191389540093951 ], [ 212623.103665383008774, 543309.102349267224781 ], [ 212623.213201423233841, 543309.367037615505978 ], [ 212623.950801918748766, 543311.150857634609565 ], [ 212728.537337132001994, 543220.432003923226148 ], [ 212733.316837432008469, 543204.319724100641906 ], [ 212730.17917814408429, 543208.278697045869194 ] ] ] } },
{ "type": "Feature", "properties": { "area_name": "wirye_plan_area", "spatial_id": "11240550010007", "original_area_sqm": 23505.629073368858, "intersect_area_sqm": 0.49042215870696665, "allocation_ratio": 2.0864030363799097e-05, "population_allocated": 0.018026522234322419, "households_allocated": 0.0088254848438870173, "business_count_allocated": 0.001731714520195325, "worker_count_allocated": 0.0028166440991128782 }, "geometry": { "type": "Polygon", "coordinates": [ [ [ 213547.086954214726575, 543688.769420244032517 ], [ 213545.535686934366822, 543690.257051795371808 ], [ 213547.582685877074255, 543688.926310200127773 ], [ 213547.086954214726575, 543688.769420244032517 ] ] ] } },
{ "type": "Feature", "properties": { "area_name": "wirye_plan_area", "spatial_id": "11240810010002", "original_area_sqm": 379384.00533962419, "intersect_area_sqm": 3136.456869889153, "allocation_ratio": 0.0082672353756226488, "population_allocated": 2.5959119079455117, "households_allocated": 1.1160767757090575, "business_count_allocated": 1.6038436628707939, "worker_count_allocated": 23.917111941676325 }, "geometry": { "type": "MultiPolygon", "coordinates": [ [ [ [ 211992.156202352955006, 542461.860891918186098 ], [ 212004.871323085972108, 542461.541057448717766 ], [ 212011.073057333094766, 542463.70124798908364 ], [ 212013.179040164744947, 542463.902308189775795 ], [ 212019.524221083789598, 542464.481823915848508 ], [ 212023.851867308898363, 542464.876952867372893 ], [ 212032.63984982096008, 542465.679524393402971 ], [ 212038.951830802805489, 542466.256661874125712 ], [ 212045.329659586306661, 542466.829748914693482 ], [ 212053.108588203554973, 542467.019917288445868 ], [ 212058.412605271238135, 542467.569892407744192 ], [ 212067.432500263559632, 542468.049166635260917 ], [ 212078.693566324160201, 542468.910288075101562 ], [ 212083.203343094530283, 542469.389421715517528 ], [ 212087.861225046304753, 542466.946905031218193 ], [ 211990.747729003662243, 542454.47715517540928 ], [ 211991.785489679925377, 542461.87026309419889 ], [ 211992.156202352955006, 542461.860891918186098 ] ] ], [ [ [ 212131.508880120178219, 542476.141157415346242 ], [ 212135.487885389069561, 542478.797447816468775 ], [ 212136.977804994006874, 542479.792059052851982 ], [ 212141.589737007685471, 542481.097267266479321 ], [ 212154.651420986454468, 542487.047399305389263 ], [ 212160.91937155436608, 542490.132512984448113 ], [ 212167.444224873179337, 542493.104549653013237 ], [ 212170.611254976538476, 542494.733616774319671 ], [ 212174.502289684140123, 542495.51258468918968 ], [ 212186.784488134173444, 542497.972373426076956 ], [ 212200.029846532066585, 542500.624951803823933 ], [ 212222.098729405290214, 542496.823362493654713 ], [ 212245.444725974230096, 542493.75585325807333 ], [ 212248.190717303921701, 542493.306846595020033 ], [ 212256.95966646852321, 542491.873014293960296 ], [ 212266.091497414628975, 542490.715221627964638 ], [ 212271.085220911423676, 542490.473577318014577 ], [ 212122.291783766180743, 542471.367922419449314 ], [ 212131.508880120178219, 542476.141157415346242 ] ] ], [ [ [ 212280.678457156289369, 542491.755473892320879 ], [ 212282.190335028746631, 542492.006398295983672 ], [ 212282.1760711017414, 542491.89768553362228 ], [ 212279.935490062984172, 542491.609986231080256 ], [ 212280.678457156289369, 542491.755473892320879 ] ] ], [ [ [ 212281.836026406701421, 542489.306029106955975 ], [ 212280.757701916270889, 542488.654807550599799 ], [ 212282.139169393456541, 542491.616438536322676 ], [ 212281.836026406701421, 542489.306029106955975 ] ] ], [ [ [ 212280.124581226264127, 542487.24431298871059 ], [ 212280.047125258861342, 542487.131452219327912 ], [ 212280.643454619275872, 542488.409880803897977 ], [ 212280.124581226264127, 542487.24431298871059 ] ] ], [ [ [ 212252.690739959274651, 542428.462376570212655 ], [ 212252.327737973246258, 542427.530577095109038 ], [ 212251.963732999633066, 542426.599367629503831 ], [ 212251.59993346023839, 542425.667560104513541 ], [ 212251.235730026644887, 542424.736353402025998 ], [ 212250.871728231752058, 542423.804544805781916 ], [ 212250.50772165437229, 542422.873636816046201 ], [ 212250.143725274741882, 542421.941526767914183 ], [ 212249.779917132604169, 542421.010619834763929 ], [ 212249.416920557414414, 542420.078518912079744 ], [ 212249.052913976716809, 542419.147610926651396 ], [ 212248.688912812183844, 542418.216401485959068 ], [ 212248.324910991999786, 542417.284596711280756 ], [ 212247.961108262796188, 542416.353388327057473 ], [ 212247.597106462199008, 542415.421579737798311 ], [ 212247.233304259803845, 542414.490272136637941 ], [ 212246.869701548450394, 542413.558767149690539 ], [ 212246.505896053800825, 542412.627360309008509 ], [ 212246.142299286206253, 542411.695454650558531 ], [ 212245.778090443869587, 542410.764545598067343 ], [ 212245.414088197780075, 542409.833538419101387 ], [ 212245.050087443436496, 542408.901531396084465 ], [ 212244.686081378778908, 542407.970524199539796 ], [ 212244.519088601111434, 542407.54256239568349 ], [ 212244.324051689676708, 542407.044629808166064 ], [ 212243.961393556353869, 542406.123532904079184 ], [ 212243.594130624172976, 542405.203609847230837 ], [ 212243.225261187704746, 542404.28438044746872 ], [ 212242.852177953725914, 542403.367433679872192 ], [ 212242.476085611589951, 542402.451566191390157 ], [ 212242.0981863050838, 542401.53749037371017 ], [ 212241.716282803768991, 542400.623595554032363 ], [ 212241.331167478638235, 542399.711584165575914 ], [ 212240.943448586214799, 542398.800459583406337 ], [ 212240.552319870650535, 542397.8904159727972 ], [ 212240.159381537436275, 542396.98266394273378 ], [ 212239.762234647816513, 542396.075488715898246 ], [ 212239.362278843909735, 542395.170500541222282 ], [ 212238.959521470940672, 542394.265596710843965 ], [ 212238.553344690910308, 542393.363578880787827 ], [ 212238.383265500102425, 542392.988623484270647 ], [ 212238.144367418310139, 542392.461443142383359 ], [ 212237.732378976303153, 542391.561493384069763 ], [ 212237.317584184056614, 542390.662528576795012 ], [ 212236.899380096234381, 542389.764545519952662 ], [ 212236.47836761752842, 542388.86865029821638 ], [ 212236.054540720069781, 542387.974541395553388 ], [ 212235.62750954166404, 542387.081613776041195 ], [ 212235.197470287443139, 542386.189570817165077 ], [ 212234.764426773472223, 542385.29841253592167 ], [ 212234.328564692492364, 542384.410540332552046 ], [ 212233.889501403755276, 542383.522551910253242 ], [ 212233.448626282101031, 542382.63655357575044 ], [ 212233.003538964519976, 542381.752536397543736 ], [ 212232.555645297572482, 542380.869504170957953 ], [ 212232.105543361336458, 542379.987658519297838 ], [ 212231.651834323478397, 542379.10739271575585 ], [ 212231.19570835767081, 542378.22951830807142 ], [ 212230.735979527555173, 542377.352426180266775 ], [ 212230.660900370188756, 542377.210571056115441 ], [ 212230.273641732754186, 542376.47651849524118 ], [ 212229.808695059968159, 542375.602497444371693 ], [ 212229.340733929973794, 542374.730563133955002 ], [ 212228.869768033007858, 542373.859608904109336 ], [ 212228.395788729540072, 542372.990542977582663 ], [ 212227.918798255530419, 542372.123663028120063 ], [ 212227.439007814478828, 542371.25656595278997 ], [ 212226.955796914699022, 542370.392553315847181 ], [ 212226.470783305063378, 542369.529530957806855 ], [ 212225.983156479080208, 542368.668494434445165 ], [ 212225.491117961530108, 542367.809636453865096 ], [ 212224.996873283234891, 542366.951568167773075 ], [ 212224.499817493662704, 542366.095381624880247 ], [ 212223.999954259459628, 542365.240386105375364 ], [ 212223.497877447662177, 542364.387576985056512 ], [ 212222.991989680798724, 542363.536648112349212 ], [ 212222.483899567305343, 542362.686508958344348 ], [ 212221.972992923751008, 542361.838553 ], [ 212221.459275657951366, 542360.992387197213247 ], [ 212220.941947583778528, 542360.148499595234171 ], [ 212220.423011952487286, 542359.305504089803435 ], [ 212220.419270192651311, 542359.299486504402012 ], [ 212252.742933014407754, 542428.595914373989217 ], [ 212252.690739959274651, 542428.462376570212655 ] ] ], [ [ [ 212219.900066376576433, 542358.464490816928446 ], [ 212219.375111080618808, 542357.625363541534171 ], [ 212218.847136958123883, 542356.788426021113992 ], [ 212218.316359800635837, 542355.952568878885359 ], [ 212217.782374611997511, 542355.11859900248237 ], [ 212217.24617308442248, 542354.28661706589628 ], [ 212216.70715989737073, 542353.456619907636195 ], [ 212216.165141903125914, 542352.627610465628095 ], [ 212215.620514506095788, 542351.800586874596775 ], [ 212215.073467021808028, 542350.976549996295944 ], [ 212214.523420058219926, 542350.152497191797011 ], [ 212213.970352798409294, 542349.331630170461722 ], [ 212213.414276498398976, 542348.51254843629431 ], [ 212212.959037355409237, 542347.844964846270159 ], [ 212212.856592639844166, 542347.694358797976747 ], [ 212212.765459340211237, 542347.562420786125585 ], [ 212212.665785368124489, 542347.417534725274891 ], [ 212212.295292116265045, 542346.879550224053673 ], [ 212211.731384738610359, 542346.065529216895811 ], [ 212211.165268649288919, 542345.253496189368889 ], [ 212210.59633706646855, 542344.443451735423878 ], [ 212210.024394335312536, 542343.63558944768738 ], [ 212209.449644816544605, 542342.829513517906889 ], [ 212208.86761768424185, 542342.017697485978715 ], [ 212208.292506052704994, 542341.222320363507606 ], [ 212207.709517854062142, 542340.422604333609343 ], [ 212207.124720915016951, 542339.623577071470208 ], [ 212206.536511672835331, 542338.82753506815061 ], [ 212205.946492621180369, 542338.032384086633101 ], [ 212205.352659538504668, 542337.240410858183168 ], [ 212204.756615403719479, 542336.449429562082514 ], [ 212204.157667828927515, 542335.659031998133287 ], [ 212203.557490661420161, 542334.874527808628045 ], [ 212202.953615556500154, 542334.089305607718416 ], [ 212202.347722724487539, 542333.307476778863929 ], [ 212201.738619582698448, 542332.526527720619924 ], [ 212201.126708598982077, 542331.747563459561206 ], [ 212200.694634441897506, 542331.201352356933057 ], [ 212200.512580814072862, 542330.971392360632308 ], [ 212199.89584310023929, 542330.197306336136535 ], [ 212199.276893827132881, 542329.42430764331948 ], [ 212198.654932418721728, 542328.654395557823591 ], [ 212198.030957430426497, 542327.886377082788385 ], [ 212197.402769233594881, 542327.120530572836287 ], [ 212196.773770063387929, 542326.356484835734591 ], [ 212196.141959234664682, 542325.594423877075315 ], [ 212195.506738144758856, 542324.834245295845903 ], [ 212194.869905876927078, 542324.076359352562577 ], [ 212194.22985318757128, 542323.321257426054217 ], [ 212193.587798279477283, 542322.567346983123571 ], [ 212192.942922061367426, 542321.81652034400031 ], [ 212192.289971824415261, 542321.060449300566688 ], [ 212191.645942659961293, 542320.320430925814435 ], [ 212190.993834059074288, 542319.575469602015801 ], [ 212190.338913799787406, 542318.832493056543171 ], [ 212189.682177432929166, 542318.092311801039614 ], [ 212189.023228036210639, 542317.354213909013197 ], [ 212188.361069557140581, 542316.618201725068502 ], [ 212187.696094004146289, 542315.884475773200393 ], [ 212187.029109762399457, 542315.152441197657026 ], [ 212186.360110469366191, 542314.423296260763891 ], [ 212185.688100530504016, 542313.696238086209632 ], [ 212185.014074928214541, 542312.971466581453569 ], [ 212184.337041335325921, 542312.248281928128563 ], [ 212183.658189549692906, 542311.528285623295233 ], [ 212182.977124671568163, 542310.81038413150236 ], [ 212182.293249735637801, 542310.094165943446569 ], [ 212181.606164688157151, 542309.380228085443377 ], [ 212180.918257939338218, 542308.669392281561159 ], [ 212180.227144259784836, 542307.960237674065866 ], [ 212179.533217868680367, 542307.253266285639256 ], [ 212178.83827241382096, 542306.549193640006706 ], [ 212178.140518570726272, 542305.847208829713054 ], [ 212177.439551851857686, 542305.147305890102871 ], [ 212176.737367651279783, 542304.450296825729311 ], [ 212176.032372319779824, 542303.755173320649192 ], [ 212175.324365819891682, 542303.062235795543529 ], [ 212174.615340803895378, 542302.372093980433419 ], [ 212173.903307908825809, 542301.684237384819426 ], [ 212173.189658856979804, 542300.99817347060889 ], [ 212172.47259752600803, 542300.315090998541564 ], [ 212171.753322047065012, 542299.634301781188697 ], [ 212171.032627926702844, 542298.956199291860685 ], [ 212170.309724530729, 542298.280191634665243 ], [ 212169.584405388537562, 542297.607071490259841 ], [ 212168.856481100810925, 542296.935135811334476 ], [ 212168.125528447329998, 542296.267187284072861 ], [ 212167.393575021240395, 542295.600130260107107 ], [ 212166.659605448454386, 542294.936168946907856 ], [ 212165.922616655589081, 542294.275191163411364 ], [ 212165.18361432524398, 542293.61609935911838 ], [ 212164.442599663481815, 542292.960103286080994 ], [ 212163.699570388183929, 542292.306195447803475 ], [ 212162.954730336583452, 542291.654079255531542 ], [ 212162.206675368273864, 542291.005147816729732 ], [ 212161.456601533282083, 542290.359105998184532 ], [ 212160.7047153377207, 542289.715153487049975 ], [ 212159.950620414456353, 542289.073192771524191 ], [ 212159.194705590431113, 542288.434023511596024 ], [ 212158.436777947703376, 542287.798041569883935 ], [ 212157.675836375477957, 542287.164047147613019 ], [ 212156.913676772441249, 542286.53304963838309 ], [ 212156.148708805761999, 542285.904136147000827 ], [ 212155.381726750114467, 542285.277211667736992 ], [ 212154.613725215371232, 542284.653983526281081 ], [ 212153.842708167387173, 542284.033040564740077 ], [ 212153.069883102900349, 542283.41408770927228 ], [ 212152.294840713235317, 542282.798027238459326 ], [ 212151.517782745359, 542282.184955624630675 ], [ 212150.738908077735687, 542281.574072518036701 ], [ 212149.957028163509676, 542280.964978534495458 ], [ 212149.173923877126072, 542280.360075909760781 ], [ 212148.389207234838977, 542279.756969805108383 ], [ 212147.601880134694511, 542279.156047990196384 ], [ 212146.812929552863352, 542278.559017750550993 ], [ 212146.021969207911752, 542277.963881141156889 ], [ 212145.228997539379634, 542277.37093200313393 ], [ 212144.434010272088926, 542276.780975542264059 ], [ 212143.637004135933239, 542276.193908700952306 ], [ 212142.83818033413263, 542275.609930992708541 ], [ 212142.03594519791659, 542275.028037916868925 ], [ 212141.234101716399891, 542274.447848963318393 ], [ 212140.429033666005125, 542273.871943786158226 ], [ 212139.622154311917257, 542273.297929476946592 ], [ 212138.813060940417927, 542272.726902973139659 ], [ 212138.003349199978402, 542272.158777343458496 ], [ 212137.190225618425757, 542271.592831750051118 ], [ 212136.376086262869649, 542271.029884141054936 ], [ 212135.560130820347695, 542270.469728006049991 ], [ 212134.742160239402438, 542269.911759325419553 ], [ 212133.922177350352285, 542269.356882557854988 ], [ 212133.10017609904753, 542268.804800007608719 ], [ 212132.277158041251823, 542268.25591006455943 ], [ 212131.451328855386237, 542267.708905682200566 ], [ 212130.6244806261966, 542267.164796228636988 ], [ 212129.795218868297525, 542266.623875783057883 ], [ 212128.964338914840482, 542266.085850898060016 ], [ 212128.131250800419366, 542265.54971095896326 ], [ 212127.297335701208794, 542265.017669085878879 ], [ 212126.461418909253553, 542264.486719474429265 ], [ 212125.623477415472735, 542263.959758528042585 ], [ 212124.783520849596243, 542263.435691038379446 ], [ 212123.942351604695432, 542262.913613003911451 ], [ 212123.09936210635351, 542262.395830016350374 ], [ 212122.266131515032612, 542261.885803830809891 ], [ 212123.302428105293075, 542260.778755536302924 ], [ 212111.241719538840698, 542254.833541476749815 ], [ 212108.508585016999859, 542254.010604539653286 ], [ 212108.137093419500161, 542253.811550018726848 ], [ 212107.636914069124032, 542253.54358930606395 ], [ 212106.761829045717604, 542253.078456429531798 ], [ 212105.885721887636464, 542252.617519802064635 ], [ 212105.008807594713289, 542252.158380152075551 ], [ 212104.12967334035784, 542251.702628981089219 ], [ 212103.249916482251137, 542251.250576255377382 ], [ 212102.367748640797799, 542250.800514250411652 ], [ 212101.48376747747534, 542250.353442180086859 ], [ 212100.598766219161917, 542249.909463476738892 ], [ 212099.712749713507947, 542249.468383539584465 ], [ 212098.824915542296367, 542249.030392734101042 ], [ 212097.935861849953653, 542248.59639868454542 ], [ 212097.044794053013902, 542248.164397467393428 ], [ 212096.152917540457565, 542247.734490884002298 ], [ 212095.25881894104532, 542247.308373472420499 ], [ 212094.364104754582513, 542246.885351579054259 ], [ 212093.467970285593765, 542246.465325521072373 ], [ 212092.56982403510483, 542246.048292158753611 ], [ 212091.670859944220865, 542245.634353238274343 ], [ 212090.875864618923515, 542245.271584952017292 ], [ 212090.769877511775121, 542245.223204718204215 ], [ 212086.168992567283567, 542242.214168158126995 ], [ 212084.427952392434236, 542242.42921476427 ], [ 212083.964207349024946, 542242.232273055124097 ], [ 212083.517037253739545, 542242.04232293041423 ], [ 212082.60410759030492, 542241.658221517456695 ], [ 212081.691160905029392, 542241.277325650444254 ], [ 212080.776194405625574, 542240.900216216337867 ], [ 212079.859014310583007, 542240.525296996696852 ], [ 212078.942021596361883, 542240.153179886983708 ], [ 212078.023207401623949, 542239.784151891246438 ], [ 212077.103375392151065, 542239.419224761426449 ], [ 212076.182331234129379, 542239.056187862181105 ], [ 212075.259262350358767, 542238.697143448167481 ], [ 212074.339176053646952, 542238.342015063506551 ], [ 212073.402110032504424, 542237.982098730630241 ], [ 212072.469433938065777, 542237.624102379195392 ], [ 212071.535362086200621, 542237.265201799105853 ], [ 212070.601286529301433, 542236.906999572296627 ], [ 212069.668416253087344, 542236.54820078087505 ], [ 212068.734340696246363, 542236.189998554065824 ], [ 212067.801466147560859, 542235.832004968542606 ], [ 212066.867394320084713, 542235.473100577364676 ], [ 212065.934219372167718, 542235.11490313813556 ], [ 212065.000444657925982, 542234.756103363120928 ], [ 212064.067372746649198, 542234.397906471276656 ], [ 212063.133295087027363, 542234.040101127699018 ], [ 212062.199422756675631, 542233.680999354226515 ], [ 212061.266345431940863, 542233.323103918461129 ], [ 212060.332476920622867, 542232.964002166874707 ], [ 212059.399401196133113, 542232.605805258033797 ], [ 212058.465323521173559, 542232.24800373474136 ], [ 212057.532455362495966, 542231.888808074989356 ], [ 212056.598377708956832, 542231.531002735602669 ], [ 212055.664505385997472, 542231.171900968533009 ], [ 212054.731431882246397, 542230.814005558262579 ], [ 212053.797761813068064, 542230.454904866055585 ], [ 212052.864483840734465, 542230.096706887241453 ], [ 212051.93040617191582, 542229.738905368139967 ], [ 212050.997537492425181, 542229.379808933241293 ], [ 212050.063460371136898, 542229.02190438110847 ], [ 212049.130586366401985, 542228.663811590056866 ], [ 212048.196515082003316, 542228.304807994631119 ], [ 212047.262839183735196, 542227.946806351537816 ], [ 212046.329569269058993, 542227.587810827186331 ], [ 212045.395893370878184, 542227.22980918828398 ], [ 212044.462620188802248, 542226.870710611226968 ], [ 212043.528543599619297, 542226.512706843088381 ], [ 212042.594867686013458, 542226.154709019465372 ], [ 212041.661597795813577, 542225.795709684840403 ], [ 212040.727723464195151, 542225.437706993659958 ], [ 212039.807630810828414, 542225.083780715591274 ], [ 212038.860774374130415, 542224.720610600081272 ], [ 212037.927701430802699, 542224.362612166791223 ], [ 212036.993630156881409, 542224.003608579165302 ], [ 212036.951384399755625, 542223.987396701006219 ], [ 212124.818542012624675, 542263.460461829556152 ], [ 212220.394443088182015, 542359.259558975812979 ], [ 212219.900066376576433, 542358.464490816928446 ] ] ], [ [ [ 211909.519629525602795, 542166.695996723370627 ], [ 211902.743652850971557, 542160.883087490918115 ], [ 211900.032907745218836, 542158.198920308495872 ], [ 211893.474914453690872, 542156.644984144251794 ], [ 211888.309954099473543, 542156.810835423995741 ], [ 211887.908934514096472, 542156.78389668057207 ], [ 211887.258921373286285, 542156.74019646353554 ], [ 211909.789181031548651, 542166.861593706998974 ], [ 211909.519629525602795, 542166.695996723370627 ] ] ] ] } },
{ "type": "Feature", "properties": { "area_name": "wirye_plan_area", "spatial_id": "11240820010002", "original_area_sqm": 349078.66661230935, "intersect_area_sqm": 326215.8703042877, "allocation_ratio": 0.93450531787033175, "population_allocated": 0.0, "households_allocated": 0.0, "business_count_allocated": 0.0, "worker_count_allocated": 13.083074450184645 }, "geometry": { "type": "Polygon", "coordinates": [ [ [ 212557.16031477105571, 543507.009644693695009 ], [ 212579.031997587619117, 543507.188042253255844 ], [ 212584.152235060959356, 543499.99832364555914 ], [ 212589.02217640701565, 543495.558386260643601 ], [ 212589.028200939210365, 543495.448819824145176 ], [ 212589.20357187197078, 543489.749836816219613 ], [ 212588.512432424380677, 543482.738503748667426 ], [ 212589.526153004408116, 543479.267002724925987 ], [ 212593.327645595069043, 543355.730899340938777 ], [ 212592.424439923692262, 543353.749595897272229 ], [ 212592.104373105510604, 543353.05961832520552 ], [ 212592.074552225414664, 543346.129660150734708 ], [ 212592.374555574700935, 543342.271697394549847 ], [ 212592.384663685108535, 543342.139697796548717 ], [ 212593.894792474777205, 543337.219726335722953 ], [ 212596.764762334263651, 543333.789780415245332 ], [ 212602.074884161789669, 543325.279937225393951 ], [ 212610.374894376378506, 543314.57007906853687 ], [ 212610.914976187195862, 543313.880266001680866 ], [ 212614.413126933184685, 543311.443054247880355 ], [ 212615.794998363155173, 543310.480202900245786 ], [ 212621.865664437267696, 543306.107167205540463 ], [ 212622.305197733046953, 543307.170228872797452 ], [ 212622.728448345675133, 543308.191389540093951 ], [ 212622.793994711653795, 543308.112604155670851 ], [ 212626.087126069847727, 543304.137683696812019 ], [ 212625.74787358296453, 543303.311448474065401 ], [ 212603.779155433090637, 543236.736336607951671 ], [ 212561.75401233320008, 543109.380409306148067 ], [ 212483.055925923399627, 542870.889955068239942 ], [ 212482.870333912345814, 542870.327440609922633 ], [ 212474.405434211454121, 542870.136327647021972 ], [ 212363.592379738780437, 542875.925802304875106 ], [ 212355.302838677976979, 542876.35886933922302 ], [ 212293.244988328689942, 542879.601037713931873 ], [ 212261.19807219132781, 542881.275288933189586 ], [ 212228.654185357998358, 542882.81274475750979 ], [ 212088.701347033929778, 542889.424456179141998 ], [ 212088.547436054010177, 542888.096203107153997 ], [ 212080.588624005555175, 542823.315035379258916 ], [ 212074.388617456512293, 542772.850174359278753 ], [ 212072.188877331616823, 542754.945578263606876 ], [ 212068.664728153496981, 542726.261008946574293 ], [ 212066.370819034491433, 542707.589402945362963 ], [ 212062.471532452589599, 542675.850708015728742 ], [ 212062.376452692697058, 542675.349501505959779 ], [ 212116.001443072484108, 542662.432555787963793 ], [ 212117.654516209295252, 542650.204901808290742 ], [ 212110.647203869419172, 542595.608989730826579 ], [ 212105.500677103700582, 542555.511601377511397 ], [ 212099.283408332557883, 542507.070769366109744 ], [ 212098.36392305631307, 542468.295492223929614 ], [ 212087.861225046304753, 542466.946905031218193 ], [ 212083.203343094530283, 542469.389421715517528 ], [ 212078.693566324160201, 542468.910288075101562 ], [ 212067.432500263559632, 542468.049166635260917 ], [ 212058.412605271238135, 542467.569892407744192 ], [ 212053.108588203554973, 542467.019917288445868 ], [ 212045.329659586306661, 542466.829748914693482 ], [ 212038.951830802805489, 542466.256661874125712 ], [ 212032.63984982096008, 542465.679524393402971 ], [ 212023.851867308898363, 542464.876952867372893 ], [ 212019.524221083789598, 542464.481823915848508 ], [ 212013.179040164744947, 542463.902308189775795 ], [ 212011.073057333094766, 542463.70124798908364 ], [ 212004.871323085972108, 542461.541057448717766 ], [ 211992.156202352955006, 542461.860891918186098 ], [ 211991.785489679925377, 542461.87026309419889 ], [ 212098.945951482804958, 543225.291808004956692 ], [ 212167.869563463056693, 543448.129428851301782 ], [ 212184.681069195765303, 543452.454244433203712 ], [ 212188.470219496928621, 543453.428951947018504 ], [ 212194.37953263008967, 543454.949140118900687 ], [ 212200.273860966379289, 543456.465447750058956 ], [ 212204.071005872188834, 543457.442399726365693 ], [ 212248.050932873331476, 543475.997085605398752 ], [ 212403.837332670838805, 543541.721617158036679 ], [ 212487.769003755645826, 543577.131328857271001 ], [ 212509.421441906830296, 543586.266376336920075 ], [ 212515.408452011673944, 543589.056333860033192 ], [ 212515.456728331046179, 543589.075519706122577 ], [ 212515.430307542410446, 543589.330913160112686 ], [ 212514.221058748895302, 543603.956203611800447 ], [ 212513.660638412751723, 543606.437212212244049 ], [ 212509.634466217277804, 543645.355733452015556 ], [ 212543.022666273463983, 543582.357212557690218 ], [ 212542.101198842632584, 543578.286864860448986 ], [ 212542.629002605448477, 543577.422718281392008 ], [ 212546.541189991199644, 543571.017106010578573 ], [ 212549.251466060348321, 543560.247145461966284 ], [ 212549.290569648961537, 543560.174123372533359 ], [ 212553.653576625831192, 543552.010394827695563 ], [ 212554.202725894632749, 543545.186855827691033 ], [ 212555.409958329604706, 543530.185507999616675 ], [ 212557.16031477105571, 543507.009644693695009 ] ] ] } },
{ "type": "Feature", "properties": { "area_name": "wirye_plan_area", "spatial_id": "11240820010101", "original_area_sqm": 15048.907506189415, "intersect_area_sqm": 15048.907506189416, "allocation_ratio": 1.0, "population_allocated": 570.0, "households_allocated": 280.0, "business_count_allocated": 10.0, "worker_count_allocated": 29.0 }, "geometry": { "type": "Polygon", "coordinates": [ [ [ 211919.821348634402966, 541771.421484231716022 ], [ 211833.42668404840515, 541796.509460370638408 ], [ 211744.636672325490508, 541822.293098086840473 ], [ 211745.282656445866451, 541824.02192392712459 ], [ 211747.468246277188882, 541828.654587776283734 ], [ 211749.727971707994584, 541832.985826925840229 ], [ 211752.458384934026981, 541837.881792014348321 ], [ 211756.130380210815929, 541843.625392605550587 ], [ 211760.273066543857567, 541849.368893585517071 ], [ 211765.573858052375726, 541855.82032636879012 ], [ 211774.040015101636527, 541866.438038192223758 ], [ 211814.687028730666498, 541917.414708490367047 ], [ 211877.722747804538812, 541874.5289949006401 ], [ 211942.393829335982446, 541830.530607416527346 ], [ 211936.405409652128583, 541818.435348158236593 ], [ 211921.609070962003898, 541776.489514266257174 ], [ 211919.821348634402966, 541771.421484231716022 ] ] ] } },
{ "type": "Feature", "properties": { "area_name": "wirye_plan_area", "spatial_id": "11240820010108", "original_area_sqm": 8422.2738221050422, "intersect_area_sqm": 8422.2738221050386, "allocation_ratio": 0.99999999999999956, "population_allocated": 415.99999999999983, "households_allocated": 156.99999999999994, "business_count_allocated": 4.9999999999999982, "worker_count_allocated": 5.9999999999999973 }, "geometry": { "type": "Polygon", "coordinates": [ [ [ 212055.484035177680198, 541908.020170353818685 ], [ 211981.425536543363705, 541909.366542788222432 ], [ 211996.606117771181744, 541940.027974016265944 ], [ 212003.352516118786298, 541953.654272762709297 ], [ 212006.23161046061432, 541959.469398473855108 ], [ 211906.02832849699189, 542031.9680709624663 ], [ 211912.578268496115925, 542040.182549386401661 ], [ 211916.310724051989382, 542044.863845960702747 ], [ 211928.18148851476144, 542059.751451930147596 ], [ 211931.674531696800841, 542063.889560563373379 ], [ 211989.205786588863702, 542016.229108201921917 ], [ 212057.940118442376843, 541959.287673325277865 ], [ 212055.484035177680198, 541908.020170353818685 ] ] ] } },
{ "type": "Feature", "properties": { "area_name": "wirye_plan_area", "spatial_id": "11240820010103", "original_area_sqm": 10209.340443653529, "intersect_area_sqm": 10209.340443653529, "allocation_ratio": 1.0, "population_allocated": 390.0, "households_allocated": 156.0, "business_count_allocated": 5.0, "worker_count_allocated": 5.0 }, "geometry": { "type": "Polygon", "coordinates": [ [ [ 212034.737002557900269, 542045.608718900359236 ], [ 212028.818417204398429, 542051.600017981836572 ], [ 211989.205786588863702, 542016.229108201921917 ], [ 211931.674531696800841, 542063.889560563373379 ], [ 211938.524123206880176, 542072.003985132207163 ], [ 211945.047890581423417, 542079.005433992249891 ], [ 211952.526588275009999, 542085.84778671420645 ], [ 211960.564953321794746, 542093.021242688526399 ], [ 211963.531755730771692, 542095.33762504265178 ], [ 211967.438037980842637, 542098.387988507980481 ], [ 211974.405558200727683, 542103.001727797556669 ], [ 211976.694547968334518, 542104.364325719652697 ], [ 211982.314356804068666, 542107.709604893811047 ], [ 211990.715522561979014, 542112.103368035051972 ], [ 212000.486201644584071, 542115.995496805408038 ], [ 212009.242640324373497, 542119.102724393364042 ], [ 212015.739265038777376, 542121.268382477108389 ], [ 212021.859134925151011, 542122.963448296301067 ], [ 212027.979403667239239, 542124.375702664605342 ], [ 212033.346067635982763, 542125.411605346016586 ], [ 212039.371999037830392, 542125.88237814058084 ], [ 212044.73160769068636, 542126.005376902176067 ], [ 212059.402221836528042, 542125.346277772332542 ], [ 212120.489316444844007, 542122.601609917939641 ], [ 212034.737002557900269, 542045.608718900359236 ] ] ] } },
{ "type": "Feature", "properties": { "area_name": "wirye_plan_area", "spatial_id": "11240820010102", "original_area_sqm": 29272.895346199643, "intersect_area_sqm": 29272.895346199635, "allocation_ratio": 0.99999999999999978, "population_allocated": 592.99999999999989, "households_allocated": 249.99999999999994, "business_count_allocated": 4.9999999999999991, "worker_count_allocated": 9.9999999999999982 }, "geometry": { "type": "Polygon", "coordinates": [ [ [ 211919.821348634402966, 541771.421484231716022 ], [ 211921.609070962003898, 541776.489514266257174 ], [ 211988.018597576272441, 541774.255176997045055 ], [ 211983.192415623838315, 541653.730681673041545 ], [ 211982.959941598586738, 541653.745853366679512 ], [ 211966.94929296837654, 541655.591525419033132 ], [ 211966.557169382838765, 541656.545627956977114 ], [ 211965.32705893489765, 541656.755584182334132 ], [ 211946.870101472362876, 541659.906399141531438 ], [ 211929.052490689791739, 541663.491881277877837 ], [ 211896.198260736156953, 541670.10347713297233 ], [ 211884.884518188744551, 541672.380248536705039 ], [ 211883.057530824968126, 541672.748103655292653 ], [ 211859.465831626264844, 541677.890466556884348 ], [ 211828.010567964287475, 541684.74698485666886 ], [ 211823.009767677896889, 541685.837082723155618 ], [ 211815.560762754612369, 541685.611559830023907 ], [ 211810.645871473476291, 541685.462913703056984 ], [ 211801.795666434074519, 541687.392420593416318 ], [ 211776.078047006565612, 541692.999288016115315 ], [ 211775.402012866921723, 541691.146252141683362 ], [ 211751.832245944970055, 541696.28473097551614 ], [ 211727.280907052016119, 541699.874075420550071 ], [ 211727.731333235482452, 541709.060566987493075 ], [ 211728.633435458061285, 541727.461163426982239 ], [ 211728.578750437212875, 541727.473077393020503 ], [ 211730.659401698561851, 541769.4313220216427 ], [ 211734.399215268262196, 541789.835289521841332 ], [ 211738.807026224123547, 541806.691473469138145 ], [ 211740.415133294562111, 541810.995443210704252 ], [ 211744.636672325490508, 541822.293098086840473 ], [ 211833.42668404840515, 541796.509460370638408 ], [ 211919.821348634402966, 541771.421484231716022 ] ] ] } },
{ "type": "Feature", "properties": { "area_name": "wirye_plan_area", "spatial_id": "11240820010109", "original_area_sqm": 12937.029512154319, "intersect_area_sqm": 12937.02951215432, "allocation_ratio": 1.0, "population_allocated": 610.0, "households_allocated": 179.0, "business_count_allocated": 0.0, "worker_count_allocated": 0.0 }, "geometry": { "type": "Polygon", "coordinates": [ [ [ 212148.424891410453711, 541958.969600320677273 ], [ 212120.226395408826647, 541959.068676708149724 ], [ 212061.185570679372177, 542018.835005024913698 ], [ 212034.737002557900269, 542045.608718900359236 ], [ 212120.489316444844007, 542122.601609917939641 ], [ 212174.573626080702525, 542120.171599121298641 ], [ 212172.084409120812779, 542113.428864925517701 ], [ 212167.046045357477851, 542097.854044007253833 ], [ 212162.64635199517943, 542082.08793305256404 ], [ 212158.893211042566691, 542066.154684866429307 ], [ 212156.369728423247579, 542053.072817528038286 ], [ 212155.792867330659647, 542050.082049897057004 ], [ 212153.349993856565561, 542033.896255205851048 ], [ 212151.568838984501781, 542017.624441486550495 ], [ 212150.452168268151581, 542001.293428636039607 ], [ 212150.286016639089212, 541997.824247957207263 ], [ 212149.721084034797968, 541986.030792092322372 ], [ 212148.9514494027826, 541969.963629505829886 ], [ 212148.424891410453711, 541958.969600320677273 ] ] ] } },
{ "type": "Feature", "properties": { "area_name": "wirye_plan_area", "spatial_id": "11240820010110", "original_area_sqm": 10216.793496020027, "intersect_area_sqm": 10216.793496020027, "allocation_ratio": 1.0, "population_allocated": 429.0, "households_allocated": 134.0, "business_count_allocated": 6.0, "worker_count_allocated": 6.0 }, "geometry": { "type": "Polygon", "coordinates": [ [ [ 212143.012704106513411, 541845.980316046741791 ], [ 212052.718865834758617, 541850.301023352658376 ], [ 211954.508938968618168, 541855.000567874521948 ], [ 211971.580805233475985, 541889.482176443561912 ], [ 211981.425536543363705, 541909.366542788222432 ], [ 212055.484035177680198, 541908.020170353818685 ], [ 212145.905716309527634, 541906.376325071207248 ], [ 212145.155090893385932, 541890.704820251790807 ], [ 212144.066921812773217, 541867.98848392511718 ], [ 212143.012704106513411, 541845.980316046741791 ] ] ] } },
{ "type": "Feature", "properties": { "area_name": "wirye_plan_area", "spatial_id": "11240820010105", "original_area_sqm": 16476.135336228759, "intersect_area_sqm": 16476.135336228759, "allocation_ratio": 1.0, "population_allocated": 481.0, "households_allocated": 156.0, "business_count_allocated": 0.0, "worker_count_allocated": 0.0 }, "geometry": { "type": "Polygon", "coordinates": [ [ [ 212044.771582288929494, 541650.104438408627175 ], [ 212033.043974339554552, 541650.666324665769935 ], [ 212031.804760326340329, 541650.725670638144948 ], [ 212019.206695706001483, 541651.382474134094082 ], [ 211988.92200734411017, 541653.357138677267358 ], [ 211983.192415623838315, 541653.730681673041545 ], [ 211988.018597576272441, 541774.255176997045055 ], [ 211921.609070962003898, 541776.489514266257174 ], [ 211936.405409652128583, 541818.435348158236593 ], [ 211942.393829335982446, 541830.530607416527346 ], [ 211954.508938968618168, 541855.000567874521948 ], [ 212052.718865834758617, 541850.301023352658376 ], [ 212048.977352841990069, 541772.204283204162493 ], [ 212044.771582288929494, 541650.104438408627175 ] ] ] } },
{ "type": "Feature", "properties": { "area_name": "wirye_plan_area", "spatial_id": "11240820010104", "original_area_sqm": 20056.795512922192, "intersect_area_sqm": 20056.795512922192, "allocation_ratio": 1.0, "population_allocated": 606.0, "households_allocated": 313.0, "business_count_allocated": 14.0, "worker_count_allocated": 97.0 }, "geometry": { "type": "Polygon", "coordinates": [ [ [ 211942.393829335982446, 541830.530607416527346 ], [ 211877.722747804538812, 541874.5289949006401 ], [ 211814.687028730666498, 541917.414708490367047 ], [ 211818.445625123160426, 541922.128458740888163 ], [ 211851.988762838504044, 541964.195740274735726 ], [ 211887.338503336708527, 542008.528829180984758 ], [ 211906.02832849699189, 542031.9680709624663 ], [ 212006.23161046061432, 541959.469398473855108 ], [ 212003.352516118786298, 541953.654272762709297 ], [ 211996.606117771181744, 541940.027974016265944 ], [ 211981.425536543363705, 541909.366542788222432 ], [ 211971.580805233475985, 541889.482176443561912 ], [ 211954.508938968618168, 541855.000567874521948 ], [ 211942.393829335982446, 541830.530607416527346 ] ] ] } },
{ "type": "Feature", "properties": { "area_name": "wirye_plan_area", "spatial_id": "11240820010107", "original_area_sqm": 18210.609609627238, "intersect_area_sqm": 18210.609609627245, "allocation_ratio": 1.0, "population_allocated": 472.0, "households_allocated": 147.0, "business_count_allocated": 0.0, "worker_count_allocated": 0.0 }, "geometry": { "type": "Polygon", "coordinates": [ [ [ 212133.238313595065847, 541644.345833878382109 ], [ 212132.705807406629901, 541644.3444071453996 ], [ 212121.111205049994169, 541644.31125856784638 ], [ 212104.533278300106758, 541644.262955183628947 ], [ 212098.791252640279708, 541644.509981294162571 ], [ 212065.117503579502227, 541646.125316772959195 ], [ 212053.275573455553968, 541649.697205396019854 ], [ 212044.771582288929494, 541650.104438408627175 ], [ 212048.977352841990069, 541772.204283204162493 ], [ 212052.718865834758617, 541850.301023352658376 ], [ 212143.012704106513411, 541845.980316046741791 ], [ 212142.133923580229748, 541827.633853822248057 ], [ 212141.372308123856783, 541811.733400582219474 ], [ 212139.333216016209917, 541769.164309650543146 ], [ 212138.333935849252157, 541748.302296761772595 ], [ 212134.435680041147862, 541666.921689865761437 ], [ 212133.238313595065847, 541644.345833878382109 ] ] ] } },
{ "type": "Feature", "properties": { "area_name": "wirye_plan_area", "spatial_id": "11240820010106", "original_area_sqm": 9914.8101807007824, "intersect_area_sqm": 9914.8101807007824, "allocation_ratio": 1.0, "population_allocated": 496.0, "households_allocated": 194.0, "business_count_allocated": 5.0, "worker_count_allocated": 5.0 }, "geometry": { "type": "Polygon", "coordinates": [ [ [ 212145.905716309527634, 541906.376325071207248 ], [ 212055.484035177680198, 541908.020170353818685 ], [ 212057.940118442376843, 541959.287673325277865 ], [ 211989.205786588863702, 542016.229108201921917 ], [ 212028.818417204398429, 542051.600017981836572 ], [ 212034.737002557900269, 542045.608718900359236 ], [ 212061.185570679372177, 542018.835005024913698 ], [ 212120.226395408826647, 541959.068676708149724 ], [ 212148.424891410453711, 541958.969600320677273 ], [ 212146.696955774532398, 541922.896284185117111 ], [ 212145.905716309527634, 541906.376325071207248 ] ] ] } },
{ "type": "Feature", "properties": { "area_name": "wirye_plan_area", "spatial_id": "11240820010201", "original_area_sqm": 14790.987028824002, "intersect_area_sqm": 14699.729326590319, "allocation_ratio": 0.9938301817143208, "population_allocated": 533.68680758059031, "households_allocated": 261.37733779086636, "business_count_allocated": 0.0, "worker_count_allocated": 0.0 }, "geometry": { "type": "Polygon", "coordinates": [ [ [ 212266.091497414628975, 542490.715221627964638 ], [ 212256.95966646852321, 542491.873014293960296 ], [ 212248.190717303921701, 542493.306846595020033 ], [ 212245.444725974230096, 542493.75585325807333 ], [ 212222.098729405290214, 542496.823362493654713 ], [ 212200.029846532066585, 542500.624951803823933 ], [ 212186.784488134173444, 542497.972373426076956 ], [ 212174.502289684140123, 542495.51258468918968 ], [ 212170.611254976538476, 542494.733616774319671 ], [ 212167.444224873179337, 542493.104549653013237 ], [ 212160.91937155436608, 542490.132512984448113 ], [ 212154.651420986454468, 542487.047399305389263 ], [ 212141.589737007685471, 542481.097267266479321 ], [ 212136.977804994006874, 542479.792059052851982 ], [ 212135.487885389069561, 542478.797447816468775 ], [ 212131.508880120178219, 542476.141157415346242 ], [ 212122.291783766180743, 542471.367922419449314 ], [ 212098.36392305631307, 542468.295492223929614 ], [ 212099.283408332557883, 542507.070769366109744 ], [ 212105.500677103700582, 542555.511601377511397 ], [ 212110.647203869419172, 542595.608989730826579 ], [ 212160.302879383438267, 542582.676161430077627 ], [ 212197.296444739826256, 542573.041247886139899 ], [ 212201.002461599971866, 542572.075931058963761 ], [ 212247.266384271293646, 542560.026453148107976 ], [ 212292.434237808076432, 542533.306435588398017 ], [ 212272.257867131353123, 542515.246248774696141 ], [ 212266.091497414628975, 542490.715221627964638 ] ] ] } },
{ "type": "Feature", "properties": { "area_name": "wirye_plan_area", "spatial_id": "11240820010202", "original_area_sqm": 9428.9779659323885, "intersect_area_sqm": 9428.9779659323904, "allocation_ratio": 1.0, "population_allocated": 536.0, "households_allocated": 157.0, "business_count_allocated": 6.0, "worker_count_allocated": 6.0 }, "geometry": { "type": "Polygon", "coordinates": [ [ [ 212247.266384271293646, 542560.026453148107976 ], [ 212201.002461599971866, 542572.075931058963761 ], [ 212197.296444739826256, 542573.041247886139899 ], [ 212160.302879383438267, 542582.676161430077627 ], [ 212110.647203869419172, 542595.608989730826579 ], [ 212117.654516209295252, 542650.204901808290742 ], [ 212116.001443072484108, 542662.432555787963793 ], [ 212138.767932502611075, 542656.94869660155382 ], [ 212212.325550120353, 542639.230519918026403 ], [ 212253.228749470901676, 542629.377874405239709 ], [ 212249.489513417007402, 542585.885785678052343 ], [ 212247.266384271293646, 542560.026453148107976 ] ] ] } },
{ "type": "Feature", "properties": { "area_name": "wirye_plan_area", "spatial_id": "11240820010301", "original_area_sqm": 24391.140579385723, "intersect_area_sqm": 24391.140579385723, "allocation_ratio": 1.0, "population_allocated": 571.0, "households_allocated": 177.0, "business_count_allocated": 0.0, "worker_count_allocated": 0.0 }, "geometry": { "type": "Polygon", "coordinates": [ [ [ 212200.408088525902713, 542696.791875044931658 ], [ 212068.664728153496981, 542726.261008946574293 ], [ 212072.188877331616823, 542754.945578263606876 ], [ 212074.388617456512293, 542772.850174359278753 ], [ 212080.588624005555175, 542823.315035379258916 ], [ 212088.547436054010177, 542888.096203107153997 ], [ 212088.701347033929778, 542889.424456179141998 ], [ 212228.654185357998358, 542882.81274475750979 ], [ 212218.111928504338721, 542806.597240736009553 ], [ 212210.278063090867363, 542741.90976420592051 ], [ 212200.408088525902713, 542696.791875044931658 ] ] ] } },
{ "type": "Feature", "properties": { "area_name": "wirye_plan_area", "spatial_id": "11240820010302", "original_area_sqm": 10972.533419117734, "intersect_area_sqm": 10972.533419117735, "allocation_ratio": 1.0, "population_allocated": 622.0, "households_allocated": 189.0, "business_count_allocated": 0.0, "worker_count_allocated": 0.0 }, "geometry": { "type": "Polygon", "coordinates": [ [ [ 212351.095690813672263, 542790.431268008542247 ], [ 212300.184195939596975, 542796.620199851109646 ], [ 212284.120753265859094, 542798.572915423777886 ], [ 212218.111928504338721, 542806.597240736009553 ], [ 212228.654185357998358, 542882.81274475750979 ], [ 212261.19807219132781, 542881.275288933189586 ], [ 212293.244988328689942, 542879.601037713931873 ], [ 212355.302838677976979, 542876.35886933922302 ], [ 212363.592379738780437, 542875.925802304875106 ], [ 212351.095690813672263, 542790.431268008542247 ] ] ] } },
{ "type": "Feature", "properties": { "area_name": "wirye_plan_area", "spatial_id": "11240820010304", "original_area_sqm": 19635.24268324369, "intersect_area_sqm": 19635.24268324369, "allocation_ratio": 1.0, "population_allocated": 479.0, "households_allocated": 149.0, "business_count_allocated": 5.0, "worker_count_allocated": 5.0 }, "geometry": { "type": "Polygon", "coordinates": [ [ [ 212474.405434211454121, 542870.136327647021972 ], [ 212482.870333912345814, 542870.327440609922633 ], [ 212456.304293200897519, 542789.820020026993006 ], [ 212452.440588046854828, 542778.111384917283431 ], [ 212449.237426058272831, 542768.40436339029111 ], [ 212440.044303323404165, 542740.54501752788201 ], [ 212429.109302236553049, 542707.407098743249662 ], [ 212395.931373823201284, 542715.458525658468716 ], [ 212289.946813101472799, 542740.192490094457753 ], [ 212300.184195939596975, 542796.620199851109646 ], [ 212351.095690813672263, 542790.431268008542247 ], [ 212363.592379738780437, 542875.925802304875106 ], [ 212474.405434211454121, 542870.136327647021972 ] ] ] } },
{ "type": "Feature", "properties": { "area_name": "wirye_plan_area", "spatial_id": "11240820010303", "original_area_sqm": 20190.182612445002, "intersect_area_sqm": 20190.182612445002, "allocation_ratio": 1.0, "population_allocated": 566.0, "households_allocated": 171.0, "business_count_allocated": 11.0, "worker_count_allocated": 26.0 }, "geometry": { "type": "Polygon", "coordinates": [ [ [ 212275.873335369193228, 542679.911366498330608 ], [ 212265.951333497010637, 542637.412251211004332 ], [ 212261.917566152231302, 542627.284954487578943 ], [ 212253.228749470901676, 542629.377874405239709 ], [ 212212.325550120353, 542639.230519918026403 ], [ 212138.767932502611075, 542656.94869660155382 ], [ 212116.001443072484108, 542662.432555787963793 ], [ 212062.376452692697058, 542675.349501505959779 ], [ 212062.471532452589599, 542675.850708015728742 ], [ 212066.370819034491433, 542707.589402945362963 ], [ 212068.664728153496981, 542726.261008946574293 ], [ 212200.408088525902713, 542696.791875044931658 ], [ 212210.278063090867363, 542741.90976420592051 ], [ 212218.111928504338721, 542806.597240736009553 ], [ 212284.120753265859094, 542798.572915423777886 ], [ 212300.184195939596975, 542796.620199851109646 ], [ 212289.946813101472799, 542740.192490094457753 ], [ 212286.306323411437916, 542724.599075701553375 ], [ 212275.873335369193228, 542679.911366498330608 ] ] ] } },
{ "type": "Feature", "properties": { "area_name": "wirye_plan_area", "spatial_id": "11240820020001", "original_area_sqm": 292488.14649795362, "intersect_area_sqm": 282860.84760321589, "allocation_ratio": 0.96708482374411342, "population_allocated": 237.9028666410519, "households_allocated": 88.004718960714328, "business_count_allocated": 0.0, "worker_count_allocated": 20.308781298626382 }, "geometry": { "type": "Polygon", "coordinates": [ [ [ 213547.086954214726575, 543688.769420244032517 ], [ 213547.582685877074255, 543688.926310200127773 ], [ 213893.604799636435928, 543463.979433067259379 ], [ 213894.625997302995529, 543398.181265941704623 ], [ 213935.117102656600764, 543396.305991589673795 ], [ 213936.901568357396172, 543395.804622121504508 ], [ 213962.666275569790741, 543394.360022606211714 ], [ 213965.879306923248805, 543394.185012632748112 ], [ 213979.755280664510792, 543394.232299933442846 ], [ 213979.871201502450276, 543394.233284189249389 ], [ 214006.683809637092054, 543392.991505386075005 ], [ 214007.418747493909905, 543392.173266572528519 ], [ 214008.799041699065128, 543386.511767576914281 ], [ 214008.856465739547275, 543386.002867329749279 ], [ 214009.104472943261499, 543383.778883127612062 ], [ 214010.789077900524717, 543384.094954236061312 ], [ 214011.173076360690175, 543383.145008820109069 ], [ 214012.62325397451059, 543379.718919719103724 ], [ 214013.993151396978647, 543376.188961107516661 ], [ 214015.563176139839925, 543373.629059368744493 ], [ 214017.612361357139889, 543370.436046085320413 ], [ 214018.572296816128073, 543368.939135823165998 ], [ 214014.46538175814203, 543365.822066618595272 ], [ 214008.29557754113921, 543361.019965345854871 ], [ 214007.188553088984918, 543359.733964784536511 ], [ 214004.98000525959651, 543358.237234871601686 ], [ 214004.618358929466922, 543357.992215518490411 ], [ 213993.200806293520145, 543350.25586338469293 ], [ 213987.95898444193881, 543346.695791387348436 ], [ 213973.19092392543098, 543337.744156483211555 ], [ 213963.057824470568448, 543331.602069796994328 ], [ 213950.546417714387644, 543324.018172071198933 ], [ 213939.499591335479636, 543317.322113386471756 ], [ 213937.587771259888541, 543316.163193631567992 ], [ 213928.924910110537894, 543310.40917049779091 ], [ 213920.377689467073651, 543304.731189715210348 ], [ 213907.536275194113841, 543296.200657158507966 ], [ 213889.84264511114452, 543282.04758858808782 ], [ 213871.28677116453764, 543269.720680743805133 ], [ 213851.962400431366405, 543256.883085495559499 ], [ 213834.26071509742178, 543247.524016772164032 ], [ 213826.114838708424941, 543242.113878496573307 ], [ 213815.345055040350417, 543234.959805986844003 ], [ 213801.484819927049102, 543225.752991662826389 ], [ 213797.135200315853581, 543222.863628461374901 ], [ 213794.803379026649054, 543221.314721402595751 ], [ 213791.036037035635673, 543218.8121091441717 ], [ 213784.40662958053872, 543214.408530219108798 ], [ 213765.478478556877235, 543201.842350149760023 ], [ 213752.929426292248536, 543193.511153820785694 ], [ 213748.076363823842257, 543190.289183824090287 ], [ 213749.017265263420995, 543188.326285801827908 ], [ 213752.767343725892715, 543182.89019287971314 ], [ 213750.871522828034358, 543181.58229616691824 ], [ 213749.921419445803622, 543180.926286843023263 ], [ 213738.340591320273234, 543176.582047540694475 ], [ 213707.75123476216686, 543155.479705423582345 ], [ 213704.22233100241283, 543153.044785547070205 ], [ 213701.430265083559789, 543151.073762237792835 ], [ 213697.13963992902427, 543148.114185046055354 ], [ 213637.685584127320908, 543107.103746266686358 ], [ 213608.608793914230773, 543087.04676528996788 ], [ 213597.856437837064732, 543102.681509679183364 ], [ 213554.08934924393543, 543165.815712627372704 ], [ 213525.326637484307867, 543207.306108251097612 ], [ 213521.091214451647829, 543213.467116010375321 ], [ 213486.673288283142028, 543263.532655396615155 ], [ 213458.262379380408674, 543304.86044486949686 ], [ 213457.405900766781997, 543304.263256505480967 ], [ 213448.991148876753869, 543298.395807457272895 ], [ 213419.344298211333808, 543277.723847175366245 ], [ 213382.257134867599234, 543252.155303847393952 ], [ 213381.332844638003735, 543251.51803979894612 ], [ 213310.348738229804439, 543202.580289099598303 ], [ 213308.825997106090654, 543201.530482363072224 ], [ 213308.054696959909052, 543203.072410020045936 ], [ 213257.566122773045208, 543278.802596677327529 ], [ 213232.322746329795336, 543262.29670312278904 ], [ 213178.272676472290186, 543224.758673858828843 ], [ 213150.675914629740873, 543264.427702873828821 ], [ 213141.841118643671507, 543277.127232342376374 ], [ 213126.492883681552485, 543299.189567458583042 ], [ 213205.669560587441083, 543354.329019957920536 ], [ 213193.249143262888538, 543372.33446198690217 ], [ 213184.307215944631025, 543384.862252182327211 ], [ 213174.968483857723186, 543397.09682031115517 ], [ 213165.242019011318916, 543409.025804134900682 ], [ 213163.626508269837359, 543410.882579049444757 ], [ 213183.422218160296325, 543421.617717207642272 ], [ 213190.804309307102812, 543424.423246233724058 ], [ 213204.572521105466876, 543437.580163915059529 ], [ 213205.152914483711356, 543438.134769678348675 ], [ 213222.11930242474773, 543451.031863452401012 ], [ 213229.462197153217858, 543459.182344915345311 ], [ 213246.516451405273983, 543466.159512320067734 ], [ 213254.451132721937029, 543464.940346912946552 ], [ 213255.535456585261272, 543464.773634989047423 ], [ 213259.471272562717786, 543469.70382430870086 ], [ 213284.695521840389119, 543501.300527401152067 ], [ 213306.61202745771152, 543528.753894608700648 ], [ 213310.10342498330283, 543533.427921039517969 ], [ 213310.321264350466663, 543533.719497842364945 ], [ 213312.531550572864944, 543536.678329823887907 ], [ 213319.480967301351484, 543545.981387622421607 ], [ 213319.299077903444413, 543547.303355832700618 ], [ 213319.250587541144341, 543547.655642625875771 ], [ 213317.498621054401156, 543560.387758341385052 ], [ 213322.400526353623718, 543564.838846133206971 ], [ 213299.948637375287944, 543614.609497963101603 ], [ 213294.585190772282658, 543629.344530087080784 ], [ 213293.898802562587662, 543629.910158826853149 ], [ 213484.324862820853014, 543730.049837237573229 ], [ 213545.535686934366822, 543690.257051795371808 ], [ 213547.086954214726575, 543688.769420244032517 ] ] ] } },
{ "type": "Feature", "properties": { "area_name": "wirye_plan_area", "spatial_id": "11240820020005", "original_area_sqm": 50542.323486708541, "intersect_area_sqm": 50542.323486708534, "allocation_ratio": 0.99999999999999989, "population_allocated": 0.0, "households_allocated": 0.0, "business_count_allocated": 0.0, "worker_count_allocated": 314.99999999999994 }, "geometry": { "type": "Polygon", "coordinates": [ [ [ 212527.471067588456208, 541966.006470116320997 ], [ 212511.144176036934368, 541967.250614872435108 ], [ 212488.569166278466582, 541968.493098079576157 ], [ 212449.912373692379333, 541970.620782105484977 ], [ 212414.730698260100326, 541972.557231015758589 ], [ 212387.257786624424625, 541974.069324410404079 ], [ 212324.74299941083882, 541977.510109750903212 ], [ 212213.410069700679742, 541983.637865472701378 ], [ 212200.215991498960648, 541984.364130467991345 ], [ 212149.721084034797968, 541986.030792092322372 ], [ 212150.286016639089212, 541997.824247957207263 ], [ 212150.452168268151581, 542001.293428636039607 ], [ 212151.568838984501781, 542017.624441486550495 ], [ 212153.349993856565561, 542033.896255205851048 ], [ 212155.792867330659647, 542050.082049897057004 ], [ 212156.369728423247579, 542053.072817528038286 ], [ 212158.893211042566691, 542066.154684866429307 ], [ 212162.64635199517943, 542082.08793305256404 ], [ 212167.046045357477851, 542097.854044007253833 ], [ 212172.084409120812779, 542113.428864925517701 ], [ 212174.573626080702525, 542120.171599121298641 ], [ 212177.931431312812492, 542120.010954892728478 ], [ 212294.748850425326964, 542114.415138799231499 ], [ 212350.814524220739258, 542111.729640856967308 ], [ 212407.167389767739223, 542109.030257554491982 ], [ 212410.303649860958103, 542108.880045845173299 ], [ 212421.704749678290682, 542108.333940328215249 ], [ 212460.182262438465841, 542106.490825832472183 ], [ 212534.182143354555592, 542102.946168140508235 ], [ 212527.832483911566669, 541970.382854664698243 ], [ 212527.471067588456208, 541966.006470116320997 ] ] ] } },
{ "type": "Feature", "properties": { "area_name": "wirye_plan_area", "spatial_id": "11240820020004", "original_area_sqm": 152011.59087562285, "intersect_area_sqm": 152011.59087562287, "allocation_ratio": 1.0, "population_allocated": 73.0, "households_allocated": 5.0, "business_count_allocated": 254.0, "worker_count_allocated": 889.0 }, "geometry": { "type": "Polygon", "coordinates": [ [ [ 213046.425072619866114, 542650.564991145045497 ], [ 213053.872351370606339, 542651.757704575662501 ], [ 213090.535792169655906, 542668.858940832433291 ], [ 213095.870999329956248, 542668.604459626367316 ], [ 213108.09440276780515, 542661.867820977815427 ], [ 213106.742089745122939, 542656.548894988722168 ], [ 213097.989462107711006, 542639.46092140302062 ], [ 213095.110441506432835, 542634.95001761475578 ], [ 213093.111543923150748, 542631.237004676717333 ], [ 213086.081792990211397, 542618.183909596758895 ], [ 213080.168086999095976, 542607.203880338463932 ], [ 213069.692592557723401, 542585.889958386542276 ], [ 213060.829871592955897, 542563.855905652162619 ], [ 213057.228088139410829, 542552.539010291337036 ], [ 213055.295239754108479, 542546.46709548367653 ], [ 213055.093218443449587, 542545.834167828783393 ], [ 213054.13434379681712, 542542.817058865795843 ], [ 213053.627396785712335, 542541.224124345462769 ], [ 213052.726216128095984, 542537.440211750334129 ], [ 213048.124812213645782, 542518.120176911586896 ], [ 213044.356261560751591, 542494.671290989848785 ], [ 213044.035213985014707, 542491.434280991205014 ], [ 213044.015568141709082, 542491.196379127446562 ], [ 213042.785700939508388, 542491.266077522654086 ], [ 213041.629631529329345, 542491.322963622165844 ], [ 213036.199013513571117, 542491.590647109085694 ], [ 212978.912276534974808, 542494.413199309958145 ], [ 212956.53217873655376, 542495.515847945120186 ], [ 212906.914854699745774, 542497.96045858412981 ], [ 212882.658708111761371, 542499.155583893531002 ], [ 212836.631874299666379, 542501.423281679279171 ], [ 212825.268010967527516, 542501.983185238670558 ], [ 212794.96264447941212, 542503.476322097238153 ], [ 212792.452276432595681, 542452.414370262646116 ], [ 212779.522839169454528, 542449.101599205983803 ], [ 212776.870493986876681, 542393.72815512388479 ], [ 212775.584402080683503, 542366.876883330522105 ], [ 212763.412915043096291, 542367.625376394949853 ], [ 212721.02847728037159, 542369.776667197933421 ], [ 212711.414700843306491, 542370.264633153914474 ], [ 212694.906889979116386, 542371.102548665949143 ], [ 212671.013024711108301, 542372.0094865282299 ], [ 212661.451433895883383, 542372.486322809825651 ], [ 212614.898610555770574, 542374.808156188577414 ], [ 212547.365469215874327, 542378.176246761810035 ], [ 212550.780142860021442, 542449.464151078020222 ], [ 212551.28634471850819, 542460.033902478171512 ], [ 212537.822874050267274, 542459.795542507665232 ], [ 212539.916082087293034, 542504.224086216301657 ], [ 212517.653657505754381, 542505.474719076766632 ], [ 212462.902338844200131, 542501.164747679256834 ], [ 212449.186935947218444, 542500.08500764274504 ], [ 212389.020896838075714, 542495.348722563125193 ], [ 212358.476146021625027, 542493.356882189633325 ], [ 212365.722499984141905, 542515.316606906009838 ], [ 212374.998427904967684, 542543.427087993593886 ], [ 212392.306191826675786, 542595.877429428976029 ], [ 212398.310720776498783, 542614.073742726352066 ], [ 212432.190494263195433, 542608.026247542118654 ], [ 212498.583989668870345, 542604.842701422399841 ], [ 212511.739272233418887, 542615.303455816116184 ], [ 212589.031119340041187, 542676.763857996440493 ], [ 212632.42586820476572, 542711.270247128792107 ], [ 212661.330829283455387, 542734.254669220652431 ], [ 212721.27097546576988, 542755.270245926105417 ], [ 212758.389481658232398, 542768.284446085104719 ], [ 212790.807180638308637, 542731.116218642680906 ], [ 212821.260734383919043, 542696.199973188340664 ], [ 212882.875272529490758, 542670.025173422414809 ], [ 212888.882993548962986, 542669.310376912704669 ], [ 212964.80983454734087, 542660.276073266635649 ], [ 213009.295212072232971, 542654.982978789834306 ], [ 213046.425072619866114, 542650.564991145045497 ] ] ] } },
{ "type": "Feature", "properties": { "area_name": "wirye_plan_area", "spatial_id": "11240820020002", "original_area_sqm": 224386.16621056388, "intersect_area_sqm": 220928.986920981, "allocation_ratio": 0.98459272535393882, "population_allocated": 738.44454401545408, "households_allocated": 575.00215160670029, "business_count_allocated": 124.05868339459629, "worker_count_allocated": 709.89135498018993 }, "geometry": { "type": "Polygon", "coordinates": [ [ [ 213153.97778745094547, 543405.650033445446752 ], [ 213163.626508269837359, 543410.882579049444757 ], [ 213165.242019011318916, 543409.025804134900682 ], [ 213174.968483857723186, 543397.09682031115517 ], [ 213184.307215944631025, 543384.862252182327211 ], [ 213193.249143262888538, 543372.33446198690217 ], [ 213205.669560587441083, 543354.329019957920536 ], [ 213126.492883681552485, 543299.189567458583042 ], [ 213141.841118643671507, 543277.127232342376374 ], [ 213150.675914629740873, 543264.427702873828821 ], [ 213178.272676472290186, 543224.758673858828843 ], [ 213232.322746329795336, 543262.29670312278904 ], [ 213257.566122773045208, 543278.802596677327529 ], [ 213308.054696959909052, 543203.072410020045936 ], [ 213308.825997106090654, 543201.530482363072224 ], [ 213308.697813049686374, 543201.44216540758498 ], [ 213309.406693963508587, 543200.369593912619166 ], [ 213330.10374279046664, 543170.782605921267532 ], [ 213346.641339989262633, 543147.141638320521452 ], [ 213367.838079432956874, 543116.840310208383016 ], [ 213373.817276327346917, 543108.292792831198312 ], [ 213403.516686625836883, 543065.836684262612835 ], [ 213448.527588889090111, 543001.492398636648431 ], [ 213459.816717102221446, 542985.902523179538548 ], [ 213462.285518779739505, 542982.493149005109444 ], [ 213462.206174938182812, 542982.438605682807975 ], [ 213457.318295920442324, 542979.066791359800845 ], [ 213448.112185946432874, 542972.715948523953557 ], [ 213447.238233325944748, 542972.11286698654294 ], [ 213435.826467087055789, 542964.530815159203485 ], [ 213426.991642419307027, 542958.436648036586121 ], [ 213416.259799944644328, 542951.033682097331621 ], [ 213404.67796981765423, 542946.690441776649095 ], [ 213391.517642949766014, 542937.611804415471852 ], [ 213383.983387125626905, 542932.414202349260449 ], [ 213364.344745548180072, 542918.869069429114461 ], [ 213357.299497478059493, 542914.008802462369204 ], [ 213290.743849281891016, 543009.743206766899675 ], [ 213272.433017518400447, 543036.081651846063323 ], [ 213250.709648488031235, 543067.328765609185211 ], [ 213205.668081445532152, 543132.116848854348063 ], [ 213190.162121201137779, 543121.698315790039487 ], [ 213174.372569229250075, 543110.465551272965968 ], [ 213125.923956886108499, 543075.999009098857641 ], [ 213088.498573221964762, 543049.374361666617915 ], [ 213069.661696943046991, 543035.973743091337383 ], [ 213040.021592341334326, 543010.567118357517757 ], [ 213028.839755767956376, 543000.982482177205384 ], [ 212991.177315514883958, 542968.69929634151049 ], [ 212997.221410111291334, 542961.983669386710972 ], [ 213033.167880853055976, 542919.686800905386917 ], [ 213035.04395608275081, 542917.479265671572648 ], [ 213053.620905447663972, 542895.620447127032094 ], [ 213049.825215448101517, 542886.683488075737841 ], [ 213027.158960813714657, 542833.315786740509793 ], [ 213050.96950571690104, 542825.267935395473614 ], [ 213038.42443732987158, 542795.729999361908995 ], [ 213033.472324624017347, 542783.16733341885265 ], [ 212959.376270030887099, 542808.241827034624293 ], [ 212948.500277676997939, 542813.478207518579438 ], [ 212937.974849895166699, 542817.070986386621371 ], [ 212904.843928210844751, 542828.380079557886347 ], [ 212842.559318290121155, 542847.715850416570902 ], [ 212821.61299690764281, 542852.549208285752684 ], [ 212790.805913886375492, 542855.457039283472113 ], [ 212788.048925434442936, 542855.58425491291564 ], [ 212792.69567353228922, 542869.548565386678092 ], [ 212794.796447848813841, 542875.741418399498798 ], [ 212803.360081088438164, 542900.988076144945808 ], [ 212810.418464950751513, 542921.79715544404462 ], [ 212813.962647968583042, 542962.83374593348708 ], [ 212817.928281166678062, 543008.75194946618285 ], [ 212803.499802635371452, 543013.207150897942483 ], [ 212744.650022621208336, 542994.748677352792583 ], [ 212735.01092618770781, 542997.725510379881598 ], [ 212679.637182637845399, 543014.825448671588674 ], [ 212669.729249692114536, 543017.78904606483411 ], [ 212641.45018358255038, 542934.576121196849272 ], [ 212617.937969612306915, 542865.390168657293543 ], [ 212515.616527409409173, 542871.066676955437288 ], [ 212482.870333912345814, 542870.327440609922633 ], [ 212483.055925923399627, 542870.889955068239942 ], [ 212561.75401233320008, 543109.380409306148067 ], [ 212603.779155433090637, 543236.736336607951671 ], [ 212625.74787358296453, 543303.311448474065401 ], [ 212626.087126069847727, 543304.137683696812019 ], [ 212630.417220567440381, 543298.911159898154438 ], [ 212635.774111510254443, 543292.445289911818691 ], [ 212680.417889909847872, 543256.855235279304907 ], [ 212697.681827611057088, 543243.092431787517853 ], [ 212709.111338883492863, 543234.861784973181784 ], [ 212710.073775443568593, 543233.64740613847971 ], [ 212710.69982558969059, 543232.85701080574654 ], [ 212730.17917814408429, 543208.278697045869194 ], [ 212733.316837432008469, 543204.319724100641906 ], [ 212768.312892625952372, 543086.343743647448719 ], [ 212863.014546939113643, 543094.59192968683783 ], [ 212871.154546903737355, 543086.79934763838537 ], [ 212873.244513842306333, 543084.798934435355477 ], [ 212879.941552212578245, 543078.387897222070023 ], [ 212882.120809571730206, 543076.301623419043608 ], [ 212883.85865377340815, 543076.764836680144072 ], [ 212894.716877325117821, 543079.658450938761234 ], [ 212909.893381589907221, 543093.301734679145738 ], [ 212911.515096067392733, 543094.759732381091453 ], [ 212942.587938590557314, 543096.438570325495675 ], [ 212964.62042206764454, 543103.44144944276195 ], [ 212979.610929966554977, 543104.747070752899162 ], [ 212982.126970524346689, 543113.996249526855536 ], [ 212992.977614077448379, 543138.385834768530913 ], [ 213004.884865042025922, 543170.28734446130693 ], [ 213006.204132508661132, 543173.82167485950049 ], [ 213011.453494448913261, 543187.884627351304516 ], [ 213017.331961666874122, 543220.604762421920896 ], [ 213019.338936328946147, 543230.274324646336026 ], [ 213019.64591254296829, 543231.752752067521214 ], [ 213032.255326187063474, 543292.495249439263716 ], [ 213033.885695012781071, 543300.348281283630058 ], [ 213045.377955085132271, 543313.293434755993076 ], [ 213150.157424916076707, 543408.436565952259116 ], [ 213153.97778745094547, 543405.650033445446752 ] ] ] } },
{ "type": "Feature", "properties": { "area_name": "wirye_plan_area", "spatial_id": "11240820020104", "original_area_sqm": 19770.587837810515, "intersect_area_sqm": 19770.587837810515, "allocation_ratio": 1.0, "population_allocated": 605.0, "households_allocated": 173.0, "business_count_allocated": 0.0, "worker_count_allocated": 0.0 }, "geometry": { "type": "Polygon", "coordinates": [ [ [ 213500.818835122016026, 543130.431783920386806 ], [ 213554.08934924393543, 543165.815712627372704 ], [ 213597.856437837064732, 543102.681509679183364 ], [ 213608.608793914230773, 543087.04676528996788 ], [ 213602.044172728230478, 543082.51868008216843 ], [ 213596.988244735024637, 543079.030527074821293 ], [ 213583.363663081341656, 543063.559534979402088 ], [ 213577.150098566839006, 543059.273512599640526 ], [ 213545.866398843063507, 543037.693997876602225 ], [ 213544.05157828348456, 543036.692857868853025 ], [ 213535.936559538793517, 543032.21576738730073 ], [ 213528.267619153572014, 543027.984842861420475 ], [ 213516.616065929323668, 543019.948032169369981 ], [ 213514.02281274201232, 543018.159241621149704 ], [ 213503.483741030126112, 543010.889649151475169 ], [ 213498.41525059461128, 543007.393526754924096 ], [ 213490.189342697995016, 543001.719463677029125 ], [ 213479.354614086361835, 542994.268327426398173 ], [ 213462.828050669806544, 542982.867579599493183 ], [ 213462.285518779739505, 542982.493149005109444 ], [ 213459.816717102221446, 542985.902523179538548 ], [ 213448.527588889090111, 543001.492398636648431 ], [ 213403.516686625836883, 543065.836684262612835 ], [ 213404.329338860377902, 543066.340603461372666 ], [ 213447.990445896459278, 543095.341726298211142 ], [ 213458.106565297493944, 543102.061049269279465 ], [ 213477.931980883033248, 543115.229631029185839 ], [ 213443.466368809022242, 543164.555315540870652 ], [ 213465.501572766894242, 543178.439819152466953 ], [ 213500.818835122016026, 543130.431783920386806 ] ] ] } },
{ "type": "Feature", "properties": { "area_name": "wirye_plan_area", "spatial_id": "11240820020103", "original_area_sqm": 9064.1486178166488, "intersect_area_sqm": 9064.1486178166506, "allocation_ratio": 1.0, "population_allocated": 585.0, "households_allocated": 174.0, "business_count_allocated": 5.0, "worker_count_allocated": 22.0 }, "geometry": { "type": "Polygon", "coordinates": [ [ [ 213403.516686625836883, 543065.836684262612835 ], [ 213373.817276327346917, 543108.292792831198312 ], [ 213367.838079432956874, 543116.840310208383016 ], [ 213346.641339989262633, 543147.141638320521452 ], [ 213347.95819689030759, 543148.059599493164569 ], [ 213418.502694820868783, 543200.282243383931927 ], [ 213443.466368809022242, 543164.555315540870652 ], [ 213477.931980883033248, 543115.229631029185839 ], [ 213458.106565297493944, 543102.061049269279465 ], [ 213447.990445896459278, 543095.341726298211142 ], [ 213404.329338860377902, 543066.340603461372666 ], [ 213403.516686625836883, 543065.836684262612835 ] ] ] } },
{ "type": "Feature", "properties": { "area_name": "wirye_plan_area", "spatial_id": "11240820020102", "original_area_sqm": 9084.1681067624995, "intersect_area_sqm": 9084.1681067624977, "allocation_ratio": 0.99999999999999978, "population_allocated": 561.99999999999989, "households_allocated": 162.99999999999997, "business_count_allocated": 0.0, "worker_count_allocated": 0.0 }, "geometry": { "type": "Polygon", "coordinates": [ [ [ 213554.08934924393543, 543165.815712627372704 ], [ 213500.818835122016026, 543130.431783920386806 ], [ 213465.501572766894242, 543178.439819152466953 ], [ 213443.466368809022242, 543164.555315540870652 ], [ 213418.502694820868783, 543200.282243383931927 ], [ 213412.447640278434847, 543208.947802385897376 ], [ 213433.3209934636252, 543224.297831259202212 ], [ 213486.673288283142028, 543263.532655396615155 ], [ 213521.091214451647829, 543213.467116010375321 ], [ 213525.326637484307867, 543207.306108251097612 ], [ 213554.08934924393543, 543165.815712627372704 ] ] ] } },
{ "type": "Feature", "properties": { "area_name": "wirye_plan_area", "spatial_id": "11240820020101", "original_area_sqm": 10530.383853374635, "intersect_area_sqm": 10530.383853374637, "allocation_ratio": 1.0, "population_allocated": 529.0, "households_allocated": 147.0, "business_count_allocated": 0.0, "worker_count_allocated": 8.0 }, "geometry": { "type": "Polygon", "coordinates": [ [ [ 213346.641339989262633, 543147.141638320521452 ], [ 213330.10374279046664, 543170.782605921267532 ], [ 213309.406693963508587, 543200.369593912619166 ], [ 213308.697813049686374, 543201.44216540758498 ], [ 213308.825997106090654, 543201.530482363072224 ], [ 213310.348738229804439, 543202.580289099598303 ], [ 213381.332844638003735, 543251.51803979894612 ], [ 213382.257134867599234, 543252.155303847393952 ], [ 213419.344298211333808, 543277.723847175366245 ], [ 213448.991148876753869, 543298.395807457272895 ], [ 213457.405900766781997, 543304.263256505480967 ], [ 213458.262379380408674, 543304.86044486949686 ], [ 213486.673288283142028, 543263.532655396615155 ], [ 213433.3209934636252, 543224.297831259202212 ], [ 213412.447640278434847, 543208.947802385897376 ], [ 213418.502694820868783, 543200.282243383931927 ], [ 213347.95819689030759, 543148.059599493164569 ], [ 213346.641339989262633, 543147.141638320521452 ] ] ] } },
{ "type": "Feature", "properties": { "area_name": "wirye_plan_area", "spatial_id": "11240820020202", "original_area_sqm": 15153.822921456205, "intersect_area_sqm": 15153.822921456205, "allocation_ratio": 1.0, "population_allocated": 511.0, "households_allocated": 156.0, "business_count_allocated": 5.0, "worker_count_allocated": 43.0 }, "geometry": { "type": "Polygon", "coordinates": [ [ [ 212633.465622705349233, 542746.980584827251732 ], [ 212555.71290357306134, 542749.396312131430022 ], [ 212555.994279920530971, 542784.649338138871826 ], [ 212456.304293200897519, 542789.820020026993006 ], [ 212482.870333912345814, 542870.327440609922633 ], [ 212515.616527409409173, 542871.066676955437288 ], [ 212617.937969612306915, 542865.390168657293543 ], [ 212604.308978855522582, 542807.934020613669418 ], [ 212635.204652255109977, 542806.709333968814462 ], [ 212633.465622705349233, 542746.980584827251732 ] ] ] } },
{ "type": "Feature", "properties": { "area_name": "wirye_plan_area", "spatial_id": "11240820020201", "original_area_sqm": 12299.307216200896, "intersect_area_sqm": 12299.307216200898, "allocation_ratio": 1.0, "population_allocated": 506.0, "households_allocated": 143.0, "business_count_allocated": 0.0, "worker_count_allocated": 0.0 }, "geometry": { "type": "Polygon", "coordinates": [ [ [ 212821.088344019895885, 542799.340826698695309 ], [ 212703.659401431796141, 542803.995730818598531 ], [ 212692.750199861766305, 542804.428193768137135 ], [ 212690.855534896953031, 542804.503268295433372 ], [ 212635.204652255109977, 542806.709333968814462 ], [ 212604.308978855522582, 542807.934020613669418 ], [ 212617.937969612306915, 542865.390168657293543 ], [ 212673.58663125950261, 542862.302936808788218 ], [ 212686.0739636272192, 542860.289212925825268 ], [ 212694.203738252079347, 542859.914120584726334 ], [ 212707.005142276379047, 542859.323437862214632 ], [ 212788.048925434442936, 542855.58425491291564 ], [ 212790.805913886375492, 542855.457039283472113 ], [ 212821.61299690764281, 542852.549208285752684 ], [ 212842.559318290121155, 542847.715850416570902 ], [ 212821.088344019895885, 542799.340826698695309 ] ] ] } },
{ "type": "Feature", "properties": { "area_name": "wirye_plan_area", "spatial_id": "11240820020205", "original_area_sqm": 9867.8275072119286, "intersect_area_sqm": 9867.8275072119304, "allocation_ratio": 1.0, "population_allocated": 386.0, "households_allocated": 119.0, "business_count_allocated": 0.0, "worker_count_allocated": 8.0 }, "geometry": { "type": "Polygon", "coordinates": [ [ [ 212511.739272233418887, 542615.303455816116184 ], [ 212498.583989668870345, 542604.842701422399841 ], [ 212432.190494263195433, 542608.026247542118654 ], [ 212398.310720776498783, 542614.073742726352066 ], [ 212419.154723466519499, 542677.24038220231887 ], [ 212504.68747738210368, 542666.854228540090844 ], [ 212555.326739206328057, 542701.003529588808306 ], [ 212589.031119340041187, 542676.763857996440493 ], [ 212511.739272233418887, 542615.303455816116184 ] ] ] } },
{ "type": "Feature", "properties": { "area_name": "wirye_plan_area", "spatial_id": "11240820020204", "original_area_sqm": 13118.166653281996, "intersect_area_sqm": 13118.166653281993, "allocation_ratio": 0.99999999999999978, "population_allocated": 516.99999999999989, "households_allocated": 157.99999999999997, "business_count_allocated": 0.0, "worker_count_allocated": 0.0 }, "geometry": { "type": "Polygon", "coordinates": [ [ [ 212504.68747738210368, 542666.854228540090844 ], [ 212419.154723466519499, 542677.24038220231887 ], [ 212429.109302236553049, 542707.407098743249662 ], [ 212440.044303323404165, 542740.54501752788201 ], [ 212449.237426058272831, 542768.40436339029111 ], [ 212452.440588046854828, 542778.111384917283431 ], [ 212456.304293200897519, 542789.820020026993006 ], [ 212555.994279920530971, 542784.649338138871826 ], [ 212555.71290357306134, 542749.396312131430022 ], [ 212555.487170048960252, 542721.110295589198358 ], [ 212555.326739206328057, 542701.003529588808306 ], [ 212504.68747738210368, 542666.854228540090844 ] ] ] } },
{ "type": "Feature", "properties": { "area_name": "wirye_plan_area", "spatial_id": "11240820020203", "original_area_sqm": 14454.660920077004, "intersect_area_sqm": 14454.660920077004, "allocation_ratio": 1.0, "population_allocated": 407.0, "households_allocated": 123.0, "business_count_allocated": 0.0, "worker_count_allocated": 0.0 }, "geometry": { "type": "Polygon", "coordinates": [ [ [ 212790.807180638308637, 542731.116218642680906 ], [ 212758.389481658232398, 542768.284446085104719 ], [ 212721.27097546576988, 542755.270245926105417 ], [ 212661.330829283455387, 542734.254669220652431 ], [ 212632.42586820476572, 542711.270247128792107 ], [ 212589.031119340041187, 542676.763857996440493 ], [ 212555.326739206328057, 542701.003529588808306 ], [ 212555.487170048960252, 542721.110295589198358 ], [ 212555.71290357306134, 542749.396312131430022 ], [ 212633.465622705349233, 542746.980584827251732 ], [ 212635.204652255109977, 542806.709333968814462 ], [ 212690.855534896953031, 542804.503268295433372 ], [ 212692.750199861766305, 542804.428193768137135 ], [ 212703.659401431796141, 542803.995730818598531 ], [ 212821.088344019895885, 542799.340826698695309 ], [ 212812.501574255613377, 542779.994528203271329 ], [ 212790.807180638308637, 542731.116218642680906 ] ] ] } },
{ "type": "Feature", "properties": { "area_name": "wirye_plan_area", "spatial_id": "11240820020301", "original_area_sqm": 7052.6831616938225, "intersect_area_sqm": 7052.6831616938225, "allocation_ratio": 1.0, "population_allocated": 447.0, "households_allocated": 137.0, "business_count_allocated": 0.0, "worker_count_allocated": 0.0 }, "geometry": { "type": "Polygon", "coordinates": [ [ [ 213118.972483317280421, 542863.793308054446243 ], [ 213098.984115179278888, 542807.824368323548697 ], [ 213050.96950571690104, 542825.267935395473614 ], [ 213027.158960813714657, 542833.315786740509793 ], [ 213049.825215448101517, 542886.683488075737841 ], [ 213053.620905447663972, 542895.620447127032094 ], [ 213075.818668866384542, 542884.809916512458585 ], [ 213118.347975006850902, 542933.407638866687194 ], [ 213147.579460677457973, 542904.611672771978192 ], [ 213127.04416544616106, 542886.394695713883266 ], [ 213118.972483317280421, 542863.793308054446243 ] ] ] } },
{ "type": "Feature", "properties": { "area_name": "wirye_plan_area", "spatial_id": "11240820020302", "original_area_sqm": 13900.576671175468, "intersect_area_sqm": 13900.576671175468, "allocation_ratio": 1.0, "population_allocated": 545.0, "households_allocated": 153.0, "business_count_allocated": 10.0, "worker_count_allocated": 12.0 }, "geometry": { "type": "Polygon", "coordinates": [ [ [ 213259.244857912446605, 542989.69127436587587 ], [ 213290.743849281891016, 543009.743206766899675 ], [ 213357.299497478059493, 542914.008802462369204 ], [ 213355.099464680271922, 542912.49120689521078 ], [ 213344.615316558600171, 542905.259124556672759 ], [ 213335.53439809527481, 542898.994683768600225 ], [ 213304.477957261231495, 542877.572353009833023 ], [ 213299.109004169818945, 542873.01040512335021 ], [ 213285.695271666802, 542861.614389461348765 ], [ 213281.397722198278643, 542857.962596042314544 ], [ 213209.876329190650722, 542958.264084135298617 ], [ 213184.400662172964076, 542993.991288801771589 ], [ 213233.39492242099368, 543026.47612123854924 ], [ 213259.244857912446605, 542989.69127436587587 ] ] ] } },
{ "type": "Feature", "properties": { "area_name": "wirye_plan_area", "spatial_id": "11240820020303", "original_area_sqm": 9660.942868408958, "intersect_area_sqm": 9660.942868408958, "allocation_ratio": 1.0, "population_allocated": 541.0, "households_allocated": 164.0, "business_count_allocated": 13.0, "worker_count_allocated": 52.0 }, "geometry": { "type": "Polygon", "coordinates": [ [ [ 213184.400662172964076, 542993.991288801771589 ], [ 213171.387114572222345, 543012.24148051510565 ], [ 213133.49863668056787, 542984.524834553711116 ], [ 213124.35418036772171, 542997.702816343749873 ], [ 213088.498573221964762, 543049.374361666617915 ], [ 213125.923956886108499, 543075.999009098857641 ], [ 213174.372569229250075, 543110.465551272965968 ], [ 213195.295697418332566, 543080.691785986418836 ], [ 213219.845686425047461, 543045.756990394787863 ], [ 213233.39492242099368, 543026.47612123854924 ], [ 213184.400662172964076, 542993.991288801771589 ] ] ] } },
{ "type": "Feature", "properties": { "area_name": "wirye_plan_area", "spatial_id": "11240820020304", "original_area_sqm": 12118.303767787105, "intersect_area_sqm": 12118.303767787103, "allocation_ratio": 0.99999999999999989, "population_allocated": 542.99999999999989, "households_allocated": 153.99999999999997, "business_count_allocated": 0.0, "worker_count_allocated": 9.9999999999999982 }, "geometry": { "type": "Polygon", "coordinates": [ [ [ 213240.016945487412158, 542813.551163701456971 ], [ 213147.579460677457973, 542904.611672771978192 ], [ 213173.187518198334146, 542927.328804896445945 ], [ 213133.49863668056787, 542984.524834553711116 ], [ 213171.387114572222345, 543012.24148051510565 ], [ 213184.400662172964076, 542993.991288801771589 ], [ 213209.876329190650722, 542958.264084135298617 ], [ 213281.397722198278643, 542857.962596042314544 ], [ 213277.281421643565409, 542854.465231529902667 ], [ 213268.777635646634735, 542847.240366547717713 ], [ 213259.565956834005192, 542839.413897639955394 ], [ 213240.016945487412158, 542813.551163701456971 ] ] ] } },
{ "type": "Feature", "properties": { "area_name": "wirye_plan_area", "spatial_id": "11240820020305", "original_area_sqm": 5593.763185797251, "intersect_area_sqm": 5593.763185797251, "allocation_ratio": 1.0, "population_allocated": 488.0, "households_allocated": 151.0, "business_count_allocated": 0.0, "worker_count_allocated": 0.0 }, "geometry": { "type": "Polygon", "coordinates": [ [ [ 213259.244857912446605, 542989.69127436587587 ], [ 213233.39492242099368, 543026.47612123854924 ], [ 213219.845686425047461, 543045.756990394787863 ], [ 213195.295697418332566, 543080.691785986418836 ], [ 213174.372569229250075, 543110.465551272965968 ], [ 213190.162121201137779, 543121.698315790039487 ], [ 213205.668081445532152, 543132.116848854348063 ], [ 213250.709648488031235, 543067.328765609185211 ], [ 213272.433017518400447, 543036.081651846063323 ], [ 213290.743849281891016, 543009.743206766899675 ], [ 213259.244857912446605, 542989.69127436587587 ] ] ] } },
{ "type": "Feature", "properties": { "area_name": "wirye_plan_area", "spatial_id": "11240820020306", "original_area_sqm": 12187.125829367887, "intersect_area_sqm": 12187.125829367887, "allocation_ratio": 1.0, "population_allocated": 534.0, "households_allocated": 154.0, "business_count_allocated": 5.0, "worker_count_allocated": 15.0 }, "geometry": { "type": "Polygon", "coordinates": [ [ [ 213219.341982686775737, 542786.198746593785472 ], [ 213213.680245570925763, 542776.035682603251189 ], [ 213210.627424152742606, 542770.230927777593024 ], [ 213186.602226708404487, 542725.75160262407735 ], [ 213169.721321849472588, 542733.979321451042779 ], [ 213153.802899936621543, 542741.737754496978596 ], [ 213150.166323709912831, 542743.509968494414352 ], [ 213150.217044097546022, 542743.66039545822423 ], [ 213146.182767857593717, 542745.02553325810004 ], [ 213096.721316923125414, 542761.763537434162572 ], [ 213084.063861302856822, 542766.0468741444638 ], [ 213050.84235205152072, 542777.289266710518859 ], [ 213033.472324624017347, 542783.16733341885265 ], [ 213038.42443732987158, 542795.729999361908995 ], [ 213050.96950571690104, 542825.267935395473614 ], [ 213098.984115179278888, 542807.824368323548697 ], [ 213118.972483317280421, 542863.793308054446243 ], [ 213219.341982686775737, 542786.198746593785472 ] ] ] } },
{ "type": "Feature", "properties": { "area_name": "wirye_plan_area", "spatial_id": "11240820020307", "original_area_sqm": 7970.5382917470452, "intersect_area_sqm": 7970.5382917470452, "allocation_ratio": 1.0, "population_allocated": 437.0, "households_allocated": 124.0, "business_count_allocated": 7.0, "worker_count_allocated": 7.0 }, "geometry": { "type": "Polygon", "coordinates": [ [ [ 213035.04395608275081, 542917.479265671572648 ], [ 213033.167880853055976, 542919.686800905386917 ], [ 212997.221410111291334, 542961.983669386710972 ], [ 212991.177315514883958, 542968.69929634151049 ], [ 213028.839755767956376, 543000.982482177205384 ], [ 213040.021592341334326, 543010.567118357517757 ], [ 213069.661696943046991, 543035.973743091337383 ], [ 213088.498573221964762, 543049.374361666617915 ], [ 213124.35418036772171, 542997.702816343749873 ], [ 213086.186683347506914, 542965.089813130325638 ], [ 213054.171566519100452, 542937.733594812103547 ], [ 213035.04395608275081, 542917.479265671572648 ] ] ] } },
{ "type": "Feature", "properties": { "area_name": "wirye_plan_area", "spatial_id": "11240820020308", "original_area_sqm": 7077.0371275019734, "intersect_area_sqm": 7077.0371275019725, "allocation_ratio": 0.99999999999999989, "population_allocated": 454.99999999999994, "households_allocated": 131.99999999999997, "business_count_allocated": 4.9999999999999991, "worker_count_allocated": 44.999999999999993 }, "geometry": { "type": "Polygon", "coordinates": [ [ [ 213173.187518198334146, 542927.328804896445945 ], [ 213147.579460677457973, 542904.611672771978192 ], [ 213118.347975006850902, 542933.407638866687194 ], [ 213075.818668866384542, 542884.809916512458585 ], [ 213053.620905447663972, 542895.620447127032094 ], [ 213035.04395608275081, 542917.479265671572648 ], [ 213054.171566519100452, 542937.733594812103547 ], [ 213086.186683347506914, 542965.089813130325638 ], [ 213124.35418036772171, 542997.702816343749873 ], [ 213133.49863668056787, 542984.524834553711116 ], [ 213173.187518198334146, 542927.328804896445945 ] ] ] } },
{ "type": "Feature", "properties": { "area_name": "wirye_plan_area", "spatial_id": "11240820020309", "original_area_sqm": 5522.4052112333011, "intersect_area_sqm": 5522.405211233302, "allocation_ratio": 1.0, "population_allocated": 370.0, "households_allocated": 97.0, "business_count_allocated": 0.0, "worker_count_allocated": 0.0 }, "geometry": { "type": "Polygon", "coordinates": [ [ [ 213219.341982445446774, 542786.198745515313931 ], [ 213118.972482896962902, 542863.793306303909048 ], [ 213127.044164758583065, 542886.394693630631082 ], [ 213147.579460789129371, 542904.611673312960193 ], [ 213240.016943344962783, 542813.551160896662623 ], [ 213219.341982445446774, 542786.198745515313931 ] ] ] } },
{ "type": "Feature", "properties": { "area_name": "wirye_plan_area", "spatial_id": "11240820020403", "original_area_sqm": 2749.8416295955194, "intersect_area_sqm": 2749.8416295955194, "allocation_ratio": 1.0, "population_allocated": 310.0, "households_allocated": 95.0, "business_count_allocated": 0.0, "worker_count_allocated": 0.0 }, "geometry": { "type": "Polygon", "coordinates": [ [ [ 212813.9626454214158, 542962.833745783311315 ], [ 212738.741376542369835, 542973.492524083470926 ], [ 212744.650020117522217, 542994.748676744522527 ], [ 212803.499800344521645, 543013.207150895148516 ], [ 212817.928280621708836, 543008.751948251738213 ], [ 212813.9626454214158, 542962.833745783311315 ] ] ] } },
{ "type": "Feature", "properties": { "area_name": "wirye_plan_area", "spatial_id": "11240820020402", "original_area_sqm": 12437.582798194886, "intersect_area_sqm": 12437.582798194888, "allocation_ratio": 1.0, "population_allocated": 531.0, "households_allocated": 161.0, "business_count_allocated": 5.0, "worker_count_allocated": 19.0 }, "geometry": { "type": "Polygon", "coordinates": [ [ [ 212707.005142276379047, 542859.323437862214632 ], [ 212694.203738252079347, 542859.914120584726334 ], [ 212686.0739636272192, 542860.289212925825268 ], [ 212673.58663125950261, 542862.302936808788218 ], [ 212617.937969612306915, 542865.390168657293543 ], [ 212641.45018358255038, 542934.576121196849272 ], [ 212669.729249692114536, 543017.78904606483411 ], [ 212679.637182637845399, 543014.825448671588674 ], [ 212735.01092618770781, 542997.725510379881598 ], [ 212744.650022621208336, 542994.748677352792583 ], [ 212738.741378844948485, 542973.492526724701747 ], [ 212723.208836873789551, 542917.615299871424213 ], [ 212707.005142276379047, 542859.323437862214632 ] ] ] } },
{ "type": "Feature", "properties": { "area_name": "wirye_plan_area", "spatial_id": "11240820020401", "original_area_sqm": 9196.8121552588218, "intersect_area_sqm": 9196.8121552588218, "allocation_ratio": 1.0, "population_allocated": 462.0, "households_allocated": 135.0, "business_count_allocated": 6.0, "worker_count_allocated": 14.0 }, "geometry": { "type": "Polygon", "coordinates": [ [ [ 212788.048925434442936, 542855.58425491291564 ], [ 212707.005142276379047, 542859.323437862214632 ], [ 212723.208836873789551, 542917.615299871424213 ], [ 212738.741378844948485, 542973.492526724701747 ], [ 212813.962647968583042, 542962.83374593348708 ], [ 212810.418464950751513, 542921.79715544404462 ], [ 212803.360081088438164, 542900.988076144945808 ], [ 212794.796447848813841, 542875.741418399498798 ], [ 212792.69567353228922, 542869.548565386678092 ], [ 212788.048925434442936, 542855.58425491291564 ] ] ] } },
{ "type": "Feature", "properties": { "area_name": "wirye_plan_area", "spatial_id": "11240820020502", "original_area_sqm": 15978.231948291252, "intersect_area_sqm": 15978.231948291248, "allocation_ratio": 0.99999999999999978, "population_allocated": 537.99999999999989, "households_allocated": 154.99999999999997, "business_count_allocated": 0.0, "worker_count_allocated": 0.0 }, "geometry": { "type": "Polygon", "coordinates": [ [ [ 212888.882993548962986, 542669.310376912704669 ], [ 212882.875272529490758, 542670.025173422414809 ], [ 212821.260734383919043, 542696.199973188340664 ], [ 212790.807180638308637, 542731.116218642680906 ], [ 212812.501574255613377, 542779.994528203271329 ], [ 212821.088344019895885, 542799.340826698695309 ], [ 212842.559318290121155, 542847.715850416570902 ], [ 212904.843928210844751, 542828.380079557886347 ], [ 212937.974849895166699, 542817.070986386621371 ], [ 212915.036783823539736, 542748.030218656174839 ], [ 212888.882993548962986, 542669.310376912704669 ] ] ] } },
{ "type": "Feature", "properties": { "area_name": "wirye_plan_area", "spatial_id": "11240820020501", "original_area_sqm": 9475.606549792763, "intersect_area_sqm": 9475.6065497927593, "allocation_ratio": 0.99999999999999967, "population_allocated": 521.99999999999977, "households_allocated": 144.99999999999994, "business_count_allocated": 0.0, "worker_count_allocated": 0.0 }, "geometry": { "type": "Polygon", "coordinates": [ [ [ 213109.789884126628749, 542668.536919539561495 ], [ 213108.09440276780515, 542661.867820977815427 ], [ 213095.870999329956248, 542668.604459626367316 ], [ 213090.535792169655906, 542668.858940832433291 ], [ 213053.872351370606339, 542651.757704575662501 ], [ 213046.425072619866114, 542650.564991145045497 ], [ 213009.295212072232971, 542654.982978789834306 ], [ 212964.80983454734087, 542660.276073266635649 ], [ 212986.036168532446027, 542725.896972730057314 ], [ 212964.813771815999644, 542732.512887520133518 ], [ 212977.631145996565465, 542770.133531611412764 ], [ 213041.163293642108329, 542748.796165482024662 ], [ 213028.850627769104904, 542712.550053648534231 ], [ 213118.450821893289685, 542684.618197730742395 ], [ 213109.789884126628749, 542668.536919539561495 ] ] ] } },
{ "type": "Feature", "properties": { "area_name": "wirye_plan_area", "spatial_id": "11240820020503", "original_area_sqm": 18094.08611047782, "intersect_area_sqm": 18094.086110477816, "allocation_ratio": 0.99999999999999978, "population_allocated": 637.99999999999989, "households_allocated": 181.99999999999997, "business_count_allocated": 0.0, "worker_count_allocated": 17.999999999999996 }, "geometry": { "type": "Polygon", "coordinates": [ [ [ 213084.063861302856822, 542766.0468741444638 ], [ 213096.721316923125414, 542761.763537434162572 ], [ 213146.182767857593717, 542745.02553325810004 ], [ 213150.217044097546022, 542743.66039545822423 ], [ 213150.166323709912831, 542743.509968494414352 ], [ 213140.992728137382073, 542726.477982057956979 ], [ 213139.905610890447861, 542724.45799339551013 ], [ 213138.378448066010606, 542721.622140818508342 ], [ 213124.848351496068062, 542696.496961194905452 ], [ 213118.450821893289685, 542684.618197730742395 ], [ 213028.850627769104904, 542712.550053648534231 ], [ 213041.163293642108329, 542748.796165482024662 ], [ 212977.631145996565465, 542770.133531611412764 ], [ 212964.813771815999644, 542732.512887520133518 ], [ 212986.036168532446027, 542725.896972730057314 ], [ 212964.80983454734087, 542660.276073266635649 ], [ 212888.882993548962986, 542669.310376912704669 ], [ 212915.036783823539736, 542748.030218656174839 ], [ 212937.974849895166699, 542817.070986386621371 ], [ 212948.500277676997939, 542813.478207518579438 ], [ 212959.376270030887099, 542808.241827034624293 ], [ 213033.472324624017347, 542783.16733341885265 ], [ 213050.84235205152072, 542777.289266710518859 ], [ 213084.063861302856822, 542766.0468741444638 ] ] ] } },
{ "type": "Feature", "properties": { "area_name": "wirye_plan_area", "spatial_id": "11240820020605", "original_area_sqm": 9104.017606983567, "intersect_area_sqm": 9104.0176069835725, "allocation_ratio": 1.0, "population_allocated": 443.0, "households_allocated": 149.0, "business_count_allocated": 0.0, "worker_count_allocated": 6.0 }, "geometry": { "type": "Polygon", "coordinates": [ [ [ 212386.134721904527396, 541736.087138194357976 ], [ 212352.481539894739399, 541737.746199707617052 ], [ 212318.877889337280067, 541739.402520695817657 ], [ 212292.134404187294422, 541740.720713492948562 ], [ 212235.880798264144687, 541743.493673509918153 ], [ 212239.587643944338197, 541808.562491630320437 ], [ 212320.505955109401839, 541805.949807366356254 ], [ 212320.208969694940606, 541793.809132191468962 ], [ 212388.660420430038357, 541790.599738521385007 ], [ 212386.134721904527396, 541736.087138194357976 ] ] ] } },
{ "type": "Feature", "properties": { "area_name": "wirye_plan_area", "spatial_id": "11240820020606", "original_area_sqm": 8911.005414375255, "intersect_area_sqm": 8911.0054143752532, "allocation_ratio": 0.99999999999999978, "population_allocated": 538.99999999999989, "households_allocated": 159.99999999999997, "business_count_allocated": 4.9999999999999991, "worker_count_allocated": 23.999999999999993 }, "geometry": { "type": "Polygon", "coordinates": [ [ [ 212320.505955109401839, 541805.949807366356254 ], [ 212239.587643944338197, 541808.562491630320437 ], [ 212242.826599502295721, 541865.416815438074991 ], [ 212245.973219278384931, 541920.649393817526288 ], [ 212323.269284580514068, 541918.900040738401003 ], [ 212321.910429972049315, 541863.357721904059872 ], [ 212320.505955109401839, 541805.949807366356254 ] ] ] } },
{ "type": "Feature", "properties": { "area_name": "wirye_plan_area", "spatial_id": "11240820020607", "original_area_sqm": 11038.345934625593, "intersect_area_sqm": 11038.34593462559, "allocation_ratio": 0.99999999999999967, "population_allocated": 631.99999999999977, "households_allocated": 196.99999999999994, "business_count_allocated": 6.9999999999999973, "worker_count_allocated": 13.999999999999995 }, "geometry": { "type": "Polygon", "coordinates": [ [ [ 212239.587643944338197, 541808.562491630320437 ], [ 212141.372308123856783, 541811.733400582219474 ], [ 212142.133923580229748, 541827.633853822248057 ], [ 212143.012704106513411, 541845.980316046741791 ], [ 212144.066921812773217, 541867.98848392511718 ], [ 212145.155090893385932, 541890.704820251790807 ], [ 212145.905716309527634, 541906.376325071207248 ], [ 212146.696955774532398, 541922.896284185117111 ], [ 212245.973219278384931, 541920.649393817526288 ], [ 212242.826599502295721, 541865.416815438074991 ], [ 212239.587643944338197, 541808.562491630320437 ] ] ] } },
{ "type": "Feature", "properties": { "area_name": "wirye_plan_area", "spatial_id": "11240820020608", "original_area_sqm": 8539.6277422731891, "intersect_area_sqm": 8539.6277422731891, "allocation_ratio": 1.0, "population_allocated": 447.0, "households_allocated": 162.0, "business_count_allocated": 5.0, "worker_count_allocated": 5.0 }, "geometry": { "type": "Polygon", "coordinates": [ [ [ 212417.627767693222268, 541734.534857224556617 ], [ 212401.941434385313187, 541735.308117385488003 ], [ 212386.134721904527396, 541736.087138194357976 ], [ 212388.660420430038357, 541790.599738521385007 ], [ 212320.208969694940606, 541793.809132191468962 ], [ 212320.505955109401839, 541805.949807366356254 ], [ 212321.910429972049315, 541863.357721904059872 ], [ 212386.918812888412504, 541860.841539755812846 ], [ 212394.144812507583993, 541860.561877282336354 ], [ 212391.959272396110464, 541790.444985226495191 ], [ 212463.208957153576193, 541787.104191099060699 ], [ 212462.686897622217657, 541780.782466533011757 ], [ 212462.675734908232698, 541780.548914592014626 ], [ 212461.068823579029413, 541747.0034483759664 ], [ 212418.379815971333301, 541746.133128530462272 ], [ 212417.627767693222268, 541734.534857224556617 ] ] ] } },
{ "type": "Feature", "properties": { "area_name": "wirye_plan_area", "spatial_id": "11240820020609", "original_area_sqm": 11714.742723763489, "intersect_area_sqm": 11714.742723763489, "allocation_ratio": 1.0, "population_allocated": 421.0, "households_allocated": 119.0, "business_count_allocated": 0.0, "worker_count_allocated": 0.0 }, "geometry": { "type": "Polygon", "coordinates": [ [ [ 212344.950592042703647, 541637.244681021780707 ], [ 212341.832441263162764, 541637.39399444067385 ], [ 212338.565592922008364, 541637.55081868020352 ], [ 212305.961745748616522, 541639.113313462003134 ], [ 212305.906011046492495, 541639.115917883813381 ], [ 212285.727534789359197, 541640.083113969303668 ], [ 212238.433827718836255, 541642.349927386152558 ], [ 212236.47123670799192, 541642.4440491811838 ], [ 212228.845360149804037, 541641.860044291941449 ], [ 212230.075761017418699, 541662.340532965259627 ], [ 212235.880798264144687, 541743.493673509918153 ], [ 212292.134404187294422, 541740.720713492948562 ], [ 212318.877889337280067, 541739.402520695817657 ], [ 212352.481539894739399, 541737.746199707617052 ], [ 212345.609939727088204, 541656.806472421507351 ], [ 212344.950592042703647, 541637.244681021780707 ] ] ] } },
{ "type": "Feature", "properties": { "area_name": "wirye_plan_area", "spatial_id": "11240820020611", "original_area_sqm": 14470.449396036169, "intersect_area_sqm": 14470.449396036171, "allocation_ratio": 1.0, "population_allocated": 460.0, "households_allocated": 145.0, "business_count_allocated": 6.0, "worker_count_allocated": 6.0 }, "geometry": { "type": "Polygon", "coordinates": [ [ [ 212386.181751428171992, 541915.492778240586631 ], [ 212323.269284580514068, 541918.900040738401003 ], [ 212245.973219278384931, 541920.649393817526288 ], [ 212146.696955774532398, 541922.896284185117111 ], [ 212148.424891410453711, 541958.969600320677273 ], [ 212148.9514494027826, 541969.963629505829886 ], [ 212149.721084034797968, 541986.030792092322372 ], [ 212200.215991498960648, 541984.364130467991345 ], [ 212213.410069700679742, 541983.637865472701378 ], [ 212324.74299941083882, 541977.510109750903212 ], [ 212387.257786624424625, 541974.069324410404079 ], [ 212387.358597815880785, 541966.613752834615298 ], [ 212386.181751428171992, 541915.492778240586631 ] ] ] } },
{ "type": "Feature", "properties": { "area_name": "wirye_plan_area", "spatial_id": "11240820020610", "original_area_sqm": 16212.715375062984, "intersect_area_sqm": 16212.715375062984, "allocation_ratio": 1.0, "population_allocated": 551.0, "households_allocated": 176.0, "business_count_allocated": 0.0, "worker_count_allocated": 15.0 }, "geometry": { "type": "Polygon", "coordinates": [ [ [ 212224.413373426126782, 541641.520883619668894 ], [ 212213.9995276988775, 541642.019816695014015 ], [ 212208.051414600660792, 541642.304662818671204 ], [ 212177.188716352247866, 541643.78416320332326 ], [ 212173.58174499735469, 541643.957091131131165 ], [ 212163.336892512452323, 541644.431909787235782 ], [ 212156.654798580944771, 541644.412837834679522 ], [ 212148.29495794660761, 541644.388659012154676 ], [ 212133.238313595065847, 541644.345833878382109 ], [ 212134.435680041147862, 541666.921689865761437 ], [ 212138.333935849252157, 541748.302296761772595 ], [ 212139.333216016209917, 541769.164309650543146 ], [ 212141.372308123856783, 541811.733400582219474 ], [ 212239.587643944338197, 541808.562491630320437 ], [ 212235.880798264144687, 541743.493673509918153 ], [ 212230.075761017418699, 541662.340532965259627 ], [ 212228.845360149804037, 541641.860044291941449 ], [ 212224.413373426126782, 541641.520883619668894 ] ] ] } },
{ "type": "Feature", "properties": { "area_name": "wirye_plan_area", "spatial_id": "11240820020601", "original_area_sqm": 8947.5283695148955, "intersect_area_sqm": 8947.5283695148955, "allocation_ratio": 1.0, "population_allocated": 445.0, "households_allocated": 182.0, "business_count_allocated": 8.0, "worker_count_allocated": 33.0 }, "geometry": { "type": "Polygon", "coordinates": [ [ [ 212486.006956955738133, 541857.006401124992408 ], [ 212481.330397369689308, 541847.617691199178807 ], [ 212478.767870412470074, 541842.47291338944342 ], [ 212474.330652706354158, 541832.737235121778212 ], [ 212474.235559135093354, 541832.483625892666169 ], [ 212470.576313453231705, 541822.717465167981572 ], [ 212467.521604233974358, 541812.463513433584012 ], [ 212465.181571069580968, 541802.023078796686605 ], [ 212463.567356893210672, 541791.445842934772372 ], [ 212463.208957153576193, 541787.104191099060699 ], [ 212391.959272396110464, 541790.444985226495191 ], [ 212394.144812507583993, 541860.561877282336354 ], [ 212434.638271001633257, 541858.994562791311182 ], [ 212436.337108266045107, 541912.7764849930536 ], [ 212448.63370623125229, 541912.110581310698763 ], [ 212511.751523703424027, 541908.69220382347703 ], [ 212505.423496355128009, 541895.987786787562072 ], [ 212486.006956955738133, 541857.006401124992408 ] ] ] } },
{ "type": "Feature", "properties": { "area_name": "wirye_plan_area", "spatial_id": "11240820020602", "original_area_sqm": 6179.2498003506944, "intersect_area_sqm": 6179.2498003506935, "allocation_ratio": 0.99999999999999989, "population_allocated": 446.99999999999994, "households_allocated": 162.99999999999997, "business_count_allocated": 4.9999999999999991, "worker_count_allocated": 4.9999999999999991 }, "geometry": { "type": "Polygon", "coordinates": [ [ [ 212434.638271001633257, 541858.994562791311182 ], [ 212394.144812507583993, 541860.561877282336354 ], [ 212386.918812888412504, 541860.841539755812846 ], [ 212321.910429972049315, 541863.357721904059872 ], [ 212323.269284580514068, 541918.900040738401003 ], [ 212386.181751428171992, 541915.492778240586631 ], [ 212436.337108266045107, 541912.7764849930536 ], [ 212434.638271001633257, 541858.994562791311182 ] ] ] } },
{ "type": "Feature", "properties": { "area_name": "wirye_plan_area", "spatial_id": "11240820020603", "original_area_sqm": 7890.4242142259491, "intersect_area_sqm": 7890.4242142259482, "allocation_ratio": 0.99999999999999989, "population_allocated": 466.99999999999994, "households_allocated": 167.99999999999997, "business_count_allocated": 4.9999999999999991, "worker_count_allocated": 4.9999999999999991 }, "geometry": { "type": "Polygon", "coordinates": [ [ [ 212511.751523703424027, 541908.69220382347703 ], [ 212448.63370623125229, 541912.110581310698763 ], [ 212436.337108266045107, 541912.7764849930536 ], [ 212386.181751428171992, 541915.492778240586631 ], [ 212387.358597815880785, 541966.613752834615298 ], [ 212387.257786624424625, 541974.069324410404079 ], [ 212414.730698260100326, 541972.557231015758589 ], [ 212449.912373692379333, 541970.620782105484977 ], [ 212488.569166278466582, 541968.493098079576157 ], [ 212511.144176036934368, 541967.250614872435108 ], [ 212527.471067588456208, 541966.006470116320997 ], [ 212527.389576223358745, 541965.018837780458853 ], [ 212526.95202717880602, 541959.719378116889857 ], [ 212525.337914561532671, 541949.142740939743817 ], [ 212522.997885980847059, 541938.701706160791218 ], [ 212519.943676104361657, 541928.447355392039753 ], [ 212516.188737058953848, 541918.428585026762448 ], [ 212511.751523703424027, 541908.69220382347703 ] ] ] } },
{ "type": "Feature", "properties": { "area_name": "wirye_plan_area", "spatial_id": "11240820020604", "original_area_sqm": 11806.499958915887, "intersect_area_sqm": 11806.499958915889, "allocation_ratio": 1.0, "population_allocated": 426.0, "households_allocated": 159.0, "business_count_allocated": 23.0, "worker_count_allocated": 32.0 }, "geometry": { "type": "Polygon", "coordinates": [ [ [ 212459.621865891502239, 541716.79497486143373 ], [ 212459.145901175623294, 541706.860239539062604 ], [ 212457.650969671434723, 541675.644509435864165 ], [ 212456.494271137344185, 541651.494823768269271 ], [ 212455.879265407624189, 541630.741782696219161 ], [ 212455.080711817223346, 541630.709833164815791 ], [ 212434.902957191661699, 541629.902418225537986 ], [ 212396.444569808954839, 541631.742654605768621 ], [ 212392.68229589756811, 541631.922756900195964 ], [ 212380.840165696165059, 541635.493451475631446 ], [ 212375.518568026163848, 541635.747911482001655 ], [ 212348.002583676308859, 541637.063906373805366 ], [ 212344.950592042703647, 541637.244681021780707 ], [ 212345.609939727088204, 541656.806472421507351 ], [ 212352.481539894739399, 541737.746199707617052 ], [ 212386.134721904527396, 541736.087138194357976 ], [ 212401.941434385313187, 541735.308117385488003 ], [ 212417.627767693222268, 541734.534857224556617 ], [ 212418.379815971333301, 541746.133128530462272 ], [ 212461.068823579029413, 541747.0034483759664 ], [ 212459.621865891502239, 541716.79497486143373 ] ] ] } },
{ "type": "Feature", "properties": { "area_name": "wirye_plan_area", "spatial_id": "11240820020703", "original_area_sqm": 14010.055340452092, "intersect_area_sqm": 14010.055340452092, "allocation_ratio": 1.0, "population_allocated": 647.0, "households_allocated": 226.0, "business_count_allocated": 0.0, "worker_count_allocated": 5.0 }, "geometry": { "type": "Polygon", "coordinates": [ [ [ 212353.697546320530819, 542180.861634372849949 ], [ 212299.257458741747541, 542183.126788229099475 ], [ 212294.748850425326964, 542114.415138799231499 ], [ 212177.931431312812492, 542120.010954892728478 ], [ 212174.573626080702525, 542120.171599121298641 ], [ 212177.753588607884012, 542128.785251223249361 ], [ 212184.044315768027445, 542143.897035388625227 ], [ 212190.945112728659296, 542158.740247779642232 ], [ 212198.445508973120013, 542173.290225733304396 ], [ 212200.438280679576565, 542176.969588119885884 ], [ 212205.877073548996123, 542187.011905946186744 ], [ 212231.306113744241884, 542233.96381733531598 ], [ 212356.337880425475305, 542229.794493148685433 ], [ 212353.697546320530819, 542180.861634372849949 ] ] ] } },
{ "type": "Feature", "properties": { "area_name": "wirye_plan_area", "spatial_id": "11240820020702", "original_area_sqm": 14077.851516407294, "intersect_area_sqm": 14077.851516407296, "allocation_ratio": 1.0, "population_allocated": 595.0, "households_allocated": 251.0, "business_count_allocated": 17.0, "worker_count_allocated": 37.0 }, "geometry": { "type": "Polygon", "coordinates": [ [ [ 212534.182143354555592, 542102.946168140508235 ], [ 212460.182262438465841, 542106.490825832472183 ], [ 212421.704749678290682, 542108.333940328215249 ], [ 212410.303649860958103, 542108.880045845173299 ], [ 212411.420684304350289, 542178.460050119785592 ], [ 212353.697546320530819, 542180.861634372849949 ], [ 212356.337880425475305, 542229.794493148685433 ], [ 212418.339824964728905, 542226.831797905266285 ], [ 212418.634318431606516, 542226.817753267241642 ], [ 212465.552455480443314, 542224.575788004789501 ], [ 212463.09875378239667, 542176.309882226516493 ], [ 212537.547843817184912, 542173.212397947558202 ], [ 212534.182143354555592, 542102.946168140508235 ] ] ] } },
{ "type": "Feature", "properties": { "area_name": "wirye_plan_area", "spatial_id": "11240820020701", "original_area_sqm": 11080.832428594298, "intersect_area_sqm": 11080.832428594298, "allocation_ratio": 1.0, "population_allocated": 607.0, "households_allocated": 221.0, "business_count_allocated": 7.0, "worker_count_allocated": 22.0 }, "geometry": { "type": "Polygon", "coordinates": [ [ [ 212418.634318431606516, 542226.817753267241642 ], [ 212418.339824964728905, 542226.831797905266285 ], [ 212356.337880425475305, 542229.794493148685433 ], [ 212231.306113744241884, 542233.96381733531598 ], [ 212253.460326224128949, 542274.869309923844412 ], [ 212265.904186325438786, 542297.84572956955526 ], [ 212311.758034861966735, 542296.140831556753255 ], [ 212359.887613086379133, 542293.661502734292299 ], [ 212422.440455586329335, 542290.439229603274725 ], [ 212418.634318431606516, 542226.817753267241642 ] ] ] } },
{ "type": "Feature", "properties": { "area_name": "wirye_plan_area", "spatial_id": "11240820020705", "original_area_sqm": 11261.164484514758, "intersect_area_sqm": 11261.16448451476, "allocation_ratio": 1.0, "population_allocated": 548.0, "households_allocated": 227.0, "business_count_allocated": 8.0, "worker_count_allocated": 9.0 }, "geometry": { "type": "Polygon", "coordinates": [ [ [ 212537.547843817184912, 542173.212397947558202 ], [ 212463.09875378239667, 542176.309882226516493 ], [ 212465.552455480443314, 542224.575788004789501 ], [ 212418.634318431606516, 542226.817753267241642 ], [ 212422.440455586329335, 542290.439229603274725 ], [ 212434.451287910051178, 542289.82043621968478 ], [ 212445.447131174732931, 542289.254072930780239 ], [ 212469.507423205242958, 542288.014580817543902 ], [ 212510.050971203891095, 542285.926043036277406 ], [ 212517.564057299226988, 542285.539065403514542 ], [ 212528.709104491310427, 542284.964892491349019 ], [ 212542.856872611184372, 542284.049716334557161 ], [ 212542.367507249990012, 542273.832594779785722 ], [ 212541.114455486705992, 542247.672984873410314 ], [ 212540.573391609330429, 542236.377753537264653 ], [ 212537.547843817184912, 542173.212397947558202 ] ] ] } },
{ "type": "Feature", "properties": { "area_name": "wirye_plan_area", "spatial_id": "11240820020704", "original_area_sqm": 7887.2161463198281, "intersect_area_sqm": 7887.2161463198281, "allocation_ratio": 1.0, "population_allocated": 626.0, "households_allocated": 196.0, "business_count_allocated": 6.0, "worker_count_allocated": 6.0 }, "geometry": { "type": "Polygon", "coordinates": [ [ [ 212410.303649860958103, 542108.880045845173299 ], [ 212407.167389767739223, 542109.030257554491982 ], [ 212350.814524220739258, 542111.729640856967308 ], [ 212294.748850425326964, 542114.415138799231499 ], [ 212299.257458741747541, 542183.126788229099475 ], [ 212353.697546320530819, 542180.861634372849949 ], [ 212411.420684304350289, 542178.460050119785592 ], [ 212410.303649860958103, 542108.880045845173299 ] ] ] } },
{ "type": "Feature", "properties": { "area_name": "wirye_plan_area", "spatial_id": "11240820020801", "original_area_sqm": 18482.674533890538, "intersect_area_sqm": 18482.674533890535, "allocation_ratio": 0.99999999999999978, "population_allocated": 648.99999999999989, "households_allocated": 198.99999999999994, "business_count_allocated": 15.999999999999996, "worker_count_allocated": 46.999999999999993 }, "geometry": { "type": "Polygon", "coordinates": [ [ [ 212537.822874050267274, 542459.795542507665232 ], [ 212551.28634471850819, 542460.033902478171512 ], [ 212550.780142860021442, 542449.464151078020222 ], [ 212547.365469215874327, 542378.176246761810035 ], [ 212544.258877885644324, 542313.319175712764263 ], [ 212542.856872611184372, 542284.049716334557161 ], [ 212528.709104491310427, 542284.964892491349019 ], [ 212517.564057299226988, 542285.539065403514542 ], [ 212520.600305923522683, 542342.806996714673005 ], [ 212521.345867804979207, 542356.868632146390155 ], [ 212523.758797127957223, 542395.949717047857121 ], [ 212454.5528315223346, 542399.799019066267647 ], [ 212457.404985081549967, 542434.425133203039877 ], [ 212340.719791574287228, 542442.056032594176941 ], [ 212342.936477150447899, 542447.521103384322487 ], [ 212348.874718645354733, 542464.26037833315786 ], [ 212358.476146021625027, 542493.356882189633325 ], [ 212389.020896838075714, 542495.348722563125193 ], [ 212449.186935947218444, 542500.08500764274504 ], [ 212462.902338844200131, 542501.164747679256834 ], [ 212517.653657505754381, 542505.474719076766632 ], [ 212539.916082087293034, 542504.224086216301657 ], [ 212537.822874050267274, 542459.795542507665232 ] ] ] } },
{ "type": "Feature", "properties": { "area_name": "wirye_plan_area", "spatial_id": "11240820020803", "original_area_sqm": 16449.336240955869, "intersect_area_sqm": 16449.336240955872, "allocation_ratio": 1.0, "population_allocated": 524.0, "households_allocated": 167.0, "business_count_allocated": 0.0, "worker_count_allocated": 10.0 }, "geometry": { "type": "Polygon", "coordinates": [ [ [ 212517.564057299226988, 542285.539065403514542 ], [ 212510.050971203891095, 542285.926043036277406 ], [ 212469.507423205242958, 542288.014580817543902 ], [ 212445.447131174732931, 542289.254072930780239 ], [ 212434.451287910051178, 542289.82043621968478 ], [ 212422.440455586329335, 542290.439229603274725 ], [ 212359.887613086379133, 542293.661502734292299 ], [ 212311.758034861966735, 542296.140831556753255 ], [ 212265.904186325438786, 542297.84572956955526 ], [ 212299.853459049598314, 542360.529318583547138 ], [ 212306.682185694080545, 542373.137851994950324 ], [ 212451.594094734056853, 542363.880416879896075 ], [ 212450.22760687029222, 542347.290067284251563 ], [ 212520.600305923522683, 542342.806996714673005 ], [ 212517.564057299226988, 542285.539065403514542 ] ] ] } },
{ "type": "Feature", "properties": { "area_name": "wirye_plan_area", "spatial_id": "11240820020802", "original_area_sqm": 12925.165312381036, "intersect_area_sqm": 12925.165312381037, "allocation_ratio": 1.0, "population_allocated": 588.0, "households_allocated": 175.0, "business_count_allocated": 0.0, "worker_count_allocated": 0.0 }, "geometry": { "type": "Polygon", "coordinates": [ [ [ 212520.600305923522683, 542342.806996714673005 ], [ 212450.22760687029222, 542347.290067284251563 ], [ 212451.594094734056853, 542363.880416879896075 ], [ 212306.682185694080545, 542373.137851994950324 ], [ 212320.750183327239938, 542399.112805957091041 ], [ 212328.859577219875064, 542414.915125830448233 ], [ 212336.260353255318478, 542431.061624624649994 ], [ 212340.719791574287228, 542442.056032594176941 ], [ 212457.404985081549967, 542434.425133203039877 ], [ 212454.5528315223346, 542399.799019066267647 ], [ 212523.758797127957223, 542395.949717047857121 ], [ 212521.345867804979207, 542356.868632146390155 ], [ 212520.600305923522683, 542342.806996714673005 ] ] ] } },
{ "type": "Feature", "properties": { "area_name": "wirye_plan_area", "spatial_id": "11240820020901", "original_area_sqm": 18220.75450070544, "intersect_area_sqm": 18220.754500705436, "allocation_ratio": 0.99999999999999978, "population_allocated": 486.99999999999989, "households_allocated": 158.99999999999997, "business_count_allocated": 69.999999999999986, "worker_count_allocated": 206.99999999999994 }, "geometry": { "type": "Polygon", "coordinates": [ [ [ 212577.868936022685375, 541626.063123519881628 ], [ 212571.460822148685111, 541626.369638550677337 ], [ 212531.506146012310637, 541628.281961348373443 ], [ 212504.917359145299997, 541629.554562196484767 ], [ 212503.278283466759603, 541629.632495932513848 ], [ 212501.36632507466129, 541629.724585423362441 ], [ 212469.077589707652805, 541631.26994363067206 ], [ 212455.879265407624189, 541630.741782696219161 ], [ 212456.494271137344185, 541651.494823768269271 ], [ 212457.650969671434723, 541675.644509435864165 ], [ 212459.145901175623294, 541706.860239539062604 ], [ 212459.621865891502239, 541716.79497486143373 ], [ 212461.068823579029413, 541747.0034483759664 ], [ 212462.675734908232698, 541780.548914592014626 ], [ 212546.757612493121997, 541776.886091849999502 ], [ 212575.556093765859259, 541775.631532099097967 ], [ 212584.654273921099957, 541775.235159825766459 ], [ 212581.718834038532805, 541712.125101697747596 ], [ 212578.626617111760424, 541645.645049792365171 ], [ 212577.868936022685375, 541626.063123519881628 ] ] ] } },
{ "type": "Feature", "properties": { "area_name": "wirye_plan_area", "spatial_id": "11240820021004", "original_area_sqm": 9127.1068753304389, "intersect_area_sqm": 9127.1068753304371, "allocation_ratio": 0.99999999999999978, "population_allocated": 378.99999999999994, "households_allocated": 112.99999999999997, "business_count_allocated": 20.999999999999996, "worker_count_allocated": 40.999999999999993 }, "geometry": { "type": "Polygon", "coordinates": [ [ [ 212641.743056875042384, 542347.5462417997187 ], [ 212641.815037942054914, 542348.685481100692414 ], [ 212644.550501805759268, 542348.542545078671537 ], [ 212644.632735503691947, 542349.578598133404739 ], [ 212646.030237433966249, 542349.609630175749771 ], [ 212660.287492944597034, 542348.837194968014956 ], [ 212654.99076250375947, 542241.224026550073177 ], [ 212622.187307188753039, 542243.034240260487422 ], [ 212541.114455486705992, 542247.672984873410314 ], [ 212542.367507249990012, 542273.832594779785722 ], [ 212542.856872611184372, 542284.049716334557161 ], [ 212544.258877885644324, 542313.319175712764263 ], [ 212621.931726049951976, 542308.875069004832767 ], [ 212617.369039703800809, 542351.648718190612271 ], [ 212623.413739392766729, 542349.640793086378835 ], [ 212634.106607768626418, 542348.972080474253744 ], [ 212634.033959939406486, 542347.957685872213915 ], [ 212641.743056875042384, 542347.5462417997187 ] ] ] } },
{ "type": "Feature", "properties": { "area_name": "wirye_plan_area", "spatial_id": "11240820021003", "original_area_sqm": 5832.3471434620596, "intersect_area_sqm": 5832.3471434620606, "allocation_ratio": 1.0, "population_allocated": 426.0, "households_allocated": 127.0, "business_count_allocated": 5.0, "worker_count_allocated": 5.0 }, "geometry": { "type": "Polygon", "coordinates": [ [ [ 212660.287492944597034, 542348.837194968014956 ], [ 212646.030237433966249, 542349.609630175749771 ], [ 212644.632735503691947, 542349.578598133404739 ], [ 212644.550501805759268, 542348.542545078671537 ], [ 212641.815037942054914, 542348.685481100692414 ], [ 212641.743056875042384, 542347.5462417997187 ], [ 212634.033959939406486, 542347.957685872213915 ], [ 212634.106607768626418, 542348.972080474253744 ], [ 212623.413739392766729, 542349.640793086378835 ], [ 212617.369039703800809, 542351.648718190612271 ], [ 212621.931726049951976, 542308.875069004832767 ], [ 212544.258877885644324, 542313.319175712764263 ], [ 212547.365469215874327, 542378.176246761810035 ], [ 212614.898610555770574, 542374.808156188577414 ], [ 212661.451433895883383, 542372.486322809825651 ], [ 212660.287492944597034, 542348.837194968014956 ] ] ] } },
{ "type": "Feature", "properties": { "area_name": "wirye_plan_area", "spatial_id": "11240820021002", "original_area_sqm": 7561.7745728298787, "intersect_area_sqm": 7561.7745728298796, "allocation_ratio": 1.0, "population_allocated": 410.0, "households_allocated": 129.0, "business_count_allocated": 7.0, "worker_count_allocated": 8.0 }, "geometry": { "type": "Polygon", "coordinates": [ [ [ 212647.916476221056655, 542097.498441021656618 ], [ 212631.284232338395668, 542098.295084418146871 ], [ 212611.765189838595688, 542099.230059998575598 ], [ 212610.93724505341379, 542099.269680182798766 ], [ 212534.182143354555592, 542102.946168140508235 ], [ 212537.547843817184912, 542173.212397947558202 ], [ 212608.455575673899148, 542169.216950369533151 ], [ 212608.75275035618688, 542160.841946884291247 ], [ 212622.581879360368475, 542160.230700191692449 ], [ 212622.625896543439012, 542158.553857550956309 ], [ 212638.335476890817517, 542157.717702663852833 ], [ 212650.838103749527363, 542156.855115733109415 ], [ 212647.916476221056655, 542097.498441021656618 ] ] ] } },
{ "type": "Feature", "properties": { "area_name": "wirye_plan_area", "spatial_id": "11240820021001", "original_area_sqm": 8890.8925045405394, "intersect_area_sqm": 8890.8925045405376, "allocation_ratio": 0.99999999999999978, "population_allocated": 355.99999999999994, "households_allocated": 113.99999999999997, "business_count_allocated": 29.999999999999993, "worker_count_allocated": 73.999999999999986 }, "geometry": { "type": "Polygon", "coordinates": [ [ [ 212650.838103749527363, 542156.855115733109415 ], [ 212638.335476890817517, 542157.717702663852833 ], [ 212622.625896543439012, 542158.553857550956309 ], [ 212622.581879360368475, 542160.230700191692449 ], [ 212608.75275035618688, 542160.841946884291247 ], [ 212608.455575673899148, 542169.216950369533151 ], [ 212537.547843817184912, 542173.212397947558202 ], [ 212540.573391609330429, 542236.377753537264653 ], [ 212541.114455486705992, 542247.672984873410314 ], [ 212622.187307188753039, 542243.034240260487422 ], [ 212654.99076250375947, 542241.224026550073177 ], [ 212652.770855250244495, 542196.123231243109331 ], [ 212650.838103749527363, 542156.855115733109415 ] ] ] } },
{ "type": "Feature", "properties": { "area_name": "wirye_plan_area", "spatial_id": "11240820021103", "original_area_sqm": 5718.1207000548347, "intersect_area_sqm": 5718.1207000548347, "allocation_ratio": 1.0, "population_allocated": 394.0, "households_allocated": 128.0, "business_count_allocated": 0.0, "worker_count_allocated": 0.0 }, "geometry": { "type": "Polygon", "coordinates": [ [ [ 212772.349277954694116, 542299.340629286598414 ], [ 212772.280932582099922, 542297.912691592704505 ], [ 212705.070273939112667, 542301.758191230124794 ], [ 212703.991797935275827, 542282.907253024866804 ], [ 212687.825579815107631, 542267.34405867557507 ], [ 212688.555791332531953, 542281.941628660308197 ], [ 212683.690391232492402, 542282.626082642935216 ], [ 212678.939067867060658, 542283.041429728153162 ], [ 212678.997884909855202, 542284.191807458759286 ], [ 212674.353573491389398, 542284.556699674227275 ], [ 212674.561059672618285, 542295.483214771025814 ], [ 212676.284806566050975, 542295.473561638500541 ], [ 212676.377889042487368, 542297.123521903064102 ], [ 212688.471731628815178, 542297.017873195931315 ], [ 212688.797159396170173, 542302.689291230286472 ], [ 212690.069251316657756, 542324.923822165117599 ], [ 212710.141950950725004, 542348.022694633924402 ], [ 212711.414700843306491, 542370.264633153914474 ], [ 212721.02847728037159, 542369.776667197933421 ], [ 212763.412915043096291, 542367.625376394949853 ], [ 212775.584402080683503, 542366.876883330522105 ], [ 212775.401136293483432, 542363.051165001699701 ], [ 212773.821352075610776, 542330.072056992328726 ], [ 212772.993735789234051, 542312.793083552387543 ], [ 212772.349277954694116, 542299.340629286598414 ] ] ] } },
{ "type": "Feature", "properties": { "area_name": "wirye_plan_area", "spatial_id": "11240820021101", "original_area_sqm": 4819.2253649112363, "intersect_area_sqm": 4819.2253649112363, "allocation_ratio": 1.0, "population_allocated": 356.0, "households_allocated": 111.0, "business_count_allocated": 0.0, "worker_count_allocated": 0.0 }, "geometry": { "type": "Polygon", "coordinates": [ [ [ 212769.799987247533863, 542246.111197002464905 ], [ 212769.543057390983449, 542240.746766428812407 ], [ 212769.523605964117451, 542240.340499081765302 ], [ 212769.402748254418839, 542237.817638542270288 ], [ 212769.290450690488797, 542235.472495222929865 ], [ 212700.633781626733253, 542238.343631775351241 ], [ 212686.204552521405276, 542238.946886387420818 ], [ 212686.512014242791338, 542244.384514248929918 ], [ 212687.825577144220006, 542267.344058353337459 ], [ 212703.991797138849506, 542282.907252859906293 ], [ 212705.070272560871672, 542301.758190352818929 ], [ 212772.280930015083868, 542297.912689561839215 ], [ 212769.799987247533863, 542246.111197002464905 ] ] ] } },
{ "type": "Feature", "properties": { "area_name": "wirye_plan_area", "spatial_id": "11240820021104", "original_area_sqm": 4937.9950657193622, "intersect_area_sqm": 4937.995065719364, "allocation_ratio": 1.0, "population_allocated": 411.0, "households_allocated": 126.0, "business_count_allocated": 0.0, "worker_count_allocated": 0.0 }, "geometry": { "type": "Polygon", "coordinates": [ [ [ 212769.290451666049194, 542235.472495987662114 ], [ 212768.120344727125484, 542211.04341957741417 ], [ 212766.491744131257292, 542177.045441571390256 ], [ 212766.428062932711327, 542175.718666621716693 ], [ 212697.599161802412709, 542179.656525644706562 ], [ 212684.628654409578303, 542207.232315280823968 ], [ 212685.987895079160808, 542222.701377577497624 ], [ 212681.001829809771152, 542224.820966859464534 ], [ 212675.039036711357767, 542225.270299073541537 ], [ 212675.127693877497222, 542226.472255243454129 ], [ 212670.548873572581215, 542226.843502267729491 ], [ 212670.660348379897187, 542237.727486872463487 ], [ 212672.464103616250213, 542237.647230653674342 ], [ 212672.485571908269776, 542239.255992143647745 ], [ 212682.287872106389841, 542239.04073445184622 ], [ 212686.204552272713045, 542238.946888610254973 ], [ 212700.633781724231085, 542238.34363423823379 ], [ 212769.290451666049194, 542235.472495987662114 ] ] ] } },
{ "type": "Feature", "properties": { "area_name": "wirye_plan_area", "spatial_id": "11240820021210", "original_area_sqm": 6609.8531225257211, "intersect_area_sqm": 6609.8531225257202, "allocation_ratio": 0.99999999999999989, "population_allocated": 523.99999999999989, "households_allocated": 157.99999999999997, "business_count_allocated": 0.0, "worker_count_allocated": 0.0 }, "geometry": { "type": "Polygon", "coordinates": [ [ [ 213036.199014327779878, 542491.590645962627605 ], [ 213041.629630380281014, 542491.322964442195371 ], [ 213042.785699651372852, 542491.26607807003893 ], [ 213044.015566770278383, 542491.196378248743713 ], [ 213042.33865531833726, 542471.007416098378599 ], [ 213039.671825495781377, 542415.253623462282121 ], [ 212975.14943809050601, 542419.494046185165644 ], [ 212951.486920483352151, 542421.049171607242897 ], [ 212956.532179603149416, 542495.515846403548494 ], [ 212978.9122773554991, 542494.413198438938707 ], [ 213036.199014327779878, 542491.590645962627605 ] ] ] } },
{ "type": "Feature", "properties": { "area_name": "wirye_plan_area", "spatial_id": "11240820021202", "original_area_sqm": 10455.189276490482, "intersect_area_sqm": 10455.189276490488, "allocation_ratio": 1.0, "population_allocated": 605.0, "households_allocated": 162.0, "business_count_allocated": 0.0, "worker_count_allocated": 0.0 }, "geometry": { "type": "Polygon", "coordinates": [ [ [ 212876.841248572251061, 542388.704478067927994 ], [ 212878.78148518645321, 542425.543660746770911 ], [ 212902.866112643328961, 542424.244679634692147 ], [ 212951.486920172697864, 542421.049171670340002 ], [ 212947.232693127472885, 542358.259416996617801 ], [ 212899.392233071062947, 542360.996685059391893 ], [ 212875.496430114581017, 542363.172321858815849 ], [ 212875.189352937071817, 542357.341736981761642 ], [ 212831.687466021336149, 542359.830731765716337 ], [ 212818.144384646613616, 542360.605658028041944 ], [ 212775.401136293483432, 542363.051165001699701 ], [ 212775.584402080683503, 542366.876883330522105 ], [ 212776.870493986876681, 542393.72815512388479 ], [ 212779.522839169454528, 542449.101599205983803 ], [ 212792.452276432595681, 542452.414370262646116 ], [ 212820.007115724758478, 542450.924733703723177 ], [ 212818.858841722772922, 542418.071164591354318 ], [ 212833.694589171005646, 542417.307206005672924 ], [ 212832.773088804737199, 542390.918954200576991 ], [ 212876.841248572251061, 542388.704478067927994 ] ] ] } },
{ "type": "Feature", "properties": { "area_name": "wirye_plan_area", "spatial_id": "11240820021203", "original_area_sqm": 5437.5406610659775, "intersect_area_sqm": 5437.5406610659775, "allocation_ratio": 1.0, "population_allocated": 453.0, "households_allocated": 133.0, "business_count_allocated": 0.0, "worker_count_allocated": 26.0 }, "geometry": { "type": "Polygon", "coordinates": [ [ [ 212956.532179603149416, 542495.515846403548494 ], [ 212951.486920483352151, 542421.049171607242897 ], [ 212902.866110954899341, 542424.244678537826985 ], [ 212878.781484292529058, 542425.543659604620188 ], [ 212879.94763242432964, 542447.683895276044495 ], [ 212882.65870783405262, 542499.155583022511564 ], [ 212906.914852747606346, 542497.960456294124015 ], [ 212956.532179603149416, 542495.515846403548494 ] ] ] } },
{ "type": "Feature", "properties": { "area_name": "wirye_plan_area", "spatial_id": "11240820021204", "original_area_sqm": 7387.3120757669212, "intersect_area_sqm": 7387.3120757669212, "allocation_ratio": 1.0, "population_allocated": 513.0, "households_allocated": 141.0, "business_count_allocated": 0.0, "worker_count_allocated": 0.0 }, "geometry": { "type": "Polygon", "coordinates": [ [ [ 212942.959538519586204, 542295.1905457242392 ], [ 212895.9424339204852, 542298.186991830123588 ], [ 212872.113031307701021, 542298.935808625770733 ], [ 212872.54298230400309, 542307.097390401060693 ], [ 212829.931126381910872, 542309.535392825957388 ], [ 212815.678139073745115, 542310.350868120323867 ], [ 212818.144384646613616, 542360.605658028041944 ], [ 212831.687466021336149, 542359.830731765716337 ], [ 212875.189352937071817, 542357.341736981761642 ], [ 212875.496430114581017, 542363.172321858815849 ], [ 212899.392233071062947, 542360.996685059391893 ], [ 212947.232693127472885, 542358.259416996617801 ], [ 212942.959538519586204, 542295.1905457242392 ] ] ] } },
{ "type": "Feature", "properties": { "area_name": "wirye_plan_area", "spatial_id": "11240820021205", "original_area_sqm": 4181.258428937278, "intersect_area_sqm": 4181.2584289372771, "allocation_ratio": 0.99999999999999978, "population_allocated": 416.99999999999989, "households_allocated": 126.99999999999997, "business_count_allocated": 0.0, "worker_count_allocated": 0.0 }, "geometry": { "type": "Polygon", "coordinates": [ [ [ 212942.959536353504518, 542295.190546411788091 ], [ 212938.946599552436965, 542235.961310954997316 ], [ 212898.757801150350133, 542238.440394464996643 ], [ 212892.681456550926669, 542238.815193246817216 ], [ 212889.692370504984865, 542238.999501931946725 ], [ 212881.838825560465921, 542239.484011820633896 ], [ 212869.02345179033, 542240.274508403963409 ], [ 212872.11302948006778, 542298.935808747541159 ], [ 212895.942432378651574, 542298.186991952592507 ], [ 212942.959536353504518, 542295.190546411788091 ] ] ] } },
{ "type": "Feature", "properties": { "area_name": "wirye_plan_area", "spatial_id": "11240820021206", "original_area_sqm": 7631.3188789694887, "intersect_area_sqm": 7631.3188789694887, "allocation_ratio": 1.0, "population_allocated": 559.0, "households_allocated": 134.0, "business_count_allocated": 0.0, "worker_count_allocated": 0.0 }, "geometry": { "type": "Polygon", "coordinates": [ [ [ 212876.841248572251061, 542388.704478067927994 ], [ 212832.773088804737199, 542390.918954200576991 ], [ 212833.694589171005646, 542417.307206005672924 ], [ 212818.858841722772922, 542418.071164591354318 ], [ 212820.007115724758478, 542450.924733703723177 ], [ 212792.452276432595681, 542452.414370262646116 ], [ 212794.96264447941212, 542503.476322097238153 ], [ 212825.268010967527516, 542501.983185238670558 ], [ 212836.631874299666379, 542501.423281679279171 ], [ 212882.658708111761371, 542499.155583893531002 ], [ 212879.94763263312052, 542447.683895597583614 ], [ 212878.78148518645321, 542425.543660746770911 ], [ 212876.841248572251061, 542388.704478067927994 ] ] ] } },
{ "type": "Feature", "properties": { "area_name": "wirye_plan_area", "spatial_id": "11240820021207", "original_area_sqm": 8794.0095555863209, "intersect_area_sqm": 8794.0095555863209, "allocation_ratio": 1.0, "population_allocated": 470.0, "households_allocated": 114.0, "business_count_allocated": 0.0, "worker_count_allocated": 9.0 }, "geometry": { "type": "Polygon", "coordinates": [ [ [ 212869.023453456786228, 542240.27450772060547 ], [ 212827.601757846074179, 542242.829477270250209 ], [ 212812.410444129520329, 542243.766624366748147 ], [ 212782.873243422945961, 542245.588580112089403 ], [ 212769.799987943930319, 542246.111196372308768 ], [ 212772.280932582099922, 542297.912691592704505 ], [ 212772.349277954694116, 542299.340629286598414 ], [ 212772.993735789234051, 542312.793083552387543 ], [ 212773.821352075610776, 542330.072056992328726 ], [ 212775.401136293483432, 542363.051165001699701 ], [ 212818.144384646613616, 542360.605658028041944 ], [ 212815.678139073745115, 542310.350868120323867 ], [ 212829.931126381910872, 542309.535392825957388 ], [ 212872.54298230400309, 542307.097390401060693 ], [ 212872.113031307701021, 542298.935808625770733 ], [ 212869.023453456786228, 542240.27450772060547 ] ] ] } },
{ "type": "Feature", "properties": { "area_name": "wirye_plan_area", "spatial_id": "11240820021208", "original_area_sqm": 5419.2087691723573, "intersect_area_sqm": 5419.2087691723564, "allocation_ratio": 0.99999999999999978, "population_allocated": 524.99999999999989, "households_allocated": 160.99999999999997, "business_count_allocated": 0.0, "worker_count_allocated": 0.0 }, "geometry": { "type": "Polygon", "coordinates": [ [ [ 212971.061099831160391, 542293.399484709952958 ], [ 213033.641964497073786, 542289.410949451150373 ], [ 213032.461722046893556, 542264.818644354585558 ], [ 213031.397423186805099, 542242.638329689041711 ], [ 213030.626171019684989, 542230.305851090466604 ], [ 212951.25060044642305, 542235.202312656445429 ], [ 212938.946599552436965, 542235.961310954997316 ], [ 212942.959536353504518, 542295.190546411788091 ], [ 212956.051355677569518, 542294.356200163485482 ], [ 212971.061099831160391, 542293.399484709952958 ] ] ] } },
{ "type": "Feature", "properties": { "area_name": "wirye_plan_area", "spatial_id": "11240820021209", "original_area_sqm": 5702.8323816987604, "intersect_area_sqm": 5702.8323816987595, "allocation_ratio": 0.99999999999999989, "population_allocated": 556.99999999999989, "households_allocated": 160.99999999999997, "business_count_allocated": 0.0, "worker_count_allocated": 17.999999999999996 }, "geometry": { "type": "Polygon", "coordinates": [ [ [ 212976.217807734385133, 542356.544976435368881 ], [ 213036.658759638812626, 542352.282976197544485 ], [ 213033.641964497073786, 542289.410949451150373 ], [ 212971.061099831160391, 542293.399484709952958 ], [ 212956.051355677569518, 542294.356200163485482 ], [ 212942.959536353504518, 542295.190546411788091 ], [ 212947.232693616184406, 542358.259415336069651 ], [ 212972.002726434380747, 542356.84222277731169 ], [ 212976.217807734385133, 542356.544976435368881 ] ] ] } },
{ "type": "Feature", "properties": { "area_name": "wirye_plan_area", "spatial_id": "11240820021201", "original_area_sqm": 5594.8698796266272, "intersect_area_sqm": 5594.8698796266262, "allocation_ratio": 0.99999999999999989, "population_allocated": 507.99999999999994, "households_allocated": 157.99999999999997, "business_count_allocated": 4.9999999999999991, "worker_count_allocated": 4.9999999999999991 }, "geometry": { "type": "Polygon", "coordinates": [ [ [ 213039.671825495781377, 542415.253623462282121 ], [ 213039.122643857524963, 542403.772967676981352 ], [ 213037.685090244252933, 542373.719188827672042 ], [ 213037.009492710843915, 542359.594293236732483 ], [ 213036.658759638812626, 542352.282976197544485 ], [ 212976.217807734385133, 542356.544976435368881 ], [ 212972.002726434380747, 542356.84222277731169 ], [ 212947.232693616184406, 542358.259415336069651 ], [ 212951.486920483352151, 542421.049171607242897 ], [ 212975.14943809050601, 542419.494046185165644 ], [ 213039.671825495781377, 542415.253623462282121 ] ] ] } },
{ "type": "Feature", "properties": { "area_name": "wirye_plan_area", "spatial_id": "11240820021302", "original_area_sqm": 15662.684429465606, "intersect_area_sqm": 15662.684429465602, "allocation_ratio": 0.99999999999999978, "population_allocated": 557.99999999999989, "households_allocated": 176.99999999999997, "business_count_allocated": 50.999999999999986, "worker_count_allocated": 124.99999999999997 }, "geometry": { "type": "Polygon", "coordinates": [ [ [ 212706.575378686276963, 541769.888484978699125 ], [ 212694.127617619466037, 541770.120712253730744 ], [ 212659.246280221879715, 541771.864288600627333 ], [ 212640.275786422513193, 541772.812388313584961 ], [ 212630.559820386319188, 541773.235590597148985 ], [ 212627.589734298031544, 541773.364879819564521 ], [ 212597.226354763726704, 541774.687463218695484 ], [ 212584.654273921099957, 541775.235159825766459 ], [ 212575.556093765859259, 541775.631532099097967 ], [ 212600.379526978969807, 541826.784031242597848 ], [ 212602.984390108264051, 541832.151921855402179 ], [ 212613.985118310636608, 541854.820561191183515 ], [ 212620.850756708910922, 541887.648655472672544 ], [ 212623.480284678924363, 541900.22168909618631 ], [ 212757.076734696747735, 541880.910056043765508 ], [ 212757.004425348481163, 541880.71729551430326 ], [ 212754.172584477055352, 541873.161413804395124 ], [ 212753.267536897736136, 541870.746436084271409 ], [ 212749.419689788279356, 541862.304600903880782 ], [ 212748.252733108296525, 541859.550495448056608 ], [ 212740.933071612729691, 541844.855412164935842 ], [ 212738.759456102910917, 541840.491313596838154 ], [ 212736.948222795530455, 541836.855331199243665 ], [ 212735.150259564659791, 541833.245030048186891 ], [ 212732.80302780168131, 541828.531671078875661 ], [ 212732.548436311772093, 541828.020412584184669 ], [ 212730.181110310135409, 541823.267128313658759 ], [ 212716.30210999713745, 541795.399408923694864 ], [ 212712.20923258602852, 541786.416458835825324 ], [ 212708.744491533667315, 541777.173538762610406 ], [ 212706.575378686276963, 541769.888484978699125 ] ] ] } },
{ "type": "Feature", "properties": { "area_name": "wirye_plan_area", "spatial_id": "11240820021301", "original_area_sqm": 15162.829774757893, "intersect_area_sqm": 15162.829774757891, "allocation_ratio": 0.99999999999999989, "population_allocated": 648.99999999999989, "households_allocated": 208.99999999999997, "business_count_allocated": 51.999999999999993, "worker_count_allocated": 89.999999999999986 }, "geometry": { "type": "Polygon", "coordinates": [ [ [ 212757.867833933734801, 541997.011548711219802 ], [ 212769.885412344825454, 541997.967722052126192 ], [ 212768.302639458444901, 541964.984095958061516 ], [ 212767.300403906061547, 541944.095041501801461 ], [ 212766.643480000464479, 541930.409124093363062 ], [ 212766.531515776150627, 541929.055684424587525 ], [ 212765.6306608588784, 541918.164305554237217 ], [ 212763.776883093058132, 541906.017358071170747 ], [ 212762.618729423091281, 541900.852127143880352 ], [ 212761.908646949246759, 541897.685877996846102 ], [ 212761.088232921494637, 541894.027347390307114 ], [ 212757.580311254947446, 541882.252470058971085 ], [ 212757.076734696747735, 541880.910056043765508 ], [ 212623.480284678924363, 541900.22168909618631 ], [ 212625.032422215153929, 541907.643121826113202 ], [ 212626.631837466848083, 541914.883736560004763 ], [ 212627.810485100781079, 541925.100717740831897 ], [ 212629.382267902517924, 541937.28237843781244 ], [ 212629.525756100745639, 541942.137097561382689 ], [ 212629.569113360368647, 541943.599519417155534 ], [ 212629.686895361170173, 541947.58745345112402 ], [ 212629.958630346751306, 541956.777107837726362 ], [ 212630.611875975126168, 541978.861792049254291 ], [ 212631.346079701557755, 542003.692513966700062 ], [ 212653.391275309579214, 542002.035655985586345 ], [ 212676.26246229998651, 542001.102468361961655 ], [ 212677.670338827359956, 542001.044720565085299 ], [ 212678.339855597791029, 542001.017459435737692 ], [ 212678.638541118998546, 542001.00524205993861 ], [ 212744.000490793085191, 541998.338681705994532 ], [ 212757.867833933734801, 541997.011548711219802 ] ] ] } },
{ "type": "Feature", "properties": { "area_name": "wirye_plan_area", "spatial_id": "11240820021401", "original_area_sqm": 17726.523327354727, "intersect_area_sqm": 17726.52332735472, "allocation_ratio": 0.99999999999999956, "population_allocated": 455.99999999999977, "households_allocated": 142.99999999999994, "business_count_allocated": 49.999999999999979, "worker_count_allocated": 194.99999999999991 }, "geometry": { "type": "Polygon", "coordinates": [ [ [ 212695.816817000013543, 541620.418621942400932 ], [ 212683.180303248693235, 541621.023500792915002 ], [ 212585.444717188132927, 541625.700985024450347 ], [ 212577.868936022685375, 541626.063123519881628 ], [ 212578.626617111760424, 541645.645049792365171 ], [ 212581.718834038532805, 541712.125101697747596 ], [ 212584.654273921099957, 541775.235159825766459 ], [ 212597.226354763726704, 541774.687463218695484 ], [ 212627.589734298031544, 541773.364879819564521 ], [ 212630.559820386319188, 541773.235590597148985 ], [ 212640.275786422513193, 541772.812388313584961 ], [ 212659.246280221879715, 541771.864288600627333 ], [ 212694.127617619466037, 541770.120712253730744 ], [ 212706.575378686276963, 541769.888484978699125 ], [ 212705.927561687072739, 541767.713369084638543 ], [ 212704.457876211701659, 541761.155217609717511 ], [ 212703.768815520801581, 541758.080521279829554 ], [ 212702.280007765366463, 541748.321577685535885 ], [ 212701.468087787594413, 541738.484694131650031 ], [ 212701.168253868585452, 541732.212770557147451 ], [ 212700.719370489066932, 541722.829798399587162 ], [ 212700.000048296293244, 541707.819121508742683 ], [ 212699.826747448358219, 541704.206940751639195 ], [ 212699.300852413405664, 541693.218911621370353 ], [ 212699.04606638464611, 541687.884006935521029 ], [ 212696.753541469603078, 541639.986797369783744 ], [ 212695.816817000013543, 541620.418621942400932 ] ] ] } },
{ "type": "Feature", "properties": { "area_name": "wirye_plan_area", "spatial_id": "11240820021502", "original_area_sqm": 19433.512542422282, "intersect_area_sqm": 19433.512542422282, "allocation_ratio": 1.0, "population_allocated": 651.0, "households_allocated": 199.0, "business_count_allocated": 11.0, "worker_count_allocated": 17.0 }, "geometry": { "type": "Polygon", "coordinates": [ [ [ 212629.958630346751306, 541956.777107837726362 ], [ 212614.244500266009709, 541957.226084641646594 ], [ 212599.206868546636542, 541930.973470896715298 ], [ 212595.436185208905954, 541924.390600284561515 ], [ 212575.954931552580092, 541890.380272086476907 ], [ 212505.423496355128009, 541895.987786787562072 ], [ 212511.751523703424027, 541908.69220382347703 ], [ 212516.188737058953848, 541918.428585026762448 ], [ 212519.943676104361657, 541928.447355392039753 ], [ 212522.997885980847059, 541938.701706160791218 ], [ 212525.337914561532671, 541949.142740939743817 ], [ 212526.95202717880602, 541959.719378116889857 ], [ 212527.389576223358745, 541965.018837780458853 ], [ 212527.471067588456208, 541966.006470116320997 ], [ 212527.832483911566669, 541970.382854664698243 ], [ 212534.182143354555592, 542102.946168140508235 ], [ 212610.93724505341379, 542099.269680182798766 ], [ 212611.765189838595688, 542099.230059998575598 ], [ 212631.284232338395668, 542098.295084418146871 ], [ 212631.346079701557755, 542003.692513966700062 ], [ 212630.611875975126168, 541978.861792049254291 ], [ 212629.958630346751306, 541956.777107837726362 ] ] ] } },
{ "type": "Feature", "properties": { "area_name": "wirye_plan_area", "spatial_id": "11240820021501", "original_area_sqm": 16329.561706533415, "intersect_area_sqm": 16329.561706533415, "allocation_ratio": 1.0, "population_allocated": 601.0, "households_allocated": 191.0, "business_count_allocated": 83.0, "worker_count_allocated": 227.0 }, "geometry": { "type": "Polygon", "coordinates": [ [ [ 212620.850756708910922, 541887.648655472672544 ], [ 212613.985118310636608, 541854.820561191183515 ], [ 212602.984390108264051, 541832.151921855402179 ], [ 212600.379526978969807, 541826.784031242597848 ], [ 212575.556093765859259, 541775.631532099097967 ], [ 212546.757612493121997, 541776.886091849999502 ], [ 212462.675734908232698, 541780.548914592014626 ], [ 212462.686897622217657, 541780.782466533011757 ], [ 212463.208957153576193, 541787.104191099060699 ], [ 212463.567356893210672, 541791.445842934772372 ], [ 212465.181571069580968, 541802.023078796686605 ], [ 212467.521604233974358, 541812.463513433584012 ], [ 212470.576313453231705, 541822.717465167981572 ], [ 212474.235559135093354, 541832.483625892666169 ], [ 212474.330652706354158, 541832.737235121778212 ], [ 212478.767870412470074, 541842.47291338944342 ], [ 212481.330397369689308, 541847.617691199178807 ], [ 212486.006956955738133, 541857.006401124992408 ], [ 212505.423496355128009, 541895.987786787562072 ], [ 212575.954931552580092, 541890.380272086476907 ], [ 212595.436185208905954, 541924.390600284561515 ], [ 212599.206868546636542, 541930.973470896715298 ], [ 212614.244500266009709, 541957.226084641646594 ], [ 212629.958630346751306, 541956.777107837726362 ], [ 212629.686895361170173, 541947.58745345112402 ], [ 212629.569113360368647, 541943.599519417155534 ], [ 212629.525756100745639, 541942.137097561382689 ], [ 212629.382267902517924, 541937.28237843781244 ], [ 212627.810485100781079, 541925.100717740831897 ], [ 212626.631837466848083, 541914.883736560004763 ], [ 212625.032422215153929, 541907.643121826113202 ], [ 212623.480284678924363, 541900.22168909618631 ], [ 212620.850756708910922, 541887.648655472672544 ] ] ] } },
{ "type": "Feature", "properties": { "area_name": "wirye_plan_area", "spatial_id": "11240820010203", "original_area_sqm": 529784.54886688152, "intersect_area_sqm": 494573.52624395327, "allocation_ratio": 0.93353709031673615, "population_allocated": 421.95876482316476, "households_allocated": 113.89152501864181, "business_count_allocated": 91.486634851040137, "worker_count_allocated": 2152.7365302703934 }, "geometry": { "type": "Polygon", "coordinates": [ [ [ 212398.310720776498783, 542614.073742726352066 ], [ 212392.306191826675786, 542595.877429428976029 ], [ 212374.998427904967684, 542543.427087993593886 ], [ 212365.722499984141905, 542515.316606906009838 ], [ 212358.476146021625027, 542493.356882189633325 ], [ 212348.874718645354733, 542464.26037833315786 ], [ 212342.936477150447899, 542447.521103384322487 ], [ 212340.719791574287228, 542442.056032594176941 ], [ 212336.260353255318478, 542431.061624624649994 ], [ 212328.859577219875064, 542414.915125830448233 ], [ 212320.750183327239938, 542399.112805957091041 ], [ 212306.682185694080545, 542373.137851994950324 ], [ 212299.853459049598314, 542360.529318583547138 ], [ 212265.904186325438786, 542297.84572956955526 ], [ 212253.460326224128949, 542274.869309923844412 ], [ 212231.306113744241884, 542233.96381733531598 ], [ 212205.877073548996123, 542187.011905946186744 ], [ 212200.438280679576565, 542176.969588119885884 ], [ 212198.445508973120013, 542173.290225733304396 ], [ 212190.945112728659296, 542158.740247779642232 ], [ 212184.044315768027445, 542143.897035388625227 ], [ 212177.753588607884012, 542128.785251223249361 ], [ 212174.573626080702525, 542120.171599121298641 ], [ 212120.489316444844007, 542122.601609917939641 ], [ 212059.402221836528042, 542125.346277772332542 ], [ 212044.73160769068636, 542126.005376902176067 ], [ 212039.371999037830392, 542125.88237814058084 ], [ 212033.346067635982763, 542125.411605346016586 ], [ 212027.979403667239239, 542124.375702664605342 ], [ 212021.859134925151011, 542122.963448296301067 ], [ 212015.739265038777376, 542121.268382477108389 ], [ 212009.242640324373497, 542119.102724393364042 ], [ 212000.486201644584071, 542115.995496805408038 ], [ 211990.715522561979014, 542112.103368035051972 ], [ 211982.314356804068666, 542107.709604893811047 ], [ 211976.694547968334518, 542104.364325719652697 ], [ 211974.405558200727683, 542103.001727797556669 ], [ 211967.438037980842637, 542098.387988507980481 ], [ 211963.531755730771692, 542095.33762504265178 ], [ 211960.564953321794746, 542093.021242688526399 ], [ 211952.526588275009999, 542085.84778671420645 ], [ 211945.047890581423417, 542079.005433992249891 ], [ 211938.524123206880176, 542072.003985132207163 ], [ 211931.674531696800841, 542063.889560563373379 ], [ 211928.18148851476144, 542059.751451930147596 ], [ 211916.310724051989382, 542044.863845960702747 ], [ 211912.578268496115925, 542040.182549386401661 ], [ 211906.02832849699189, 542031.9680709624663 ], [ 211887.338503336708527, 542008.528829180984758 ], [ 211851.988762838504044, 541964.195740274735726 ], [ 211818.445625123160426, 541922.128458740888163 ], [ 211814.687028730666498, 541917.414708490367047 ], [ 211774.040015101636527, 541866.438038192223758 ], [ 211765.573858052375726, 541855.82032636879012 ], [ 211760.273066543857567, 541849.368893585517071 ], [ 211756.130380210815929, 541843.625392605550587 ], [ 211752.458384934026981, 541837.881792014348321 ], [ 211749.727971707994584, 541832.985826925840229 ], [ 211747.468246277188882, 541828.654587776283734 ], [ 211745.282656445866451, 541824.02192392712459 ], [ 211744.636672325490508, 541822.293098086840473 ], [ 211740.415133294562111, 541810.995443210704252 ], [ 211738.807026224123547, 541806.691473469138145 ], [ 211734.399215268262196, 541789.835289521841332 ], [ 211730.659401698561851, 541769.4313220216427 ], [ 211728.578750437212875, 541727.473077393020503 ], [ 211728.633435458061285, 541727.461163426982239 ], [ 211727.731333235482452, 541709.060566987493075 ], [ 211727.280907052016119, 541699.874075420550071 ], [ 211751.832245944970055, 541696.28473097551614 ], [ 211741.511436937638791, 541688.380770711926743 ], [ 211741.002446578029776, 541678.014793615671806 ], [ 211740.801687905477593, 541673.921781779034063 ], [ 211740.418620464828564, 541668.478854705113918 ], [ 211739.296792879584245, 541667.381959134130739 ], [ 211736.936026261595543, 541658.453834922867827 ], [ 211734.118999310448999, 541601.078173184534535 ], [ 211733.848960196977714, 541595.581426790333353 ], [ 211730.638866794266505, 541530.198852180619724 ], [ 211729.951228231337154, 541516.19166282354854 ], [ 211728.811736260046018, 541492.983167459256947 ], [ 211729.436951488285558, 541468.66469022189267 ], [ 211729.574099417804973, 541463.333371881744824 ], [ 211729.953251248196466, 541460.600984256830998 ], [ 211731.614333547913702, 541448.633479016833007 ], [ 211734.747583734511863, 541434.126762399682775 ], [ 211735.511610104585998, 541431.541774663259275 ], [ 211738.183855972689344, 541422.502816051710397 ], [ 211743.676015614037169, 541404.141167117166333 ], [ 211745.211974730482325, 541397.387797710718587 ], [ 211745.246595015603816, 541397.235522950184532 ], [ 211747.323187487374526, 541388.105265808408149 ], [ 211749.883522868563887, 541371.861509357695468 ], [ 211750.677788291272009, 541360.999548114370555 ], [ 211751.34886374391499, 541353.47967944573611 ], [ 211750.204976621927926, 541329.648412044974975 ], [ 211749.554351609753212, 541316.092799468664452 ], [ 211734.737508933380013, 541316.804352308856323 ], [ 211733.346838148747338, 541303.012516854447313 ], [ 211731.129869226017036, 541289.327640879899263 ], [ 211728.097229217528366, 541275.80170070764143 ], [ 211725.347292085323716, 541267.101901427144185 ], [ 211724.485533354949439, 541264.107921153539792 ], [ 211724.174501443019835, 541263.034938419121318 ], [ 211723.915545867377659, 541262.158913244958967 ], [ 211722.475496541388566, 541257.818823124631308 ], [ 211721.335478110384429, 541254.588869443396106 ], [ 211720.945601676183287, 541253.518971434095874 ], [ 211720.555768617225112, 541252.458873747731559 ], [ 211720.165590707067167, 541251.388974140165374 ], [ 211719.765701928001363, 541250.338928456418216 ], [ 211719.35566140039009, 541249.278925752383657 ], [ 211718.955772094923304, 541248.228979289764538 ], [ 211718.545625869388459, 541247.188885319628753 ], [ 211718.135630910750479, 541246.138988248072565 ], [ 211717.715882803255226, 541245.098938706563786 ], [ 211717.295780079788528, 541244.06889726954978 ], [ 211716.87577659447561, 541243.038852542638779 ], [ 211716.445869732153369, 541242.008854463580064 ], [ 211716.025767004844965, 541240.978813029360026 ], [ 211715.595805966091575, 541239.959019274218008 ], [ 211715.155943658755859, 541238.938875287305564 ], [ 211714.726029263314558, 541237.928984911297448 ], [ 211714.28581290418515, 541236.918742175563239 ], [ 211713.84609485877445, 541235.908803568454459 ], [ 211713.405923017475288, 541234.908864904660732 ], [ 211712.955848325771512, 541233.908873667707667 ], [ 211712.50607458059676, 541232.908983249915764 ], [ 211712.056145224865759, 541231.918995136511512 ], [ 211711.60602175432723, 541230.928910586168058 ], [ 211711.155993177293567, 541229.938921947265044 ], [ 211710.696206542575965, 541228.958986893761903 ], [ 211710.246129187580664, 541227.978904942981899 ], [ 211709.78604107897263, 541226.998968289117329 ], [ 211709.32616009155754, 541226.018834291840903 ], [ 211708.866018353030086, 541225.048998928279616 ], [ 211708.406229581596563, 541224.088873940636404 ], [ 211707.936288007331314, 541223.118990367162041 ], [ 211707.476197253417922, 541222.15895918419119 ], [ 211707.006203104014276, 541221.198978462954983 ], [ 211706.546411040821113, 541220.238754237187095 ], [ 211706.076164277386852, 541219.288976787007414 ], [ 211705.60631546357763, 541218.338999191531911 ], [ 211705.136314308881992, 541217.399026953731664 ], [ 211704.666367326892214, 541216.448850393295288 ], [ 211704.196465390734375, 541215.508878683089279 ], [ 211703.726464235660387, 541214.568906445987523 ], [ 211703.256409977911972, 541213.638936281669885 ], [ 211702.776406751043396, 541212.698910945793614 ], [ 211702.306554746406619, 541211.768941857735626 ], [ 211701.836448440997628, 541210.848775323829614 ], [ 211701.356486440869048, 541209.91895482048858 ], [ 211700.886379058356397, 541208.998990542022511 ], [ 211700.416473931400105, 541208.079027341329493 ], [ 211675.33757889556, 541160.308899122406729 ], [ 211676.547425957629457, 541155.058906022342853 ], [ 211678.077529249567306, 541149.879038185696118 ], [ 211679.907772452570498, 541144.809011216042563 ], [ 211682.047854076779913, 541139.849269669386558 ], [ 211684.467706639494281, 541135.029168671811931 ], [ 211686.145023495453643, 541132.345388073008507 ], [ 211686.018921099166619, 541136.915559678920545 ], [ 211686.027288080425933, 541137.073367218952626 ], [ 211686.060279495141003, 541137.227905221981928 ], [ 211686.11692058693734, 541137.375165283097886 ], [ 211686.196426970040193, 541137.511941419448704 ], [ 211686.296219491545344, 541137.634522004867904 ], [ 211686.414110500423703, 541137.739491346175782 ], [ 211686.547309597168351, 541137.824831108096987 ], [ 211686.691829149873229, 541137.8883219655836 ], [ 211686.844881482509663, 541137.928151677595451 ], [ 211687.002164039120544, 541137.943194507039152 ], [ 211745.462528898264281, 541138.938425095868297 ], [ 211745.495839870593045, 541138.938601939240471 ], [ 211745.663867141265655, 541138.927388876443729 ], [ 211745.827841559250373, 541138.888143138028681 ], [ 211745.982857889961451, 541138.821842348901555 ], [ 211746.124497929820791, 541138.730455131502822 ], [ 211746.248653667600593, 541138.616466943640262 ], [ 211746.351903591770679, 541138.483160657342523 ], [ 211746.431425937451422, 541138.334425308508798 ], [ 211746.484595299581997, 541138.174544034642167 ], [ 211746.510087541042594, 541138.007810701499693 ], [ 211746.514026147808181, 541137.944505017716438 ], [ 211749.580311610072386, 541093.538089596899226 ], [ 211749.578186819620896, 541093.373312393785454 ], [ 211749.548834885266842, 541093.211092543206178 ], [ 211749.493237164249877, 541093.055633108480833 ], [ 211749.41297037556069, 541092.911850140662864 ], [ 211749.31011364722508, 541092.782754237297922 ], [ 211749.187345461454242, 541092.672755918814801 ], [ 211749.048260326875607, 541092.584083866793662 ], [ 211748.896744022378698, 541092.519452975364402 ], [ 211748.730786700238241, 541092.480054686195217 ], [ 211748.560872795962496, 541092.46924951847177 ], [ 211747.246693085966399, 541092.497687447234057 ], [ 211747.300809379201382, 541085.563983626663685 ], [ 211747.287404071015771, 541085.394841825822368 ], [ 211747.246058291319059, 541085.230356332962401 ], [ 211747.176953146379674, 541085.075229712412693 ], [ 211747.08286581170978, 541084.933972230646759 ], [ 211746.966372745315311, 541084.810803056694567 ], [ 211746.830460216704523, 541084.70894367992878 ], [ 211746.679209794441704, 541084.631609957083128 ], [ 211746.517410998174455, 541084.580930058145896 ], [ 211746.34906333257095, 541084.558325775782578 ], [ 211735.200148053496378, 541084.035752174560912 ], [ 211735.297771065408597, 541079.365390357328579 ], [ 211735.288998601201456, 541079.208481287816539 ], [ 211735.255398918292485, 541079.054939904133789 ], [ 211735.198253117734566, 541078.908577789319679 ], [ 211735.118843923934037, 541078.772901243763044 ], [ 211735.019348082772922, 541078.651222863933071 ], [ 211734.901755859056721, 541078.546758854412474 ], [ 211734.769652087707072, 541078.462123284931295 ], [ 211734.625626512803137, 541078.39903194271028 ], [ 211734.47337830052129, 541078.359408766613342 ], [ 211734.317196359857917, 541078.344074123539031 ], [ 211712.386623397702351, 541077.918225188972428 ], [ 211713.678668022592319, 541075.350248207105324 ], [ 211717.448765011678915, 541066.950272303889506 ], [ 211721.088622298790142, 541058.490480001782998 ], [ 211726.308975092862966, 541047.400713042006828 ], [ 211739.451122041296912, 541021.272131580160931 ], [ 211747.814379942748928, 541004.521362249157391 ], [ 211717.037667625991162, 540994.894968215143308 ], [ 211688.809251931728795, 540986.065514757996425 ], [ 211681.090407324780244, 540983.434394795098342 ], [ 211673.516391745244619, 540980.412387436372228 ], [ 211666.028535942983581, 540976.971166260074824 ], [ 211659.01367606598069, 540973.529155078227632 ], [ 211646.007695493055508, 540967.149070766172372 ], [ 211645.829993397550425, 540967.060491407872178 ], [ 211622.841232129198033, 540955.622696040431038 ], [ 211621.366182546975324, 540954.898577484767884 ], [ 211589.729786013369448, 540939.381249961443245 ], [ 211581.599975164281204, 540935.393002841272391 ], [ 211577.705072603945155, 540933.685146392788738 ], [ 211573.6790332129749, 540932.31292992667295 ], [ 211572.721406329394085, 540932.0757543486543 ], [ 211569.543005411571357, 540931.288070871611126 ], [ 211565.351066519884625, 540930.618954353267327 ], [ 211561.110205908335047, 540930.308826921740547 ], [ 211559.924657225317787, 540930.322740236879326 ], [ 211556.856130669271806, 540930.358671903610229 ], [ 211552.624141311942367, 540930.770580991287716 ], [ 211551.974141066893935, 540930.890680943499319 ], [ 211548.441166153759696, 540931.541495313635096 ], [ 211526.909285473258933, 540936.462218297412619 ], [ 211516.957186634215759, 540938.684101778664626 ], [ 211441.709666348266182, 540955.876818224787712 ], [ 211438.562638814910315, 540956.698748041759245 ], [ 211435.476558833179297, 540957.723685362027027 ], [ 211432.462746777775465, 540958.948484642663971 ], [ 211429.536644978419645, 540960.366328109521419 ], [ 211426.708779928565491, 540961.973371455795132 ], [ 211417.244632370275212, 540967.709256222820841 ], [ 211409.369542225962505, 540972.480986784794368 ], [ 211397.783619329537032, 540979.502832863014191 ], [ 211388.611623671225971, 540985.062595855793916 ], [ 211378.833690922765527, 540990.621546225855127 ], [ 211368.715543443977367, 540995.535231540328823 ], [ 211358.300518468284281, 540999.782072107540444 ], [ 211346.964518077118555, 541003.520723341382109 ], [ 211343.495759728888515, 541004.436781984986737 ], [ 211323.118765955470735, 541009.335423496435396 ], [ 211285.327640666684601, 541018.120715842349455 ], [ 211249.754525100026513, 541026.187385938246734 ], [ 211227.678904289467027, 541031.193367114872672 ], [ 211227.696640639973339, 541031.250603560823947 ], [ 211480.659222044661874, 540983.952158335014246 ], [ 211227.696720000589266, 541031.250682799145579 ], [ 211219.935816676676041, 541025.12895546364598 ], [ 211219.85735720617231, 541025.152170739253052 ], [ 211248.403952505846974, 541523.324900075094774 ], [ 211332.961224719212623, 541647.295614974806085 ], [ 211475.950046239537187, 541764.105620762449689 ], [ 211514.973215239064302, 541755.602198251057416 ], [ 211475.950840074510779, 541764.106175727094524 ], [ 211511.73865935462527, 541793.150518888724037 ], [ 211584.511877535784151, 541785.363669463782571 ], [ 211886.963497398450272, 542156.607481463812292 ], [ 211887.258921373286285, 542156.74019646353554 ], [ 211887.908934514096472, 542156.78389668057207 ], [ 211888.309954099473543, 542156.810835423995741 ], [ 211893.474914453690872, 542156.644984144251794 ], [ 211900.032907745218836, 542158.198920308495872 ], [ 211902.743652850971557, 542160.883087490918115 ], [ 211909.519629525602795, 542166.695996723370627 ], [ 211909.789181031548651, 542166.861593706998974 ], [ 212036.951384399755625, 542223.987396701006219 ], [ 212036.993630156881409, 542224.003608579165302 ], [ 212037.927701430802699, 542224.362612166791223 ], [ 212038.860774374130415, 542224.720610600081272 ], [ 212039.807630810828414, 542225.083780715591274 ], [ 212040.727723464195151, 542225.437706993659958 ], [ 212041.661597795813577, 542225.795709684840403 ], [ 212042.594867686013458, 542226.154709019465372 ], [ 212043.528543599619297, 542226.512706843088381 ], [ 212044.462620188802248, 542226.870710611226968 ], [ 212045.395893370878184, 542227.22980918828398 ], [ 212046.329569269058993, 542227.587810827186331 ], [ 212047.262839183735196, 542227.946806351537816 ], [ 212048.196515082003316, 542228.304807994631119 ], [ 212049.130586366401985, 542228.663811590056866 ], [ 212050.063460371136898, 542229.02190438110847 ], [ 212050.997537492425181, 542229.379808933241293 ], [ 212051.93040617191582, 542229.738905368139967 ], [ 212052.864483840734465, 542230.096706887241453 ], [ 212053.797761813068064, 542230.454904866055585 ], [ 212054.731431882246397, 542230.814005558262579 ], [ 212055.664505385997472, 542231.171900968533009 ], [ 212056.598377708956832, 542231.531002735602669 ], [ 212057.532455362495966, 542231.888808074989356 ], [ 212058.465323521173559, 542232.24800373474136 ], [ 212059.399401196133113, 542232.605805258033797 ], [ 212060.332476920622867, 542232.964002166874707 ], [ 212061.266345431940863, 542233.323103918461129 ], [ 212062.199422756675631, 542233.680999354226515 ], [ 212063.133295087027363, 542234.040101127699018 ], [ 212064.067372746649198, 542234.397906471276656 ], [ 212065.000444657925982, 542234.756103363120928 ], [ 212065.934219372167718, 542235.11490313813556 ], [ 212066.867394320084713, 542235.473100577364676 ], [ 212067.801466147560859, 542235.832004968542606 ], [ 212068.734340696246363, 542236.189998554065824 ], [ 212069.668416253087344, 542236.54820078087505 ], [ 212070.601286529301433, 542236.906999572296627 ], [ 212071.535362086200621, 542237.265201799105853 ], [ 212072.469433938065777, 542237.624102379195392 ], [ 212073.402110032504424, 542237.982098730630241 ], [ 212074.339176053646952, 542238.342015063506551 ], [ 212075.259262350358767, 542238.697143448167481 ], [ 212076.182331234129379, 542239.056187862181105 ], [ 212077.103375392151065, 542239.419224761426449 ], [ 212078.023207401623949, 542239.784151891246438 ], [ 212078.942021596361883, 542240.153179886983708 ], [ 212079.859014310583007, 542240.525296996696852 ], [ 212080.776194405625574, 542240.900216216337867 ], [ 212081.691160905029392, 542241.277325650444254 ], [ 212082.60410759030492, 542241.658221517456695 ], [ 212083.517037253739545, 542242.04232293041423 ], [ 212083.964207349024946, 542242.232273055124097 ], [ 212084.427952392434236, 542242.42921476427 ], [ 212086.168992567283567, 542242.214168158126995 ], [ 212090.769877511775121, 542245.223204718204215 ], [ 212090.875864618923515, 542245.271584952017292 ], [ 212091.670859944220865, 542245.634353238274343 ], [ 212092.56982403510483, 542246.048292158753611 ], [ 212093.467970285593765, 542246.465325521072373 ], [ 212094.364104754582513, 542246.885351579054259 ], [ 212095.25881894104532, 542247.308373472420499 ], [ 212096.152917540457565, 542247.734490884002298 ], [ 212097.044794053013902, 542248.164397467393428 ], [ 212097.935861849953653, 542248.59639868454542 ], [ 212098.824915542296367, 542249.030392734101042 ], [ 212099.712749713507947, 542249.468383539584465 ], [ 212100.598766219161917, 542249.909463476738892 ], [ 212101.48376747747534, 542250.353442180086859 ], [ 212102.367748640797799, 542250.800514250411652 ], [ 212103.249916482251137, 542251.250576255377382 ], [ 212104.12967334035784, 542251.702628981089219 ], [ 212105.008807594713289, 542252.158380152075551 ], [ 212105.885721887636464, 542252.617519802064635 ], [ 212106.761829045717604, 542253.078456429531798 ], [ 212107.636914069124032, 542253.54358930606395 ], [ 212108.137093419500161, 542253.811550018726848 ], [ 212108.508585016999859, 542254.010604539653286 ], [ 212111.241719538840698, 542254.833541476749815 ], [ 212123.302428105293075, 542260.778755536302924 ], [ 212122.266131515032612, 542261.885803830809891 ], [ 212123.09936210635351, 542262.395830016350374 ], [ 212123.942351604695432, 542262.913613003911451 ], [ 212124.783520849596243, 542263.435691038379446 ], [ 212125.623477415472735, 542263.959758528042585 ], [ 212126.461418909253553, 542264.486719474429265 ], [ 212127.297335701208794, 542265.017669085878879 ], [ 212128.131250800419366, 542265.54971095896326 ], [ 212128.964338914840482, 542266.085850898060016 ], [ 212129.795218868297525, 542266.623875783057883 ], [ 212130.6244806261966, 542267.164796228636988 ], [ 212131.451328855386237, 542267.708905682200566 ], [ 212132.277158041251823, 542268.25591006455943 ], [ 212133.10017609904753, 542268.804800007608719 ], [ 212133.922177350352285, 542269.356882557854988 ], [ 212134.742160239402438, 542269.911759325419553 ], [ 212135.560130820347695, 542270.469728006049991 ], [ 212136.376086262869649, 542271.029884141054936 ], [ 212137.190225618425757, 542271.592831750051118 ], [ 212138.003349199978402, 542272.158777343458496 ], [ 212138.813060940417927, 542272.726902973139659 ], [ 212139.622154311917257, 542273.297929476946592 ], [ 212140.429033666005125, 542273.871943786158226 ], [ 212141.234101716399891, 542274.447848963318393 ], [ 212142.03594519791659, 542275.028037916868925 ], [ 212142.83818033413263, 542275.609930992708541 ], [ 212143.637004135933239, 542276.193908700952306 ], [ 212144.434010272088926, 542276.780975542264059 ], [ 212145.228997539379634, 542277.37093200313393 ], [ 212146.021969207911752, 542277.963881141156889 ], [ 212146.812929552863352, 542278.559017750550993 ], [ 212147.601880134694511, 542279.156047990196384 ], [ 212148.389207234838977, 542279.756969805108383 ], [ 212149.173923877126072, 542280.360075909760781 ], [ 212149.957028163509676, 542280.964978534495458 ], [ 212150.738908077735687, 542281.574072518036701 ], [ 212151.517782745359, 542282.184955624630675 ], [ 212152.294840713235317, 542282.798027238459326 ], [ 212153.069883102900349, 542283.41408770927228 ], [ 212153.842708167387173, 542284.033040564740077 ], [ 212154.613725215371232, 542284.653983526281081 ], [ 212155.381726750114467, 542285.277211667736992 ], [ 212156.148708805761999, 542285.904136147000827 ], [ 212156.913676772441249, 542286.53304963838309 ], [ 212157.675836375477957, 542287.164047147613019 ], [ 212158.436777947703376, 542287.798041569883935 ], [ 212159.194705590431113, 542288.434023511596024 ], [ 212159.950620414456353, 542289.073192771524191 ], [ 212160.7047153377207, 542289.715153487049975 ], [ 212161.456601533282083, 542290.359105998184532 ], [ 212162.206675368273864, 542291.005147816729732 ], [ 212162.954730336583452, 542291.654079255531542 ], [ 212163.699570388183929, 542292.306195447803475 ], [ 212164.442599663481815, 542292.960103286080994 ], [ 212165.18361432524398, 542293.61609935911838 ], [ 212165.922616655589081, 542294.275191163411364 ], [ 212166.659605448454386, 542294.936168946907856 ], [ 212167.393575021240395, 542295.600130260107107 ], [ 212168.125528447329998, 542296.267187284072861 ], [ 212168.856481100810925, 542296.935135811334476 ], [ 212169.584405388537562, 542297.607071490259841 ], [ 212170.309724530729, 542298.280191634665243 ], [ 212171.032627926702844, 542298.956199291860685 ], [ 212171.753322047065012, 542299.634301781188697 ], [ 212172.47259752600803, 542300.315090998541564 ], [ 212173.189658856979804, 542300.99817347060889 ], [ 212173.903307908825809, 542301.684237384819426 ], [ 212174.615340803895378, 542302.372093980433419 ], [ 212175.324365819891682, 542303.062235795543529 ], [ 212176.032372319779824, 542303.755173320649192 ], [ 212176.737367651279783, 542304.450296825729311 ], [ 212177.439551851857686, 542305.147305890102871 ], [ 212178.140518570726272, 542305.847208829713054 ], [ 212178.83827241382096, 542306.549193640006706 ], [ 212179.533217868680367, 542307.253266285639256 ], [ 212180.227144259784836, 542307.960237674065866 ], [ 212180.918257939338218, 542308.669392281561159 ], [ 212181.606164688157151, 542309.380228085443377 ], [ 212182.293249735637801, 542310.094165943446569 ], [ 212182.977124671568163, 542310.81038413150236 ], [ 212183.658189549692906, 542311.528285623295233 ], [ 212184.337041335325921, 542312.248281928128563 ], [ 212185.014074928214541, 542312.971466581453569 ], [ 212185.688100530504016, 542313.696238086209632 ], [ 212186.360110469366191, 542314.423296260763891 ], [ 212187.029109762399457, 542315.152441197657026 ], [ 212187.696094004146289, 542315.884475773200393 ], [ 212188.361069557140581, 542316.618201725068502 ], [ 212189.023228036210639, 542317.354213909013197 ], [ 212189.682177432929166, 542318.092311801039614 ], [ 212190.338913799787406, 542318.832493056543171 ], [ 212190.993834059074288, 542319.575469602015801 ], [ 212191.645942659961293, 542320.320430925814435 ], [ 212192.289971824415261, 542321.060449300566688 ], [ 212192.942922061367426, 542321.81652034400031 ], [ 212193.587798279477283, 542322.567346983123571 ], [ 212194.22985318757128, 542323.321257426054217 ], [ 212194.869905876927078, 542324.076359352562577 ], [ 212195.506738144758856, 542324.834245295845903 ], [ 212196.141959234664682, 542325.594423877075315 ], [ 212196.773770063387929, 542326.356484835734591 ], [ 212197.402769233594881, 542327.120530572836287 ], [ 212198.030957430426497, 542327.886377082788385 ], [ 212198.654932418721728, 542328.654395557823591 ], [ 212199.276893827132881, 542329.42430764331948 ], [ 212199.89584310023929, 542330.197306336136535 ], [ 212200.512580814072862, 542330.971392360632308 ], [ 212200.694634441897506, 542331.201352356933057 ], [ 212201.126708598982077, 542331.747563459561206 ], [ 212201.738619582698448, 542332.526527720619924 ], [ 212202.347722724487539, 542333.307476778863929 ], [ 212202.953615556500154, 542334.089305607718416 ], [ 212203.557490661420161, 542334.874527808628045 ], [ 212204.157667828927515, 542335.659031998133287 ], [ 212204.756615403719479, 542336.449429562082514 ], [ 212205.352659538504668, 542337.240410858183168 ], [ 212205.946492621180369, 542338.032384086633101 ], [ 212206.536511672835331, 542338.82753506815061 ], [ 212207.124720915016951, 542339.623577071470208 ], [ 212207.709517854062142, 542340.422604333609343 ], [ 212208.292506052704994, 542341.222320363507606 ], [ 212208.86761768424185, 542342.017697485978715 ], [ 212209.449644816544605, 542342.829513517906889 ], [ 212210.024394335312536, 542343.63558944768738 ], [ 212210.59633706646855, 542344.443451735423878 ], [ 212211.165268649288919, 542345.253496189368889 ], [ 212211.731384738610359, 542346.065529216895811 ], [ 212212.295292116265045, 542346.879550224053673 ], [ 212212.665785368124489, 542347.417534725274891 ], [ 212212.765459340211237, 542347.562420786125585 ], [ 212212.856592639844166, 542347.694358797976747 ], [ 212212.959037355409237, 542347.844964846270159 ], [ 212213.414276498398976, 542348.51254843629431 ], [ 212213.970352798409294, 542349.331630170461722 ], [ 212214.523420058219926, 542350.152497191797011 ], [ 212215.073467021808028, 542350.976549996295944 ], [ 212215.620514506095788, 542351.800586874596775 ], [ 212216.165141903125914, 542352.627610465628095 ], [ 212216.70715989737073, 542353.456619907636195 ], [ 212217.24617308442248, 542354.28661706589628 ], [ 212217.782374611997511, 542355.11859900248237 ], [ 212218.316359800635837, 542355.952568878885359 ], [ 212218.847136958123883, 542356.788426021113992 ], [ 212219.375111080618808, 542357.625363541534171 ], [ 212219.900066376576433, 542358.464490816928446 ], [ 212220.394443088182015, 542359.259558975812979 ], [ 212220.406092339311726, 542359.271235431195237 ], [ 212220.419270192651311, 542359.299486504402012 ], [ 212220.423011952487286, 542359.305504089803435 ], [ 212220.941947583778528, 542360.148499595234171 ], [ 212221.459275657951366, 542360.992387197213247 ], [ 212221.972992923751008, 542361.838553 ], [ 212222.483899567305343, 542362.686508958344348 ], [ 212222.991989680798724, 542363.536648112349212 ], [ 212223.497877447662177, 542364.387576985056512 ], [ 212223.999954259459628, 542365.240386105375364 ], [ 212224.499817493662704, 542366.095381624880247 ], [ 212224.996873283234891, 542366.951568167773075 ], [ 212225.491117961530108, 542367.809636453865096 ], [ 212225.983156479080208, 542368.668494434445165 ], [ 212226.470783305063378, 542369.529530957806855 ], [ 212226.955796914699022, 542370.392553315847181 ], [ 212227.439007814478828, 542371.25656595278997 ], [ 212227.918798255530419, 542372.123663028120063 ], [ 212228.395788729540072, 542372.990542977582663 ], [ 212228.869768033007858, 542373.859608904109336 ], [ 212229.340733929973794, 542374.730563133955002 ], [ 212229.808695059968159, 542375.602497444371693 ], [ 212230.273641732754186, 542376.47651849524118 ], [ 212230.660900370188756, 542377.210571056115441 ], [ 212230.735979527555173, 542377.352426180266775 ], [ 212231.19570835767081, 542378.22951830807142 ], [ 212231.651834323478397, 542379.10739271575585 ], [ 212232.105543361336458, 542379.987658519297838 ], [ 212232.555645297572482, 542380.869504170957953 ], [ 212233.003538964519976, 542381.752536397543736 ], [ 212233.448626282101031, 542382.63655357575044 ], [ 212233.889501403755276, 542383.522551910253242 ], [ 212234.328564692492364, 542384.410540332552046 ], [ 212234.764426773472223, 542385.29841253592167 ], [ 212235.197470287443139, 542386.189570817165077 ], [ 212235.62750954166404, 542387.081613776041195 ], [ 212236.054540720069781, 542387.974541395553388 ], [ 212236.47836761752842, 542388.86865029821638 ], [ 212236.899380096234381, 542389.764545519952662 ], [ 212237.317584184056614, 542390.662528576795012 ], [ 212237.732378976303153, 542391.561493384069763 ], [ 212238.144367418310139, 542392.461443142383359 ], [ 212238.383265500102425, 542392.988623484270647 ], [ 212238.553344690910308, 542393.363578880787827 ], [ 212238.959521470940672, 542394.265596710843965 ], [ 212239.362278843909735, 542395.170500541222282 ], [ 212239.762234647816513, 542396.075488715898246 ], [ 212240.159381537436275, 542396.98266394273378 ], [ 212240.552319870650535, 542397.8904159727972 ], [ 212240.943448586214799, 542398.800459583406337 ], [ 212241.331167478638235, 542399.711584165575914 ], [ 212241.716282803768991, 542400.623595554032363 ], [ 212242.0981863050838, 542401.53749037371017 ], [ 212242.476085611589951, 542402.451566191390157 ], [ 212242.852177953725914, 542403.367433679872192 ], [ 212243.225261187704746, 542404.28438044746872 ], [ 212243.594130624172976, 542405.203609847230837 ], [ 212243.961393556353869, 542406.123532904079184 ], [ 212244.324051689676708, 542407.044629808166064 ], [ 212244.519088601111434, 542407.54256239568349 ], [ 212244.686081378778908, 542407.970524199539796 ], [ 212245.050087443436496, 542408.901531396084465 ], [ 212245.414088197780075, 542409.833538419101387 ], [ 212245.778090443869587, 542410.764545598067343 ], [ 212246.142299286206253, 542411.695454650558531 ], [ 212246.505896053800825, 542412.627360309008509 ], [ 212246.869701548450394, 542413.558767149690539 ], [ 212247.233304259803845, 542414.490272136637941 ], [ 212247.597106462199008, 542415.421579737798311 ], [ 212247.961108262796188, 542416.353388327057473 ], [ 212248.324910991999786, 542417.284596711280756 ], [ 212248.688912812183844, 542418.216401485959068 ], [ 212249.052913976716809, 542419.147610926651396 ], [ 212249.416920557414414, 542420.078518912079744 ], [ 212249.779917132604169, 542421.010619834763929 ], [ 212250.143725274741882, 542421.941526767914183 ], [ 212250.50772165437229, 542422.873636816046201 ], [ 212250.871728231752058, 542423.804544805781916 ], [ 212251.235730026644887, 542424.736353402025998 ], [ 212251.59993346023839, 542425.667560104513541 ], [ 212251.963732999633066, 542426.599367629503831 ], [ 212252.327737973246258, 542427.530577095109038 ], [ 212252.690739959274651, 542428.462376570212655 ], [ 212252.742933014407754, 542428.595914373989217 ], [ 212280.047125258861342, 542487.131452219327912 ], [ 212280.124581226264127, 542487.24431298871059 ], [ 212280.643454619275872, 542488.409880803897977 ], [ 212280.757701916270889, 542488.654807550599799 ], [ 212281.836026406701421, 542489.306029106955975 ], [ 212282.139169393456541, 542491.616438536322676 ], [ 212282.276365550380433, 542491.910563730169088 ], [ 212282.1760711017414, 542491.89768553362228 ], [ 212282.190335028746631, 542492.006398295983672 ], [ 212280.678457156289369, 542491.755473892320879 ], [ 212279.935490062984172, 542491.609986231080256 ], [ 212271.085220911423676, 542490.473577318014577 ], [ 212266.091497414628975, 542490.715221627964638 ], [ 212272.257867131353123, 542515.246248774696141 ], [ 212292.434237808076432, 542533.306435588398017 ], [ 212247.266384271293646, 542560.026453148107976 ], [ 212249.489513417007402, 542585.885785678052343 ], [ 212253.228749470901676, 542629.377874405239709 ], [ 212261.917566152231302, 542627.284954487578943 ], [ 212265.951333497010637, 542637.412251211004332 ], [ 212275.873335369193228, 542679.911366498330608 ], [ 212286.306323411437916, 542724.599075701553375 ], [ 212289.946813101472799, 542740.192490094457753 ], [ 212395.931373823201284, 542715.458525658468716 ], [ 212429.109302236553049, 542707.407098743249662 ], [ 212419.154723466519499, 542677.24038220231887 ], [ 212398.310720776498783, 542614.073742726352066 ] ] ] } },
{ "type": "Feature", "properties": { "area_name": "wirye_plan_area", "spatial_id": "11240820021102", "original_area_sqm": 92201.871832417717, "intersect_area_sqm": 92201.871832417688, "allocation_ratio": 0.99999999999999967, "population_allocated": 377.99999999999989, "households_allocated": 119.99999999999996, "business_count_allocated": 55.999999999999979, "worker_count_allocated": 449.99999999999983 }, "geometry": { "type": "Polygon", "coordinates": [ [ [ 212688.471731628815178, 542297.017873195931315 ], [ 212676.377889042487368, 542297.123521903064102 ], [ 212676.284806566050975, 542295.473561638500541 ], [ 212674.561059672618285, 542295.483214771025814 ], [ 212674.353573491389398, 542284.556699674227275 ], [ 212678.997884909855202, 542284.191807458759286 ], [ 212678.939067867060658, 542283.041429728153162 ], [ 212683.690391232492402, 542282.626082642935216 ], [ 212688.555791332531953, 542281.941628660308197 ], [ 212687.825579815107631, 542267.34405867557507 ], [ 212686.512014710140647, 542244.384516222402453 ], [ 212686.204552272713045, 542238.946888610254973 ], [ 212682.287872106389841, 542239.04073445184622 ], [ 212672.485571908269776, 542239.255992143647745 ], [ 212672.464103616250213, 542237.647230653674342 ], [ 212670.660348379897187, 542237.727486872463487 ], [ 212670.548873572581215, 542226.843502267729491 ], [ 212675.127693877497222, 542226.472255243454129 ], [ 212675.039036711357767, 542225.270299073541537 ], [ 212681.001829809771152, 542224.820966859464534 ], [ 212685.987895079160808, 542222.701377577497624 ], [ 212684.628654409578303, 542207.232315280823968 ], [ 212697.599161802412709, 542179.656525644706562 ], [ 212766.428062932711327, 542175.718666621716693 ], [ 212766.491744131257292, 542177.045441571390256 ], [ 212768.120344727125484, 542211.04341957741417 ], [ 212769.290451666049194, 542235.472495987662114 ], [ 212769.402747862040997, 542237.817640527850017 ], [ 212769.523606629867572, 542240.340499345213175 ], [ 212769.543056863098172, 542240.746768730226904 ], [ 212769.799987943930319, 542246.111196372308768 ], [ 212782.873243422945961, 542245.588580112089403 ], [ 212812.410444129520329, 542243.766624366748147 ], [ 212827.601757846074179, 542242.829477270250209 ], [ 212869.023453456786228, 542240.27450772060547 ], [ 212881.838826983992476, 542239.484011060209014 ], [ 212889.692373121390119, 542238.999504018807784 ], [ 212892.681455681158695, 542238.815195368370041 ], [ 212898.757803522719769, 542238.440394291421399 ], [ 212938.946599041955778, 542235.961312145926058 ], [ 212951.250601927458774, 542235.202312544570304 ], [ 213030.626173567055957, 542230.305851271026768 ], [ 213031.397424798662541, 542242.638332270085812 ], [ 213030.121904197061667, 542216.056314611108974 ], [ 213029.794850713718915, 542209.221215132041834 ], [ 213029.511599222110817, 542203.331333180889487 ], [ 213029.507999287510756, 542203.255382341565564 ], [ 213028.427416142571019, 542180.675521271536127 ], [ 213027.181837638199795, 542154.689706020755693 ], [ 213023.610056187550072, 542142.846762178232893 ], [ 213021.583818015817087, 542100.535103114438243 ], [ 213021.515775304782437, 542099.106162986136042 ], [ 213021.516855946305441, 542097.979114817455411 ], [ 213021.23888648650609, 542092.168089253478684 ], [ 213020.791188383940607, 542082.807631909265183 ], [ 213020.639911976526491, 542079.645451813121326 ], [ 213019.43453280540416, 542054.454170172684826 ], [ 213019.173533175286138, 542049.008384015294723 ], [ 213016.557478799280943, 541994.350706490804441 ], [ 213015.810336391907185, 541989.328109297435731 ], [ 213015.346486936294241, 541986.21188858023379 ], [ 213013.556710305885645, 541986.297825609217398 ], [ 213009.37966088813846, 541986.497534040827304 ], [ 212935.936224999168189, 541990.012242832337506 ], [ 212920.610137049283367, 541990.745696660364047 ], [ 212900.189499108848395, 541991.722903669346124 ], [ 212897.724425867403625, 541991.850874321302399 ], [ 212896.063576919405023, 541991.921788261737674 ], [ 212892.488622056029271, 541992.09378209116403 ], [ 212866.687834411510266, 541993.329940876923501 ], [ 212857.444750183349242, 541993.772760053980164 ], [ 212815.571784063329687, 541995.778923992183991 ], [ 212794.772696420841385, 541996.775431146845222 ], [ 212769.885412344825454, 541997.967722052126192 ], [ 212757.867833933734801, 541997.011548711219802 ], [ 212744.000490793085191, 541998.338681705994532 ], [ 212678.638541118998546, 542001.00524205993861 ], [ 212678.339855597791029, 542001.017459435737692 ], [ 212677.670338827359956, 542001.044720565085299 ], [ 212676.26246229998651, 542001.102468361961655 ], [ 212653.391275309579214, 542002.035655985586345 ], [ 212631.346079701557755, 542003.692513966700062 ], [ 212631.284232338395668, 542098.295084418146871 ], [ 212647.916476221056655, 542097.498441021656618 ], [ 212650.838103749527363, 542156.855115733109415 ], [ 212652.770855250244495, 542196.123231243109331 ], [ 212654.99076250375947, 542241.224026550073177 ], [ 212660.287492944597034, 542348.837194968014956 ], [ 212661.451433895883383, 542372.486322809825651 ], [ 212671.013024711108301, 542372.0094865282299 ], [ 212694.906889979116386, 542371.102548665949143 ], [ 212711.414700843306491, 542370.264633153914474 ], [ 212710.141950950725004, 542348.022694633924402 ], [ 212690.069251316657756, 542324.923822165117599 ], [ 212688.797159396170173, 542302.689291230286472 ], [ 212688.471731628815178, 542297.017873195931315 ] ] ] } },
{ "type": "Feature", "properties": { "area_name": "wirye_plan_area", "spatial_id": "31021670010005", "original_area_sqm": 371685.87718389556, "intersect_area_sqm": 144.76343906667361, "allocation_ratio": 0.00038947791119609947, "population_allocated": 0.144885782964949, "households_allocated": 0.090748353308691174, "business_count_allocated": 0.0089579919575102883, "worker_count_allocated": 0.086853574196730177 }, "geometry": { "type": "MultiPolygon", "coordinates": [ [ [ [ 211582.063352456665598, 540879.397769937408157 ], [ 211582.047607483400498, 540879.39784651377704 ], [ 211532.178336793702329, 540905.991826669429429 ], [ 211522.701446023158496, 540908.882638593087904 ], [ 211532.260338463092921, 540905.981395009206608 ], [ 211547.799662042729324, 540899.354383667581715 ], [ 211547.862225804710761, 540899.327704492257908 ], [ 211562.097378216363722, 540891.050911552738398 ], [ 211581.760247062367853, 540879.583434917032719 ], [ 211582.063352456665598, 540879.397769937408157 ] ] ], [ [ [ 212346.220851493155351, 540468.649105656309985 ], [ 212360.305878040438984, 540459.179519345518202 ], [ 212360.145833524351474, 540459.345439366996288 ], [ 212379.255864148813998, 540446.544870916637592 ], [ 212392.615911861910718, 540436.828139107092284 ], [ 212420.654118164384272, 540416.436777659575455 ], [ 212431.892004956724122, 540410.414976472267881 ], [ 212434.946320605202345, 540408.477099939016625 ], [ 212433.946516758558573, 540407.070263825822622 ], [ 212337.981584010238294, 540473.414043121621944 ], [ 212346.220851493155351, 540468.649105656309985 ] ] ] ] } },
{ "type": "Feature", "properties": { "area_name": "wirye_plan_area", "spatial_id": "31021670010011", "original_area_sqm": 64815.970210321793, "intersect_area_sqm": 270.58285639836572, "allocation_ratio": 0.0041746325098636879, "population_allocated": 2.2125552302277547, "households_allocated": 1.3609301982155622, "business_count_allocated": 0.17533456541427489, "worker_count_allocated": 0.52600369624282473 }, "geometry": { "type": "Polygon", "coordinates": [ [ [ 211223.116415429278277, 541001.114796857815236 ], [ 211233.711305624543456, 540999.846908670384437 ], [ 211250.602121434581932, 540997.826227300334722 ], [ 211270.252156508300686, 540993.806585391401313 ], [ 211275.42322053402313, 540992.622551132924855 ], [ 211274.735072970244801, 540984.521808150806464 ], [ 211218.529229940642836, 541001.666726789204404 ], [ 211218.53561560405069, 541001.687333772541024 ], [ 211223.116415429278277, 541001.114796857815236 ] ] ] } },
{ "type": "Feature", "properties": { "area_name": "wirye_plan_area", "spatial_id": "31021670010001", "original_area_sqm": 18408.436423099331, "intersect_area_sqm": 1155.1492180238924, "allocation_ratio": 0.062751077357900129, "population_allocated": 37.901650724171681, "households_allocated": 22.527636771486147, "business_count_allocated": 2.7610474037476056, "worker_count_allocated": 7.5928803603059158 }, "geometry": { "type": "Polygon", "coordinates": [ [ [ 211275.42322053402313, 540992.622551132924855 ], [ 211287.947875014360761, 540989.754857886815444 ], [ 211312.341927751607727, 540984.169359359773807 ], [ 211346.841844262409722, 540974.910110872937366 ], [ 211368.95175169367576, 540964.769459021976218 ], [ 211372.478436014556792, 540962.985854377038777 ], [ 211376.091687266191002, 540961.158494402188808 ], [ 211377.302706227230374, 540960.417620940483175 ], [ 211386.695905150496401, 540954.666751167969778 ], [ 211391.309850737277884, 540951.841999713447876 ], [ 211400.686695863201749, 540946.101775455288589 ], [ 211274.735072970244801, 540984.521808150806464 ], [ 211275.42322053402313, 540992.622551132924855 ] ] ] } },
{ "type": "Feature", "properties": { "area_name": "wirye_plan_area", "spatial_id": "31021670010006", "original_area_sqm": 1361301.5052105295, "intersect_area_sqm": 784.34930698821199, "allocation_ratio": 0.00057617603740687108, "population_allocated": 0.24314628778569961, "households_allocated": 0.065684068264383305, "business_count_allocated": 0.030537329982564167, "worker_count_allocated": 0.73116739146931942 }, "geometry": { "type": "MultiPolygon", "coordinates": [ [ [ [ 212434.946320605202345, 540408.477099939016625 ], [ 212441.90124105612631, 540404.06422331999056 ], [ 212447.747083583875792, 540400.354340941179544 ], [ 212448.960237269900972, 540399.513438350986689 ], [ 212507.103250292740995, 540358.851727775880136 ], [ 212558.632461323140888, 540322.926634548581205 ], [ 212559.854832393728429, 540322.045263682026416 ], [ 212561.567150220973417, 540320.814651573775336 ], [ 212566.578586577932583, 540317.212887669447809 ], [ 212578.476896094536642, 540308.918669489212334 ], [ 212631.67986514090444, 540271.828881455818191 ], [ 212687.718383712286595, 540232.778637356124818 ], [ 212689.645115170947975, 540231.486538517987356 ], [ 212702.118816130096093, 540223.125245006289333 ], [ 212716.621150428953115, 540213.404162705293857 ], [ 212733.293942008109298, 540201.801837816601619 ], [ 212743.037164035777096, 540195.019192809821106 ], [ 212763.754261397290975, 540180.594686352647841 ], [ 212771.870600199501496, 540174.92895951657556 ], [ 212782.42515412037028, 540167.561183170997538 ], [ 212799.275606241397327, 540155.867061178665608 ], [ 212799.605452995252563, 540155.638120300718583 ], [ 212806.633959173748735, 540150.744334169197828 ], [ 212807.470399444457144, 540148.840665524243377 ], [ 212433.946516758558573, 540407.070263825822622 ], [ 212434.946320605202345, 540408.477099939016625 ] ] ], [ [ [ 212815.250259833381278, 540144.746427507256158 ], [ 212817.925413850898622, 540142.885468039661646 ], [ 212826.464446520403726, 540136.763298889971338 ], [ 212829.202462412766181, 540134.801535069709644 ], [ 212837.025590000848752, 540129.190872665029019 ], [ 212841.517835335398559, 540126.09385724272579 ], [ 212860.509490229946095, 540112.979322116007097 ], [ 212861.351515602436848, 540112.397853656671941 ], [ 212863.492520901490934, 540110.976437311037444 ], [ 212865.254690343106631, 540109.796909853350371 ], [ 212888.706057857489213, 540093.400510187610053 ], [ 212980.735659103520447, 540029.056575469090603 ], [ 212812.044421695987694, 540145.678490404039621 ], [ 212815.250259833381278, 540144.746427507256158 ] ] ], [ [ [ 212984.90884795281454, 540032.140962504083291 ], [ 212986.000838659179863, 540033.696086785406806 ], [ 212987.231465494958684, 540031.393326640245505 ], [ 212982.270481056417339, 540028.436574267805554 ], [ 212984.90884795281454, 540032.140962504083291 ] ] ] ] } },
{ "type": "Feature", "properties": { "area_name": "wirye_plan_area", "spatial_id": "31021680010010", "original_area_sqm": 14930.336145189758, "intersect_area_sqm": 14930.336145189758, "allocation_ratio": 1.0, "population_allocated": 934.0, "households_allocated": 606.0, "business_count_allocated": 113.0, "worker_count_allocated": 580.0 }, "geometry": { "type": "Polygon", "coordinates": [ [ [ 212498.03087902488187, 540500.882516243145801 ], [ 212461.234152902499773, 540521.816320415353402 ], [ 212433.347491348773474, 540540.306114014820196 ], [ 212427.576701317186235, 540549.816231498145498 ], [ 212428.153295966272708, 540552.254574903170578 ], [ 212522.611850030720234, 540690.06980623526033 ], [ 212594.119480657245731, 540642.660201645921916 ], [ 212498.03087902488187, 540500.882516243145801 ] ] ] } },
{ "type": "Feature", "properties": { "area_name": "wirye_plan_area", "spatial_id": "31021680010001", "original_area_sqm": 21531.755550644615, "intersect_area_sqm": 21531.755550644612, "allocation_ratio": 0.99999999999999978, "population_allocated": 555.99999999999989, "households_allocated": 219.99999999999994, "business_count_allocated": 75.999999999999986, "worker_count_allocated": 135.99999999999997 }, "geometry": { "type": "Polygon", "coordinates": [ [ [ 212328.459261805663118, 540849.152368106995709 ], [ 212328.396247990749544, 540849.150232331710868 ], [ 212287.038981840421911, 540850.673289985628799 ], [ 212287.015092232148163, 540850.254892176832072 ], [ 212285.787427906907396, 540828.765912602306344 ], [ 212283.054768692352809, 540816.093498796224594 ], [ 212278.727185527532129, 540803.285968983895145 ], [ 212245.169252047053305, 540738.871717009809799 ], [ 212245.109930625825655, 540738.757758399937302 ], [ 212222.741488731116988, 540750.408164442051202 ], [ 212202.201520327012986, 540760.92131025553681 ], [ 212163.594755744503345, 540780.878200403531082 ], [ 212181.96243738947669, 540816.010634621488862 ], [ 212191.657044921332272, 540840.321080529596657 ], [ 212194.200548245455138, 540854.402454749797471 ], [ 212194.22795633514761, 540854.55416207050439 ], [ 212197.847389658272732, 540874.591550362179987 ], [ 212198.363738619664218, 540885.363134029787034 ], [ 212199.814293054747395, 540915.313207676168531 ], [ 212199.700614309549564, 540915.319809252512641 ], [ 212156.022494279895909, 540917.865159103297628 ], [ 212159.212196422071429, 540994.447066002641805 ], [ 212161.666499746817863, 541002.792755212401971 ], [ 212164.938687426096294, 541006.925883579649962 ], [ 212166.330220841482515, 541008.683476881473325 ], [ 212174.430151413253043, 541011.874547587591223 ], [ 212198.117012801289093, 541012.457178069395013 ], [ 212204.375719769799616, 541012.611153312493116 ], [ 212204.522060353483539, 541012.501286053447984 ], [ 212202.124802362319315, 540963.014104941976257 ], [ 212199.827191342337755, 540915.578584713395685 ], [ 212200.015416058944538, 540915.569180865189992 ], [ 212265.149733990896493, 540912.3191009813454 ], [ 212331.109847113373689, 540909.54799926537089 ], [ 212331.362611442542402, 540909.535835427348502 ], [ 212329.892122646124335, 540879.062739461194724 ], [ 212328.459261805663118, 540849.152368106995709 ] ] ] } },
{ "type": "Feature", "properties": { "area_name": "wirye_plan_area", "spatial_id": "31021680010002", "original_area_sqm": 14280.054981415557, "intersect_area_sqm": 14280.05498141556, "allocation_ratio": 1.0, "population_allocated": 401.0, "households_allocated": 167.0, "business_count_allocated": 64.0, "worker_count_allocated": 120.0 }, "geometry": { "type": "Polygon", "coordinates": [ [ [ 212328.396247990749544, 540849.150232331710868 ], [ 212328.459261805663118, 540849.152368106995709 ], [ 212328.565917354862904, 540849.150331618613563 ], [ 212370.640791121753864, 540846.267038029618561 ], [ 212368.945189807156567, 540794.35189370799344 ], [ 212368.436492551030824, 540786.886980701470748 ], [ 212365.891790510388091, 540772.80539538571611 ], [ 212361.989931759424508, 540761.268637919914909 ], [ 212353.167793807340786, 540747.356810510857031 ], [ 212295.485948484187247, 540663.036522160400636 ], [ 212258.330934779572999, 540682.546439379220828 ], [ 212258.032988272112561, 540682.702720213797875 ], [ 212282.266614514228422, 540719.253252572496422 ], [ 212245.109930625825655, 540738.757758399937302 ], [ 212245.169252047053305, 540738.871717009809799 ], [ 212278.727185527532129, 540803.285968983895145 ], [ 212283.054768692352809, 540816.093498796224594 ], [ 212285.787427906907396, 540828.765912602306344 ], [ 212287.015092232148163, 540850.254892176832072 ], [ 212287.038981840421911, 540850.673289985628799 ], [ 212328.396247990749544, 540849.150232331710868 ] ] ] } },
{ "type": "Feature", "properties": { "area_name": "wirye_plan_area", "spatial_id": "31021680010003", "original_area_sqm": 81555.954586939304, "intersect_area_sqm": 80318.495954751357, "allocation_ratio": 0.9848268757510672, "population_allocated": 742.55946431630468, "households_allocated": 534.7609935328295, "business_count_allocated": 643.09194986544685, "worker_count_allocated": 5168.3714439416008 }, "geometry": { "type": "Polygon", "coordinates": [ [ [ 212204.522060353483539, 541012.501286053447984 ], [ 212204.375719769799616, 541012.611153312493116 ], [ 212198.117012801289093, 541012.457178069395013 ], [ 212174.430151413253043, 541011.874547587591223 ], [ 212166.330220841482515, 541008.683476881473325 ], [ 212164.938687426096294, 541006.925883579649962 ], [ 212161.666499746817863, 541002.792755212401971 ], [ 212159.212196422071429, 540994.447066002641805 ], [ 212156.022494279895909, 540917.865159103297628 ], [ 212199.700614309549564, 540915.319809252512641 ], [ 212199.814293054747395, 540915.313207676168531 ], [ 212198.363738619664218, 540885.363134029787034 ], [ 212197.847389658272732, 540874.591550362179987 ], [ 212194.22795633514761, 540854.55416207050439 ], [ 212194.200548245455138, 540854.402454749797471 ], [ 212193.310743394569727, 540854.430443956400268 ], [ 212144.657690172898583, 540855.962989200372249 ], [ 212141.730229319975479, 540843.974023243994452 ], [ 212136.014660453423858, 540829.47544574632775 ], [ 212125.141428335511591, 540804.382030008244328 ], [ 212104.519640362676, 540762.182389134541154 ], [ 212143.51753031174303, 540742.475978392758407 ], [ 212143.247662245325046, 540741.959640167304315 ], [ 212128.063551260711392, 540712.916358262882568 ], [ 212132.494531634816667, 540710.599633962614462 ], [ 212156.629116555763176, 540697.981711901957169 ], [ 212235.04387600600603, 540656.985165016492829 ], [ 212239.453486413374776, 540654.679832685855217 ], [ 212316.0926125877304, 540614.611528884619474 ], [ 212363.186554949876154, 540589.989982374943793 ], [ 212415.355850913852919, 540558.33862526260782 ], [ 212427.576702876307536, 540549.816233563702554 ], [ 212433.34749140808708, 540540.306116507388651 ], [ 212461.234154763980769, 540521.816320486133918 ], [ 212498.030880131293088, 540500.8825184708694 ], [ 212444.82237458153395, 540422.373308895155787 ], [ 212434.946320605202345, 540408.477099939016625 ], [ 212431.892004956724122, 540410.414976472267881 ], [ 212420.654118164384272, 540416.436777659575455 ], [ 212392.615911861910718, 540436.828139107092284 ], [ 212379.255864148813998, 540446.544870916637592 ], [ 212360.145833524351474, 540459.345439366996288 ], [ 212360.305878040438984, 540459.179519345518202 ], [ 212346.220851493155351, 540468.649105656309985 ], [ 212337.981584010238294, 540473.414043121621944 ], [ 212319.862171901593683, 540485.940600932692178 ], [ 211990.702041472366545, 540661.473105330835097 ], [ 211996.317804774706019, 540672.442568577360362 ], [ 212000.735348768648691, 540680.892014493467286 ], [ 212041.216909991577268, 540758.321129061398096 ], [ 212073.07074862922309, 540819.248619993217289 ], [ 212078.785807563021081, 540830.941058296710253 ], [ 212083.85835450864397, 540842.926607473404147 ], [ 212088.273670918075368, 540855.168473365833052 ], [ 212092.019044232205488, 540867.63227287272457 ], [ 212095.08316042216029, 540880.281130678486079 ], [ 212097.45791469811229, 540893.077493952703662 ], [ 212099.134705094969831, 540905.983292025746778 ], [ 212100.109337174595566, 540918.960496713989414 ], [ 212105.710143812058959, 541035.882161373272538 ], [ 212141.770774044533027, 541035.431936089647934 ], [ 212156.060942666605115, 541039.462995664216578 ], [ 212171.831901105993893, 541047.755027794279158 ], [ 212196.443826652481221, 541060.455956737627275 ], [ 212206.61990215536207, 541065.870142633793876 ], [ 212204.522060353483539, 541012.501286053447984 ] ] ] } },
{ "type": "Feature", "properties": { "area_name": "wirye_plan_area", "spatial_id": "31021680010004", "original_area_sqm": 17672.971067550687, "intersect_area_sqm": 17672.97106755069, "allocation_ratio": 1.0, "population_allocated": 376.0, "households_allocated": 145.0, "business_count_allocated": 35.0, "worker_count_allocated": 116.0 }, "geometry": { "type": "Polygon", "coordinates": [ [ [ 212373.717277375078993, 540910.086509953020141 ], [ 212373.638428984006168, 540908.186727308551781 ], [ 212331.512845355726313, 540909.729910093126819 ], [ 212331.372249854612164, 540909.736666448530741 ], [ 212331.362611442542402, 540909.535835427348502 ], [ 212331.109847113373689, 540909.54799926537089 ], [ 212265.149733990896493, 540912.3191009813454 ], [ 212200.015416058944538, 540915.569180865189992 ], [ 212199.827191342337755, 540915.578584713395685 ], [ 212202.124802362319315, 540963.014104941976257 ], [ 212204.522060353483539, 541012.501286053447984 ], [ 212204.754179146169918, 541012.572447022190318 ], [ 212270.618520346557489, 541012.746429423103109 ], [ 212336.398394722637022, 541013.888558662962168 ], [ 212336.474219719209941, 541013.889961050939746 ], [ 212378.047886468993966, 541014.493615719955415 ], [ 212373.717277375078993, 540910.086509953020141 ] ] ] } },
{ "type": "Feature", "properties": { "area_name": "wirye_plan_area", "spatial_id": "31021680010005", "original_area_sqm": 154749.3496942737, "intersect_area_sqm": 154749.34969427367, "allocation_ratio": 0.99999999999999978, "population_allocated": 714.99999999999989, "households_allocated": 340.99999999999994, "business_count_allocated": 1126.9999999999998, "worker_count_allocated": 4524.9999999999991 }, "geometry": { "type": "Polygon", "coordinates": [ [ [ 212667.731602263695095, 541285.69926002738066 ], [ 212657.355577445909148, 541286.196196246892214 ], [ 212654.346861803642241, 541227.517135072499514 ], [ 212654.063931736425729, 541221.999004990793765 ], [ 212651.774894439906348, 541177.360133294016123 ], [ 212646.794627314840909, 541108.834935470134951 ], [ 212659.27697470766725, 541107.816165350493975 ], [ 212725.011787719151471, 541095.743019999703392 ], [ 212774.476877675537253, 541086.657946144463494 ], [ 212782.380219603772275, 541087.402087491122074 ], [ 212798.817946493101772, 541088.949841905152425 ], [ 212880.283875391469337, 541089.511981043149717 ], [ 212890.473632226348855, 541089.636802775086835 ], [ 212839.18222705097287, 541012.276865203282796 ], [ 212832.501501153601566, 541002.20034401898738 ], [ 212832.108585430629319, 541001.607920325244777 ], [ 212816.197006801434327, 540977.609188008937053 ], [ 212811.590118346968666, 540970.660833964473568 ], [ 212793.059740821510786, 540942.712612625444308 ], [ 212783.778872167196823, 540928.714911111164838 ], [ 212760.598033136979211, 540893.752582072396763 ], [ 212741.718308322422672, 540865.277398710721172 ], [ 212708.286375265277456, 540814.854030877817422 ], [ 212696.188910631957697, 540796.607870412641205 ], [ 212688.208954283269122, 540784.572064102510922 ], [ 212672.649559358251281, 540795.146270948112942 ], [ 212609.71913131288602, 540836.85437981330324 ], [ 212606.929612350446405, 540838.624590194551274 ], [ 212604.069751988106873, 540840.28418748639524 ], [ 212601.139449441834586, 540841.814055620576255 ], [ 212598.149858499848051, 540843.224462244426832 ], [ 212595.09998244754388, 540844.514096918865107 ], [ 212592.009880844154395, 540845.674067435669713 ], [ 212588.869444231473608, 540846.704419358633459 ], [ 212585.689990007114829, 540847.604010645532981 ], [ 212582.470203381031752, 540848.373937214841135 ], [ 212579.229149958264316, 540849.004194880719297 ], [ 212575.960279286606237, 540849.503747557057068 ], [ 212572.670088702667272, 540849.873637228040025 ], [ 212569.369935756432824, 540850.103719564038329 ], [ 212567.719290781678865, 540850.194297536392696 ], [ 212549.030481831898214, 540869.428391981171444 ], [ 212529.173959204490529, 540870.31558202940505 ], [ 212529.43947107787244, 540877.023300333647057 ], [ 212530.964268169715069, 540908.931470653857104 ], [ 212532.634469947806792, 540943.883442766265944 ], [ 212534.168895160546526, 540975.993944120709784 ], [ 212536.516989531024592, 541025.131639170926064 ], [ 212540.92468721899786, 541102.239556436194107 ], [ 212544.961231091088848, 541102.047898431774229 ], [ 212550.069081948604435, 541103.162154348916374 ], [ 212553.171913850062992, 541185.948137977509759 ], [ 212555.487873613194097, 541236.048752748873085 ], [ 212558.025823887350271, 541290.95418608689215 ], [ 212554.05050625957665, 541291.144664720050059 ], [ 212556.356017939688172, 541352.558892605477013 ], [ 212558.404892935737735, 541407.13839905988425 ], [ 212522.277967162051937, 541408.427895288448781 ], [ 212444.982728516770294, 541411.186702479957603 ], [ 212447.668816776567837, 541467.262585407588631 ], [ 212448.063536674133502, 541475.504506144323386 ], [ 212448.896925485576503, 541492.905252642696723 ], [ 212449.196001620526658, 541499.150559753878042 ], [ 212451.750938185286941, 541552.492447036202066 ], [ 212452.816519293526653, 541574.735876951483078 ], [ 212453.009968422207749, 541578.773933654185385 ], [ 212453.461446158529725, 541590.098702514078468 ], [ 212455.080566519696731, 541630.709885819582269 ], [ 212455.87912011006847, 541630.741835350170732 ], [ 212469.077444410038879, 541631.26999628613703 ], [ 212501.366175983363064, 541629.724634241545573 ], [ 212503.278138190391473, 541629.632544772699475 ], [ 212504.917213847395033, 541629.554614852648228 ], [ 212531.506000716472045, 541628.282014003838412 ], [ 212571.46067685255548, 541626.369691205443814 ], [ 212577.86879072652664, 541626.06317617604509 ], [ 212585.444571891915984, 541625.701037682010792 ], [ 212683.180157954018796, 541621.023553449776955 ], [ 212680.469301490607904, 541551.620338302105665 ], [ 212680.131308502575848, 541544.564795859507285 ], [ 212676.102108468679944, 541460.446246042614803 ], [ 212673.750048561603762, 541411.343134427792393 ], [ 212670.677608439233154, 541347.201326391892508 ], [ 212667.731602263695095, 541285.69926002738066 ] ] ] } },
{ "type": "Feature", "properties": { "area_name": "wirye_plan_area", "spatial_id": "31021680010006", "original_area_sqm": 64518.633861848131, "intersect_area_sqm": 64518.633861848102, "allocation_ratio": 0.99999999999999956, "population_allocated": 377.99999999999983, "households_allocated": 251.99999999999989, "business_count_allocated": 524.99999999999977, "worker_count_allocated": 2241.9999999999991 }, "geometry": { "type": "Polygon", "coordinates": [ [ [ 212422.856889013492037, 540949.26837876951322 ], [ 212420.904851067898562, 540908.516478024306707 ], [ 212420.840634680644143, 540907.176595879485831 ], [ 212419.977706176287029, 540889.157344997860491 ], [ 212419.352785344381118, 540876.110464561381377 ], [ 212416.588743974367389, 540818.411515179905109 ], [ 212413.893885194527684, 540762.152212023967877 ], [ 212415.499483140942175, 540761.087502496317029 ], [ 212470.932777034875471, 540724.334214867907576 ], [ 212480.768047745077638, 540717.813272153842263 ], [ 212507.004742344666738, 540700.417767179897055 ], [ 212511.059144066995941, 540697.729695902904496 ], [ 212521.191577908961335, 540691.011752140941098 ], [ 212522.611852720641764, 540690.069807737949304 ], [ 212428.153295774915023, 540552.254576427745633 ], [ 212427.576702876307536, 540549.816233563702554 ], [ 212415.355850913852919, 540558.33862526260782 ], [ 212363.186554949876154, 540589.989982374943793 ], [ 212316.0926125877304, 540614.611528884619474 ], [ 212239.453486413374776, 540654.679832685855217 ], [ 212257.674014419171726, 540682.1612980265636 ], [ 212258.032988272112561, 540682.702720213797875 ], [ 212258.330934779572999, 540682.546439379220828 ], [ 212295.485948484187247, 540663.036522160400636 ], [ 212353.167793807340786, 540747.356810510857031 ], [ 212361.989931759424508, 540761.268637919914909 ], [ 212365.891790510388091, 540772.80539538571611 ], [ 212368.436492551030824, 540786.886980701470748 ], [ 212368.945189807156567, 540794.35189370799344 ], [ 212370.640791121753864, 540846.267038029618561 ], [ 212328.565917354862904, 540849.150331618613563 ], [ 212328.459261805663118, 540849.152368106995709 ], [ 212329.892122646124335, 540879.062739461194724 ], [ 212331.362611442542402, 540909.535835427348502 ], [ 212331.372249854612164, 540909.736666448530741 ], [ 212331.512845355726313, 540909.729910093126819 ], [ 212373.638428984006168, 540908.186727308551781 ], [ 212373.717277375078993, 540910.086509953020141 ], [ 212378.047886468993966, 541014.493615719955415 ], [ 212336.474219719209941, 541013.889961050939746 ], [ 212336.398394722637022, 541013.888558662962168 ], [ 212270.618520346557489, 541012.746429423103109 ], [ 212204.754179146169918, 541012.572447022190318 ], [ 212204.522060353483539, 541012.501286053447984 ], [ 212206.61990215536207, 541065.870142633793876 ], [ 212219.157557045429712, 541072.540764195495285 ], [ 212221.574810165388044, 541073.826910860952921 ], [ 212237.604418846603949, 541082.185044472571462 ], [ 212246.299968972365605, 541086.718918310361914 ], [ 212272.041920148330973, 541098.520881321979687 ], [ 212285.409840944717871, 541104.036847945302725 ], [ 212294.397873324487591, 541106.070964585291222 ], [ 212308.908946021459997, 541108.064973307424225 ], [ 212319.347571852937108, 541108.458027845364995 ], [ 212324.059430266235722, 541108.635504741570912 ], [ 212325.747972673969343, 541108.698987672454678 ], [ 212330.522793893876951, 541108.643806120031513 ], [ 212340.198590798740042, 541108.531807735795155 ], [ 212430.435742117260816, 541107.48794543731492 ], [ 212426.583267504611285, 541027.063648498151451 ], [ 212422.856889013492037, 540949.26837876951322 ] ] ] } },
{ "type": "Feature", "properties": { "area_name": "wirye_plan_area", "spatial_id": "31021680010007", "original_area_sqm": 20849.278401714, "intersect_area_sqm": 20849.278401714007, "allocation_ratio": 1.0, "population_allocated": 0.0, "households_allocated": 0.0, "business_count_allocated": 0.0, "worker_count_allocated": 62.0 }, "geometry": { "type": "Polygon", "coordinates": [ [ [ 212960.755216404300882, 541390.798969005933031 ], [ 213009.708275079610758, 541389.937013584654778 ], [ 213008.999386230425444, 541382.984341434319504 ], [ 213006.082315134670353, 541361.897337867761962 ], [ 213002.410713219898753, 541340.92817782657221 ], [ 212997.991037468309514, 541320.104306722059846 ], [ 212992.827753664460033, 541299.451358663849533 ], [ 212986.927716819162015, 541278.997181326034479 ], [ 212980.298591812723316, 541258.767825965886004 ], [ 212972.948649055499118, 541238.788346636691131 ], [ 212965.916032392095076, 541221.598078806418926 ], [ 212859.242460326728178, 541263.707796482834965 ], [ 212853.721881716366624, 541265.714310272596776 ], [ 212854.655485738679999, 541281.44361948419828 ], [ 212857.261516444443259, 541342.707700524362735 ], [ 212859.531877338595223, 541396.082213073503226 ], [ 212909.604678077623248, 541393.46879282547161 ], [ 212960.755216404300882, 541390.798969005933031 ] ] ] } },
{ "type": "Feature", "properties": { "area_name": "wirye_plan_area", "spatial_id": "31021680010008", "original_area_sqm": 15177.562444747971, "intersect_area_sqm": 15177.562444747975, "allocation_ratio": 1.0, "population_allocated": 435.0, "households_allocated": 164.0, "business_count_allocated": 62.0, "worker_count_allocated": 123.0 }, "geometry": { "type": "Polygon", "coordinates": [ [ [ 212239.453486413374776, 540654.679832685855217 ], [ 212235.04387600600603, 540656.985165016492829 ], [ 212156.629116555763176, 540697.981711901957169 ], [ 212132.494531634816667, 540710.599633962614462 ], [ 212128.063551260711392, 540712.916358262882568 ], [ 212143.247662245325046, 540741.959640167304315 ], [ 212143.51753031174303, 540742.475978392758407 ], [ 212104.519640362676, 540762.182389134541154 ], [ 212125.141428335511591, 540804.382030008244328 ], [ 212136.014660453423858, 540829.47544574632775 ], [ 212141.730229319975479, 540843.974023243994452 ], [ 212144.657690172898583, 540855.962989200372249 ], [ 212193.310743394569727, 540854.430443956400268 ], [ 212194.200548245455138, 540854.402454749797471 ], [ 212191.657044921332272, 540840.321080529596657 ], [ 212181.96243738947669, 540816.010634621488862 ], [ 212163.594755744503345, 540780.878200403531082 ], [ 212202.201520327012986, 540760.92131025553681 ], [ 212222.741488731116988, 540750.408164442051202 ], [ 212245.109930625825655, 540738.757758399937302 ], [ 212282.266614514228422, 540719.253252572496422 ], [ 212258.032988272112561, 540682.702720213797875 ], [ 212257.674014419171726, 540682.1612980265636 ], [ 212239.453486413374776, 540654.679832685855217 ] ] ] } },
{ "type": "Feature", "properties": { "area_name": "wirye_plan_area", "spatial_id": "31021680010009", "original_area_sqm": 21358.0940208838, "intersect_area_sqm": 21358.094020883796, "allocation_ratio": 0.99999999999999978, "population_allocated": 0.0, "households_allocated": 0.0, "business_count_allocated": 0.0, "worker_count_allocated": 36.999999999999993 }, "geometry": { "type": "Polygon", "coordinates": [ [ [ 212228.674640477576759, 541440.415940145379864 ], [ 212283.672797434031963, 541437.764148002373986 ], [ 212283.192414971330436, 541427.775269236299209 ], [ 212282.708405491954181, 541417.678127559251152 ], [ 212279.675397940649418, 541354.400006197858602 ], [ 212277.925183028331958, 541317.883387907175347 ], [ 212277.252948389388621, 541304.403482938185334 ], [ 212239.792715736781247, 541306.197909201029688 ], [ 212224.417006292875158, 541306.934308906202205 ], [ 212118.186363961402094, 541312.022705395007506 ], [ 212119.299768882105127, 541347.023026430397294 ], [ 212120.78790060459869, 541382.008830378763378 ], [ 212123.70786415177281, 541442.968506155768409 ], [ 212123.741276707820361, 541443.665864660288207 ], [ 212123.84297051478643, 541445.785158875514753 ], [ 212173.983489030506462, 541443.052955275634304 ], [ 212228.674640477576759, 541440.415940145379864 ] ] ] } },
{ "type": "Feature", "properties": { "area_name": "wirye_plan_area", "spatial_id": "31021680010107", "original_area_sqm": 13384.875903079052, "intersect_area_sqm": 13384.875903079048, "allocation_ratio": 0.99999999999999978, "population_allocated": 457.99999999999989, "households_allocated": 169.99999999999997, "business_count_allocated": 0.0, "worker_count_allocated": 0.0 }, "geometry": { "type": "Polygon", "coordinates": [ [ [ 212228.674639736331301, 541440.415940636885352 ], [ 212173.983490324928425, 541443.052956643747166 ], [ 212123.842971181264147, 541445.785160253406502 ], [ 212126.530299609148642, 541501.890644272323698 ], [ 212126.913510190002853, 541509.888002430088818 ], [ 212129.835621636506403, 541570.894009600044228 ], [ 212129.925322645634878, 541572.765639811754227 ], [ 212234.866883051290642, 541567.840296859038062 ], [ 212231.925327581469901, 541506.389301726361737 ], [ 212228.674639736331301, 541440.415940636885352 ] ] ] } },
{ "type": "Feature", "properties": { "area_name": "wirye_plan_area", "spatial_id": "31021680010102", "original_area_sqm": 15076.458828620456, "intersect_area_sqm": 15076.458828620458, "allocation_ratio": 1.0, "population_allocated": 536.0, "households_allocated": 209.0, "business_count_allocated": 11.0, "worker_count_allocated": 11.0 }, "geometry": { "type": "Polygon", "coordinates": [ [ [ 212434.902808079292299, 541629.902470861095935 ], [ 212455.080566519696731, 541630.709885819582269 ], [ 212453.461446158529725, 541590.098702514078468 ], [ 212453.009968422207749, 541578.773933654185385 ], [ 212452.816519293526653, 541574.735876951483078 ], [ 212451.750938185286941, 541552.492447036202066 ], [ 212449.196001620526658, 541499.150559753878042 ], [ 212378.820759745605756, 541501.495218251482584 ], [ 212381.289324111450696, 541560.96811468352098 ], [ 212374.931575730501208, 541561.266494142590091 ], [ 212303.54249315962079, 541564.61707139632199 ], [ 212305.905861954262946, 541639.115966704091989 ], [ 212305.96160047131707, 541639.113362300791778 ], [ 212338.565443810395664, 541637.550871315761469 ], [ 212341.832295987871476, 541637.394043280859478 ], [ 212344.95044674599194, 541637.24473367864266 ], [ 212348.002438379568048, 541637.063959029270336 ], [ 212375.518422750668833, 541635.747960322187282 ], [ 212380.840020420611836, 541635.493500315817073 ], [ 212392.682150600448949, 541631.922809557174332 ], [ 212396.444424533226993, 541631.742703445255756 ], [ 212434.902808079292299, 541629.902470861095935 ] ] ] } },
{ "type": "Feature", "properties": { "area_name": "wirye_plan_area", "spatial_id": "31021680010108", "original_area_sqm": 8611.7680534710162, "intersect_area_sqm": 8611.7680534710162, "allocation_ratio": 1.0, "population_allocated": 403.0, "households_allocated": 185.0, "business_count_allocated": 7.0, "worker_count_allocated": 7.0 }, "geometry": { "type": "Polygon", "coordinates": [ [ [ 212439.495450969814556, 541296.632051033200696 ], [ 212372.795079406816512, 541299.826968754874542 ], [ 212371.127883241570089, 541299.906852703308687 ], [ 212372.231402982841246, 541350.506225854391232 ], [ 212362.198614619846921, 541350.928254161961377 ], [ 212363.208943365141749, 541379.528452993836254 ], [ 212364.441129602899309, 541414.408566228928976 ], [ 212376.923115789686562, 541413.90930685820058 ], [ 212444.982728516770294, 541411.186702479957603 ], [ 212443.661387798405485, 541383.602357952971943 ], [ 212443.348528684233315, 541377.06985931575764 ], [ 212443.345104375766823, 541376.998912549926899 ], [ 212442.386973677843343, 541356.995757497381419 ], [ 212441.935591393586947, 541347.573856945382431 ], [ 212439.495450969814556, 541296.632051033200696 ] ] ] } },
{ "type": "Feature", "properties": { "area_name": "wirye_plan_area", "spatial_id": "31021680010105", "original_area_sqm": 9643.4218175368405, "intersect_area_sqm": 9643.4218175368405, "allocation_ratio": 1.0, "population_allocated": 417.0, "households_allocated": 155.0, "business_count_allocated": 5.0, "worker_count_allocated": 15.0 }, "geometry": { "type": "Polygon", "coordinates": [ [ [ 212444.982728516770294, 541411.186702479957603 ], [ 212376.923115789686562, 541413.90930685820058 ], [ 212364.441129602899309, 541414.408566228928976 ], [ 212282.708404950943077, 541417.678128116531298 ], [ 212283.192417538812151, 541427.775269688107073 ], [ 212283.672799313062569, 541437.764148255228065 ], [ 212299.154496252245735, 541437.132455242797732 ], [ 212300.84423848442384, 541479.555035836994648 ], [ 212374.271882535918849, 541477.534807815216482 ], [ 212378.710822608351009, 541477.412617782363668 ], [ 212448.063536674133502, 541475.504506144323386 ], [ 212447.668816776567837, 541467.262585407588631 ], [ 212444.982728516770294, 541411.186702479957603 ] ] ] } },
{ "type": "Feature", "properties": { "area_name": "wirye_plan_area", "spatial_id": "31021680010103", "original_area_sqm": 8209.5483310194904, "intersect_area_sqm": 8209.5483310194868, "allocation_ratio": 0.99999999999999956, "population_allocated": 489.99999999999977, "households_allocated": 168.99999999999991, "business_count_allocated": 14.999999999999993, "worker_count_allocated": 57.999999999999972 }, "geometry": { "type": "Polygon", "coordinates": [ [ [ 212448.063536674133502, 541475.504506144323386 ], [ 212378.710822608351009, 541477.412617782363668 ], [ 212374.271882535918849, 541477.534807815216482 ], [ 212300.84423848442384, 541479.555035836994648 ], [ 212301.621762463735649, 541504.067250037798658 ], [ 212303.54249315962079, 541564.61707139632199 ], [ 212374.931575730501208, 541561.266494142590091 ], [ 212381.289324111450696, 541560.96811468352098 ], [ 212378.820759745605756, 541501.495218251482584 ], [ 212449.196001620526658, 541499.150559753878042 ], [ 212448.896925485576503, 541492.905252642696723 ], [ 212448.063536674133502, 541475.504506144323386 ] ] ] } },
{ "type": "Feature", "properties": { "area_name": "wirye_plan_area", "spatial_id": "31021680010106", "original_area_sqm": 12759.963648313498, "intersect_area_sqm": 12759.963648313498, "allocation_ratio": 1.0, "population_allocated": 456.0, "households_allocated": 173.0, "business_count_allocated": 7.0, "worker_count_allocated": 7.0 }, "geometry": { "type": "Polygon", "coordinates": [ [ [ 212224.413228130229982, 541641.520936276530847 ], [ 212228.84521487299935, 541641.860093132010661 ], [ 212236.471091412066016, 541642.444101835950278 ], [ 212238.433682420640253, 541642.349980041617528 ], [ 212285.727389493084047, 541640.083166626980528 ], [ 212305.905861954262946, 541639.115966704091989 ], [ 212303.54249315962079, 541564.61707139632199 ], [ 212234.866883051290642, 541567.840296859038062 ], [ 212129.925322645634878, 541572.765639811754227 ], [ 212132.555937330587767, 541627.680944023653865 ], [ 212132.705658294202294, 541644.344459783169441 ], [ 212133.23816829759744, 541644.345886536641046 ], [ 212148.294808834092692, 541644.388711647829041 ], [ 212156.65465328557184, 541644.412890490144491 ], [ 212163.336747214780189, 541644.431962442700751 ], [ 212173.581599720928352, 541643.957139968522824 ], [ 212177.188571054459317, 541643.78421585878823 ], [ 212208.051269304909511, 541642.304715474136174 ], [ 212213.99937858589692, 541642.019869331386872 ], [ 212224.413228130229982, 541641.520936276530847 ] ] ] } },
{ "type": "Feature", "properties": { "area_name": "wirye_plan_area", "spatial_id": "31021680010101", "original_area_sqm": 8900.1459675666501, "intersect_area_sqm": 8900.1459675666501, "allocation_ratio": 1.0, "population_allocated": 441.0, "households_allocated": 163.0, "business_count_allocated": 5.0, "worker_count_allocated": 5.0 }, "geometry": { "type": "Polygon", "coordinates": [ [ [ 212299.154496252245735, 541437.132455242797732 ], [ 212283.672799313062569, 541437.764148255228065 ], [ 212228.674639736331301, 541440.415940636885352 ], [ 212231.925327581469901, 541506.389301726361737 ], [ 212234.866883051290642, 541567.840296859038062 ], [ 212303.54249315962079, 541564.61707139632199 ], [ 212301.621762463735649, 541504.067250037798658 ], [ 212300.84423848442384, 541479.555035836994648 ], [ 212299.154496252245735, 541437.132455242797732 ] ] ] } },
{ "type": "Feature", "properties": { "area_name": "wirye_plan_area", "spatial_id": "31021680010104", "original_area_sqm": 9909.5550259761894, "intersect_area_sqm": 9909.5550259761894, "allocation_ratio": 1.0, "population_allocated": 380.0, "households_allocated": 140.0, "business_count_allocated": 5.0, "worker_count_allocated": 5.0 }, "geometry": { "type": "Polygon", "coordinates": [ [ [ 212371.127883241570089, 541299.906852703308687 ], [ 212344.907540186919505, 541301.162913937820122 ], [ 212338.391353425686248, 541301.474955726996996 ], [ 212308.512004219955998, 541302.906268763588741 ], [ 212295.831264191743685, 541303.513618776923977 ], [ 212293.392060662299627, 541303.630520231788978 ], [ 212278.407808049378218, 541304.348191598197445 ], [ 212277.25295027132961, 541304.40348274842836 ], [ 212277.925184658262879, 541317.883389204507694 ], [ 212279.675397912506014, 541354.400006972486153 ], [ 212282.708404950943077, 541417.678128116531298 ], [ 212364.441129602899309, 541414.408566228928976 ], [ 212363.208943365141749, 541379.528452993836254 ], [ 212362.198614619846921, 541350.928254161961377 ], [ 212372.231402982841246, 541350.506225854391232 ], [ 212371.127883241570089, 541299.906852703308687 ] ] ] } },
{ "type": "Feature", "properties": { "area_name": "wirye_plan_area", "spatial_id": "31021680010201", "original_area_sqm": 25518.404497990938, "intersect_area_sqm": 25518.404497990938, "allocation_ratio": 1.0, "population_allocated": 576.0, "households_allocated": 203.0, "business_count_allocated": 62.0, "worker_count_allocated": 97.0 }, "geometry": { "type": "Polygon", "coordinates": [ [ [ 212529.173959204490529, 540870.31558202940505 ], [ 212490.515630425710697, 540872.355469700647518 ], [ 212473.065499716496561, 540873.276244047563523 ], [ 212419.352785344381118, 540876.110464561381377 ], [ 212419.977706176287029, 540889.157344997860491 ], [ 212420.840634680644143, 540907.176595879485831 ], [ 212420.904851067898562, 540908.516478024306707 ], [ 212422.856889013492037, 540949.26837876951322 ], [ 212426.583267504611285, 541027.063648498151451 ], [ 212430.435742117260816, 541107.48794543731492 ], [ 212487.169338989711832, 541104.793024933314882 ], [ 212505.49265190368169, 541103.92260905681178 ], [ 212540.92468721899786, 541102.239556436194107 ], [ 212536.516989531024592, 541025.131639170926064 ], [ 212534.168895160546526, 540975.993944120709784 ], [ 212532.634469947806792, 540943.883442766265944 ], [ 212530.964268169715069, 540908.931470653857104 ], [ 212529.43947107787244, 540877.023300333647057 ], [ 212529.173959204490529, 540870.31558202940505 ] ] ] } },
{ "type": "Feature", "properties": { "area_name": "wirye_plan_area", "spatial_id": "31021680010301", "original_area_sqm": 13163.409460935447, "intersect_area_sqm": 13163.409460935445, "allocation_ratio": 0.99999999999999989, "population_allocated": 394.99999999999994, "households_allocated": 127.99999999999999, "business_count_allocated": 38.999999999999993, "worker_count_allocated": 87.999999999999986 }, "geometry": { "type": "Polygon", "coordinates": [ [ [ 212554.05050625957665, 541291.144664720050059 ], [ 212528.645594024914317, 541292.36163830733858 ], [ 212516.058314944733866, 541292.964580957661383 ], [ 212439.495450969814556, 541296.632051033200696 ], [ 212441.935591393586947, 541347.573856945382431 ], [ 212442.386973677843343, 541356.995757497381419 ], [ 212443.345104375766823, 541376.998912549926899 ], [ 212443.348528684233315, 541377.06985931575764 ], [ 212443.661387798405485, 541383.602357952971943 ], [ 212444.982728516770294, 541411.186702479957603 ], [ 212522.277967162051937, 541408.427895288448781 ], [ 212558.404892935737735, 541407.13839905988425 ], [ 212556.356017939688172, 541352.558892605477013 ], [ 212554.05050625957665, 541291.144664720050059 ] ] ] } },
{ "type": "Feature", "properties": { "area_name": "wirye_plan_area", "spatial_id": "31021680010402", "original_area_sqm": 16934.917336983974, "intersect_area_sqm": 16934.917336983981, "allocation_ratio": 1.0, "population_allocated": 322.0, "households_allocated": 111.0, "business_count_allocated": 41.0, "worker_count_allocated": 97.0 }, "geometry": { "type": "Polygon", "coordinates": [ [ [ 212592.142033982207067, 540726.062579824938439 ], [ 212607.023496715904912, 540727.46500982134603 ], [ 212637.967161801469047, 540708.794968445785344 ], [ 212627.806971143261762, 540693.471170417382382 ], [ 212627.391924108931562, 540692.845115306903608 ], [ 212594.119482907903148, 540642.66020187176764 ], [ 212522.611852720641764, 540690.069807737949304 ], [ 212521.191577908961335, 540691.011752140941098 ], [ 212511.059144066995941, 540697.729695902904496 ], [ 212507.004742344666738, 540700.417767179897055 ], [ 212480.768047745077638, 540717.813272153842263 ], [ 212470.932777034875471, 540724.334214867907576 ], [ 212478.652350764808943, 540735.423151316586882 ], [ 212520.050928957643919, 540797.864029775140807 ], [ 212521.311470043234294, 540799.893537181196734 ], [ 212522.451387300738133, 540801.993531296844594 ], [ 212523.45052792088245, 540804.153807378839701 ], [ 212524.331050745444372, 540806.383378708967939 ], [ 212525.070906978653511, 540808.653220236301422 ], [ 212525.67103624806623, 540810.973240086808801 ], [ 212526.120202347374288, 540813.3134707568679 ], [ 212526.440951870172285, 540815.683927438454702 ], [ 212526.610794958018232, 540818.06318850396201 ], [ 212528.730074011167744, 540862.043289762688801 ], [ 212529.173959204490529, 540870.31558202940505 ], [ 212549.030481831898214, 540869.428391981171444 ], [ 212567.719290781678865, 540850.194297536392696 ], [ 212569.369935756432824, 540850.103719564038329 ], [ 212572.670088702667272, 540849.873637228040025 ], [ 212575.960279286606237, 540849.503747557057068 ], [ 212579.229149958264316, 540849.004194880719297 ], [ 212582.470203381031752, 540848.373937214841135 ], [ 212585.689990007114829, 540847.604010645532981 ], [ 212588.869444231473608, 540846.704419358633459 ], [ 212592.009880844154395, 540845.674067435669713 ], [ 212595.09998244754388, 540844.514096918865107 ], [ 212598.149858499848051, 540843.224462244426832 ], [ 212601.139449441834586, 540841.814055620576255 ], [ 212604.069751988106873, 540840.28418748639524 ], [ 212606.929612350446405, 540838.624590194551274 ], [ 212609.71913131288602, 540836.85437981330324 ], [ 212575.289194543584017, 540780.965918623958714 ], [ 212555.680422387260478, 540749.956852592760697 ], [ 212592.142033982207067, 540726.062579824938439 ] ] ] } },
{ "type": "Feature", "properties": { "area_name": "wirye_plan_area", "spatial_id": "31021680010401", "original_area_sqm": 9040.8323919092345, "intersect_area_sqm": 9040.8323919092345, "allocation_ratio": 1.0, "population_allocated": 429.0, "households_allocated": 150.0, "business_count_allocated": 7.0, "worker_count_allocated": 16.0 }, "geometry": { "type": "Polygon", "coordinates": [ [ [ 212638.204853055765852, 540709.153575108502991 ], [ 212637.967161801469047, 540708.794968445785344 ], [ 212607.023496715904912, 540727.46500982134603 ], [ 212592.142033982207067, 540726.062579824938439 ], [ 212555.680422387260478, 540749.956852592760697 ], [ 212575.289194543584017, 540780.965918623958714 ], [ 212609.71913131288602, 540836.85437981330324 ], [ 212672.649559358251281, 540795.146270948112942 ], [ 212688.208954283269122, 540784.572064102510922 ], [ 212681.05987975365133, 540773.789475441211835 ], [ 212680.904065725801047, 540773.554552619927563 ], [ 212654.737614853627747, 540734.089268784038723 ], [ 212651.544481903663836, 540729.273082056781277 ], [ 212638.204853055765852, 540709.153575108502991 ] ] ] } },
{ "type": "Feature", "properties": { "area_name": "wirye_plan_area", "spatial_id": "31021680010501", "original_area_sqm": 13158.292273641629, "intersect_area_sqm": 13158.292273641631, "allocation_ratio": 1.0, "population_allocated": 407.0, "households_allocated": 143.0, "business_count_allocated": 32.0, "worker_count_allocated": 63.0 }, "geometry": { "type": "Polygon", "coordinates": [ [ [ 212470.932777034875471, 540724.334214867907576 ], [ 212415.499483140942175, 540761.087502496317029 ], [ 212413.893885194527684, 540762.152212023967877 ], [ 212416.588743974367389, 540818.411515179905109 ], [ 212419.352785344381118, 540876.110464561381377 ], [ 212473.065499716496561, 540873.276244047563523 ], [ 212490.515630425710697, 540872.355469700647518 ], [ 212529.173959204490529, 540870.31558202940505 ], [ 212528.730074011167744, 540862.043289762688801 ], [ 212526.610794958018232, 540818.06318850396201 ], [ 212526.440951870172285, 540815.683927438454702 ], [ 212526.120202347374288, 540813.3134707568679 ], [ 212525.67103624806623, 540810.973240086808801 ], [ 212525.070906978653511, 540808.653220236301422 ], [ 212524.331050745444372, 540806.383378708967939 ], [ 212523.45052792088245, 540804.153807378839701 ], [ 212522.451387300738133, 540801.993531296844594 ], [ 212521.311470043234294, 540799.893537181196734 ], [ 212520.050928957643919, 540797.864029775140807 ], [ 212478.652350764808943, 540735.423151316586882 ], [ 212470.932777034875471, 540724.334214867907576 ] ] ] } },
{ "type": "Feature", "properties": { "area_name": "wirye_plan_area", "spatial_id": "31021680010601", "original_area_sqm": 26101.169172074842, "intersect_area_sqm": 26101.169172074842, "allocation_ratio": 1.0, "population_allocated": 615.0, "households_allocated": 208.0, "business_count_allocated": 14.0, "worker_count_allocated": 41.0 }, "geometry": { "type": "Polygon", "coordinates": [ [ [ 212238.490704626921797, 541172.914242280996405 ], [ 212238.671279631234938, 541191.399455264327116 ], [ 212113.108210592559772, 541190.331589956302196 ], [ 212114.064104148215847, 541210.285908462712541 ], [ 212115.495501560973935, 541240.168453008751385 ], [ 212115.584933197620558, 541242.034880194114521 ], [ 212116.439980681345332, 541262.140324461623095 ], [ 212117.072863327921368, 541277.021784138283692 ], [ 212118.186364039836917, 541312.022705638548359 ], [ 212224.417007308657048, 541306.934308447409421 ], [ 212239.792717336938949, 541306.197909312322736 ], [ 212277.25295027132961, 541304.40348274842836 ], [ 212278.407808049378218, 541304.348191598197445 ], [ 212293.392060662299627, 541303.630520231788978 ], [ 212295.831264191743685, 541303.513618776923977 ], [ 212308.512004219955998, 541302.906268763588741 ], [ 212338.391353425686248, 541301.474955726996996 ], [ 212344.907540186919505, 541301.162913937820122 ], [ 212344.685547897039214, 541239.318482575356029 ], [ 212326.671623913309304, 541239.122205494204536 ], [ 212325.837502237845911, 541197.455671479459852 ], [ 212238.490704626921797, 541172.914242280996405 ] ] ] } },
{ "type": "Feature", "properties": { "area_name": "wirye_plan_area", "spatial_id": "31021680010603", "original_area_sqm": 19765.411672489558, "intersect_area_sqm": 19765.411672489554, "allocation_ratio": 0.99999999999999978, "population_allocated": 464.99999999999989, "households_allocated": 153.99999999999997, "business_count_allocated": 7.9999999999999982, "worker_count_allocated": 7.9999999999999982 }, "geometry": { "type": "Polygon", "coordinates": [ [ [ 212430.435742117260816, 541107.48794543731492 ], [ 212340.198590798740042, 541108.531807735795155 ], [ 212330.522793893876951, 541108.643806120031513 ], [ 212325.747972673969343, 541108.698987672454678 ], [ 212324.059430266235722, 541108.635504741570912 ], [ 212325.837502237845911, 541197.455671479459852 ], [ 212326.671623913309304, 541239.122205494204536 ], [ 212344.685547897039214, 541239.318482575356029 ], [ 212344.907540186919505, 541301.162913937820122 ], [ 212371.127883241570089, 541299.906852703308687 ], [ 212372.795079406816512, 541299.826968754874542 ], [ 212439.495450969814556, 541296.632051033200696 ], [ 212436.798291356215486, 541240.322114014416002 ], [ 212436.682754035078688, 541237.908425090601668 ], [ 212436.37195280866581, 541231.421560602728277 ], [ 212434.961264613026287, 541201.972590523771942 ], [ 212434.882728332828265, 541200.334011742845178 ], [ 212433.217736094782595, 541165.570745223201811 ], [ 212433.15001671545906, 541164.156114882556722 ], [ 212430.435742117260816, 541107.48794543731492 ] ] ] } },
{ "type": "Feature", "properties": { "area_name": "wirye_plan_area", "spatial_id": "31021680010602", "original_area_sqm": 25282.73329418528, "intersect_area_sqm": 25282.73329418528, "allocation_ratio": 1.0, "population_allocated": 409.0, "households_allocated": 138.0, "business_count_allocated": 9.0, "worker_count_allocated": 18.0 }, "geometry": { "type": "Polygon", "coordinates": [ [ [ 212324.059430266235722, 541108.635504741570912 ], [ 212319.347571852937108, 541108.458027845364995 ], [ 212308.908946021459997, 541108.064973307424225 ], [ 212294.397873324487591, 541106.070964585291222 ], [ 212285.409840944717871, 541104.036847945302725 ], [ 212272.041920148330973, 541098.520881321979687 ], [ 212246.299968972365605, 541086.718918310361914 ], [ 212237.604418846603949, 541082.185044472571462 ], [ 212221.574810165388044, 541073.826910860952921 ], [ 212219.157557045429712, 541072.540764195495285 ], [ 212206.61990215536207, 541065.870142633793876 ], [ 212196.443826652481221, 541060.455956737627275 ], [ 212171.831901105993893, 541047.755027794279158 ], [ 212156.060942666605115, 541039.462995664216578 ], [ 212141.770774044533027, 541035.431936089647934 ], [ 212105.710143812058959, 541035.882161373272538 ], [ 212108.88390593524673, 541102.142317280522548 ], [ 212110.541981719550677, 541136.757373125874437 ], [ 212111.326316235034028, 541153.129235651460476 ], [ 212113.108210592559772, 541190.331589956302196 ], [ 212238.671279631234938, 541191.399455264327116 ], [ 212238.490704626921797, 541172.914242280996405 ], [ 212325.837502237845911, 541197.455671479459852 ], [ 212324.059430266235722, 541108.635504741570912 ] ] ] } },
{ "type": "Feature", "properties": { "area_name": "wirye_plan_area", "spatial_id": "31021680010702", "original_area_sqm": 19767.150918683543, "intersect_area_sqm": 19767.150918683543, "allocation_ratio": 1.0, "population_allocated": 498.0, "households_allocated": 170.0, "business_count_allocated": 0.0, "worker_count_allocated": 0.0 }, "geometry": { "type": "Polygon", "coordinates": [ [ [ 212782.380219603772275, 541087.402087491122074 ], [ 212783.241955788689665, 541122.303856744896621 ], [ 212812.655016958742635, 541172.508623799309134 ], [ 212828.791824290034128, 541206.561814596992917 ], [ 212852.929131169832544, 541266.002620373852551 ], [ 212853.721882643294521, 541265.71431054524146 ], [ 212859.242463128321106, 541263.707796919043176 ], [ 212965.916032863577129, 541221.598081014351919 ], [ 212964.887751230970025, 541219.085707483463921 ], [ 212956.125668701250106, 541199.684467643965036 ], [ 212946.674675425485475, 541180.609404577990063 ], [ 212936.545843881904148, 541161.885390290524811 ], [ 212925.752056948578684, 541143.536295086028986 ], [ 212919.24846605717903, 541133.334761207341217 ], [ 212914.308291340887081, 541125.585511909797788 ], [ 212906.778418844594853, 541114.228666517417878 ], [ 212896.041218119702535, 541098.034040691098198 ], [ 212890.473632226348855, 541089.636802775086835 ], [ 212880.283875391469337, 541089.511981043149717 ], [ 212798.817946493101772, 541088.949841905152425 ], [ 212782.380219603772275, 541087.402087491122074 ] ] ] } },
{ "type": "Feature", "properties": { "area_name": "wirye_plan_area", "spatial_id": "31021680010701", "original_area_sqm": 30380.465246081476, "intersect_area_sqm": 30380.465246081483, "allocation_ratio": 1.0, "population_allocated": 645.0, "households_allocated": 233.0, "business_count_allocated": 8.0, "worker_count_allocated": 21.0 }, "geometry": { "type": "Polygon", "coordinates": [ [ [ 212774.476877675537253, 541086.657946144463494 ], [ 212725.011787719151471, 541095.743019999703392 ], [ 212659.27697470766725, 541107.816165350493975 ], [ 212646.794627314840909, 541108.834935470134951 ], [ 212651.774894439906348, 541177.360133294016123 ], [ 212654.063931736425729, 541221.999004990793765 ], [ 212654.346861803642241, 541227.517135072499514 ], [ 212657.355577445909148, 541286.196196246892214 ], [ 212667.731602263695095, 541285.69926002738066 ], [ 212743.358768186357338, 541282.076740545220673 ], [ 212747.557733145164093, 541281.875542509253137 ], [ 212764.790173867513658, 541281.050060048699379 ], [ 212782.602597667748341, 541280.196840563439764 ], [ 212795.687714674917515, 541279.211085168994032 ], [ 212808.700290486129234, 541277.511254529468715 ], [ 212821.599978542188182, 541275.10333962016739 ], [ 212834.349435611424269, 541271.993339729728177 ], [ 212846.908689041796606, 541268.19085416616872 ], [ 212852.929131169832544, 541266.002620373852551 ], [ 212828.791824290034128, 541206.561814596992917 ], [ 212812.655016958742635, 541172.508623799309134 ], [ 212783.241955788689665, 541122.303856744896621 ], [ 212782.380219603772275, 541087.402087491122074 ], [ 212774.476877675537253, 541086.657946144463494 ] ] ] } },
{ "type": "Feature", "properties": { "area_name": "wirye_plan_area", "spatial_id": "31021680010805", "original_area_sqm": 11975.19337459813, "intersect_area_sqm": 11975.19337459813, "allocation_ratio": 1.0, "population_allocated": 511.0, "households_allocated": 290.0, "business_count_allocated": 5.0, "worker_count_allocated": 10.0 }, "geometry": { "type": "Polygon", "coordinates": [ [ [ 212839.02718230325263, 541537.518633136176504 ], [ 212773.467365571530536, 541539.918069758685306 ], [ 212773.50933441077359, 541541.170598953031003 ], [ 212680.131308502575848, 541544.564795859507285 ], [ 212680.469301490607904, 541551.620338302105665 ], [ 212683.180157954018796, 541621.023553449776955 ], [ 212695.816671703010798, 541620.418674597865902 ], [ 212702.879617086902726, 541620.080820681992918 ], [ 212731.763221783359768, 541618.698054675711319 ], [ 212776.036851649871096, 541616.578569422243163 ], [ 212790.131025248789228, 541615.903898990130983 ], [ 212801.131862325564725, 541615.377368710935116 ], [ 212838.623430169624044, 541613.583119815448299 ], [ 212839.02718230325263, 541537.518633136176504 ] ] ] } },
{ "type": "Feature", "properties": { "area_name": "wirye_plan_area", "spatial_id": "31021680010803", "original_area_sqm": 14401.331579862437, "intersect_area_sqm": 14401.331579862439, "allocation_ratio": 1.0, "population_allocated": 610.0, "households_allocated": 349.0, "business_count_allocated": 0.0, "worker_count_allocated": 17.0 }, "geometry": { "type": "Polygon", "coordinates": [ [ [ 212909.604679385520285, 541393.468792692990974 ], [ 212859.531878536392469, 541396.082214290043339 ], [ 212857.261517600127263, 541342.707701318897307 ], [ 212767.036889434064506, 541348.074753707041964 ], [ 212769.032871474104468, 541407.623497880413197 ], [ 212770.658628390403464, 541456.125116425915621 ], [ 212771.064783159265062, 541468.242567496374249 ], [ 212875.246070769120706, 541464.285763490246609 ], [ 212910.19413535730564, 541462.958300885395147 ], [ 212909.604679385520285, 541393.468792692990974 ] ] ] } },
{ "type": "Feature", "properties": { "area_name": "wirye_plan_area", "spatial_id": "31021680010809", "original_area_sqm": 7954.2990724527426, "intersect_area_sqm": 7954.2990724527426, "allocation_ratio": 1.0, "population_allocated": 423.0, "households_allocated": 203.0, "business_count_allocated": 0.0, "worker_count_allocated": 0.0 }, "geometry": { "type": "Polygon", "coordinates": [ [ [ 212949.68478481846978, 541606.765892970026471 ], [ 212980.917538214911474, 541605.271447979961522 ], [ 212990.834465807536617, 541604.796687364694662 ], [ 213020.91577637984301, 541607.255128989811055 ], [ 213020.721151974401437, 541595.826476739021018 ], [ 213018.908282957447227, 541557.97895800601691 ], [ 213017.615235140809091, 541530.98238397971727 ], [ 212911.463416979910107, 541534.867591957445256 ], [ 212913.781915190251311, 541611.488056758069433 ], [ 212937.840847687271889, 541610.336677582236007 ], [ 212949.68478481846978, 541606.765892970026471 ] ] ] } },
{ "type": "Feature", "properties": { "area_name": "wirye_plan_area", "spatial_id": "31021680010806", "original_area_sqm": 12200.222210997857, "intersect_area_sqm": 12200.222210997857, "allocation_ratio": 1.0, "population_allocated": 518.0, "households_allocated": 328.0, "business_count_allocated": 0.0, "worker_count_allocated": 0.0 }, "geometry": { "type": "Polygon", "coordinates": [ [ [ 212857.261517600127263, 541342.707701318897307 ], [ 212854.655487398034893, 541281.44362208165694 ], [ 212853.721882643294521, 541265.71431054524146 ], [ 212852.929131169832544, 541266.002620373852551 ], [ 212846.908689041796606, 541268.19085416616872 ], [ 212834.349435611424269, 541271.993339729728177 ], [ 212821.599978542188182, 541275.10333962016739 ], [ 212808.700290486129234, 541277.511254529468715 ], [ 212795.687714674917515, 541279.211085168994032 ], [ 212782.602597667748341, 541280.196840563439764 ], [ 212764.790173867513658, 541281.050060048699379 ], [ 212747.557733145164093, 541281.875542509253137 ], [ 212743.358768186357338, 541282.076740545220673 ], [ 212667.731602263695095, 541285.69926002738066 ], [ 212670.677608439233154, 541347.201326391892508 ], [ 212766.844206102745375, 541342.328108630026691 ], [ 212767.036889434064506, 541348.074753707041964 ], [ 212857.261517600127263, 541342.707701318897307 ] ] ] } },
{ "type": "Feature", "properties": { "area_name": "wirye_plan_area", "spatial_id": "31021680010801", "original_area_sqm": 15604.095460131504, "intersect_area_sqm": 15604.095460131502, "allocation_ratio": 0.99999999999999989, "population_allocated": 534.99999999999989, "households_allocated": 317.99999999999994, "business_count_allocated": 0.0, "worker_count_allocated": 26.999999999999996 }, "geometry": { "type": "Polygon", "coordinates": [ [ [ 212875.246070769120706, 541464.285763490246609 ], [ 212771.064783159265062, 541468.242567496374249 ], [ 212770.658628390403464, 541456.125116425915621 ], [ 212676.102108468679944, 541460.446246042614803 ], [ 212680.131308502575848, 541544.564795859507285 ], [ 212773.50933441077359, 541541.170598953031003 ], [ 212773.467365571530536, 541539.918069758685306 ], [ 212839.02718230325263, 541537.518633136176504 ], [ 212882.065728189481888, 541535.943509998964146 ], [ 212875.246070769120706, 541464.285763490246609 ] ] ] } },
{ "type": "Feature", "properties": { "area_name": "wirye_plan_area", "spatial_id": "31021680010804", "original_area_sqm": 10846.773640150479, "intersect_area_sqm": 10846.773640150479, "allocation_ratio": 1.0, "population_allocated": 387.0, "households_allocated": 290.0, "business_count_allocated": 0.0, "worker_count_allocated": 18.0 }, "geometry": { "type": "Polygon", "coordinates": [ [ [ 212766.844206102745375, 541342.328108630026691 ], [ 212670.677608439233154, 541347.201326391892508 ], [ 212673.750048561603762, 541411.343134427792393 ], [ 212676.102108468679944, 541460.446246042614803 ], [ 212770.658628390403464, 541456.125116425915621 ], [ 212769.032871474104468, 541407.623497880413197 ], [ 212767.036889434064506, 541348.074753707041964 ], [ 212766.844206102745375, 541342.328108630026691 ] ] ] } },
{ "type": "Feature", "properties": { "area_name": "wirye_plan_area", "spatial_id": "31021680010807", "original_area_sqm": 5596.7542618109783, "intersect_area_sqm": 5596.7542618109783, "allocation_ratio": 1.0, "population_allocated": 412.0, "households_allocated": 192.0, "business_count_allocated": 0.0, "worker_count_allocated": 0.0 }, "geometry": { "type": "Polygon", "coordinates": [ [ [ 212892.372296038636705, 541611.011038413620554 ], [ 212912.503973783110268, 541611.549299185397103 ], [ 212912.827987428783672, 541611.533712499192916 ], [ 212913.781915190251311, 541611.488056758069433 ], [ 212911.463416979910107, 541534.867591957445256 ], [ 212882.065728699613828, 541535.943509055068716 ], [ 212839.027181113866391, 541537.518633777741343 ], [ 212838.623429799685255, 541613.583120344439521 ], [ 212847.326455602800706, 541613.16674104356207 ], [ 212892.372296038636705, 541611.011038413620554 ] ] ] } },
{ "type": "Feature", "properties": { "area_name": "wirye_plan_area", "spatial_id": "31021680010802", "original_area_sqm": 7146.8610457977666, "intersect_area_sqm": 7146.8610457977666, "allocation_ratio": 1.0, "population_allocated": 377.0, "households_allocated": 187.0, "business_count_allocated": 0.0, "worker_count_allocated": 0.0 }, "geometry": { "type": "Polygon", "coordinates": [ [ [ 213012.558097948844079, 541425.405072953552008 ], [ 213011.300128384551499, 541406.309779008384794 ], [ 213011.158663304406218, 541404.163160640164278 ], [ 213009.708275079610758, 541389.937013584654778 ], [ 212960.755216404300882, 541390.798969005933031 ], [ 212909.604678077623248, 541393.46879282547161 ], [ 212910.194133873970713, 541462.9582994740922 ], [ 213014.167809702892555, 541459.009297889075242 ], [ 213012.558097948844079, 541425.405072953552008 ] ] ] } },
{ "type": "Feature", "properties": { "area_name": "wirye_plan_area", "spatial_id": "31021680010808", "original_area_sqm": 9881.9183825816654, "intersect_area_sqm": 9881.9183825816672, "allocation_ratio": 1.0, "population_allocated": 389.0, "households_allocated": 190.0, "business_count_allocated": 0.0, "worker_count_allocated": 0.0 }, "geometry": { "type": "Polygon", "coordinates": [ [ [ 213017.615235140809091, 541530.98238397971727 ], [ 213017.165479233924998, 541521.593902385677211 ], [ 213016.416290833614767, 541505.951804073061794 ], [ 213014.167809702892555, 541459.009297889075242 ], [ 212910.194133873970713, 541462.9582994740922 ], [ 212875.246068231237587, 541464.285764307365753 ], [ 212882.065728699613828, 541535.943509055068716 ], [ 212911.463416979910107, 541534.867591957445256 ], [ 213017.615235140809091, 541530.98238397971727 ] ] ] } },
{ "type": "Feature", "properties": { "area_name": "wirye_plan_area", "spatial_id": "31021680010901", "original_area_sqm": 22525.394375737946, "intersect_area_sqm": 22525.394375737942, "allocation_ratio": 0.99999999999999989, "population_allocated": 340.99999999999994, "households_allocated": 118.99999999999999, "business_count_allocated": 35.999999999999993, "worker_count_allocated": 74.999999999999986 }, "geometry": { "type": "Polygon", "coordinates": [ [ [ 212544.961231091088848, 541102.047898431774229 ], [ 212540.92468721899786, 541102.239556436194107 ], [ 212505.49265190368169, 541103.92260905681178 ], [ 212487.169338989711832, 541104.793024933314882 ], [ 212430.435742117260816, 541107.48794543731492 ], [ 212433.15001671545906, 541164.156114882556722 ], [ 212433.217736094782595, 541165.570745223201811 ], [ 212434.882728332828265, 541200.334011742845178 ], [ 212434.961264613026287, 541201.972590523771942 ], [ 212436.37195280866581, 541231.421560602728277 ], [ 212436.682754035078688, 541237.908425090601668 ], [ 212436.798291356215486, 541240.322114014416002 ], [ 212439.495450969814556, 541296.632051033200696 ], [ 212516.058314944733866, 541292.964580957661383 ], [ 212528.645594024914317, 541292.36163830733858 ], [ 212554.05050625957665, 541291.144664720050059 ], [ 212558.025823887350271, 541290.95418608689215 ], [ 212555.487873613194097, 541236.048752748873085 ], [ 212553.171913850062992, 541185.948137977509759 ], [ 212550.069081948604435, 541103.162154348916374 ], [ 212544.961231091088848, 541102.047898431774229 ] ] ] } },
{ "type": "Feature", "properties": { "area_name": "wirye_plan_area", "spatial_id": "31021680020205", "original_area_sqm": 14423.38201427827, "intersect_area_sqm": 14423.38201427827, "allocation_ratio": 1.0, "population_allocated": 710.0, "households_allocated": 232.0, "business_count_allocated": 9.0, "worker_count_allocated": 43.0 }, "geometry": { "type": "Polygon", "coordinates": [ [ [ 211850.693349945970112, 541396.119729657657444 ], [ 211745.246449739701347, 541397.235571788158268 ], [ 211745.21182561837486, 541397.387850347789936 ], [ 211743.675866502075223, 541404.14121975353919 ], [ 211738.183710676123155, 541422.502868707873859 ], [ 211735.511464808194432, 541431.541827320121229 ], [ 211734.747438438178506, 541434.126815053750761 ], [ 211731.61418827297166, 541448.633527857600711 ], [ 211729.953105971246259, 541460.601033095503226 ], [ 211729.57395414088387, 541463.333420722512528 ], [ 211729.436802375334082, 541468.664742857567035 ], [ 211728.811590964760398, 541492.983220116235316 ], [ 211729.951079119229689, 541516.191715459921397 ], [ 211730.638717682391871, 541530.198904817691073 ], [ 211821.186124621541239, 541525.557984893210232 ], [ 211836.453329214942642, 541524.775493669207208 ], [ 211834.248279132531025, 541458.743588216020726 ], [ 211853.665237080567749, 541458.397692987695336 ], [ 211853.196066288190195, 541448.407680306350812 ], [ 211852.038268972421065, 541424.218888629227877 ], [ 211851.735340551531408, 541417.889031736645848 ], [ 211850.693349945970112, 541396.119729657657444 ] ] ] } },
{ "type": "Feature", "properties": { "area_name": "wirye_plan_area", "spatial_id": "31021680020206", "original_area_sqm": 6894.4952373008173, "intersect_area_sqm": 6894.4952373008164, "allocation_ratio": 0.99999999999999989, "population_allocated": 350.99999999999994, "households_allocated": 117.99999999999999, "business_count_allocated": 4.9999999999999991, "worker_count_allocated": 4.9999999999999991 }, "geometry": { "type": "Polygon", "coordinates": [ [ [ 211850.347371266834671, 541388.891380563378334 ], [ 211850.023098903242499, 541382.115729660377838 ], [ 211847.937321088713361, 541338.538502776762471 ], [ 211847.261198870808585, 541324.999559681513347 ], [ 211750.20482776479912, 541329.64846175047569 ], [ 211751.348717411339749, 541353.479731633095071 ], [ 211750.677639486646513, 541360.999599285656586 ], [ 211749.883375490520848, 541371.861559391021729 ], [ 211747.323038870992605, 541388.105314746266231 ], [ 211745.246448186429916, 541397.235571951721795 ], [ 211850.693349863518961, 541396.11972906650044 ], [ 211850.347371266834671, 541388.891380563378334 ] ] ] } },
{ "type": "Feature", "properties": { "area_name": "wirye_plan_area", "spatial_id": "31021680020201", "original_area_sqm": 12274.742693622195, "intersect_area_sqm": 12274.742693622195, "allocation_ratio": 1.0, "population_allocated": 647.0, "households_allocated": 392.0, "business_count_allocated": 7.0, "worker_count_allocated": 7.0 }, "geometry": { "type": "Polygon", "coordinates": [ [ [ 212129.835621636506403, 541570.894009600044228 ], [ 212029.573824041552143, 541577.144721437245607 ], [ 211961.525180728523992, 541581.387182154576294 ], [ 211965.326913636468817, 541656.755636838497594 ], [ 211966.557024084409932, 541656.545680613140576 ], [ 211966.949147672159597, 541655.591578075895086 ], [ 211982.95979630225338, 541653.74590602144599 ], [ 211983.192270327475853, 541653.730734327808022 ], [ 211988.921862047689501, 541653.357191334129311 ], [ 212019.206546592205996, 541651.382526769768447 ], [ 212031.804611212428426, 541650.725723272422329 ], [ 212033.043825246888446, 541650.666373486164957 ], [ 212044.771436992101371, 541650.104491067584604 ], [ 212053.275424343766645, 541649.697258030995727 ], [ 212065.117358303774381, 541646.125365611747839 ], [ 212098.791107364319032, 541644.510030134348199 ], [ 212104.533133005053969, 541644.263007838395424 ], [ 212121.111059773887973, 541644.311307406518608 ], [ 212132.705658294202294, 541644.344459783169441 ], [ 212132.555937330587767, 541627.680944023653865 ], [ 212129.925322645634878, 541572.765639811754227 ], [ 212129.835621636506403, 541570.894009600044228 ] ] ] } },
{ "type": "Feature", "properties": { "area_name": "wirye_plan_area", "spatial_id": "31021680020207", "original_area_sqm": 28371.663719742082, "intersect_area_sqm": 28371.663719742097, "allocation_ratio": 1.0, "population_allocated": 663.0, "households_allocated": 438.0, "business_count_allocated": 11.0, "worker_count_allocated": 54.0 }, "geometry": { "type": "Polygon", "coordinates": [ [ [ 212123.842971181264147, 541445.785160253406502 ], [ 212076.594298546522623, 541447.711684305919334 ], [ 211996.756903800356667, 541451.538728367071599 ], [ 211981.289035725407302, 541452.28013856196776 ], [ 211987.033871450606966, 541517.05753457301762 ], [ 211916.341047831112519, 541520.680816612672061 ], [ 211836.453329214942642, 541524.775493669207208 ], [ 211821.186124621541239, 541525.557984893210232 ], [ 211823.947120810567867, 541589.964385255472735 ], [ 211890.867927291139495, 541585.792266345350072 ], [ 211919.721399887523148, 541583.993371104239486 ], [ 211961.525180728523992, 541581.387182154576294 ], [ 212029.573824041552143, 541577.144721437245607 ], [ 212129.835621636506403, 541570.894009600044228 ], [ 212126.913510190002853, 541509.888002430088818 ], [ 212126.530299609148642, 541501.890644272323698 ], [ 212123.842971181264147, 541445.785160253406502 ] ] ] } },
{ "type": "Feature", "properties": { "area_name": "wirye_plan_area", "spatial_id": "31021680020202", "original_area_sqm": 11693.916833146093, "intersect_area_sqm": 11693.916833146093, "allocation_ratio": 1.0, "population_allocated": 577.0, "households_allocated": 387.0, "business_count_allocated": 6.0, "worker_count_allocated": 6.0 }, "geometry": { "type": "Polygon", "coordinates": [ [ [ 211961.525180728523992, 541581.387182154576294 ], [ 211919.721399887523148, 541583.993371104239486 ], [ 211890.867927291139495, 541585.792266345350072 ], [ 211823.947120810567867, 541589.964385255472735 ], [ 211828.010422669467516, 541684.747037511435337 ], [ 211859.465686350071337, 541677.890515394159593 ], [ 211883.057381731370697, 541672.748152474872768 ], [ 211884.884372893342515, 541672.380301192170009 ], [ 211896.198115440638503, 541670.103529787738807 ], [ 211929.05234541289974, 541663.491930115851574 ], [ 211946.869952359178569, 541659.906451777904294 ], [ 211965.326913636468817, 541656.755636838497594 ], [ 211961.525180728523992, 541581.387182154576294 ] ] ] } },
{ "type": "Feature", "properties": { "area_name": "wirye_plan_area", "spatial_id": "31021680020203", "original_area_sqm": 9723.7651980801584, "intersect_area_sqm": 9723.7651980801566, "allocation_ratio": 0.99999999999999978, "population_allocated": 660.99999999999989, "households_allocated": 380.99999999999994, "business_count_allocated": 4.9999999999999991, "worker_count_allocated": 9.9999999999999982 }, "geometry": { "type": "Polygon", "coordinates": [ [ [ 211981.289035725407302, 541452.28013856196776 ], [ 211961.122877006651834, 541453.246804591966793 ], [ 211924.250534000660991, 541455.014330889796838 ], [ 211912.560850510490127, 541455.574619633611292 ], [ 211853.665237080567749, 541458.397692987695336 ], [ 211834.248279132531025, 541458.743588216020726 ], [ 211836.453329214942642, 541524.775493669207208 ], [ 211916.341047831112519, 541520.680816612672061 ], [ 211987.033871450606966, 541517.05753457301762 ], [ 211981.289035725407302, 541452.28013856196776 ] ] ] } },
{ "type": "Feature", "properties": { "area_name": "wirye_plan_area", "spatial_id": "31021680020204", "original_area_sqm": 14563.212622032368, "intersect_area_sqm": 14563.212622032368, "allocation_ratio": 1.0, "population_allocated": 677.0, "households_allocated": 231.0, "business_count_allocated": 8.0, "worker_count_allocated": 9.0 }, "geometry": { "type": "Polygon", "coordinates": [ [ [ 211775.401863753126236, 541691.146304776659235 ], [ 211776.07790170997032, 541692.999340672977269 ], [ 211801.795521137217293, 541687.392473248997703 ], [ 211810.645726176531753, 541685.462966357823461 ], [ 211815.560617478797212, 541685.611608670908026 ], [ 211823.009622380865039, 541685.837135378620587 ], [ 211828.010422669467516, 541684.747037511435337 ], [ 211823.947120810567867, 541589.964385255472735 ], [ 211821.186124621541239, 541525.557984893210232 ], [ 211730.638717682391871, 541530.198904817691073 ], [ 211733.84881492232671, 541595.581475629820488 ], [ 211734.118850197584834, 541601.0782258202089 ], [ 211736.935877168609295, 541658.453883742447942 ], [ 211739.29664376785513, 541667.382011768291704 ], [ 211740.418475168029545, 541668.478907361277379 ], [ 211740.801542629895266, 541673.921830617706291 ], [ 211741.00230128140538, 541678.014846272533759 ], [ 211741.511291641189018, 541688.380823367391713 ], [ 211751.832100648607593, 541696.284783632378094 ], [ 211775.401863753126236, 541691.146304776659235 ] ] ] } },
{ "type": "Feature", "properties": { "area_name": "wirye_plan_area", "spatial_id": "31021680030003", "original_area_sqm": 113301.74963427434, "intersect_area_sqm": 113301.74963427434, "allocation_ratio": 1.0, "population_allocated": 347.0, "households_allocated": 127.0, "business_count_allocated": 463.0, "worker_count_allocated": 1683.0 }, "geometry": { "type": "Polygon", "coordinates": [ [ [ 213293.84523550135782, 541594.799587350455113 ], [ 213310.35844568524044, 541595.340844861231744 ], [ 213309.334289960796013, 541572.982264393591322 ], [ 213308.565580061287619, 541556.193794410908595 ], [ 213308.865695304732071, 541556.100649632629938 ], [ 213307.467407042480772, 541528.594603247125633 ], [ 213306.451541503047338, 541508.613230143906549 ], [ 213304.290740303898929, 541466.10877007257659 ], [ 213302.245506575913168, 541425.880342164309695 ], [ 213301.408178773592226, 541409.409435367793776 ], [ 213300.673383480927441, 541394.956589778303169 ], [ 213296.094315568334423, 541304.888956830487587 ], [ 213295.962801707879407, 541302.30021380702965 ], [ 213295.86660370224854, 541300.407939055701718 ], [ 213363.236506238637958, 541297.213770986068994 ], [ 213411.795316041738261, 541294.8844225195935 ], [ 213409.136433799809311, 541239.503902968368493 ], [ 213409.24702619414893, 541239.494987657410093 ], [ 213408.32170118598151, 541219.982483589439653 ], [ 213406.401053458277602, 541179.481504650553688 ], [ 213406.39880032785004, 541179.435071930405684 ], [ 213406.223636039212579, 541176.663722524186596 ], [ 213406.04730563017074, 541176.674689261941239 ], [ 213405.284022020961856, 541163.102448970545083 ], [ 213401.834562234900659, 541163.170970969251357 ], [ 213370.589378273551119, 541164.667364828870632 ], [ 213363.546538870665245, 541165.004627090296708 ], [ 213290.477210447570542, 541168.50438409904018 ], [ 213290.438584378629457, 541168.506178747513331 ], [ 213289.163846202543937, 541168.567138136830181 ], [ 213286.167312005825806, 541109.626696863095276 ], [ 213285.185590269567911, 541090.316477494547144 ], [ 213255.010412007541163, 541090.613068492617458 ], [ 213136.40980386963929, 541096.293892600224353 ], [ 213096.788014906604076, 541098.191700295079499 ], [ 213100.608999638643581, 541177.970330107840709 ], [ 213087.752882259141188, 541179.650687143206596 ], [ 213074.852488116215682, 541182.059401784674264 ], [ 213062.103634189523291, 541185.168800187646411 ], [ 213049.543775199155789, 541188.971288401633501 ], [ 213037.210602405306417, 541193.454251572140492 ], [ 212965.916032863577129, 541221.598081014351919 ], [ 212972.948651726183016, 541238.788348763948306 ], [ 212980.298593596962746, 541258.767827838193625 ], [ 212986.927717580256285, 541278.997184018255211 ], [ 212992.827753325778758, 541299.451357904123142 ], [ 212997.991038660373306, 541320.104308731737547 ], [ 213002.41071483536507, 541340.928179653477855 ], [ 213006.082315520790871, 541361.897339945426211 ], [ 213008.999388131778687, 541382.984343247138895 ], [ 213009.708275646611582, 541389.937013714923523 ], [ 213011.158662944246316, 541404.163160657160915 ], [ 213011.30012953619007, 541406.309779491275549 ], [ 213102.648142746387748, 541402.562049036845565 ], [ 213164.331714906758862, 541400.031377770123072 ], [ 213222.384228799957782, 541397.649701666086912 ], [ 213223.079740746237803, 541418.955408736714162 ], [ 213220.925708866532659, 541425.825856514391489 ], [ 213221.635412784060463, 541439.841489814803936 ], [ 213223.833151704253396, 541483.246003997279331 ], [ 213227.614626868831692, 541557.929477186640725 ], [ 213229.63725803833222, 541597.872667017392814 ], [ 213236.910745825211052, 541597.524726056260988 ], [ 213253.881624970817938, 541596.711865877616219 ], [ 213256.881597993255127, 541596.568927498883568 ], [ 213263.022539653611602, 541596.275002896087244 ], [ 213293.84523550135782, 541594.799587350455113 ] ] ] } },
{ "type": "Feature", "properties": { "area_name": "wirye_plan_area", "spatial_id": "31021680030002", "original_area_sqm": 756540.74290024384, "intersect_area_sqm": 543119.216132286, "allocation_ratio": 0.7178981716836641, "population_allocated": 276.39079609821067, "households_allocated": 101.22364220739664, "business_count_allocated": 20.819046978826258, "worker_count_allocated": 330.23315897448549 }, "geometry": { "type": "Polygon", "coordinates": [ [ [ 214028.555314568802714, 541291.295933176297694 ], [ 214075.591722669138107, 541303.83753202680964 ], [ 214127.133225546131143, 541311.881315530976281 ], [ 214135.000128380022943, 541313.12246956222225 ], [ 214170.287867404753342, 541318.600059557473287 ], [ 214196.687669239152456, 541308.179534951108508 ], [ 214220.477644187427359, 541301.164940620190464 ], [ 214246.575378586770967, 541302.285391022334807 ], [ 214265.662305666715838, 541299.159714937093668 ], [ 214276.582212137436727, 541299.069828549167141 ], [ 214300.751974353741389, 541296.797274067183025 ], [ 214307.185092631872976, 541296.192469882545993 ], [ 214370.131185013509821, 541316.871303844731301 ], [ 214389.342380854242947, 541310.337170398794115 ], [ 214301.709064953378402, 541116.614479964948259 ], [ 214321.280060528835747, 541084.425601219758391 ], [ 214165.51267020002706, 541082.613091244595125 ], [ 214191.613833584618988, 540913.304818024742417 ], [ 213930.991861677612178, 540540.243610783480108 ], [ 213565.345619997155154, 540580.897255497053266 ], [ 213564.657255310186883, 540580.644926416454837 ], [ 213555.696213680697838, 540594.333926324383356 ], [ 213551.388258853898151, 540608.075029620318674 ], [ 213549.175221200945089, 540626.062270423164591 ], [ 213555.353389186988352, 540658.916750097647309 ], [ 213563.914352857158519, 540681.55113750230521 ], [ 213565.344828138157027, 540681.720997576601803 ], [ 213566.715030192572158, 540682.05180063820444 ], [ 213568.044895380618982, 540682.611783883301541 ], [ 213569.28432641774998, 540683.341556343599223 ], [ 213570.373955352377379, 540684.191981688840315 ], [ 213571.34392248102813, 540685.251558284508064 ], [ 213572.184337005543057, 540686.482013962930068 ], [ 213608.293859948520549, 540747.314547331770882 ], [ 213614.732807764579775, 540758.161905205575749 ], [ 213616.378802512947004, 540763.659364643739536 ], [ 213605.960463605792029, 540784.487612725934014 ], [ 213595.95557935355464, 540804.489220798946917 ], [ 213571.972209000523435, 540846.035874950815924 ], [ 213546.932049342780374, 540863.453551164828241 ], [ 213544.027352676814189, 540865.474054511869326 ], [ 213482.357819197728531, 540875.947050745366141 ], [ 213411.980117931379937, 540887.899031851324253 ], [ 213411.322596341196913, 540881.916922251111828 ], [ 213407.343295528233284, 540858.547251082374714 ], [ 213392.114466692524729, 540835.568643825827166 ], [ 213376.373729796905536, 540811.817408478586003 ], [ 213326.343679079116555, 540845.006458175717853 ], [ 213311.121952032059198, 540822.047498709056526 ], [ 213297.11826778127579, 540800.925645258044824 ], [ 213280.225735022511799, 540775.446502439677715 ], [ 213277.020810897694901, 540770.382449749391526 ], [ 213239.443017552432138, 540795.295126944896765 ], [ 213223.848934634937905, 540770.018754756660201 ], [ 213223.807395598705625, 540767.836755174561404 ], [ 213257.885552118852502, 540745.811475453199819 ], [ 213185.15291357570095, 540635.756533971405588 ], [ 213180.731426160346018, 540629.06606853986159 ], [ 213148.192214597249404, 540648.921236687572673 ], [ 213144.714374095434323, 540651.509629821404815 ], [ 213128.086194134695688, 540626.492883800645359 ], [ 213057.944267917686375, 540671.45387313014362 ], [ 213017.577146549010649, 540609.922708790400065 ], [ 212974.444966798560927, 540635.24197506532073 ], [ 212921.763797830470139, 540670.272394476574846 ], [ 212928.146738603507401, 540679.627243425231427 ], [ 212962.112301684741396, 540732.671509574283846 ], [ 212963.99694341653958, 540735.614797809859738 ], [ 212981.481914533593226, 540762.920914212823845 ], [ 212990.169237598543987, 540776.487795504857786 ], [ 213003.276097766298335, 540767.750212889513932 ], [ 213057.772098593704868, 540731.42089834890794 ], [ 213078.108455329231219, 540717.863831739639863 ], [ 213085.867207622039132, 540714.016845955513418 ], [ 213120.090236678690417, 540766.18273136310745 ], [ 213123.55054793015006, 540771.457223052857444 ], [ 213131.745473550312454, 540783.948758973972872 ], [ 213146.615413163090125, 540806.615227738395333 ], [ 213148.550540591444587, 540809.564890701905824 ], [ 213161.105370608303929, 540828.702046333812177 ], [ 213169.577864959166618, 540841.616526162950322 ], [ 213178.040636905934662, 540854.51634986512363 ], [ 213171.142200485541252, 540859.331090418738313 ], [ 213147.367587321059546, 540874.821795507334173 ], [ 213096.743087636306882, 540907.80659620417282 ], [ 213077.255432520469185, 540920.503919559647329 ], [ 213135.029861392860767, 541005.894219772191718 ], [ 213133.782286951725837, 541058.182642885367386 ], [ 213123.970825258060358, 541058.746905650245026 ], [ 213090.548887995391851, 541060.296973824501038 ], [ 213059.634761266323039, 541064.8249554221984 ], [ 213009.571769968082663, 541077.366956031881273 ], [ 212963.967426078510471, 541087.470135721610859 ], [ 212956.023778020316968, 541089.229992783511989 ], [ 212937.831788249342935, 541090.216853170888498 ], [ 212890.473632226348855, 541089.636802775086835 ], [ 212896.041218119702535, 541098.034040691098198 ], [ 212906.778418844594853, 541114.228666517417878 ], [ 212914.308291340887081, 541125.585511909797788 ], [ 212919.24846605717903, 541133.334761207341217 ], [ 212925.752056948578684, 541143.536295086028986 ], [ 212936.545843881904148, 541161.885390290524811 ], [ 212946.674675425485475, 541180.609404577990063 ], [ 212956.125668701250106, 541199.684467643965036 ], [ 212964.887751230970025, 541219.085707483463921 ], [ 212965.916032863577129, 541221.598081014351919 ], [ 213037.210602405306417, 541193.454251572140492 ], [ 213049.543775199155789, 541188.971288401633501 ], [ 213062.103634189523291, 541185.168800187646411 ], [ 213074.852488116215682, 541182.059401784674264 ], [ 213087.752882259141188, 541179.650687143206596 ], [ 213100.608999638643581, 541177.970330107840709 ], [ 213096.788014906604076, 541098.191700295079499 ], [ 213136.40980386963929, 541096.293892600224353 ], [ 213255.010412007541163, 541090.613068492617458 ], [ 213285.185590269567911, 541090.316477494547144 ], [ 213284.098700854374329, 541068.937262987252325 ], [ 213295.892840852029622, 541068.547292153351009 ], [ 213342.725372083834372, 541062.406131213996559 ], [ 213363.823756007768679, 541055.764405912254006 ], [ 213368.980957268708153, 541054.140916488249786 ], [ 213425.642033415060723, 541036.304178138496354 ], [ 213445.270738010498462, 541034.690286991535686 ], [ 213448.118336414336227, 541034.456100533134304 ], [ 213518.567083111964166, 541028.663799447240308 ], [ 213553.01295076761744, 541025.831641321768984 ], [ 213620.133409212488914, 541020.312990372302011 ], [ 213654.46068101428682, 541017.490605070022866 ], [ 213659.036132076056674, 541017.114334414945915 ], [ 213682.068286715482827, 541020.953408250818029 ], [ 213716.023394726129482, 541047.663711906061508 ], [ 213724.059999603166943, 541053.985618074075319 ], [ 213792.40727176296059, 541107.749987922026776 ], [ 213793.664035567053361, 541108.738655483815819 ], [ 213849.951067304384196, 541153.01608834147919 ], [ 213861.145470234099776, 541161.82206115743611 ], [ 213865.556645826494787, 541165.292077639955096 ], [ 213866.324106430809479, 541190.627813676837832 ], [ 213794.922921996359946, 541251.278169901343063 ], [ 213791.083890578302089, 541275.845845652627759 ], [ 213824.096345508150989, 541317.30483323673252 ], [ 213826.148791333776899, 541338.519718955038115 ], [ 213826.661357732664328, 541338.452309104031883 ], [ 213867.356986006343504, 541329.965040525887161 ], [ 213867.053022970270831, 541324.790131228743121 ], [ 213880.623084030870814, 541322.159279074519873 ], [ 213903.433973425126169, 541317.231638182420284 ], [ 213912.586947080824757, 541315.259912433801219 ], [ 213925.963802457787097, 541312.502086783759296 ], [ 214028.555314568802714, 541291.295933176297694 ] ] ] } },
{ "type": "Feature", "properties": { "area_name": "wirye_plan_area", "spatial_id": "31021680030005", "original_area_sqm": 3422.3262938443013, "intersect_area_sqm": 3422.3262938443017, "allocation_ratio": 1.0, "population_allocated": 0.0, "households_allocated": 0.0, "business_count_allocated": 0.0, "worker_count_allocated": 7.0 }, "geometry": { "type": "Polygon", "coordinates": [ [ [ 213670.166764862980926, 541381.455417237826623 ], [ 213672.12481484079035, 541381.105466846143827 ], [ 213691.908608287922107, 541376.529805952566676 ], [ 213699.797687266138382, 541374.70493403065484 ], [ 213701.625685122533469, 541374.354893394513056 ], [ 213703.47566391545115, 541374.14202495443169 ], [ 213704.784564447996672, 541374.091050589922816 ], [ 213707.196497431170428, 541374.136969206971116 ], [ 213709.04654643923277, 541374.344271278940141 ], [ 213712.476556660840288, 541374.717125174240209 ], [ 213715.925470123213017, 541374.808165274909697 ], [ 213716.397404021437978, 541374.781258912058547 ], [ 213718.564518672559643, 541374.661211081431247 ], [ 213719.370484076353023, 541374.616170065943152 ], [ 213722.787487841735128, 541374.141311661223881 ], [ 213724.652455383649794, 541373.724440148565918 ], [ 213726.154346534021897, 541373.388474566978402 ], [ 213726.793464027781738, 541373.188985550543293 ], [ 213718.702364491153276, 541359.758107663248666 ], [ 213700.873149364517303, 541324.878265295759775 ], [ 213655.163019202416763, 541327.23784143012017 ], [ 213641.877845135721145, 541329.969244111678563 ], [ 213644.475490506301867, 541338.355724973604083 ], [ 213647.729882900166558, 541351.418884635902941 ], [ 213650.247822760400595, 541364.643001243355684 ], [ 213652.019418714306084, 541377.988006054423749 ], [ 213666.202814791176934, 541381.765406207996421 ], [ 213668.190797260904219, 541381.675419925595634 ], [ 213670.166764862980926, 541381.455417237826623 ] ] ] } },
{ "type": "Feature", "properties": { "area_name": "wirye_plan_area", "spatial_id": "31021680030004", "original_area_sqm": 471533.89648059051, "intersect_area_sqm": 289461.51033594983, "allocation_ratio": 0.61387211501955041, "population_allocated": 206.26103064656894, "households_allocated": 1.2277442300391008, "business_count_allocated": 7.3664653802346045, "worker_count_allocated": 191.52809988609974 }, "geometry": { "type": "Polygon", "coordinates": [ [ [ 213370.915872368321288, 540715.33791623217985 ], [ 213375.645457204722334, 540715.58831450890284 ], [ 213380.435409775353037, 540716.018705696798861 ], [ 213386.617467910982668, 540716.592539544217288 ], [ 213398.425026473909384, 540717.688637737534009 ], [ 213410.525059909181437, 540719.038889360846952 ], [ 213422.28530062752543, 540720.22927236079704 ], [ 213428.435298052383587, 540720.868667012546211 ], [ 213440.379313289857237, 540721.323727610870264 ], [ 213457.290539607376559, 540721.968124923296273 ], [ 213487.764208242966561, 540723.129395456518978 ], [ 213489.164434732781956, 540723.080203020712361 ], [ 213490.603944940201472, 540722.829843679093756 ], [ 213491.98419349474716, 540722.379484905744903 ], [ 213493.264897906687111, 540721.760427390807308 ], [ 213522.96312860949547, 540704.09956735605374 ], [ 213533.71922291177907, 540697.703151738969609 ], [ 213558.475061075005215, 540682.981453547021374 ], [ 213559.744677651528036, 540682.321022437186912 ], [ 213561.084658833948197, 540681.86174878408201 ], [ 213562.474954596895259, 540681.591314180986956 ], [ 213563.914352857158519, 540681.55113750230521 ], [ 213555.353389186988352, 540658.916750097647309 ], [ 213549.175221200945089, 540626.062270423164591 ], [ 213551.388258853898151, 540608.075029620318674 ], [ 213555.696213680697838, 540594.333926324383356 ], [ 213564.657255310186883, 540580.644926416454837 ], [ 213480.855427367932862, 540549.926270162453875 ], [ 213376.487250920472434, 540475.225149111589417 ], [ 213069.966319673170801, 540080.703393906238489 ], [ 212987.231465494958684, 540031.393326640245505 ], [ 212986.000838659179863, 540033.696086785406806 ], [ 212984.90884795281454, 540032.140962504083291 ], [ 212982.270481056417339, 540028.436574267805554 ], [ 212981.927856304158922, 540028.232369525474496 ], [ 212980.735659103520447, 540029.056575469090603 ], [ 212888.706057857489213, 540093.400510187610053 ], [ 212924.148610776755959, 540142.135043481364846 ], [ 212943.049433828971814, 540168.110520859016106 ], [ 212954.80864039802691, 540184.271341608371586 ], [ 212983.738586005580146, 540224.029704365995713 ], [ 212996.105806257924996, 540241.026090932427905 ], [ 213002.11572311638156, 540254.806043654331006 ], [ 213002.556134366925107, 540256.006367618800141 ], [ 213002.825412808306282, 540257.25580268073827 ], [ 213002.946125119779026, 540258.525354533805512 ], [ 213002.905912811431335, 540259.805958881508559 ], [ 213002.695745119533967, 540261.065553357242607 ], [ 212997.755685301119229, 540282.375652879360132 ], [ 212997.444999463128624, 540284.215148580144159 ], [ 212997.375642984145088, 540286.085936146439053 ], [ 212997.525435948948143, 540287.945583382621408 ], [ 212997.85398970724782, 540289.48735173267778 ], [ 212997.915289694588864, 540289.774990339414217 ], [ 212998.525596863910323, 540291.535241785575636 ], [ 212999.3548126804817, 540293.216121081612073 ], [ 213000.375151355779963, 540294.775162459467538 ], [ 213001.595509685663274, 540296.195614063646644 ], [ 213002.965581976692192, 540297.455192982801236 ], [ 213016.935183994559338, 540308.696053119027056 ], [ 213018.034766400989611, 540309.725305908010341 ], [ 213018.964630171249155, 540310.915420608012937 ], [ 213019.714582059474196, 540312.22542921139393 ], [ 213026.01407894177828, 540325.616262831958011 ], [ 213026.58396503169206, 540327.07587777893059 ], [ 213026.944939779961715, 540328.615814756369218 ], [ 213027.084717612422537, 540330.175887509947643 ], [ 213026.994150418584468, 540331.746140522300266 ], [ 213026.694457227829844, 540333.286173224099912 ], [ 213026.174944062979193, 540334.776019524666481 ], [ 213025.454077788832365, 540336.166055658832192 ], [ 213024.544320922024781, 540337.445746265701018 ], [ 213023.464636005257489, 540338.585681011900306 ], [ 213022.224132587201893, 540339.565693630371243 ], [ 213020.874194940406596, 540340.355851330095902 ], [ 213019.414621904317755, 540340.95594696898479 ], [ 213017.894592548720539, 540341.335936829214916 ], [ 213016.334460263169603, 540341.505626008380204 ], [ 213014.76429039661889, 540341.455477034556679 ], [ 213013.574024697183631, 540341.415144979720935 ], [ 213012.393900633964222, 540341.575047607417218 ], [ 213011.253985093266238, 540341.924639961798675 ], [ 213010.184385827276856, 540342.44567612465471 ], [ 213009.214389781525824, 540343.125004329252988 ], [ 213005.894041524559725, 540345.915716372197494 ], [ 213002.423941557790386, 540348.535062868962996 ], [ 212998.844150969787734, 540350.974753880873322 ], [ 212995.133861975977197, 540353.234381295973435 ], [ 212991.32393330972991, 540355.305201807641424 ], [ 212989.454194624180673, 540356.394922854029574 ], [ 212987.704045206599403, 540357.684558888664469 ], [ 212986.114800700190244, 540359.155221302760765 ], [ 212982.805756736255717, 540362.54903539433144 ], [ 212974.48400684207445, 540371.083930187975056 ], [ 212973.273650931369048, 540372.114423666032963 ], [ 212971.943701444921317, 540372.983920138911344 ], [ 212970.514407319307793, 540373.684516798006371 ], [ 212969.014641276007751, 540374.204170202487148 ], [ 212967.454407741199248, 540374.543929492821917 ], [ 212956.524527124915039, 540376.214612688985653 ], [ 212955.384530078736134, 540376.504079692997038 ], [ 212954.313802306598518, 540376.97459041676484 ], [ 212953.324759014503798, 540377.62380271742586 ], [ 212952.474314663413679, 540378.433918269583955 ], [ 212950.954531376133673, 540379.97397743514739 ], [ 212949.294681501109153, 540381.364333841367625 ], [ 212947.514441576699028, 540382.593482937081717 ], [ 212945.63465259943041, 540383.65413947601337 ], [ 212943.65433293802198, 540384.543588715605438 ], [ 212941.604639522265643, 540385.234293957706541 ], [ 212939.504744030535221, 540385.733653618837707 ], [ 212937.364487056765938, 540386.033320388640277 ], [ 212935.194276375928894, 540386.133845627075061 ], [ 212932.404777849442326, 540386.204171545570716 ], [ 212929.824345133238239, 540386.503699998371303 ], [ 212927.273903770692414, 540387.033384757000022 ], [ 212921.127052649622783, 540388.572692740126513 ], [ 212920.084447960049147, 540388.833764852490276 ], [ 212919.574967603606638, 540388.923096754122525 ], [ 212919.064095894544153, 540388.973308635409921 ], [ 212914.934703552018618, 540389.033721218002029 ], [ 212910.804179492435651, 540388.89394696475938 ], [ 212906.684775176574476, 540388.542949465685524 ], [ 212902.584290560975205, 540387.98296828486491 ], [ 212898.524229489266872, 540387.232820951496251 ], [ 212894.504298592946725, 540386.273004932329059 ], [ 212890.534798189764842, 540385.122877438436262 ], [ 212885.844330771273235, 540383.722424522275105 ], [ 212881.104634038289078, 540382.513186292024329 ], [ 212876.314618778909789, 540381.472454154863954 ], [ 212872.745225827849936, 540380.672190009616315 ], [ 212869.234760344552342, 540379.663257590611465 ], [ 212865.774930167506682, 540378.462812674348243 ], [ 212862.395394093095092, 540377.062418522662483 ], [ 212859.105297741480172, 540375.473217488499358 ], [ 212855.905654166883323, 540373.692722948966548 ], [ 212850.445128491817741, 540370.47304964333307 ], [ 212848.834645108028781, 540369.612457124050707 ], [ 212847.1449297220679, 540368.902704493841156 ], [ 212845.394939414458349, 540368.352795659797266 ], [ 212843.605686855269596, 540367.96264370973222 ], [ 212841.785119781910907, 540367.74259467725642 ], [ 212836.133824751916109, 540367.31093838380184 ], [ 212831.175934369530296, 540366.932176909176633 ], [ 212829.464961345074698, 540366.871873486205004 ], [ 212827.744986693316605, 540366.962385836755857 ], [ 212826.045225484063849, 540367.202663104981184 ], [ 212818.505864001141163, 540368.581617094925605 ], [ 212817.565990219707601, 540368.712284074164927 ], [ 212816.625051145383622, 540368.742402770207264 ], [ 212813.125945257750573, 540368.722329683951102 ], [ 212812.235250485799043, 540368.671982545522042 ], [ 212811.355730441660853, 540368.552468149573542 ], [ 212809.195432926644571, 540368.142139426199719 ], [ 212805.735408389737131, 540367.431294139125384 ], [ 212803.035315405257279, 540366.941870811511762 ], [ 212775.166263973282184, 540362.681081895134412 ], [ 212773.875480849819724, 540362.391615036292933 ], [ 212772.636166507436428, 540361.941257801721804 ], [ 212771.46613315664581, 540361.331104590091854 ], [ 212765.576403023238527, 540357.741203149897046 ], [ 212764.40641950169811, 540357.12094481207896 ], [ 212763.155898444267223, 540356.671730218105949 ], [ 212761.866064087225823, 540356.391171691706404 ], [ 212729.312891535344534, 540351.57150227855891 ], [ 212723.849471397843445, 540343.620804269914515 ], [ 212717.989896236278582, 540335.084664813941345 ], [ 212712.81722829354112, 540327.560181316453964 ], [ 212724.826095791126136, 540319.339377864380367 ], [ 212733.10992970544612, 540313.668641641037539 ], [ 212733.456930393236689, 540313.431087048491463 ], [ 212754.166882415360305, 540299.411207965691574 ], [ 212736.007852421957068, 540273.061817121109925 ], [ 212702.118816130096093, 540223.125245006289333 ], [ 212689.645115170947975, 540231.486538517987356 ], [ 212687.718383712286595, 540232.778637356124818 ], [ 212631.67986514090444, 540271.828881455818191 ], [ 212578.476896094536642, 540308.918669489212334 ], [ 212566.578586577932583, 540317.212887669447809 ], [ 212561.567150220973417, 540320.814651573775336 ], [ 212559.854832393728429, 540322.045263682026416 ], [ 212558.632461323140888, 540322.926634548581205 ], [ 212507.103250292740995, 540358.851727775880136 ], [ 212448.960237269900972, 540399.513438350986689 ], [ 212447.747083583875792, 540400.354340941179544 ], [ 212441.90124105612631, 540404.06422331999056 ], [ 212434.946320605202345, 540408.477099939016625 ], [ 212444.82237458153395, 540422.373308895155787 ], [ 212498.030880131293088, 540500.8825184708694 ], [ 212594.119482907903148, 540642.66020187176764 ], [ 212672.450408888224047, 540590.211661856621504 ], [ 212686.159348787041381, 540581.032294629490934 ], [ 212734.515085043560248, 540548.653197698644362 ], [ 212735.146281606284901, 540548.230778124067001 ], [ 212736.432260085333837, 540547.729399700067006 ], [ 212740.216816566244233, 540546.254084397456609 ], [ 212758.159173755993834, 540539.259861518628895 ], [ 212785.852834217716008, 540533.799802830442786 ], [ 212810.426658403914189, 540533.800191857037134 ], [ 212821.347267803561408, 540533.800336919492111 ], [ 212825.209826302103465, 540534.384468083386309 ], [ 212919.290950940863695, 540548.611316775088198 ], [ 212934.85105315016699, 540550.964228196884505 ], [ 212939.400994612544309, 540552.678962844773196 ], [ 212944.241470695240423, 540554.502884394372813 ], [ 212944.293462776695378, 540554.414524403167889 ], [ 212958.493258778937161, 540514.637296861270443 ], [ 212960.11837110502529, 540510.084780554287136 ], [ 212971.754839758563321, 540495.277739426586777 ], [ 213018.40360454985057, 540464.34845437167678 ], [ 213053.49162726677605, 540441.084228647872806 ], [ 213088.679437532817246, 540417.753903083852492 ], [ 213157.265392707922729, 540521.198538576136343 ], [ 213180.805421146913432, 540556.702999105094932 ], [ 213197.279445351974573, 540581.549657629569992 ], [ 213213.582364931120537, 540606.13880858453922 ], [ 213223.255264753242955, 540620.727734088432044 ], [ 213260.768615587003296, 540677.307368657086045 ], [ 213308.599070971482433, 540749.447246069088578 ], [ 213311.884678507893113, 540754.463810440967791 ], [ 213316.904968116810778, 540751.136400486691855 ], [ 213318.725522281980375, 540750.246901156380773 ], [ 213320.344900370168034, 540749.036605409462936 ], [ 213321.864920399937546, 540747.716736954171211 ], [ 213323.225014471943723, 540746.257165612885728 ], [ 213324.045300542988116, 540745.172277091187425 ], [ 213324.465521997364704, 540744.616584820440039 ], [ 213325.455702238483354, 540742.867629622109234 ], [ 213326.245883139432408, 540741.047084792633541 ], [ 213326.875069572823122, 540739.137152357492596 ], [ 213327.265229379117955, 540737.176931451424025 ], [ 213327.715562285069609, 540734.886993815540336 ], [ 213328.356054426025366, 540732.657488305587322 ], [ 213329.2255275194766, 540730.46701726980973 ], [ 213330.345350056508323, 540728.437539074220695 ], [ 213331.626163243374322, 540726.497448452981189 ], [ 213333.055552744102897, 540724.666894130408764 ], [ 213334.696175802586367, 540722.997224228340201 ], [ 213336.545790214819135, 540721.477325400221162 ], [ 213338.395459253515583, 540720.267049938673154 ], [ 213340.436155974777648, 540719.047786155249923 ], [ 213342.585290749557316, 540718.187339993426576 ], [ 213344.826016168750357, 540717.467638334841467 ], [ 213347.095831754762912, 540716.978183719096705 ], [ 213351.835468001750996, 540716.277551751234569 ], [ 213356.575115530693438, 540715.857329598395154 ], [ 213361.315949584677583, 540715.477432330022566 ], [ 213366.15609237877652, 540715.347964961314574 ], [ 213370.915872368321288, 540715.33791623217985 ] ] ] } },
{ "type": "Feature", "properties": { "area_name": "wirye_plan_area", "spatial_id": "31021680030001", "original_area_sqm": 45830.591524551965, "intersect_area_sqm": 45830.59152455195, "allocation_ratio": 0.99999999999999967, "population_allocated": 390.99999999999989, "households_allocated": 136.99999999999994, "business_count_allocated": 12.999999999999996, "worker_count_allocated": 13.999999999999995 }, "geometry": { "type": "Polygon", "coordinates": [ [ [ 213223.255264753242955, 540620.727734088432044 ], [ 213213.582364931120537, 540606.13880858453922 ], [ 213197.279445351974573, 540581.549657629569992 ], [ 213180.805421146913432, 540556.702999105094932 ], [ 213157.265392707922729, 540521.198538576136343 ], [ 213088.679437532817246, 540417.753903083852492 ], [ 213053.49162726677605, 540441.084228647872806 ], [ 213018.40360454985057, 540464.34845437167678 ], [ 212971.754839758563321, 540495.277739426586777 ], [ 212960.11837110502529, 540510.084780554287136 ], [ 212958.493258778937161, 540514.637296861270443 ], [ 212944.293462776695378, 540554.414524403167889 ], [ 212944.241470695240423, 540554.502884394372813 ], [ 212961.764315305044875, 540561.106029973481782 ], [ 212975.930150315922219, 540570.395348716294393 ], [ 212985.55694262124598, 540576.708280867664143 ], [ 212992.779963604029035, 540582.984243114828132 ], [ 212956.968523738818476, 540607.534247405244969 ], [ 212974.444966798560927, 540635.24197506532073 ], [ 213017.577146549010649, 540609.922708790400065 ], [ 213057.944267917686375, 540671.45387313014362 ], [ 213128.086194134695688, 540626.492883800645359 ], [ 213144.714374095434323, 540651.509629821404815 ], [ 213148.192214597249404, 540648.921236687572673 ], [ 213180.731426160346018, 540629.06606853986159 ], [ 213185.15291357570095, 540635.756533971405588 ], [ 213257.885552118852502, 540745.811475453199819 ], [ 213223.807395598705625, 540767.836755174561404 ], [ 213223.848934634937905, 540770.018754756660201 ], [ 213239.443017552432138, 540795.295126944896765 ], [ 213277.020810897694901, 540770.382449749391526 ], [ 213278.812736242311075, 540769.19447916210629 ], [ 213300.292388329165988, 540754.954193573794328 ], [ 213308.599070971482433, 540749.447246069088578 ], [ 213260.768615587003296, 540677.307368657086045 ], [ 213223.255264753242955, 540620.727734088432044 ] ] ] } },
{ "type": "Feature", "properties": { "area_name": "wirye_plan_area", "spatial_id": "31021680030101", "original_area_sqm": 21289.565102380555, "intersect_area_sqm": 21289.565102380559, "allocation_ratio": 1.0, "population_allocated": 431.0, "households_allocated": 145.0, "business_count_allocated": 0.0, "worker_count_allocated": 23.0 }, "geometry": { "type": "Polygon", "coordinates": [ [ [ 212897.456903912941925, 540354.663999409414828 ], [ 212869.200660555274226, 540314.185622719116509 ], [ 212835.820492113911314, 540266.366794086992741 ], [ 212771.870600199501496, 540174.92895951657556 ], [ 212763.754261397290975, 540180.594686352647841 ], [ 212743.037164035777096, 540195.019192809821106 ], [ 212733.293942008109298, 540201.801837816601619 ], [ 212716.621150428953115, 540213.404162705293857 ], [ 212702.118816130096093, 540223.125245006289333 ], [ 212736.007852421957068, 540273.061817121109925 ], [ 212754.166882415360305, 540299.411207965691574 ], [ 212733.456930393236689, 540313.431087048491463 ], [ 212733.10992970544612, 540313.668641641037539 ], [ 212724.826095791126136, 540319.339377864380367 ], [ 212712.81722829354112, 540327.560181316453964 ], [ 212717.989896236278582, 540335.084664813941345 ], [ 212723.849471397843445, 540343.620804269914515 ], [ 212729.312891535344534, 540351.57150227855891 ], [ 212761.866064087225823, 540356.391171691706404 ], [ 212763.155898444267223, 540356.671730218105949 ], [ 212764.40641950169811, 540357.12094481207896 ], [ 212765.576403023238527, 540357.741203149897046 ], [ 212771.46613315664581, 540361.331104590091854 ], [ 212772.636166507436428, 540361.941257801721804 ], [ 212773.875480849819724, 540362.391615036292933 ], [ 212775.166263973282184, 540362.681081895134412 ], [ 212803.035315405257279, 540366.941870811511762 ], [ 212805.735408389737131, 540367.431294139125384 ], [ 212809.195432926644571, 540368.142139426199719 ], [ 212811.355730441660853, 540368.552468149573542 ], [ 212812.235250485799043, 540368.671982545522042 ], [ 212813.125945257750573, 540368.722329683951102 ], [ 212816.625051145383622, 540368.742402770207264 ], [ 212817.565990219707601, 540368.712284074164927 ], [ 212818.505864001141163, 540368.581617094925605 ], [ 212826.045225484063849, 540367.202663104981184 ], [ 212827.744986693316605, 540366.962385836755857 ], [ 212829.464961345074698, 540366.871873486205004 ], [ 212831.175934369530296, 540366.932176909176633 ], [ 212836.133824751916109, 540367.31093838380184 ], [ 212841.785119781910907, 540367.74259467725642 ], [ 212843.605686855269596, 540367.96264370973222 ], [ 212845.394939414458349, 540368.352795659797266 ], [ 212847.1449297220679, 540368.902704493841156 ], [ 212848.834645108028781, 540369.612457124050707 ], [ 212850.445128491817741, 540370.47304964333307 ], [ 212855.905654166883323, 540373.692722948966548 ], [ 212859.105297741480172, 540375.473217488499358 ], [ 212862.395394093095092, 540377.062418522662483 ], [ 212865.774930167506682, 540378.462812674348243 ], [ 212869.234760344552342, 540379.663257590611465 ], [ 212872.745225827849936, 540380.672190009616315 ], [ 212876.314618778909789, 540381.472454154863954 ], [ 212881.104634038289078, 540382.513186292024329 ], [ 212885.844330771273235, 540383.722424522275105 ], [ 212890.534798189764842, 540385.122877438436262 ], [ 212894.504298592946725, 540386.273004932329059 ], [ 212898.524229489266872, 540387.232820951496251 ], [ 212902.584290560975205, 540387.98296828486491 ], [ 212906.684775176574476, 540388.542949465685524 ], [ 212910.804179492435651, 540388.89394696475938 ], [ 212914.934703552018618, 540389.033721218002029 ], [ 212919.064095894544153, 540388.973308635409921 ], [ 212919.574967603606638, 540388.923096754122525 ], [ 212920.084447960049147, 540388.833764852490276 ], [ 212921.127052649622783, 540388.572692740126513 ], [ 212897.456903912941925, 540354.663999409414828 ] ] ] } },
{ "type": "Feature", "properties": { "area_name": "wirye_plan_area", "spatial_id": "31021680030103", "original_area_sqm": 13999.381496526839, "intersect_area_sqm": 13999.38149652683, "allocation_ratio": 0.99999999999999933, "population_allocated": 542.99999999999966, "households_allocated": 207.99999999999986, "business_count_allocated": 14.999999999999989, "worker_count_allocated": 14.999999999999989 }, "geometry": { "type": "Polygon", "coordinates": [ [ [ 213013.574024697183631, 540341.415144979720935 ], [ 213014.76429039661889, 540341.455477034556679 ], [ 213016.334460263169603, 540341.505626008380204 ], [ 213017.894592548720539, 540341.335936829214916 ], [ 213019.414621904317755, 540340.95594696898479 ], [ 213020.874194940406596, 540340.355851330095902 ], [ 213022.224132587201893, 540339.565693630371243 ], [ 213023.464636005257489, 540338.585681011900306 ], [ 213024.544320922024781, 540337.445746265701018 ], [ 213025.454077788832365, 540336.166055658832192 ], [ 213026.174944062979193, 540334.776019524666481 ], [ 213026.694457227829844, 540333.286173224099912 ], [ 213026.994150418584468, 540331.746140522300266 ], [ 213027.084717612422537, 540330.175887509947643 ], [ 213026.944939779961715, 540328.615814756369218 ], [ 213026.58396503169206, 540327.07587777893059 ], [ 213026.01407894177828, 540325.616262831958011 ], [ 213019.714582059474196, 540312.22542921139393 ], [ 213018.964630171249155, 540310.915420608012937 ], [ 213018.034766400989611, 540309.725305908010341 ], [ 213016.935183994559338, 540308.696053119027056 ], [ 213002.965581976692192, 540297.455192982801236 ], [ 213001.595509685663274, 540296.195614063646644 ], [ 213000.375151355779963, 540294.775162459467538 ], [ 212999.3548126804817, 540293.216121081612073 ], [ 212998.525596863910323, 540291.535241785575636 ], [ 212997.915289694588864, 540289.774990339414217 ], [ 212997.85398970724782, 540289.48735173267778 ], [ 212997.525435948948143, 540287.945583382621408 ], [ 212997.375642984145088, 540286.085936146439053 ], [ 212997.444999463128624, 540284.215148580144159 ], [ 212997.755685301119229, 540282.375652879360132 ], [ 213002.695745119533967, 540261.065553357242607 ], [ 213002.905912811431335, 540259.805958881508559 ], [ 213002.946125119779026, 540258.525354533805512 ], [ 213002.825412808306282, 540257.25580268073827 ], [ 213002.556134366925107, 540256.006367618800141 ], [ 213002.11572311638156, 540254.806043654331006 ], [ 212996.105806257924996, 540241.026090932427905 ], [ 212983.738586005580146, 540224.029704365995713 ], [ 212921.506493186985608, 540268.42455729667563 ], [ 212926.197966192150488, 540275.628259451827034 ], [ 212869.200660555274226, 540314.185622719116509 ], [ 212897.456903912941925, 540354.663999409414828 ], [ 212921.127052649622783, 540388.572692740126513 ], [ 212927.273903770692414, 540387.033384757000022 ], [ 212929.824345133238239, 540386.503699998371303 ], [ 212932.404777849442326, 540386.204171545570716 ], [ 212935.194276375928894, 540386.133845627075061 ], [ 212937.364487056765938, 540386.033320388640277 ], [ 212939.504744030535221, 540385.733653618837707 ], [ 212941.604639522265643, 540385.234293957706541 ], [ 212943.65433293802198, 540384.543588715605438 ], [ 212945.63465259943041, 540383.65413947601337 ], [ 212947.514441576699028, 540382.593482937081717 ], [ 212949.294681501109153, 540381.364333841367625 ], [ 212950.954531376133673, 540379.97397743514739 ], [ 212952.474314663413679, 540378.433918269583955 ], [ 212953.324759014503798, 540377.62380271742586 ], [ 212954.313802306598518, 540376.97459041676484 ], [ 212955.384530078736134, 540376.504079692997038 ], [ 212956.524527124915039, 540376.214612688985653 ], [ 212967.454407741199248, 540374.543929492821917 ], [ 212969.014641276007751, 540374.204170202487148 ], [ 212970.514407319307793, 540373.684516798006371 ], [ 212971.943701444921317, 540372.983920138911344 ], [ 212973.273650931369048, 540372.114423666032963 ], [ 212974.48400684207445, 540371.083930187975056 ], [ 212982.805756736255717, 540362.54903539433144 ], [ 212986.114800700190244, 540359.155221302760765 ], [ 212987.704045206599403, 540357.684558888664469 ], [ 212989.454194624180673, 540356.394922854029574 ], [ 212991.32393330972991, 540355.305201807641424 ], [ 212995.133861975977197, 540353.234381295973435 ], [ 212998.844150969787734, 540350.974753880873322 ], [ 213002.423941557790386, 540348.535062868962996 ], [ 213005.894041524559725, 540345.915716372197494 ], [ 213009.214389781525824, 540343.125004329252988 ], [ 213010.184385827276856, 540342.44567612465471 ], [ 213011.253985093266238, 540341.924639961798675 ], [ 213012.393900633964222, 540341.575047607417218 ], [ 213013.574024697183631, 540341.415144979720935 ] ] ] } },
{ "type": "Feature", "properties": { "area_name": "wirye_plan_area", "spatial_id": "31021680030102", "original_area_sqm": 23912.590778059803, "intersect_area_sqm": 23909.245719648818, "allocation_ratio": 0.99986011309096401, "population_allocated": 515.92781835493747, "households_allocated": 194.97272205273799, "business_count_allocated": 4.9993005654548197, "worker_count_allocated": 4.9993005654548197 }, "geometry": { "type": "Polygon", "coordinates": [ [ [ 212888.706057857489213, 540093.400510187610053 ], [ 212865.254690343106631, 540109.796909853350371 ], [ 212863.492520901490934, 540110.976437311037444 ], [ 212861.351515602436848, 540112.397853656671941 ], [ 212860.509490229946095, 540112.979322116007097 ], [ 212841.517835335398559, 540126.09385724272579 ], [ 212837.025590000848752, 540129.190872665029019 ], [ 212829.202462412766181, 540134.801535069709644 ], [ 212826.464446520403726, 540136.763298889971338 ], [ 212817.925413850898622, 540142.885468039661646 ], [ 212815.250259833381278, 540144.746427507256158 ], [ 212812.044421695987694, 540145.678490404039621 ], [ 212807.470399444457144, 540148.840665524243377 ], [ 212806.633959173748735, 540150.744334169197828 ], [ 212799.605452995252563, 540155.638120300718583 ], [ 212799.275606241397327, 540155.867061178665608 ], [ 212782.42515412037028, 540167.561183170997538 ], [ 212771.870600199501496, 540174.92895951657556 ], [ 212835.820492113911314, 540266.366794086992741 ], [ 212869.200660555274226, 540314.185622719116509 ], [ 212926.197966192150488, 540275.628259451827034 ], [ 212921.506493186985608, 540268.42455729667563 ], [ 212983.738586005580146, 540224.029704365995713 ], [ 212954.80864039802691, 540184.271341608371586 ], [ 212943.049433828971814, 540168.110520859016106 ], [ 212924.148610776755959, 540142.135043481364846 ], [ 212888.706057857489213, 540093.400510187610053 ] ] ] } },
{ "type": "Feature", "properties": { "area_name": "wirye_plan_area", "spatial_id": "31021680030205", "original_area_sqm": 5812.8019115176257, "intersect_area_sqm": 5812.8019115176248, "allocation_ratio": 0.99999999999999989, "population_allocated": 480.99999999999994, "households_allocated": 158.99999999999997, "business_count_allocated": 0.0, "worker_count_allocated": 0.0 }, "geometry": { "type": "Polygon", "coordinates": [ [ [ 213222.384228799957782, 541397.649701666086912 ], [ 213164.331714906758862, 541400.031377770123072 ], [ 213163.604211283585755, 541475.950815419200808 ], [ 213154.789525140891783, 541490.99141549540218 ], [ 213163.410284228244564, 541512.477155360393226 ], [ 213210.144872728153132, 541484.403327043983154 ], [ 213223.833151704253396, 541483.246003997279331 ], [ 213221.635412784060463, 541439.841489814803936 ], [ 213220.925708866532659, 541425.825856514391489 ], [ 213223.079740746237803, 541418.955408736714162 ], [ 213222.384228799957782, 541397.649701666086912 ] ] ] } },
{ "type": "Feature", "properties": { "area_name": "wirye_plan_area", "spatial_id": "31021680030204", "original_area_sqm": 6277.3002889516274, "intersect_area_sqm": 6277.3002889516283, "allocation_ratio": 1.0, "population_allocated": 411.0, "households_allocated": 134.0, "business_count_allocated": 0.0, "worker_count_allocated": 0.0 }, "geometry": { "type": "Polygon", "coordinates": [ [ [ 213223.833151704253396, 541483.246003997279331 ], [ 213210.144872728153132, 541484.403327043983154 ], [ 213163.410284228244564, 541512.477155360393226 ], [ 213148.591777183464728, 541536.617672736407258 ], [ 213177.055271292862017, 541559.796903983224183 ], [ 213177.178315935772844, 541600.383972261799499 ], [ 213211.76489055113052, 541598.728157619363628 ], [ 213214.692718216363573, 541598.587942630052567 ], [ 213229.63725803833222, 541597.872667017392814 ], [ 213227.614626868831692, 541557.929477186640725 ], [ 213223.833151704253396, 541483.246003997279331 ] ] ] } },
{ "type": "Feature", "properties": { "area_name": "wirye_plan_area", "spatial_id": "31021680030201", "original_area_sqm": 11056.622915166705, "intersect_area_sqm": 11056.622915166705, "allocation_ratio": 1.0, "population_allocated": 580.0, "households_allocated": 176.0, "business_count_allocated": 0.0, "worker_count_allocated": 0.0 }, "geometry": { "type": "Polygon", "coordinates": [ [ [ 213164.331714906758862, 541400.031377770123072 ], [ 213102.648142746387748, 541402.562049036845565 ], [ 213011.30012953619007, 541406.309779491275549 ], [ 213012.558098068606341, 541425.405075530987233 ], [ 213014.167809116042918, 541459.00930037884973 ], [ 213016.416290542198112, 541505.951804767712019 ], [ 213111.676729887694819, 541500.349498598603532 ], [ 213107.688372021861142, 541457.151665283832699 ], [ 213116.27844450410339, 541451.197447631158866 ], [ 213130.9677593462402, 541438.369816114893183 ], [ 213135.976923074398655, 541433.406993317068554 ], [ 213156.643815100367647, 541407.623351391172037 ], [ 213164.331714906758862, 541400.031377770123072 ] ] ] } },
{ "type": "Feature", "properties": { "area_name": "wirye_plan_area", "spatial_id": "31021680030203", "original_area_sqm": 9368.8416206152051, "intersect_area_sqm": 9368.8416206152069, "allocation_ratio": 1.0, "population_allocated": 587.0, "households_allocated": 181.0, "business_count_allocated": 0.0, "worker_count_allocated": 0.0 }, "geometry": { "type": "Polygon", "coordinates": [ [ [ 213164.331714906758862, 541400.031377770123072 ], [ 213156.643815100367647, 541407.623351391172037 ], [ 213135.976923074398655, 541433.406993317068554 ], [ 213130.9677593462402, 541438.369816114893183 ], [ 213116.27844450410339, 541451.197447631158866 ], [ 213107.688372021861142, 541457.151665283832699 ], [ 213111.676729887694819, 541500.349498598603532 ], [ 213016.416290542198112, 541505.951804767712019 ], [ 213017.165480486233719, 541521.593904695590027 ], [ 213017.615237499849172, 541530.982383809052408 ], [ 213018.908283949858742, 541557.978959556785412 ], [ 213116.499466779030627, 541552.584211171371862 ], [ 213113.036612506781239, 541515.078269363380969 ], [ 213163.410284228244564, 541512.477155360393226 ], [ 213154.789525140891783, 541490.99141549540218 ], [ 213163.604211283585755, 541475.950815419200808 ], [ 213164.331714906758862, 541400.031377770123072 ] ] ] } },
{ "type": "Feature", "properties": { "area_name": "wirye_plan_area", "spatial_id": "31021680030202", "original_area_sqm": 9825.297536613105, "intersect_area_sqm": 9825.2975366131068, "allocation_ratio": 1.0, "population_allocated": 512.0, "households_allocated": 148.0, "business_count_allocated": 0.0, "worker_count_allocated": 31.0 }, "geometry": { "type": "Polygon", "coordinates": [ [ [ 213163.410284228244564, 541512.477155360393226 ], [ 213113.036612506781239, 541515.078269363380969 ], [ 213116.499466779030627, 541552.584211171371862 ], [ 213018.908283949858742, 541557.978959556785412 ], [ 213020.721153470367426, 541595.826475795125589 ], [ 213020.915777305839583, 541607.255128377350047 ], [ 213048.769954546733061, 541609.53147828951478 ], [ 213079.513788506417768, 541608.061048686737195 ], [ 213082.428708011168055, 541607.921062881825492 ], [ 213121.436386721732561, 541606.053729342063889 ], [ 213160.204210281255655, 541604.198326343786903 ], [ 213172.048137687408598, 541600.629542089765891 ], [ 213177.178315935772844, 541600.383972261799499 ], [ 213177.055271292862017, 541559.796903983224183 ], [ 213148.591777183464728, 541536.617672736407258 ], [ 213163.410284228244564, 541512.477155360393226 ] ] ] } },
{ "type": "Feature", "properties": { "area_name": "wirye_plan_area", "spatial_id": "31021680030301", "original_area_sqm": 16668.091728961823, "intersect_area_sqm": 16668.091728961823, "allocation_ratio": 1.0, "population_allocated": 405.0, "households_allocated": 144.0, "business_count_allocated": 7.0, "worker_count_allocated": 7.0 }, "geometry": { "type": "Polygon", "coordinates": [ [ [ 213376.373729796905536, 540811.817408478586003 ], [ 213392.114466692524729, 540835.568643825827166 ], [ 213407.313843172509223, 540833.038673681207001 ], [ 213405.015205297822831, 540817.303812789148651 ], [ 213471.078405725129414, 540806.66195898654405 ], [ 213467.633208572166041, 540785.499314352869987 ], [ 213457.290539607376559, 540721.968124923296273 ], [ 213440.379313289857237, 540721.323727610870264 ], [ 213428.435298052383587, 540720.868667012546211 ], [ 213422.28530062752543, 540720.22927236079704 ], [ 213410.525059909181437, 540719.038889360846952 ], [ 213398.425026473909384, 540717.688637737534009 ], [ 213386.617467910982668, 540716.592539544217288 ], [ 213380.435409775353037, 540716.018705696798861 ], [ 213375.645457204722334, 540715.58831450890284 ], [ 213370.915872368321288, 540715.33791623217985 ], [ 213366.15609237877652, 540715.347964961314574 ], [ 213361.315949584677583, 540715.477432330022566 ], [ 213356.575115530693438, 540715.857329598395154 ], [ 213351.835468001750996, 540716.277551751234569 ], [ 213347.095831754762912, 540716.978183719096705 ], [ 213344.826016168750357, 540717.467638334841467 ], [ 213342.585290749557316, 540718.187339993426576 ], [ 213340.436155974777648, 540719.047786155249923 ], [ 213338.395459253515583, 540720.267049938673154 ], [ 213336.545790214819135, 540721.477325400221162 ], [ 213334.696175802586367, 540722.997224228340201 ], [ 213333.055552744102897, 540724.666894130408764 ], [ 213331.626163243374322, 540726.497448452981189 ], [ 213330.345350056508323, 540728.437539074220695 ], [ 213329.2255275194766, 540730.46701726980973 ], [ 213328.356054426025366, 540732.657488305587322 ], [ 213327.715562285069609, 540734.886993815540336 ], [ 213327.265229379117955, 540737.176931451424025 ], [ 213326.875069572823122, 540739.137152357492596 ], [ 213326.245883139432408, 540741.047084792633541 ], [ 213325.455702238483354, 540742.867629622109234 ], [ 213324.465521997364704, 540744.616584820440039 ], [ 213324.045300542988116, 540745.172277091187425 ], [ 213323.225014471943723, 540746.257165612885728 ], [ 213321.864920399937546, 540747.716736954171211 ], [ 213320.344900370168034, 540749.036605409462936 ], [ 213318.725522281980375, 540750.246901156380773 ], [ 213316.904968116810778, 540751.136400486691855 ], [ 213311.884678507893113, 540754.463810440967791 ], [ 213308.599070971482433, 540749.447246069088578 ], [ 213300.292388329165988, 540754.954193573794328 ], [ 213278.812736242311075, 540769.19447916210629 ], [ 213277.020810897694901, 540770.382449749391526 ], [ 213280.225735022511799, 540775.446502439677715 ], [ 213297.11826778127579, 540800.925645258044824 ], [ 213311.121952032059198, 540822.047498709056526 ], [ 213326.343679079116555, 540845.006458175717853 ], [ 213376.373729796905536, 540811.817408478586003 ] ] ] } },
{ "type": "Feature", "properties": { "area_name": "wirye_plan_area", "spatial_id": "31021680030302", "original_area_sqm": 25399.903571182309, "intersect_area_sqm": 25399.903571182305, "allocation_ratio": 0.99999999999999989, "population_allocated": 586.99999999999989, "households_allocated": 203.99999999999997, "business_count_allocated": 14.999999999999998, "worker_count_allocated": 25.999999999999996 }, "geometry": { "type": "Polygon", "coordinates": [ [ [ 213572.184337005543057, 540686.482013962930068 ], [ 213571.34392248102813, 540685.251558284508064 ], [ 213570.373955352377379, 540684.191981688840315 ], [ 213569.28432641774998, 540683.341556343599223 ], [ 213568.044895380618982, 540682.611783883301541 ], [ 213566.715030192572158, 540682.05180063820444 ], [ 213565.344828138157027, 540681.720997576601803 ], [ 213563.914352857158519, 540681.55113750230521 ], [ 213562.474954596895259, 540681.591314180986956 ], [ 213561.084658833948197, 540681.86174878408201 ], [ 213559.744677651528036, 540682.321022437186912 ], [ 213558.475061075005215, 540682.981453547021374 ], [ 213533.71922291177907, 540697.703151738969609 ], [ 213522.96312860949547, 540704.09956735605374 ], [ 213493.264897906687111, 540721.760427390807308 ], [ 213491.98419349474716, 540722.379484905744903 ], [ 213490.603944940201472, 540722.829843679093756 ], [ 213489.164434732781956, 540723.080203020712361 ], [ 213487.764208242966561, 540723.129395456518978 ], [ 213457.290539607376559, 540721.968124923296273 ], [ 213467.633208572166041, 540785.499314352869987 ], [ 213471.078405725129414, 540806.66195898654405 ], [ 213405.015205297822831, 540817.303812789148651 ], [ 213407.313843172509223, 540833.038673681207001 ], [ 213392.114466692524729, 540835.568643825827166 ], [ 213407.343295528233284, 540858.547251082374714 ], [ 213411.322596341196913, 540881.916922251111828 ], [ 213411.980117931379937, 540887.899031851324253 ], [ 213482.357819197728531, 540875.947050745366141 ], [ 213544.027352676814189, 540865.474054511869326 ], [ 213546.932049342780374, 540863.453551164828241 ], [ 213571.972209000523435, 540846.035874950815924 ], [ 213595.95557935355464, 540804.489220798946917 ], [ 213605.960463605792029, 540784.487612725934014 ], [ 213616.378802512947004, 540763.659364643739536 ], [ 213614.732807764579775, 540758.161905205575749 ], [ 213608.293859948520549, 540747.314547331770882 ], [ 213572.184337005543057, 540686.482013962930068 ] ] ] } },
{ "type": "Feature", "properties": { "area_name": "wirye_plan_area", "spatial_id": "31021680030404", "original_area_sqm": 13026.858688453704, "intersect_area_sqm": 13026.858688453707, "allocation_ratio": 1.0, "population_allocated": 479.0, "households_allocated": 149.0, "business_count_allocated": 5.0, "worker_count_allocated": 30.0 }, "geometry": { "type": "Polygon", "coordinates": [ [ [ 213506.983171541709453, 541181.928356653312221 ], [ 213466.689377485919977, 541263.104478657362051 ], [ 213499.525112712057307, 541284.106732286745682 ], [ 213513.968631087744143, 541293.344820465310477 ], [ 213560.215969151293393, 541318.346668884041719 ], [ 213560.829756038758205, 541318.678460147697479 ], [ 213571.959830331907142, 541324.695562683045864 ], [ 213580.757980964961462, 541333.892976053524762 ], [ 213633.729787992138881, 541308.160073694423772 ], [ 213630.398236515291501, 541300.547510899137706 ], [ 213624.3183144783834, 541288.536586118279956 ], [ 213621.956218739360338, 541284.455496446928009 ], [ 213617.574617485370254, 541276.885180455632508 ], [ 213610.187353916669963, 541265.630418763263151 ], [ 213604.950402942253277, 541258.551062805810943 ], [ 213602.181346718774876, 541254.807851379853673 ], [ 213595.242878483433742, 541246.452550003421493 ], [ 213593.581224058987573, 541244.451619420084171 ], [ 213584.413830846344354, 541234.593082266277634 ], [ 213574.70780413976172, 541225.264597220811993 ], [ 213570.988250186870573, 541222.070866563240997 ], [ 213564.494410301180324, 541216.494944458594546 ], [ 213560.480492109898478, 541213.422400534967892 ], [ 213555.359223231120268, 541209.502236939850263 ], [ 213553.804310400155373, 541208.311904893722385 ], [ 213550.001496440614574, 541205.725075810565613 ], [ 213542.6733813174651, 541200.74056996172294 ], [ 213531.135118496866198, 541193.805331535404548 ], [ 213519.226208985550329, 541187.528194184065796 ], [ 213506.983171541709453, 541181.928356653312221 ] ] ] } },
{ "type": "Feature", "properties": { "area_name": "wirye_plan_area", "spatial_id": "31021680030401", "original_area_sqm": 9987.0300636839056, "intersect_area_sqm": 9987.0300636839074, "allocation_ratio": 1.0, "population_allocated": 493.0, "households_allocated": 156.0, "business_count_allocated": 6.0, "worker_count_allocated": 11.0 }, "geometry": { "type": "Polygon", "coordinates": [ [ [ 213641.877845836948836, 541329.96924336173106 ], [ 213640.492322920239531, 541325.496380290598609 ], [ 213638.050937612890266, 541318.938170223380439 ], [ 213635.795473609381588, 541312.879947649431415 ], [ 213633.729787992138881, 541308.160073694423772 ], [ 213580.757980964961462, 541333.892976053524762 ], [ 213571.959830331907142, 541324.695562683045864 ], [ 213560.829756038758205, 541318.678460147697479 ], [ 213560.215969151293393, 541318.346668884041719 ], [ 213513.968631087744143, 541293.344820465310477 ], [ 213499.525112712057307, 541284.106732286745682 ], [ 213499.46985891534132, 541285.506705806590617 ], [ 213500.109855521266581, 541327.351137452060357 ], [ 213501.245945821254281, 541385.269705907674506 ], [ 213558.916465526330285, 541382.484431874123402 ], [ 213560.87656242121011, 541382.389796194154769 ], [ 213652.019419047865085, 541377.98800853989087 ], [ 213650.24782540355227, 541364.643003548961133 ], [ 213647.729884572647279, 541351.418884558719583 ], [ 213644.475493038276909, 541338.355725077679381 ], [ 213641.877845836948836, 541329.96924336173106 ] ] ] } },
{ "type": "Feature", "properties": { "area_name": "wirye_plan_area", "spatial_id": "31021680030403", "original_area_sqm": 17550.96382137675, "intersect_area_sqm": 17550.963821376747, "allocation_ratio": 0.99999999999999978, "population_allocated": 620.99999999999989, "households_allocated": 188.99999999999997, "business_count_allocated": 4.9999999999999991, "worker_count_allocated": 4.9999999999999991 }, "geometry": { "type": "Polygon", "coordinates": [ [ [ 213411.795316041738261, 541294.8844225195935 ], [ 213363.236506238637958, 541297.213770986068994 ], [ 213295.86660370224854, 541300.407939055701718 ], [ 213295.962801707879407, 541302.30021380702965 ], [ 213296.094315568334423, 541304.888956830487587 ], [ 213300.673383480927441, 541394.956589778303169 ], [ 213389.895545822801068, 541390.647546936757863 ], [ 213434.251861598750111, 541388.505277494317852 ], [ 213481.340385542920558, 541386.231057539582253 ], [ 213501.245945821254281, 541385.269705907674506 ], [ 213500.109855521266581, 541327.351137452060357 ], [ 213434.771757572889328, 541302.846678367466666 ], [ 213434.706853346258868, 541302.823222630773671 ], [ 213411.795316041738261, 541294.8844225195935 ] ] ] } },
{ "type": "Feature", "properties": { "area_name": "wirye_plan_area", "spatial_id": "31021680030402", "original_area_sqm": 11571.170445533717, "intersect_area_sqm": 11571.170445533717, "allocation_ratio": 1.0, "population_allocated": 583.0, "households_allocated": 174.0, "business_count_allocated": 9.0, "worker_count_allocated": 10.0 }, "geometry": { "type": "Polygon", "coordinates": [ [ [ 213494.446921504335478, 541177.024247237248346 ], [ 213486.871834486664739, 541174.540641211206093 ], [ 213481.654602271708427, 541172.830263338517398 ], [ 213468.647148189542349, 541169.360532449674793 ], [ 213455.465928734804038, 541166.625574200646952 ], [ 213442.151706349366577, 541164.634515888988972 ], [ 213428.747477001714287, 541163.391978239174932 ], [ 213415.294122087885626, 541162.904089606483467 ], [ 213406.710148701997241, 541163.074204678181559 ], [ 213405.284022020961856, 541163.102448970545083 ], [ 213406.04730563017074, 541176.674689261941239 ], [ 213406.223636039212579, 541176.663722524186596 ], [ 213406.39880032785004, 541179.435071930405684 ], [ 213406.401053458277602, 541179.481504650553688 ], [ 213408.32170118598151, 541219.982483589439653 ], [ 213409.24702619414893, 541239.494987657410093 ], [ 213409.136433799809311, 541239.503902968368493 ], [ 213411.795316041738261, 541294.8844225195935 ], [ 213434.706853346258868, 541302.823222630773671 ], [ 213434.771757572889328, 541302.846678367466666 ], [ 213500.109855521266581, 541327.351137452060357 ], [ 213499.46985891534132, 541285.506705806590617 ], [ 213499.525112712057307, 541284.106732286745682 ], [ 213466.689377485919977, 541263.104478657362051 ], [ 213506.983171541709453, 541181.928356653312221 ], [ 213501.418469922093209, 541179.75154475402087 ], [ 213494.446921504335478, 541177.024247237248346 ] ] ] } },
{ "type": "Feature", "properties": { "area_name": "wirye_plan_area", "spatial_id": "31021680030506", "original_area_sqm": 15999.831816095357, "intersect_area_sqm": 15999.83181609536, "allocation_ratio": 1.0, "population_allocated": 511.0, "households_allocated": 186.0, "business_count_allocated": 9.0, "worker_count_allocated": 9.0 }, "geometry": { "type": "Polygon", "coordinates": [ [ [ 213654.756832357990788, 541064.898070333525538 ], [ 213627.160650224366691, 541077.035044885589741 ], [ 213604.867240052029956, 541056.001923903822899 ], [ 213589.19223760694149, 541092.646577876177616 ], [ 213531.135118496866198, 541193.805331535404548 ], [ 213542.6733813174651, 541200.74056996172294 ], [ 213550.001496440614574, 541205.725075810565613 ], [ 213553.804310400155373, 541208.311904893722385 ], [ 213555.359223231120268, 541209.502236939850263 ], [ 213560.480492109898478, 541213.422400534967892 ], [ 213564.494410301180324, 541216.494944458594546 ], [ 213570.988250186870573, 541222.070866563240997 ], [ 213574.70780413976172, 541225.264597220811993 ], [ 213584.413830846344354, 541234.593082266277634 ], [ 213593.581224058987573, 541244.451619420084171 ], [ 213595.242878483433742, 541246.452550003421493 ], [ 213671.126452077965951, 541185.087102434947155 ], [ 213644.810059926414397, 541155.396227303775959 ], [ 213694.139402738306671, 541112.342772965552285 ], [ 213674.501696506980807, 541088.684980642865412 ], [ 213654.756832357990788, 541064.898070333525538 ] ] ] } },
{ "type": "Feature", "properties": { "area_name": "wirye_plan_area", "spatial_id": "31021680030503", "original_area_sqm": 16327.34003172387, "intersect_area_sqm": 16327.340031723868, "allocation_ratio": 0.99999999999999989, "population_allocated": 608.99999999999989, "households_allocated": 215.99999999999997, "business_count_allocated": 10.999999999999998, "worker_count_allocated": 28.999999999999996 }, "geometry": { "type": "Polygon", "coordinates": [ [ [ 213849.951067304384196, 541153.01608834147919 ], [ 213793.664035567053361, 541108.738655483815819 ], [ 213792.40727176296059, 541107.749987922026776 ], [ 213724.059999603166943, 541053.985618074075319 ], [ 213716.023394726129482, 541047.663711906061508 ], [ 213674.501696506980807, 541088.684980642865412 ], [ 213694.139402738306671, 541112.342772965552285 ], [ 213644.810059926414397, 541155.396227303775959 ], [ 213671.126452077965951, 541185.087102434947155 ], [ 213683.577348490041913, 541199.134465299779549 ], [ 213732.254367133456981, 541158.260328499833122 ], [ 213777.65202291397145, 541212.951392941409722 ], [ 213849.951067304384196, 541153.01608834147919 ] ] ] } },
{ "type": "Feature", "properties": { "area_name": "wirye_plan_area", "spatial_id": "31021680030502", "original_area_sqm": 18371.737751663084, "intersect_area_sqm": 18371.737751663095, "allocation_ratio": 1.0, "population_allocated": 599.0, "households_allocated": 213.0, "business_count_allocated": 27.0, "worker_count_allocated": 53.0 }, "geometry": { "type": "Polygon", "coordinates": [ [ [ 213762.549563543812837, 541355.586015106295235 ], [ 213764.214434743189486, 541355.718103426974267 ], [ 213772.53066362766549, 541356.724741977523081 ], [ 213790.022206023946637, 541358.842527487548068 ], [ 213797.468135041272035, 541359.744609637884423 ], [ 213801.195001737680286, 541360.035704070352949 ], [ 213805.053940147394314, 541360.00277175125666 ], [ 213808.653925924911164, 541359.676842605113052 ], [ 213812.334067654650426, 541359.02680951775983 ], [ 213814.002588318311609, 541358.585087843937799 ], [ 213815.94810741848778, 541358.070000249659643 ], [ 213819.46700793504715, 541356.812068956438452 ], [ 213822.867910822853446, 541355.262186831096187 ], [ 213824.596945970581146, 541354.540071214665659 ], [ 213825.497011387662496, 541354.276140428846702 ], [ 213826.414017567032715, 541354.081129342666827 ], [ 213827.342966356081888, 541353.954106972087175 ], [ 213827.051066589978291, 541347.299162583774887 ], [ 213826.91111055194051, 541344.13333819899708 ], [ 213826.745102723391028, 541340.353322912822478 ], [ 213826.661357732664328, 541338.452309104031883 ], [ 213826.148791333776899, 541338.519718955038115 ], [ 213824.096345508150989, 541317.30483323673252 ], [ 213791.083890578302089, 541275.845845652627759 ], [ 213794.922921996359946, 541251.278169901343063 ], [ 213866.324106430809479, 541190.627813676837832 ], [ 213865.556645826494787, 541165.292077639955096 ], [ 213861.145470234099776, 541161.82206115743611 ], [ 213849.951067304384196, 541153.01608834147919 ], [ 213777.65202291397145, 541212.951392941409722 ], [ 213731.271005743124988, 541252.943855060730129 ], [ 213638.050937612890266, 541318.938170223380439 ], [ 213640.492322920239531, 541325.496380290598609 ], [ 213641.877845836948836, 541329.96924336173106 ], [ 213655.163020633917768, 541327.237844179617241 ], [ 213700.873150834435364, 541324.878267942694947 ], [ 213718.70236511627445, 541359.758109394577332 ], [ 213726.79346423476818, 541373.188986973138526 ], [ 213729.447329543036176, 541372.36153405031655 ], [ 213732.646488560945727, 541371.068589595495723 ], [ 213735.72846643262892, 541369.517518210108392 ], [ 213738.672505388996797, 541367.718612768570893 ], [ 213750.003479200648144, 541359.430788577068597 ], [ 213751.391475994343637, 541358.500876902253367 ], [ 213751.806362477160292, 541358.270887912251055 ], [ 213752.852466082287719, 541357.691003410844132 ], [ 213754.376517293014331, 541357.005916208843701 ], [ 213755.952607658342458, 541356.450052312109619 ], [ 213757.568500524299452, 541356.028059816802852 ], [ 213759.213484346604673, 541355.741973155643791 ], [ 213760.878342370910104, 541355.594048406346701 ], [ 213762.549563543812837, 541355.586015106295235 ] ] ] } },
{ "type": "Feature", "properties": { "area_name": "wirye_plan_area", "spatial_id": "31021680030505", "original_area_sqm": 13461.320564473055, "intersect_area_sqm": 13461.32056447305, "allocation_ratio": 0.99999999999999956, "population_allocated": 516.99999999999977, "households_allocated": 181.99999999999991, "business_count_allocated": 9.9999999999999964, "worker_count_allocated": 9.9999999999999964 }, "geometry": { "type": "Polygon", "coordinates": [ [ [ 213732.254367133456981, 541158.260328499833122 ], [ 213683.577348490041913, 541199.134465299779549 ], [ 213671.126452077965951, 541185.087102434947155 ], [ 213595.242878483433742, 541246.452550003421493 ], [ 213602.181346718774876, 541254.807851379853673 ], [ 213604.950402942253277, 541258.551062805810943 ], [ 213610.187353916669963, 541265.630418763263151 ], [ 213617.574617485370254, 541276.885180455632508 ], [ 213621.956218739360338, 541284.455496446928009 ], [ 213624.3183144783834, 541288.536586118279956 ], [ 213630.398236515291501, 541300.547510899137706 ], [ 213633.729787992138881, 541308.160073694423772 ], [ 213635.795473609381588, 541312.879947649431415 ], [ 213638.050937612890266, 541318.938170223380439 ], [ 213731.271005743124988, 541252.943855060730129 ], [ 213777.65202291397145, 541212.951392941409722 ], [ 213732.254367133456981, 541158.260328499833122 ] ] ] } },
{ "type": "Feature", "properties": { "area_name": "wirye_plan_area", "spatial_id": "31021680030504", "original_area_sqm": 12888.543233318607, "intersect_area_sqm": 12888.543233318609, "allocation_ratio": 1.0, "population_allocated": 477.0, "households_allocated": 177.0, "business_count_allocated": 8.0, "worker_count_allocated": 15.0 }, "geometry": { "type": "Polygon", "coordinates": [ [ [ 213448.118336414336227, 541034.456100533134304 ], [ 213445.270738010498462, 541034.690286991535686 ], [ 213425.642033415060723, 541036.304178138496354 ], [ 213368.980957268708153, 541054.140916488249786 ], [ 213363.823756007768679, 541055.764405912254006 ], [ 213342.725372083834372, 541062.406131213996559 ], [ 213295.892840852029622, 541068.547292153351009 ], [ 213284.098700854374329, 541068.937262987252325 ], [ 213285.185590269567911, 541090.316477494547144 ], [ 213286.167312005825806, 541109.626696863095276 ], [ 213289.163846202543937, 541168.567138136830181 ], [ 213290.438584378629457, 541168.506178747513331 ], [ 213290.477210447570542, 541168.50438409904018 ], [ 213363.546538870665245, 541165.004627090296708 ], [ 213360.357686148694484, 541105.469421642599627 ], [ 213375.053602123080054, 541104.645875448710285 ], [ 213429.582479952572612, 541101.590305179241113 ], [ 213449.232271838583983, 541100.489231779472902 ], [ 213448.118336414336227, 541034.456100533134304 ] ] ] } },
{ "type": "Feature", "properties": { "area_name": "wirye_plan_area", "spatial_id": "31021680030501", "original_area_sqm": 13260.168194661172, "intersect_area_sqm": 13260.168194661172, "allocation_ratio": 1.0, "population_allocated": 507.0, "households_allocated": 173.0, "business_count_allocated": 16.0, "worker_count_allocated": 22.0 }, "geometry": { "type": "Polygon", "coordinates": [ [ [ 213503.313138869620161, 541097.458793861558661 ], [ 213518.319875316054095, 541096.617888774606399 ], [ 213518.567083111964166, 541028.663799447240308 ], [ 213448.118336414336227, 541034.456100533134304 ], [ 213449.232271838583983, 541100.489231779472902 ], [ 213429.582479952572612, 541101.590305179241113 ], [ 213375.053602123080054, 541104.645875448710285 ], [ 213360.357686148694484, 541105.469421642599627 ], [ 213363.546538870665245, 541165.004627090296708 ], [ 213370.589378273551119, 541164.667364828870632 ], [ 213401.834562234900659, 541163.170970969251357 ], [ 213405.284022020961856, 541163.102448970545083 ], [ 213406.710148701997241, 541163.074204678181559 ], [ 213415.294122087885626, 541162.904089606483467 ], [ 213428.747477001714287, 541163.391978239174932 ], [ 213442.151706349366577, 541164.634515888988972 ], [ 213455.465928734804038, 541166.625574200646952 ], [ 213468.647148189542349, 541169.360532449674793 ], [ 213481.654602271708427, 541172.830263338517398 ], [ 213486.871834486664739, 541174.540641211206093 ], [ 213503.313138869620161, 541097.458793861558661 ] ] ] } },
{ "type": "Feature", "properties": { "area_name": "wirye_plan_area", "spatial_id": "31021680030507", "original_area_sqm": 16856.119513310739, "intersect_area_sqm": 16856.119513310747, "allocation_ratio": 1.0, "population_allocated": 576.0, "households_allocated": 201.0, "business_count_allocated": 6.0, "worker_count_allocated": 18.0 }, "geometry": { "type": "Polygon", "coordinates": [ [ [ 213604.867240052029956, 541056.001923903822899 ], [ 213627.160650224366691, 541077.035044885589741 ], [ 213654.756832357990788, 541064.898070333525538 ], [ 213674.501696506980807, 541088.684980642865412 ], [ 213716.023394726129482, 541047.663711906061508 ], [ 213682.068286715482827, 541020.953408250818029 ], [ 213659.036132076056674, 541017.114334414945915 ], [ 213654.46068101428682, 541017.490605070022866 ], [ 213620.133409212488914, 541020.312990372302011 ], [ 213553.01295076761744, 541025.831641321768984 ], [ 213518.567083111964166, 541028.663799447240308 ], [ 213518.319875316054095, 541096.617888774606399 ], [ 213503.313138869620161, 541097.458793861558661 ], [ 213486.871834486664739, 541174.540641211206093 ], [ 213494.446921504335478, 541177.024247237248346 ], [ 213501.418469922093209, 541179.75154475402087 ], [ 213506.983171541709453, 541181.928356653312221 ], [ 213519.226208985550329, 541187.528194184065796 ], [ 213531.135118496866198, 541193.805331535404548 ], [ 213589.19223760694149, 541092.646577876177616 ], [ 213604.867240052029956, 541056.001923903822899 ] ] ] } },
{ "type": "Feature", "properties": { "area_name": "wirye_plan_area", "spatial_id": "31021680030601", "original_area_sqm": 10395.2107633457, "intersect_area_sqm": 10395.210763345702, "allocation_ratio": 1.0, "population_allocated": 559.0, "households_allocated": 178.0, "business_count_allocated": 0.0, "worker_count_allocated": 34.0 }, "geometry": { "type": "Polygon", "coordinates": [ [ [ 213567.86597217709641, 541493.642122159712017 ], [ 213563.619558719336055, 541440.899838529760018 ], [ 213482.438881222769851, 541444.578199154697359 ], [ 213483.453550743171945, 541498.476493788184598 ], [ 213504.397992283571512, 541497.277061908971518 ], [ 213505.757756828301353, 541538.916631918167695 ], [ 213530.088391502329614, 541586.496114340610802 ], [ 213565.856458355759969, 541584.784049864392728 ], [ 213567.849970324750757, 541584.688691393239424 ], [ 213568.221713550126879, 541584.670858805649914 ], [ 213572.061943349806825, 541584.48706366145052 ], [ 213572.2271791054809, 541553.346535813296214 ], [ 213595.275142978818621, 541550.909369883826002 ], [ 213596.044176126801176, 541526.598708821227774 ], [ 213568.544301481189905, 541523.893166242050938 ], [ 213567.86597217709641, 541493.642122159712017 ] ] ] } },
{ "type": "Feature", "properties": { "area_name": "wirye_plan_area", "spatial_id": "31021680030607", "original_area_sqm": 10058.43949188389, "intersect_area_sqm": 10058.439491883888, "allocation_ratio": 0.99999999999999978, "population_allocated": 428.99999999999989, "households_allocated": 130.99999999999997, "business_count_allocated": 12.999999999999996, "worker_count_allocated": 14.999999999999996 }, "geometry": { "type": "Polygon", "coordinates": [ [ [ 213389.895545822801068, 541390.647546936757863 ], [ 213300.673383480927441, 541394.956589778303169 ], [ 213301.408178773592226, 541409.409435367793776 ], [ 213302.245506575913168, 541425.880342164309695 ], [ 213304.290740303898929, 541466.10877007257659 ], [ 213306.451541503047338, 541508.613230143906549 ], [ 213394.370427157642553, 541503.578386806766503 ], [ 213392.652520218194695, 541460.223428124329075 ], [ 213392.137936288898345, 541447.2365419017151 ], [ 213391.083450066566002, 541420.622479691519402 ], [ 213389.895545822801068, 541390.647546936757863 ] ] ] } },
{ "type": "Feature", "properties": { "area_name": "wirye_plan_area", "spatial_id": "31021680030606", "original_area_sqm": 9808.4840983730246, "intersect_area_sqm": 9808.4840983730264, "allocation_ratio": 1.0, "population_allocated": 588.0, "households_allocated": 184.0, "business_count_allocated": 13.0, "worker_count_allocated": 13.0 }, "geometry": { "type": "Polygon", "coordinates": [ [ [ 213482.411970005981857, 541443.146175692672841 ], [ 213482.438881222769851, 541444.578199154697359 ], [ 213563.619558719336055, 541440.899838529760018 ], [ 213562.970579786837334, 541432.83853157912381 ], [ 213558.916465526330285, 541382.484431874123402 ], [ 213501.245945821254281, 541385.269705907674506 ], [ 213481.340385542920558, 541386.231057539582253 ], [ 213434.251861598750111, 541388.505277494317852 ], [ 213389.895545822801068, 541390.647546936757863 ], [ 213391.083450066566002, 541420.622479691519402 ], [ 213392.137936288898345, 541447.2365419017151 ], [ 213482.411970005981857, 541443.146175692672841 ] ] ] } },
{ "type": "Feature", "properties": { "area_name": "wirye_plan_area", "spatial_id": "31021680030603", "original_area_sqm": 9109.4916993945189, "intersect_area_sqm": 9109.4916993945208, "allocation_ratio": 1.0, "population_allocated": 575.0, "households_allocated": 178.0, "business_count_allocated": 6.0, "worker_count_allocated": 6.0 }, "geometry": { "type": "Polygon", "coordinates": [ [ [ 213458.392343256855384, 541541.864451898611151 ], [ 213458.615148750541266, 541499.899052213644609 ], [ 213483.453550743171945, 541498.476493788184598 ], [ 213482.438881222769851, 541444.578199154697359 ], [ 213482.411970005981857, 541443.146175692672841 ], [ 213392.137936288898345, 541447.2365419017151 ], [ 213392.652520218194695, 541460.223428124329075 ], [ 213394.370427157642553, 541503.578386806766503 ], [ 213398.323229334928328, 541503.351874697604217 ], [ 213399.987531215389026, 541533.79602157138288 ], [ 213386.306961243477417, 541534.443180296104401 ], [ 213387.177980183972977, 541566.350013314862736 ], [ 213397.6599607077369, 541565.456879182718694 ], [ 213447.683784399967408, 541566.779299385845661 ], [ 213458.392343256855384, 541541.864451898611151 ] ] ] } },
{ "type": "Feature", "properties": { "area_name": "wirye_plan_area", "spatial_id": "31021680030602", "original_area_sqm": 8568.8231518166303, "intersect_area_sqm": 8568.8231518166322, "allocation_ratio": 1.0, "population_allocated": 414.0, "households_allocated": 129.0, "business_count_allocated": 0.0, "worker_count_allocated": 0.0 }, "geometry": { "type": "Polygon", "coordinates": [ [ [ 213671.897897067043232, 541497.277502940967679 ], [ 213673.850784108100925, 541497.409517833730206 ], [ 213677.162762388761621, 541499.626494045136496 ], [ 213676.721878485870548, 541497.686669882037677 ], [ 213676.391566145641264, 541494.384778521605767 ], [ 213675.699604455236113, 541487.466504619689658 ], [ 213567.86597217709641, 541493.642122159712017 ], [ 213568.544301481189905, 541523.893166242050938 ], [ 213596.044176126801176, 541526.598708821227774 ], [ 213595.275142978818621, 541550.909369883826002 ], [ 213572.2271791054809, 541553.346535813296214 ], [ 213572.061943349806825, 541584.48706366145052 ], [ 213587.030206057243049, 541583.770512880757451 ], [ 213598.874148004979361, 541580.200726875569671 ], [ 213633.44892974384129, 541578.545149440527894 ], [ 213651.182608122413512, 541577.6975234427955 ], [ 213661.938895367493387, 541577.182501034694724 ], [ 213675.46160911640618, 541576.534905308391899 ], [ 213674.406019933870994, 541554.48217357462272 ], [ 213674.1867308957153, 541549.884849001187831 ], [ 213674.183923682023305, 541549.829212362179533 ], [ 213674.007062997989124, 541546.134078146191314 ], [ 213673.441286912333453, 541534.291178232291713 ], [ 213673.258653677999973, 541530.477164132753387 ], [ 213672.84383352403529, 541521.819059823988937 ], [ 213672.365620867989492, 541511.836379008367658 ], [ 213672.410571218526457, 541507.967348520178348 ], [ 213671.897897067043232, 541497.277502940967679 ] ] ] } },
{ "type": "Feature", "properties": { "area_name": "wirye_plan_area", "spatial_id": "31021680030605", "original_area_sqm": 14112.980607518104, "intersect_area_sqm": 14112.980607518108, "allocation_ratio": 1.0, "population_allocated": 617.0, "households_allocated": 187.0, "business_count_allocated": 12.0, "worker_count_allocated": 19.0 }, "geometry": { "type": "Polygon", "coordinates": [ [ [ 213505.757756828301353, 541538.916631918167695 ], [ 213504.397992283571512, 541497.277061908971518 ], [ 213483.453550743171945, 541498.476493788184598 ], [ 213458.615148750541266, 541499.899052213644609 ], [ 213458.392343256855384, 541541.864451898611151 ], [ 213447.683784399967408, 541566.779299385845661 ], [ 213397.6599607077369, 541565.456879182718694 ], [ 213387.177980183972977, 541566.350013314862736 ], [ 213386.306961243477417, 541534.443180296104401 ], [ 213399.987531215389026, 541533.79602157138288 ], [ 213398.323229334928328, 541503.351874697604217 ], [ 213394.370427157642553, 541503.578386806766503 ], [ 213306.451541503047338, 541508.613230143906549 ], [ 213307.467407042480772, 541528.594603247125633 ], [ 213308.865695304732071, 541556.100649632629938 ], [ 213308.565580061287619, 541556.193794410908595 ], [ 213309.334289960796013, 541572.982264393591322 ], [ 213310.35844568524044, 541595.340844861231744 ], [ 213331.088026097597321, 541596.02013593504671 ], [ 213396.079225915833376, 541592.909598021302372 ], [ 213437.300974911806406, 541590.936672733630985 ], [ 213441.101077275641728, 541590.75486656895373 ], [ 213450.497265577549115, 541590.30515089049004 ], [ 213453.458211378601845, 541590.164211033843458 ], [ 213477.65215004546917, 541589.006041955668479 ], [ 213501.864498799928697, 541587.847172961337492 ], [ 213530.088391502329614, 541586.496114340610802 ], [ 213505.757756828301353, 541538.916631918167695 ] ] ] } },
{ "type": "Feature", "properties": { "area_name": "wirye_plan_area", "spatial_id": "31021680030604", "original_area_sqm": 11859.211302791546, "intersect_area_sqm": 11859.211302791546, "allocation_ratio": 1.0, "population_allocated": 407.0, "households_allocated": 134.0, "business_count_allocated": 0.0, "worker_count_allocated": 0.0 }, "geometry": { "type": "Polygon", "coordinates": [ [ [ 213652.019419047865085, 541377.98800853989087 ], [ 213560.87656242121011, 541382.389796194154769 ], [ 213558.916465526330285, 541382.484431874123402 ], [ 213562.970579786837334, 541432.83853157912381 ], [ 213563.619558719336055, 541440.899838529760018 ], [ 213567.86597217709641, 541493.642122159712017 ], [ 213675.699604455236113, 541487.466504619689658 ], [ 213671.071701767417835, 541441.193708498612978 ], [ 213669.518483102001483, 541425.664777474710718 ], [ 213667.489429719862528, 541405.377095310250297 ], [ 213667.435477428836748, 541404.233145890641026 ], [ 213666.973197307321243, 541394.621900712838396 ], [ 213666.777695581840817, 541390.556217308389023 ], [ 213666.202815629425459, 541381.765408366336487 ], [ 213652.019419047865085, 541377.98800853989087 ] ] ] } },
{ "type": "Feature", "properties": { "area_name": "wirye_plan_area", "spatial_id": "31021680030707", "original_area_sqm": 17098.44574092529, "intersect_area_sqm": 17098.445740925294, "allocation_ratio": 1.0, "population_allocated": 611.0, "households_allocated": 187.0, "business_count_allocated": 5.0, "worker_count_allocated": 5.0 }, "geometry": { "type": "Polygon", "coordinates": [ [ [ 212872.249469928152394, 540774.323600482428446 ], [ 212882.245633975224337, 540787.793786801863462 ], [ 212920.677309348451672, 540761.269001351669431 ], [ 212962.112301684741396, 540732.671509574283846 ], [ 212928.146738603507401, 540679.627243425231427 ], [ 212921.763797830470139, 540670.272394476574846 ], [ 212919.181143121182686, 540671.989784432807937 ], [ 212894.124108443007572, 540688.651461662608199 ], [ 212876.325015763461124, 540700.486995229846798 ], [ 212870.988831359776668, 540704.035213691066019 ], [ 212870.787741903215647, 540704.169000670895912 ], [ 212850.963785224885214, 540717.350736416061409 ], [ 212818.026060162781505, 540739.252808981575072 ], [ 212805.75279947774834, 540747.413781508570537 ], [ 212792.252812403516145, 540756.390771025442518 ], [ 212722.518893376196502, 540802.760469803703018 ], [ 212708.286375265277456, 540814.854030877817422 ], [ 212741.718308322422672, 540865.277398710721172 ], [ 212822.42163930364768, 540809.338743329513818 ], [ 212840.151311314664781, 540797.049558814382181 ], [ 212869.482142078370089, 540776.719185791676864 ], [ 212872.249469928152394, 540774.323600482428446 ] ] ] } },
{ "type": "Feature", "properties": { "area_name": "wirye_plan_area", "spatial_id": "31021680030708", "original_area_sqm": 13339.781320542485, "intersect_area_sqm": 13339.781320542485, "allocation_ratio": 1.0, "population_allocated": 519.0, "households_allocated": 165.0, "business_count_allocated": 7.0, "worker_count_allocated": 7.0 }, "geometry": { "type": "Polygon", "coordinates": [ [ [ 213077.255432520469185, 540920.503919559647329 ], [ 213096.743087636306882, 540907.80659620417282 ], [ 213074.983412528818008, 540875.200550860958174 ], [ 212987.227282798470696, 540933.348178124637343 ], [ 213005.340906469675247, 540961.596515247947536 ], [ 213022.842217705678195, 540951.130155544029549 ], [ 213058.682207240635762, 541008.059752982691862 ], [ 213059.634761266323039, 541064.8249554221984 ], [ 213090.548887995391851, 541060.296973824501038 ], [ 213123.970825258060358, 541058.746905650245026 ], [ 213133.782286951725837, 541058.182642885367386 ], [ 213135.029861392860767, 541005.894219772191718 ], [ 213077.255432520469185, 540920.503919559647329 ] ] ] } },
{ "type": "Feature", "properties": { "area_name": "wirye_plan_area", "spatial_id": "31021680030702", "original_area_sqm": 21591.968139784964, "intersect_area_sqm": 21591.968139784967, "allocation_ratio": 1.0, "population_allocated": 561.0, "households_allocated": 174.0, "business_count_allocated": 7.0, "worker_count_allocated": 7.0 }, "geometry": { "type": "Polygon", "coordinates": [ [ [ 213022.842217705678195, 540951.130155544029549 ], [ 213005.340906469675247, 540961.596515247947536 ], [ 212961.962690640037181, 540988.672970325103961 ], [ 212935.841305457666749, 540951.555058815167286 ], [ 212839.18222705097287, 541012.276865203282796 ], [ 212890.473632226348855, 541089.636802775086835 ], [ 212937.831788249342935, 541090.216853170888498 ], [ 212956.023778020316968, 541089.229992783511989 ], [ 212963.967426078510471, 541087.470135721610859 ], [ 213009.571769968082663, 541077.366956031881273 ], [ 213059.634761266323039, 541064.8249554221984 ], [ 213058.682207240635762, 541008.059752982691862 ], [ 213022.842217705678195, 540951.130155544029549 ] ] ] } },
{ "type": "Feature", "properties": { "area_name": "wirye_plan_area", "spatial_id": "31021680030701", "original_area_sqm": 9764.3554240740559, "intersect_area_sqm": 9764.3554240740541, "allocation_ratio": 0.99999999999999978, "population_allocated": 506.99999999999989, "households_allocated": 147.99999999999997, "business_count_allocated": 13.999999999999996, "worker_count_allocated": 16.999999999999996 }, "geometry": { "type": "Polygon", "coordinates": [ [ [ 213123.55054793015006, 540771.457223052857444 ], [ 213094.960414620873053, 540789.713595035718754 ], [ 213040.949671981332358, 540824.202339024981484 ], [ 213074.983412528818008, 540875.200550860958174 ], [ 213096.743087636306882, 540907.80659620417282 ], [ 213147.367587321059546, 540874.821795507334173 ], [ 213171.142200485541252, 540859.331090418738313 ], [ 213178.040636905934662, 540854.51634986512363 ], [ 213169.577864959166618, 540841.616526162950322 ], [ 213161.105370608303929, 540828.702046333812177 ], [ 213148.550540591444587, 540809.564890701905824 ], [ 213146.615413163090125, 540806.615227738395333 ], [ 213131.745473550312454, 540783.948758973972872 ], [ 213123.55054793015006, 540771.457223052857444 ] ] ] } },
{ "type": "Feature", "properties": { "area_name": "wirye_plan_area", "spatial_id": "31021680030704", "original_area_sqm": 13397.217475162632, "intersect_area_sqm": 13397.217475162633, "allocation_ratio": 1.0, "population_allocated": 458.0, "households_allocated": 140.0, "business_count_allocated": 0.0, "worker_count_allocated": 0.0 }, "geometry": { "type": "Polygon", "coordinates": [ [ [ 212874.857997296639951, 540864.899236622499302 ], [ 212865.221274364681449, 540871.651330930530094 ], [ 212822.42163930364768, 540809.338743329513818 ], [ 212741.718308322422672, 540865.277398710721172 ], [ 212760.598033136979211, 540893.752582072396763 ], [ 212783.778872167196823, 540928.714911111164838 ], [ 212793.059740821510786, 540942.712612625444308 ], [ 212811.590118346968666, 540970.660833964473568 ], [ 212906.594218680402264, 540909.995665053022094 ], [ 212874.857997296639951, 540864.899236622499302 ] ] ] } },
{ "type": "Feature", "properties": { "area_name": "wirye_plan_area", "spatial_id": "31021680030709", "original_area_sqm": 10836.918548583104, "intersect_area_sqm": 10836.918548583104, "allocation_ratio": 1.0, "population_allocated": 559.0, "households_allocated": 172.0, "business_count_allocated": 0.0, "worker_count_allocated": 7.0 }, "geometry": { "type": "Polygon", "coordinates": [ [ [ 212935.841305457666749, 540951.555058815167286 ], [ 212961.962690640037181, 540988.672970325103961 ], [ 213005.340906469675247, 540961.596515247947536 ], [ 212987.227282798470696, 540933.348178124637343 ], [ 212985.367028841690626, 540930.447035666904412 ], [ 212953.178590955212712, 540880.249042134149931 ], [ 212906.594218680402264, 540909.995665053022094 ], [ 212811.590118346968666, 540970.660833964473568 ], [ 212816.197006801434327, 540977.609188008937053 ], [ 212832.108585430629319, 541001.607920325244777 ], [ 212832.501501153601566, 541002.20034401898738 ], [ 212839.18222705097287, 541012.276865203282796 ], [ 212935.841305457666749, 540951.555058815167286 ] ] ] } },
{ "type": "Feature", "properties": { "area_name": "wirye_plan_area", "spatial_id": "31021680030703", "original_area_sqm": 7837.7667872871189, "intersect_area_sqm": 7837.7667872871189, "allocation_ratio": 1.0, "population_allocated": 595.0, "households_allocated": 186.0, "business_count_allocated": 8.0, "worker_count_allocated": 11.0 }, "geometry": { "type": "Polygon", "coordinates": [ [ [ 212922.926316886238055, 540833.070347217377275 ], [ 212915.102285238972399, 540836.701596220838837 ], [ 212901.451562197849853, 540813.674257483915426 ], [ 212882.245633975224337, 540787.793786801863462 ], [ 212872.249469928152394, 540774.323600482428446 ], [ 212869.482142078370089, 540776.719185791676864 ], [ 212840.151311314664781, 540797.049558814382181 ], [ 212822.42163930364768, 540809.338743329513818 ], [ 212865.221274364681449, 540871.651330930530094 ], [ 212874.857997296639951, 540864.899236622499302 ], [ 212906.594218680402264, 540909.995665053022094 ], [ 212953.178590955212712, 540880.249042134149931 ], [ 212922.926316886238055, 540833.070347217377275 ] ] ] } },
{ "type": "Feature", "properties": { "area_name": "wirye_plan_area", "spatial_id": "31021680030706", "original_area_sqm": 14729.633330680237, "intersect_area_sqm": 14729.633330680233, "allocation_ratio": 0.99999999999999978, "population_allocated": 507.99999999999989, "households_allocated": 151.99999999999997, "business_count_allocated": 4.9999999999999991, "worker_count_allocated": 55.999999999999986 }, "geometry": { "type": "Polygon", "coordinates": [ [ [ 213123.55054793015006, 540771.457223052857444 ], [ 213120.090236678690417, 540766.18273136310745 ], [ 213085.867207622039132, 540714.016845955513418 ], [ 213078.108455329231219, 540717.863831739639863 ], [ 213057.772098593704868, 540731.42089834890794 ], [ 213003.276097766298335, 540767.750212889513932 ], [ 212990.169237598543987, 540776.487795504857786 ], [ 212981.481914533593226, 540762.920914212823845 ], [ 212963.99694341653958, 540735.614797809859738 ], [ 212962.112301684741396, 540732.671509574283846 ], [ 212920.677309348451672, 540761.269001351669431 ], [ 212882.245633975224337, 540787.793786801863462 ], [ 212901.451562197849853, 540813.674257483915426 ], [ 212944.790518580935895, 540786.189723186311312 ], [ 212990.811014932522085, 540856.218622144777328 ], [ 213040.949671981332358, 540824.202339024981484 ], [ 213094.960414620873053, 540789.713595035718754 ], [ 213123.55054793015006, 540771.457223052857444 ] ] ] } },
{ "type": "Feature", "properties": { "area_name": "wirye_plan_area", "spatial_id": "31021680030705", "original_area_sqm": 10437.428821192207, "intersect_area_sqm": 10437.428821192208, "allocation_ratio": 1.0, "population_allocated": 588.0, "households_allocated": 191.0, "business_count_allocated": 6.0, "worker_count_allocated": 6.0 }, "geometry": { "type": "Polygon", "coordinates": [ [ [ 213040.949671981332358, 540824.202339024981484 ], [ 212990.811014932522085, 540856.218622144777328 ], [ 212944.790518580935895, 540786.189723186311312 ], [ 212901.451562197849853, 540813.674257483915426 ], [ 212915.102285238972399, 540836.701596220838837 ], [ 212922.926316886238055, 540833.070347217377275 ], [ 212953.178590955212712, 540880.249042134149931 ], [ 212985.367028841690626, 540930.447035666904412 ], [ 212987.227282798470696, 540933.348178124637343 ], [ 213074.983412528818008, 540875.200550860958174 ], [ 213040.949671981332358, 540824.202339024981484 ] ] ] } },
{ "type": "Feature", "properties": { "area_name": "wirye_plan_area", "spatial_id": "31021680030802", "original_area_sqm": 15794.615343800269, "intersect_area_sqm": 15794.615343800269, "allocation_ratio": 1.0, "population_allocated": 407.0, "households_allocated": 129.0, "business_count_allocated": 5.0, "worker_count_allocated": 15.0 }, "geometry": { "type": "Polygon", "coordinates": [ [ [ 212734.515085043560248, 540548.653197698644362 ], [ 212686.159348787041381, 540581.032294629490934 ], [ 212672.450408888224047, 540590.211661856621504 ], [ 212594.119482907903148, 540642.66020187176764 ], [ 212627.391924108931562, 540692.845115306903608 ], [ 212627.806971143261762, 540693.471170417382382 ], [ 212637.967161801469047, 540708.794968445785344 ], [ 212638.204853055765852, 540709.153575108502991 ], [ 212651.544481903663836, 540729.273082056781277 ], [ 212654.737614853627747, 540734.089268784038723 ], [ 212748.891991015058011, 540668.307410902692936 ], [ 212748.799234889593208, 540668.178467748337425 ], [ 212718.664921313378727, 540626.254938013269566 ], [ 212773.426723048061831, 540601.361656340071931 ], [ 212734.515085043560248, 540548.653197698644362 ] ] ] } },
{ "type": "Feature", "properties": { "area_name": "wirye_plan_area", "spatial_id": "31021680030804", "original_area_sqm": 18299.391937405075, "intersect_area_sqm": 18299.391937405078, "allocation_ratio": 1.0, "population_allocated": 523.0, "households_allocated": 176.0, "business_count_allocated": 6.0, "worker_count_allocated": 14.0 }, "geometry": { "type": "Polygon", "coordinates": [ [ [ 212825.209826302103465, 540534.384468083386309 ], [ 212829.557686463609571, 540575.845887582399882 ], [ 212832.775087232643273, 540606.527751262416132 ], [ 212810.435435788327595, 540622.928439200972207 ], [ 212846.233278882398736, 540665.034098768373951 ], [ 212840.022429457341786, 540668.980337116867304 ], [ 212870.988831359776668, 540704.035213691066019 ], [ 212876.325015763461124, 540700.486995229846798 ], [ 212894.124108443007572, 540688.651461662608199 ], [ 212919.181143121182686, 540671.989784432807937 ], [ 212921.763797830470139, 540670.272394476574846 ], [ 212974.444966798560927, 540635.24197506532073 ], [ 212956.968523738818476, 540607.534247405244969 ], [ 212992.779963604029035, 540582.984243114828132 ], [ 212985.55694262124598, 540576.708280867664143 ], [ 212975.930150315922219, 540570.395348716294393 ], [ 212961.764315305044875, 540561.106029973481782 ], [ 212944.241470695240423, 540554.502884394372813 ], [ 212939.400994612544309, 540552.678962844773196 ], [ 212934.85105315016699, 540550.964228196884505 ], [ 212919.290950940863695, 540548.611316775088198 ], [ 212825.209826302103465, 540534.384468083386309 ] ] ] } },
{ "type": "Feature", "properties": { "area_name": "wirye_plan_area", "spatial_id": "31021680030801", "original_area_sqm": 14804.398792956214, "intersect_area_sqm": 14804.398792956215, "allocation_ratio": 1.0, "population_allocated": 489.0, "households_allocated": 157.0, "business_count_allocated": 0.0, "worker_count_allocated": 0.0 }, "geometry": { "type": "Polygon", "coordinates": [ [ [ 212870.787741903215647, 540704.169000670895912 ], [ 212870.988831359776668, 540704.035213691066019 ], [ 212840.022429457341786, 540668.980337116867304 ], [ 212777.795196972088888, 540708.518419760628603 ], [ 212748.891991015058011, 540668.307410902692936 ], [ 212654.737614853627747, 540734.089268784038723 ], [ 212680.904065725801047, 540773.554552619927563 ], [ 212681.05987975365133, 540773.789475441211835 ], [ 212688.208954283269122, 540784.572064102510922 ], [ 212696.188910631957697, 540796.607870412641205 ], [ 212708.286375265277456, 540814.854030877817422 ], [ 212722.518893376196502, 540802.760469803703018 ], [ 212792.252812403516145, 540756.390771025442518 ], [ 212805.75279947774834, 540747.413781508570537 ], [ 212818.026060162781505, 540739.252808981575072 ], [ 212850.963785224885214, 540717.350736416061409 ], [ 212870.787741903215647, 540704.169000670895912 ] ] ] } },
{ "type": "Feature", "properties": { "area_name": "wirye_plan_area", "spatial_id": "31021680030803", "original_area_sqm": 12861.963974937429, "intersect_area_sqm": 12861.963974937429, "allocation_ratio": 1.0, "population_allocated": 446.0, "households_allocated": 145.0, "business_count_allocated": 6.0, "worker_count_allocated": 7.0 }, "geometry": { "type": "Polygon", "coordinates": [ [ [ 212821.347267803561408, 540533.800336919492111 ], [ 212810.426658403914189, 540533.800191857037134 ], [ 212785.852834217716008, 540533.799802830442786 ], [ 212758.159173755993834, 540539.259861518628895 ], [ 212740.216816566244233, 540546.254084397456609 ], [ 212736.432260085333837, 540547.729399700067006 ], [ 212735.146281606284901, 540548.230778124067001 ], [ 212734.515085043560248, 540548.653197698644362 ], [ 212773.426723048061831, 540601.361656340071931 ], [ 212718.664921313378727, 540626.254938013269566 ], [ 212748.799234889593208, 540668.178467748337425 ], [ 212748.891991015058011, 540668.307410902692936 ], [ 212777.795196972088888, 540708.518419760628603 ], [ 212840.022429457341786, 540668.980337116867304 ], [ 212846.233278882398736, 540665.034098768373951 ], [ 212810.435435788327595, 540622.928439200972207 ], [ 212832.775087232643273, 540606.527751262416132 ], [ 212829.557686463609571, 540575.845887582399882 ], [ 212825.209826302103465, 540534.384468083386309 ], [ 212821.347267803561408, 540533.800336919492111 ] ] ] } },
{ "type": "Feature", "properties": { "area_name": "wirye_plan_area", "spatial_id": "31180650010004", "original_area_sqm": 871763.81047238049, "intersect_area_sqm": 221159.67982906685, "allocation_ratio": 0.25369220099791434, "population_allocated": 725.81338705503288, "households_allocated": 399.05783216971923, "business_count_allocated": 45.918288380622499, "worker_count_allocated": 143.84347796581744 }, "geometry": { "type": "MultiPolygon", "coordinates": [ [ [ [ 213706.165420801698929, 542802.169026617426425 ], [ 213733.738633086002665, 542798.317439494770952 ], [ 213739.642179702874273, 542797.082478365860879 ], [ 213745.650362152984599, 542794.982222248218022 ], [ 213752.628046845959034, 542792.220844951574691 ], [ 213760.810161821951624, 542788.566099506919272 ], [ 213764.315180038684048, 542787.285387175856158 ], [ 213768.384288693167036, 542786.407432429492474 ], [ 213779.378961808397435, 542786.365980781847611 ], [ 213790.036971826659283, 542786.98891105747316 ], [ 213793.370750288391719, 542786.606853648787364 ], [ 213809.052028119913302, 542782.325763501343317 ], [ 213819.434896164661041, 542778.282743123127148 ], [ 213825.47542968991911, 542776.38263950694818 ], [ 213832.306950229161885, 542776.052370719145983 ], [ 213836.33930844423594, 542775.840490583679639 ], [ 213843.142216756852577, 542774.643818922224455 ], [ 213853.115070479456335, 542772.53140385390725 ], [ 213857.687352360691875, 542771.05647819605656 ], [ 213861.631018947315169, 542768.745276747387834 ], [ 213866.581670977495378, 542765.00664254790172 ], [ 213871.867729834833881, 542761.028591808746569 ], [ 213878.340988807147369, 542758.233722574310377 ], [ 213878.902433217910584, 542757.976314374129288 ], [ 213854.027815331588499, 542766.954106544028036 ], [ 213702.077119469817262, 542797.54164725006558 ], [ 213587.801304837572388, 542779.422607395681553 ], [ 213596.927535027149133, 542782.098711080965586 ], [ 213616.918076071917312, 542788.268428465584293 ], [ 213620.010150460293517, 542788.678608794230968 ], [ 213628.170909234817373, 542789.760868319077417 ], [ 213632.530577660276322, 542790.68328506546095 ], [ 213655.949402901373105, 542797.437838731333613 ], [ 213675.184980393562, 542801.471184057998471 ], [ 213684.836865825403947, 542803.321570451138541 ], [ 213693.292153751826845, 542804.665799771319143 ], [ 213697.928029328759294, 542803.724228099687025 ], [ 213706.165420801698929, 542802.169026617426425 ] ] ], [ [ [ 213892.013701100338949, 542754.923362443340011 ], [ 213898.103123177366797, 542754.894176053581759 ], [ 213903.209101168089546, 542754.798242049524561 ], [ 213908.43968471250264, 542754.334020290407352 ], [ 213912.693484245828586, 542752.511262870510109 ], [ 213917.443062258447753, 542750.014564185519703 ], [ 213920.734576065820875, 542744.065526594989933 ], [ 213922.184911235846812, 542737.369112357031554 ], [ 213921.817754411284113, 542735.712892258306965 ], [ 213920.983393861009972, 542731.949538273038343 ], [ 213920.836204537597951, 542731.47764302615542 ], [ 213916.449132734735031, 542744.424891535425559 ], [ 213887.184635641111527, 542754.987086865003221 ], [ 213892.013701100338949, 542754.923362443340011 ] ] ], [ [ [ 213942.66374537080992, 542680.151138047454879 ], [ 213952.075926390301902, 542679.893597077461891 ], [ 213969.914032265252899, 542679.803651979658753 ], [ 213980.757414305757266, 542680.842033513472416 ], [ 213980.795710158272414, 542680.845738304080442 ], [ 213984.854261201922782, 542681.051766109652817 ], [ 213995.558130238408921, 542680.800984636880457 ], [ 214009.498534933896735, 542680.960150043480098 ], [ 214016.580242902884493, 542669.36483438918367 ], [ 213938.917196030466584, 542678.116517274873331 ], [ 213937.565515750524355, 542682.10563376895152 ], [ 213942.66374537080992, 542680.151138047454879 ] ] ], [ [ [ 214042.986776606034255, 542626.127793979598209 ], [ 214047.156609900179319, 542619.300161418737844 ], [ 214082.837034393654903, 542598.47202130430378 ], [ 214108.974722104409011, 542583.214282361790538 ], [ 214161.457992514653597, 542569.199695541290566 ], [ 214218.815198167285416, 542534.565017597866245 ], [ 214265.021977095399052, 542506.223799210740253 ], [ 214315.959322928392794, 542484.260175324510783 ], [ 214344.688477984076599, 542457.414284492726438 ], [ 214348.818917666678317, 542453.625808644690551 ], [ 214276.91972681027255, 542433.334411588963121 ], [ 214129.93019215480308, 542464.320533131598495 ], [ 214033.813798074610531, 542641.147275441908278 ], [ 214042.986776606034255, 542626.127793979598209 ] ] ], [ [ [ 213274.886899195436854, 542058.774095352971926 ], [ 213266.882877468771767, 542033.826221911702305 ], [ 213178.562195381615311, 542051.529602733091451 ], [ 213151.803204108029604, 542056.893742988700978 ], [ 213142.501546498504467, 542058.758326436043717 ], [ 213043.84329760496621, 542078.534071066300385 ], [ 213020.639919685316272, 542079.645463033928536 ], [ 213020.791196820384357, 542082.807644107262604 ], [ 213021.238894898997387, 542092.168103814357892 ], [ 213021.516863802797161, 542097.979127986938693 ], [ 213021.51578126597451, 542099.106177788577043 ], [ 213021.583824314526282, 542100.535116514074616 ], [ 213023.610062498424668, 542142.846773544908501 ], [ 213027.181846156920074, 542154.689718793029897 ], [ 213028.427421425614739, 542180.675533616100438 ], [ 213029.508007615630049, 542203.255396075546741 ], [ 213029.511605940468144, 542203.331345874583349 ], [ 213049.984877816576045, 542202.088612893829122 ], [ 213101.292497646179982, 542199.869549602037296 ], [ 213168.730307658202946, 542196.696216926793568 ], [ 213176.805132785608293, 542203.994828243274242 ], [ 213182.211779651348479, 542208.881802140618674 ], [ 213190.275452524801949, 542375.252280027954839 ], [ 213191.921161391452188, 542395.722393303760327 ], [ 213059.476961148757255, 542402.627260948647745 ], [ 213039.122651784331538, 542403.772981723886915 ], [ 213039.671833424828947, 542415.253637509886175 ], [ 213042.338663245085627, 542471.007430144585669 ], [ 213044.015574699267745, 542491.196392296347767 ], [ 213044.035219822399085, 542491.434292743098922 ], [ 213044.356266948365374, 542494.671305393683724 ], [ 213048.124819053104147, 542518.120188244269229 ], [ 213052.726224121783162, 542537.440223254379816 ], [ 213053.627402523357887, 542541.224136503064074 ], [ 213054.134351777553093, 542542.817071425612085 ], [ 213055.093223857751582, 542545.834180967183784 ], [ 213055.295245788642205, 542546.467109201941639 ], [ 213057.228095927479444, 542552.539023728575557 ], [ 213060.82987899845466, 542563.855917642707936 ], [ 213069.692599040223286, 542585.889970549149439 ], [ 213080.168093297135783, 542607.203893861384131 ], [ 213086.081798601895571, 542618.183924507466145 ], [ 213093.111550509958761, 542631.237017730134539 ], [ 213095.110448720457498, 542634.950029640691355 ], [ 213097.989467244857224, 542639.460936115588993 ], [ 213106.742096928297542, 542656.548906592652202 ], [ 213108.094408866047161, 542661.867835560697131 ], [ 213109.789892327738926, 542668.536932096583769 ], [ 213118.450828432803974, 542684.618209311971441 ], [ 213124.848357853537891, 542696.496972623979673 ], [ 213138.378453465527855, 542721.622154611861333 ], [ 213139.905617013195297, 542724.458008070476353 ], [ 213140.992733597900951, 542726.477995697641745 ], [ 213150.166329500323627, 542743.509979853988625 ], [ 213153.802907627687091, 542741.737767869024538 ], [ 213169.721329532505479, 542733.979332795133814 ], [ 213186.602232001256198, 542725.751616947236471 ], [ 213188.293715151259676, 542715.089484491036274 ], [ 213202.921728348941542, 542717.791394933708943 ], [ 213255.746855501725804, 542511.436600994318724 ], [ 213591.412931792467134, 542584.261678498471156 ], [ 213668.321585345634958, 542543.063202152145095 ], [ 213519.55683765973663, 542296.472806633682922 ], [ 213227.01131650339812, 542174.579586081788875 ], [ 213187.24922721364419, 542083.731827822281048 ], [ 213356.91695389803499, 542052.33468811318744 ], [ 213274.886899195436854, 542058.774095352971926 ] ] ], [ [ [ 213302.926479268120602, 542736.263068234664388 ], [ 213308.837425558682298, 542736.9873391300207 ], [ 213332.826527035445906, 542739.926572952070273 ], [ 213345.242135741951643, 542745.015439260634594 ], [ 213350.851414233678952, 542745.955596196115948 ], [ 213351.36369339277735, 542745.97972536762245 ], [ 213369.05543827850488, 542746.810977464425378 ], [ 213380.430687211832264, 542747.78175521211233 ], [ 213398.974814809829695, 542750.376745829358697 ], [ 213406.691368627216434, 542750.706661131815054 ], [ 213226.11263241971028, 542722.074939461541362 ], [ 213302.926479268120602, 542736.263068234664388 ] ] ] ] } },
{ "type": "Feature", "properties": { "area_name": "wirye_plan_area", "spatial_id": "31180650010003", "original_area_sqm": 28198.079370599655, "intersect_area_sqm": 28195.466581186589, "allocation_ratio": 0.99990734158242744, "population_allocated": 0.0, "households_allocated": 0.0, "business_count_allocated": 0.0, "worker_count_allocated": 138.98712047995741 }, "geometry": { "type": "Polygon", "coordinates": [ [ [ 214017.993115464079892, 542804.737108579603955 ], [ 214014.38909624988446, 542802.770379293593578 ], [ 214008.5345816029876, 542799.575404238654301 ], [ 213998.740162419329863, 542795.083189711789601 ], [ 213996.212496397172799, 542794.130287062027492 ], [ 213988.65745357691776, 542791.282126870471984 ], [ 213978.334976631682366, 542788.191276016761549 ], [ 213967.823081389855361, 542785.824616278521717 ], [ 213957.171522641903721, 542784.193910202011466 ], [ 213946.433274905924918, 542783.307548609212972 ], [ 213935.658643011760432, 542783.169294308871031 ], [ 213932.280558251339244, 542783.361041838070378 ], [ 213931.424062226811657, 542758.297038263874128 ], [ 213930.465985966700828, 542735.425285945995711 ], [ 213921.817755154479528, 542735.71289463120047 ], [ 213922.184913072502241, 542737.369113518390805 ], [ 213920.734578069968848, 542744.065528515493497 ], [ 213917.44306211816729, 542750.014565979246981 ], [ 213912.693486215197481, 542752.511265399865806 ], [ 213908.439685575460317, 542754.334019676432945 ], [ 213903.209100278792903, 542754.798243645695038 ], [ 213898.103124912420753, 542754.894178760005161 ], [ 213892.01370323242736, 542754.923361885361373 ], [ 213887.184633151831804, 542754.987087763380259 ], [ 213878.902465316234156, 542757.976302789174952 ], [ 213878.340989939140854, 542758.233725253143348 ], [ 213871.867731872072909, 542761.028592790244147 ], [ 213866.581670883635525, 542765.006644860608503 ], [ 213861.631020192551659, 542768.745276283589192 ], [ 213857.687351666711038, 542771.056477368227206 ], [ 213853.115070604573702, 542772.531403036788106 ], [ 213843.14221723555238, 542774.643819295335561 ], [ 213836.339308569964487, 542775.840490760747343 ], [ 213832.306952121318318, 542776.052370977587998 ], [ 213825.475431907863822, 542776.382641441537999 ], [ 213819.434898501378484, 542778.282745357253589 ], [ 213809.052029832644621, 542782.325766129884869 ], [ 213793.370749402267393, 542786.606854680576362 ], [ 213790.036972374655306, 542786.988913080538623 ], [ 213779.378960868401919, 542786.365981722250581 ], [ 213768.384289890876971, 542786.40743349166587 ], [ 213764.315179869707208, 542787.285388672025874 ], [ 213760.810162199253682, 542788.566098609007895 ], [ 213752.628046274097869, 542792.220845101051964 ], [ 213745.650364124856424, 542794.982224657898769 ], [ 213739.642179479327751, 542797.082478828262538 ], [ 213733.738632944936398, 542798.317440433776937 ], [ 213706.165421393758152, 542802.169026486342773 ], [ 213697.92803035362158, 542803.724228903418407 ], [ 213693.292153154383413, 542804.665801805676892 ], [ 213684.836865599354496, 542803.32157106581144 ], [ 213675.184981406695442, 542801.471183798741549 ], [ 213655.949404998769751, 542797.437838717130944 ], [ 213632.530577878613258, 542790.683286413666792 ], [ 213628.170908848551335, 542789.760870589292608 ], [ 213620.010149705572985, 542788.678609320428222 ], [ 213616.761620044271694, 542801.095892225159332 ], [ 213612.514122659282293, 542823.489709410001524 ], [ 213609.422485756280366, 542835.090695331105962 ], [ 213618.940098785475129, 542832.875220702495426 ], [ 213629.699080798949581, 542831.156542513635941 ], [ 213640.551863797794795, 542830.197867173585109 ], [ 213651.445399405551143, 542830.004717485746369 ], [ 213660.523536475287983, 542830.162370871752501 ], [ 213679.114987894106889, 542830.101241939119063 ], [ 213685.19068776560016, 542829.830082477070391 ], [ 213688.551445612451062, 542829.680065360618755 ], [ 213697.036094020877499, 542829.301350048044696 ], [ 213697.687509185168892, 542829.272298941621557 ], [ 213716.2102819577849, 542827.676679506665096 ], [ 213734.651471939636394, 542825.317820873809978 ], [ 213743.186037670908263, 542823.865437890170142 ], [ 213752.979249777417863, 542822.198950420483015 ], [ 213771.162277057097526, 542818.325706179370172 ], [ 213823.907859562517842, 542805.946094623068348 ], [ 213829.718050561205018, 542804.582384679932147 ], [ 213843.241743566264631, 542811.549297284800559 ], [ 213844.207096860802267, 542812.046524704084732 ], [ 213893.813258266018238, 542846.280929199652746 ], [ 213898.485933916905196, 542849.505542422761209 ], [ 213965.172349904489238, 542895.526599692180753 ], [ 214018.079560567974113, 542932.03845917142462 ], [ 214049.655753250117414, 542889.957031113095582 ], [ 214081.217033286695369, 542847.895327277248725 ], [ 214075.869351185625419, 542844.206443119095638 ], [ 214027.069970239739632, 542810.543647042475641 ], [ 214017.993115464079892, 542804.737108579603955 ] ] ] } },
{ "type": "Feature", "properties": { "area_name": "wirye_plan_area", "spatial_id": "31180650010002", "original_area_sqm": 3036311.2252437123, "intersect_area_sqm": 323378.89839291724, "allocation_ratio": 0.10650387078385251, "population_allocated": 62.304764408553716, "households_allocated": 30.353603173397964, "business_count_allocated": 23.856867055582963, "worker_count_allocated": 61.452733442282899 }, "geometry": { "type": "MultiPolygon", "coordinates": [ [ [ [ 214514.275272313563619, 543057.949087651446462 ], [ 214517.012558603077196, 543056.893651018966921 ], [ 214623.024016738694627, 542951.75730792642571 ], [ 214624.003391574718989, 542948.397137596271932 ], [ 214625.399246890854556, 542948.481786082964391 ], [ 214557.4211999202671, 542741.705960160819814 ], [ 214562.644259766762843, 542557.597570284502581 ], [ 214518.195455308945384, 542501.427272559609264 ], [ 214348.81892012435128, 542453.625809338293038 ], [ 214344.688478848751402, 542457.414286833722144 ], [ 214315.959323033719556, 542484.26017690077424 ], [ 214265.021978795848554, 542506.223798448801972 ], [ 214218.815198392345337, 542534.565017591463402 ], [ 214161.457992020266829, 542569.199697767617181 ], [ 214108.974721671140287, 542583.214283061330207 ], [ 214082.837037156976294, 542598.47202276927419 ], [ 214148.264717114245286, 542643.918254366493784 ], [ 214216.786345123924548, 542691.513593161595054 ], [ 214273.982346139644505, 542731.242122224881314 ], [ 214269.232520219462458, 542738.079983246629126 ], [ 214266.429115802515298, 542741.465072116581723 ], [ 214263.095256250555394, 542744.329338292125612 ], [ 214259.326223527896218, 542746.591246143565513 ], [ 214255.230296877241926, 542748.185948815429583 ], [ 214250.924264450237388, 542749.068248696974479 ], [ 214248.923704536398873, 542749.30402418912854 ], [ 214236.799664580408717, 542751.945237539010122 ], [ 214230.288593266159296, 542754.04222335992381 ], [ 214226.865625314705539, 542755.489239089074545 ], [ 214221.514445238019107, 542757.751350268023089 ], [ 214213.528143720846856, 542762.944062678143382 ], [ 214207.52221133079729, 542767.652889851597138 ], [ 214200.27685730624944, 542773.891055044252425 ], [ 214190.397820085927378, 542783.221595694427378 ], [ 214183.859982364694588, 542788.36177582514938 ], [ 214176.503407609852729, 542792.24079638987314 ], [ 214167.482294832298066, 542795.999630542239174 ], [ 214166.950507157511311, 542796.183180338586681 ], [ 214165.119409377861302, 542796.815317817381583 ], [ 214160.889640724722994, 542798.275454534217715 ], [ 214118.002819376124535, 542810.150305793620646 ], [ 214105.656665112066548, 542813.568852213094942 ], [ 214100.467532685084734, 542815.005686587421224 ], [ 214081.217033286695369, 542847.895327277248725 ], [ 214141.521251115133055, 542889.494321770267561 ], [ 214147.249931481084786, 542881.307913076248951 ], [ 214175.201773229782702, 542840.786670093541034 ], [ 214169.737141560879536, 542821.047955618938431 ], [ 214189.910634361440316, 542812.644040693179704 ], [ 214197.881289156124694, 542808.325902325450443 ], [ 214205.059053220815258, 542802.363086885074154 ], [ 214214.909433806868037, 542793.060004633851349 ], [ 214219.408411552663893, 542788.811065378831699 ], [ 214232.466947190143401, 542778.574836271698587 ], [ 214239.720076828118181, 542776.297314140247181 ], [ 214246.269614062097389, 542774.11589987075422 ], [ 214249.742515536723658, 542773.495683124870993 ], [ 214256.667086502537131, 542773.99254343227949 ], [ 214265.411593460419681, 542772.963946050149389 ], [ 214278.599678075726843, 542767.286851617041975 ], [ 214285.428097012423677, 542764.865819310070947 ], [ 214295.910466561967041, 542762.036818034132011 ], [ 214306.702334589353995, 542760.851823396165855 ], [ 214312.543926458864007, 542760.922862979699858 ], [ 214315.790551159181632, 542760.299845463596284 ], [ 214320.716185679892078, 542763.721278787008487 ], [ 214349.824261473899242, 542783.940499269403517 ], [ 214351.310061493160902, 542785.20340025133919 ], [ 214352.522142978006741, 542786.731152849621139 ], [ 214353.414502881350927, 542788.464494521962479 ], [ 214353.953672902629478, 542790.338718637009151 ], [ 214354.118427972251084, 542792.281077876803465 ], [ 214353.903853124182206, 542794.21892680414021 ], [ 214346.380851353984326, 542829.850545410532504 ], [ 214346.020414611964952, 542831.129649384878576 ], [ 214345.493420485581737, 542832.350048889871687 ], [ 214344.80949783755932, 542833.489378440193832 ], [ 214328.861244624102255, 542856.449231646256521 ], [ 214327.077567121072207, 542859.8120261101285 ], [ 214325.963297675625654, 542863.451385968481191 ], [ 214325.558640174975153, 542867.236574102542363 ], [ 214325.878236460324842, 542871.029108052840456 ], [ 214326.911405358870979, 542874.693080399883911 ], [ 214332.015726864541648, 542887.850811818498187 ], [ 214357.009831943549216, 542952.279834153363481 ], [ 214358.273830555786844, 542954.939123766147532 ], [ 214359.914318816532614, 542957.383222701842897 ], [ 214370.559430270339362, 542970.966442717704922 ], [ 214379.322324598004343, 542982.147999129141681 ], [ 214385.231428837345447, 542987.911107448628172 ], [ 214368.197839989414206, 542994.518861116026528 ], [ 214348.060601576347835, 543002.330326269497164 ], [ 214342.265823095600354, 543004.181517018238083 ], [ 214339.010824221681105, 543004.798986192559823 ], [ 214342.334314250183525, 543012.269561642198823 ], [ 214350.338869993574917, 543030.59588747494854 ], [ 214360.226800606178585, 543053.234162644483149 ], [ 214363.028879084158689, 543059.649441151414067 ], [ 214373.163113043643534, 543082.85185638430994 ], [ 214365.137911027763039, 543094.106015738099813 ], [ 214350.220501450967276, 543112.105923781171441 ], [ 214314.344676116830669, 543129.034731287509203 ], [ 214305.025712405709783, 543130.802774499170482 ], [ 214290.91452453203965, 543128.629780319985002 ], [ 214287.276696660061134, 543128.055634974734858 ], [ 214264.211267755745212, 543124.415105846361257 ], [ 214257.592909746803343, 543123.412163597648032 ], [ 214250.630536965967622, 543122.837370612891391 ], [ 214243.59339176650974, 543123.118522973963991 ], [ 214236.419294384075329, 543124.321326726232655 ], [ 214231.275963199150283, 543125.912666875869036 ], [ 214226.669605378061533, 543127.737352433847263 ], [ 214223.90363818014157, 543129.06500355747994 ], [ 214221.581929556879913, 543130.377211355022155 ], [ 214219.258480755408527, 543131.791448659030721 ], [ 214214.920718871289864, 543134.918690255144611 ], [ 214212.893209231842775, 543136.743066437426023 ], [ 214209.064061659038998, 543140.47164830006659 ], [ 214205.095137356518535, 543145.428787973476574 ], [ 214201.446562609402463, 543151.285793635062873 ], [ 214191.643194226897322, 543160.288599987863563 ], [ 214185.12149168344331, 543171.186793992761523 ], [ 214183.911125860904576, 543174.026120213791728 ], [ 214180.835845957219135, 543177.197278818814084 ], [ 214178.131461832002969, 543178.532064977567643 ], [ 214174.853290871687932, 543178.803971521905623 ], [ 214173.082255720481044, 543178.524455454084091 ], [ 214170.184261871618219, 543177.171920600347221 ], [ 214156.67273776512593, 543167.83720716892276 ], [ 214144.995435867982451, 543159.76974163542036 ], [ 214142.287868460873142, 543157.899208997143432 ], [ 214106.055868378083687, 543132.867711191647686 ], [ 214086.531562181568006, 543119.378990886965767 ], [ 214078.242239168757806, 543113.740096567780711 ], [ 214074.685691596067045, 543118.958731938269921 ], [ 214041.38992530759424, 543167.814772234414704 ], [ 214032.447700079588685, 543161.730531073408201 ], [ 214021.810545677813934, 543154.44950896454975 ], [ 213984.465016743692104, 543128.886886198422872 ], [ 213915.700132114841836, 543081.818150754319504 ], [ 213897.350776311621303, 543069.258148218970746 ], [ 213899.568797088781139, 543057.387313670944422 ], [ 213862.443888916430296, 543032.931019642855972 ], [ 213827.438765569939278, 543083.685045433230698 ], [ 213821.46627554675797, 543092.344544696155936 ], [ 213799.928768379817484, 543123.571753863594495 ], [ 213764.110155050060712, 543175.505231733433902 ], [ 213752.929433843732113, 543193.511169126722962 ], [ 213765.478486108331708, 543201.842365453601815 ], [ 213784.406637151754694, 543214.408541708951816 ], [ 213791.036044606851647, 543218.812120634014718 ], [ 213794.80338657804532, 543221.314736706321128 ], [ 213797.135207867249846, 543222.863643767312169 ], [ 213801.484827478416264, 543225.753006967366673 ], [ 213815.345062611508183, 543234.959817476687022 ], [ 213826.114846259704791, 543242.113893803907558 ], [ 213834.260722648701631, 543247.5240320781013 ], [ 213851.962407982617151, 543256.88310080289375 ], [ 213871.28678252993268, 543269.720696068834513 ], [ 213889.842656478722347, 543282.047603911720216 ], [ 213907.536282745219069, 543296.200672463746741 ], [ 213920.377697018149775, 543304.73120501905214 ], [ 213928.924917683732929, 543310.409181985538453 ], [ 213937.587778830813477, 543316.163205118617043 ], [ 213939.499598908645567, 543317.322124875616282 ], [ 213950.546425267646555, 543324.018187376437709 ], [ 213963.05783202155726, 543331.60208510432858 ], [ 213973.190931476390688, 543337.744171787053347 ], [ 213987.958992012776434, 543346.695802878006361 ], [ 213993.200813864328666, 543350.255874872440472 ], [ 214004.618366502516437, 543357.99222700833343 ], [ 214004.980012832646025, 543358.23724636004772 ], [ 214007.188564456242602, 543359.733980109565891 ], [ 214008.295585111918626, 543361.019976834999397 ], [ 214014.465389308985323, 543365.822081925231032 ], [ 214018.572304389148485, 543368.939147311612032 ], [ 214017.612368930131197, 543370.436057573067956 ], [ 214015.563187507068506, 543373.629074694472365 ], [ 214013.993158947821939, 543376.188976413453929 ], [ 214012.623261527565774, 543379.7189350228291 ], [ 214011.173083911504364, 543383.145024124649353 ], [ 214010.78908545136801, 543384.094969541882165 ], [ 214009.104480494104791, 543383.778898432152346 ], [ 214008.856473290390568, 543386.002882634289563 ], [ 214008.799049249908421, 543386.511782880756073 ], [ 214007.418762979272287, 543392.173249332001433 ], [ 214223.018461812636815, 543152.136571218376048 ], [ 214470.40720955125289, 543094.098789959447458 ], [ 214462.828071788331727, 543051.729514605831355 ], [ 214482.177340249181725, 543091.441307781380601 ], [ 214513.808034886606038, 543060.071721680578776 ], [ 214514.275272313563619, 543057.949087651446462 ] ] ], [ [ [ 214370.131341677973978, 541316.87126651359722 ], [ 214307.185249296424445, 541296.192432552808896 ], [ 214300.752131018263754, 541296.797236736747436 ], [ 214276.582368801784469, 541299.069791217334569 ], [ 214265.662462331034476, 541299.159677604562603 ], [ 214246.575535250914982, 541302.28535369259771 ], [ 214220.477797034167452, 541301.16490326996427 ], [ 214196.687825902976329, 541308.179497619275935 ], [ 214170.288020250940463, 541318.600022206548601 ], [ 214135.00028504349757, 541313.122432233183645 ], [ 214127.133382209576666, 541311.881278199143708 ], [ 214075.5918755173916, 541303.837494675070047 ], [ 214028.55546741708531, 541291.295895824674517 ], [ 213925.963955307437573, 541312.502049430622719 ], [ 213912.587099928117823, 541315.259875082178041 ], [ 213903.434130089677637, 541317.231600851286203 ], [ 213880.62323688014294, 541322.159241723595187 ], [ 213867.053179634531261, 541324.79009389760904 ], [ 213867.357138855411904, 541329.965003174962476 ], [ 213826.661510581412585, 541338.452271753107198 ], [ 213826.745255552261369, 541340.353289377177134 ], [ 213826.911263400572352, 541344.133300848072395 ], [ 213827.051219438551925, 541347.299125233548693 ], [ 213827.343123019614723, 541353.954069640953094 ], [ 213827.501318404916674, 541354.701511680032127 ], [ 213830.121234747464769, 541354.5971747438889 ], [ 213871.789620429946808, 541352.937831156421453 ], [ 213885.528520285326522, 541355.079111113096587 ], [ 213894.093024470057571, 541354.187200744636357 ], [ 213907.118144208594458, 541356.685337700531818 ], [ 213916.75316298607504, 541360.432488290593028 ], [ 213923.480840940290364, 541366.075275314389728 ], [ 213925.244921194302151, 541367.155875801225193 ], [ 213926.954667305952171, 541376.134487646748312 ], [ 213926.423168259701924, 541379.522840898483992 ], [ 213924.412007939245086, 541392.344961473019794 ], [ 213918.556055007415125, 541410.826174719957635 ], [ 213912.685539360740222, 541420.970627384143881 ], [ 213906.221642740099924, 541432.140250694821589 ], [ 213905.620606576325372, 541433.137365787057206 ], [ 213899.672030493384227, 541452.445616130949929 ], [ 213896.889772659225855, 541461.477112152264453 ], [ 213892.348957882088143, 541477.469693505321629 ], [ 213891.324491861130809, 541481.077916292939335 ], [ 213890.020265600876883, 541488.049920189077966 ], [ 213873.59167989436537, 541532.580771062755957 ], [ 213872.150869410455925, 541536.505214380216785 ], [ 213859.525255628192099, 541570.891938976361416 ], [ 213852.040206276811659, 541597.764902694150805 ], [ 213846.727622007863829, 541616.839031326817349 ], [ 213832.621761666581733, 541640.457035478320904 ], [ 213830.335046844702447, 541645.429316252004355 ], [ 213823.654131996037904, 541659.958044043160044 ], [ 213822.696220118901692, 541661.413648025947623 ], [ 213803.185072369931731, 541691.060306415543891 ], [ 213802.249448454705998, 541692.481915275100619 ], [ 213802.139620097121224, 541692.648800339782611 ], [ 213788.396013290766859, 541727.438151207752526 ], [ 213786.68685623104102, 541739.132917288457975 ], [ 213784.38493743762956, 541754.882680340320803 ], [ 213938.823940234316979, 541427.199270883807912 ], [ 214437.463645176932914, 541416.714302153210156 ], [ 214389.342386665608501, 541310.337183245341294 ], [ 214370.131341677973978, 541316.87126651359722 ] ] ], [ [ [ 213745.376949509140104, 541807.749557223520242 ], [ 213714.97754528655787, 541822.369033225113526 ], [ 213708.349744290899253, 541825.556449287105352 ], [ 213682.770197045087116, 541837.858167229918763 ], [ 213652.029007612814894, 541845.11995058960747 ], [ 213595.59811824868666, 541885.994691762607545 ], [ 213594.526690911588958, 541888.987692599766888 ], [ 213762.672813707438763, 541800.95072404446546 ], [ 213764.593936268967809, 541796.874551707529463 ], [ 213745.376949509140104, 541807.749557223520242 ] ] ], [ [ [ 213979.755288215383189, 543394.232315237284638 ], [ 213965.879318312712712, 543394.185024143080227 ], [ 213962.66628693707753, 543394.360037933336571 ], [ 213936.901575930503896, 543395.804633610649034 ], [ 213935.117164292401867, 543396.305988735053688 ], [ 213979.870924428687431, 543394.233297021477483 ], [ 213979.755288215383189, 543394.232315237284638 ] ] ] ] } },
{ "type": "Feature", "properties": { "area_name": "wirye_plan_area", "spatial_id": "31180650010001", "original_area_sqm": 30435.105298516395, "intersect_area_sqm": 30435.105298516399, "allocation_ratio": 1.0, "population_allocated": 0.0, "households_allocated": 0.0, "business_count_allocated": 100.0, "worker_count_allocated": 703.0 }, "geometry": { "type": "Polygon", "coordinates": [ [ [ 213191.921161391452188, 542395.722393303760327 ], [ 213190.275452524801949, 542375.252280027954839 ], [ 213182.211779651348479, 542208.881802140618674 ], [ 213176.805132785608293, 542203.994828243274242 ], [ 213168.730307658202946, 542196.696216926793568 ], [ 213101.292497646179982, 542199.869549602037296 ], [ 213049.984877816576045, 542202.088612893829122 ], [ 213029.511605940468144, 542203.331345874583349 ], [ 213029.79485770087922, 542209.221230056951754 ], [ 213030.121910046611447, 542216.056328791892156 ], [ 213031.397431113786297, 542242.638343734433874 ], [ 213032.461729976115748, 542264.81865840149112 ], [ 213033.64197242402588, 542289.410963498754427 ], [ 213036.658767565677408, 542352.282990243751556 ], [ 213037.009500637708697, 542359.594307283638045 ], [ 213037.68509817335871, 542373.719202874461189 ], [ 213039.122651784331538, 542403.772981723886915 ], [ 213059.476961148757255, 542402.627260948647745 ], [ 213191.921161391452188, 542395.722393303760327 ] ] ] } },
{ "type": "Feature", "properties": { "area_name": "wirye_plan_area", "spatial_id": "31180650010102", "original_area_sqm": 9471.3404264807596, "intersect_area_sqm": 9471.3404264807559, "allocation_ratio": 0.99999999999999967, "population_allocated": 552.99999999999977, "households_allocated": 203.99999999999994, "business_count_allocated": 0.0, "worker_count_allocated": 0.0 }, "geometry": { "type": "Polygon", "coordinates": [ [ [ 214141.521251115133055, 542889.494321770267561 ], [ 214115.318819589912891, 542933.273770206375048 ], [ 214097.966270565753803, 542962.266704026376829 ], [ 214086.955443007085705, 542980.663908830028959 ], [ 214071.891218730452238, 543005.833542572334409 ], [ 214092.846557671175105, 543020.291446999646723 ], [ 214117.657041717815446, 543037.409198264125735 ], [ 214126.341522970149526, 543043.162235718918964 ], [ 214146.982172753574559, 543012.875434952322394 ], [ 214157.307390107860556, 542997.724803452612832 ], [ 214174.585991257947171, 542972.37125331198331 ], [ 214191.807017763814656, 542947.102227755705826 ], [ 214196.635390737501439, 542940.017187575576827 ], [ 214201.974947493843501, 542932.182355903671123 ], [ 214202.440464528277516, 542931.517657004646026 ], [ 214141.521251115133055, 542889.494321770267561 ] ] ] } },
{ "type": "Feature", "properties": { "area_name": "wirye_plan_area", "spatial_id": "31180650010101", "original_area_sqm": 10850.312228378445, "intersect_area_sqm": 10850.312228378441, "allocation_ratio": 0.99999999999999967, "population_allocated": 514.99999999999977, "households_allocated": 205.99999999999994, "business_count_allocated": 0.0, "worker_count_allocated": 29.999999999999989 }, "geometry": { "type": "Polygon", "coordinates": [ [ [ 214081.217033286695369, 542847.895327277248725 ], [ 214049.655753250117414, 542889.957031113095582 ], [ 214018.079560567974113, 542932.03845917142462 ], [ 214001.233001517393859, 542956.476333279628307 ], [ 214001.000115935312351, 542956.813933126511984 ], [ 214001.772221309744054, 542957.455792871885933 ], [ 214015.753576298971893, 542967.102024817140773 ], [ 214071.891218730452238, 543005.833542572334409 ], [ 214086.955443007085705, 542980.663908830028959 ], [ 214097.966270565753803, 542962.266704026376829 ], [ 214115.318819589912891, 542933.273770206375048 ], [ 214141.521251115133055, 542889.494321770267561 ], [ 214081.217033286695369, 542847.895327277248725 ] ] ] } },
{ "type": "Feature", "properties": { "area_name": "wirye_plan_area", "spatial_id": "31180650010201", "original_area_sqm": 12399.64441988452, "intersect_area_sqm": 12399.644419884524, "allocation_ratio": 1.0, "population_allocated": 476.0, "households_allocated": 148.0, "business_count_allocated": 0.0, "worker_count_allocated": 12.0 }, "geometry": { "type": "Polygon", "coordinates": [ [ [ 214332.015726864541648, 542887.850811818498187 ], [ 214277.156498573516728, 542902.671397643396631 ], [ 214239.527387972630095, 542879.831177963060327 ], [ 214204.511043645965401, 542929.908897978952155 ], [ 214209.17724818966235, 542933.127773054293357 ], [ 214212.245853441098006, 542935.244523285422474 ], [ 214270.169427920423914, 542975.201223625568673 ], [ 214301.586121860076673, 542996.872995776706375 ], [ 214306.794546946999617, 543000.016319726360962 ], [ 214309.576457426679553, 543001.262791042565368 ], [ 214312.345495282206684, 543002.503595569171011 ], [ 214318.158022161427652, 543004.298581767361611 ], [ 214324.145539574761642, 543005.374203953193501 ], [ 214330.218896605627378, 543005.714582463609986 ], [ 214336.289179404004244, 543005.315245646517724 ], [ 214339.010824221681105, 543004.798986192559823 ], [ 214342.265823095600354, 543004.181517018238083 ], [ 214348.060601576347835, 543002.330326269497164 ], [ 214368.197839989414206, 542994.518861116026528 ], [ 214385.231428837345447, 542987.911107448628172 ], [ 214379.322324598004343, 542982.147999129141681 ], [ 214370.559430270339362, 542970.966442717704922 ], [ 214359.914318816532614, 542957.383222701842897 ], [ 214358.273830555786844, 542954.939123766147532 ], [ 214357.009831943549216, 542952.279834153363481 ], [ 214332.015726864541648, 542887.850811818498187 ] ] ] } },
{ "type": "Feature", "properties": { "area_name": "wirye_plan_area", "spatial_id": "31180650010203", "original_area_sqm": 11728.949184652973, "intersect_area_sqm": 11728.949184652969, "allocation_ratio": 0.99999999999999967, "population_allocated": 511.99999999999983, "households_allocated": 163.99999999999994, "business_count_allocated": 0.0, "worker_count_allocated": 0.0 }, "geometry": { "type": "Polygon", "coordinates": [ [ [ 214320.716185679892078, 542763.721278787008487 ], [ 214315.790551159181632, 542760.299845463596284 ], [ 214312.543926458864007, 542760.922862979699858 ], [ 214306.702334589353995, 542760.851823396165855 ], [ 214295.910466561967041, 542762.036818034132011 ], [ 214285.428097012423677, 542764.865819310070947 ], [ 214278.599678075726843, 542767.286851617041975 ], [ 214265.411593460419681, 542772.963946050149389 ], [ 214256.667086502537131, 542773.99254343227949 ], [ 214249.742515536723658, 542773.495683124870993 ], [ 214246.269614062097389, 542774.11589987075422 ], [ 214239.720076828118181, 542776.297314140247181 ], [ 214232.466947190143401, 542778.574836271698587 ], [ 214219.408411552663893, 542788.811065378831699 ], [ 214214.909433806868037, 542793.060004633851349 ], [ 214276.315798991883639, 542827.219234696240164 ], [ 214239.527387972630095, 542879.831177963060327 ], [ 214277.156498573516728, 542902.671397643396631 ], [ 214332.015726864541648, 542887.850811818498187 ], [ 214326.911405358870979, 542874.693080399883911 ], [ 214325.878236460324842, 542871.029108052840456 ], [ 214325.558640174975153, 542867.236574102542363 ], [ 214325.963297675625654, 542863.451385968481191 ], [ 214327.077567121072207, 542859.8120261101285 ], [ 214328.861244624102255, 542856.449231646256521 ], [ 214344.80949783755932, 542833.489378440193832 ], [ 214345.493420485581737, 542832.350048889871687 ], [ 214346.020414611964952, 542831.129649384878576 ], [ 214346.380851353984326, 542829.850545410532504 ], [ 214353.903853124182206, 542794.21892680414021 ], [ 214354.118427972251084, 542792.281077876803465 ], [ 214353.953672902629478, 542790.338718637009151 ], [ 214353.414502881350927, 542788.464494521962479 ], [ 214352.522142978006741, 542786.731152849621139 ], [ 214351.310061493160902, 542785.20340025133919 ], [ 214349.824261473899242, 542783.940499269403517 ], [ 214320.716185679892078, 542763.721278787008487 ] ] ] } },
{ "type": "Feature", "properties": { "area_name": "wirye_plan_area", "spatial_id": "31180650010202", "original_area_sqm": 9556.3123707685936, "intersect_area_sqm": 9556.3123707685991, "allocation_ratio": 1.0, "population_allocated": 336.0, "households_allocated": 107.0, "business_count_allocated": 0.0, "worker_count_allocated": 12.0 }, "geometry": { "type": "Polygon", "coordinates": [ [ [ 214214.909433806868037, 542793.060004633851349 ], [ 214205.059053220815258, 542802.363086885074154 ], [ 214197.881289156124694, 542808.325902325450443 ], [ 214189.910634361440316, 542812.644040693179704 ], [ 214169.737141560879536, 542821.047955618938431 ], [ 214175.201773229782702, 542840.786670093541034 ], [ 214147.249931481084786, 542881.307913076248951 ], [ 214141.521251115133055, 542889.494321770267561 ], [ 214202.440464528277516, 542931.517657004646026 ], [ 214203.091743643017253, 542931.966998218907975 ], [ 214204.511043645965401, 542929.908897978952155 ], [ 214239.527387972630095, 542879.831177963060327 ], [ 214276.315798991883639, 542827.219234696240164 ], [ 214214.909433806868037, 542793.060004633851349 ] ] ] } },
{ "type": "Feature", "properties": { "area_name": "wirye_plan_area", "spatial_id": "31180650010303", "original_area_sqm": 8807.6747242795809, "intersect_area_sqm": 8807.6747242795791, "allocation_ratio": 0.99999999999999978, "population_allocated": 586.99999999999989, "households_allocated": 172.99999999999997, "business_count_allocated": 0.0, "worker_count_allocated": 0.0 }, "geometry": { "type": "Polygon", "coordinates": [ [ [ 213815.289231609232957, 542847.527285440708511 ], [ 213780.393463587301085, 542892.442029505153187 ], [ 213737.955606649338733, 542947.064365142374299 ], [ 213743.274880678480258, 542950.733390613924712 ], [ 213796.755511775932973, 542987.621942113153636 ], [ 213837.737389441725099, 542931.982063907664269 ], [ 213871.80956038198201, 542885.723301974823698 ], [ 213815.289231609232957, 542847.527285440708511 ] ] ] } },
{ "type": "Feature", "properties": { "area_name": "wirye_plan_area", "spatial_id": "31180650010302", "original_area_sqm": 11766.070042278614, "intersect_area_sqm": 11766.070042278612, "allocation_ratio": 0.99999999999999989, "population_allocated": 542.99999999999989, "households_allocated": 160.99999999999997, "business_count_allocated": 0.0, "worker_count_allocated": 19.999999999999996 }, "geometry": { "type": "Polygon", "coordinates": [ [ [ 213743.186037670908263, 542823.865437890170142 ], [ 213734.651471939636394, 542825.317820873809978 ], [ 213716.2102819577849, 542827.676679506665096 ], [ 213697.687509185168892, 542829.272298941621557 ], [ 213697.036094020877499, 542829.301350048044696 ], [ 213688.551445612451062, 542829.680065360618755 ], [ 213685.19068776560016, 542829.830082477070391 ], [ 213679.114987894106889, 542830.101241939119063 ], [ 213660.523536475287983, 542830.162370871752501 ], [ 213651.445399405551143, 542830.004717485746369 ], [ 213640.551863797794795, 542830.197867173585109 ], [ 213629.699080798949581, 542831.156542513635941 ], [ 213618.940098785475129, 542832.875220702495426 ], [ 213609.422485756280366, 542835.090695331105962 ], [ 213608.328088878013659, 542835.345387647510506 ], [ 213597.916138340719044, 542838.554914838401601 ], [ 213588.194222530699335, 542842.318328504450619 ], [ 213587.755544686078792, 542842.488069356884807 ], [ 213584.221892485424178, 542844.14998384041246 ], [ 213597.178779152105562, 542849.962620193487965 ], [ 213621.824115736875683, 542866.961932761711068 ], [ 213675.152836668916279, 542903.745728594250977 ], [ 213679.937056663475232, 542907.045659586670808 ], [ 213737.955606649338733, 542947.064365142374299 ], [ 213780.393463587301085, 542892.442029505153187 ], [ 213747.637297056557145, 542869.855893567786552 ], [ 213743.186037670908263, 542823.865437890170142 ] ] ] } },
{ "type": "Feature", "properties": { "area_name": "wirye_plan_area", "spatial_id": "31180650010301", "original_area_sqm": 11096.537038315595, "intersect_area_sqm": 11096.537038315595, "allocation_ratio": 1.0, "population_allocated": 611.0, "households_allocated": 190.0, "business_count_allocated": 11.0, "worker_count_allocated": 17.0 }, "geometry": { "type": "Polygon", "coordinates": [ [ [ 213904.493497182353167, 542954.178644348517992 ], [ 213874.225207272887928, 542957.141257124952972 ], [ 213837.737389441725099, 542931.982063907664269 ], [ 213796.755511775932973, 542987.621942113153636 ], [ 213801.061887494754046, 542990.592307077022269 ], [ 213825.559807123849168, 543007.490003845305182 ], [ 213860.381205418729223, 543031.50829150271602 ], [ 213862.443888916430296, 543032.931019642855972 ], [ 213899.568797088781139, 543057.387313670944422 ], [ 213897.350776311621303, 543069.258148218970746 ], [ 213915.700132114841836, 543081.818150754319504 ], [ 213922.350577155564679, 543072.560307390172966 ], [ 213924.211346751952078, 543069.863591618835926 ], [ 213947.379991970694391, 543036.285582281532697 ], [ 213951.926263444154756, 543027.935934467008337 ], [ 213958.779970348521601, 543018.003095563617535 ], [ 213928.834318011678988, 542999.263629858498462 ], [ 213912.393519881938118, 542968.811411697766744 ], [ 213904.493497182353167, 542954.178644348517992 ] ] ] } },
{ "type": "Feature", "properties": { "area_name": "wirye_plan_area", "spatial_id": "31180650010305", "original_area_sqm": 14278.775850567876, "intersect_area_sqm": 14278.775850567874, "allocation_ratio": 0.99999999999999989, "population_allocated": 553.99999999999989, "households_allocated": 173.99999999999997, "business_count_allocated": 4.9999999999999991, "worker_count_allocated": 7.9999999999999991 }, "geometry": { "type": "Polygon", "coordinates": [ [ [ 213893.813258266018238, 542846.280929199652746 ], [ 213844.207096860802267, 542812.046524704084732 ], [ 213843.241743566264631, 542811.549297284800559 ], [ 213829.718050561205018, 542804.582384679932147 ], [ 213823.907859562517842, 542805.946094623068348 ], [ 213771.162277057097526, 542818.325706179370172 ], [ 213752.979249777417863, 542822.198950420483015 ], [ 213743.186037670908263, 542823.865437890170142 ], [ 213747.637297056557145, 542869.855893567786552 ], [ 213780.393463587301085, 542892.442029505153187 ], [ 213815.289231609232957, 542847.527285440708511 ], [ 213871.80956038198201, 542885.723301974823698 ], [ 213939.676351096306462, 542931.555550565477461 ], [ 213993.39623096541618, 542967.834032338461839 ], [ 214001.000115935312351, 542956.813933126511984 ], [ 214001.233001517393859, 542956.476333279628307 ], [ 214018.079560567974113, 542932.03845917142462 ], [ 213965.172349904489238, 542895.526599692180753 ], [ 213898.485933916905196, 542849.505542422761209 ], [ 213893.813258266018238, 542846.280929199652746 ] ] ] } },
{ "type": "Feature", "properties": { "area_name": "wirye_plan_area", "spatial_id": "31180650010304", "original_area_sqm": 8090.1770412392207, "intersect_area_sqm": 8090.1770412392179, "allocation_ratio": 0.99999999999999967, "population_allocated": 568.99999999999977, "households_allocated": 167.99999999999994, "business_count_allocated": 0.0, "worker_count_allocated": 0.0 }, "geometry": { "type": "Polygon", "coordinates": [ [ [ 213939.676351096306462, 542931.555550565477461 ], [ 213871.80956038198201, 542885.723301974823698 ], [ 213837.737389441725099, 542931.982063907664269 ], [ 213874.225207272887928, 542957.141257124952972 ], [ 213904.493497182353167, 542954.178644348517992 ], [ 213912.393519881938118, 542968.811411697766744 ], [ 213928.834318011678988, 542999.263629858498462 ], [ 213958.779970348521601, 543018.003095563617535 ], [ 213971.182317694678204, 543000.028453128878027 ], [ 213975.959611021593446, 542993.104807375348173 ], [ 213993.39623096541618, 542967.834032338461839 ], [ 213939.676351096306462, 542931.555550565477461 ] ] ] } },
{ "type": "Feature", "properties": { "area_name": "wirye_plan_area", "spatial_id": "31180650010402", "original_area_sqm": 8304.3689729892649, "intersect_area_sqm": 8304.3689729892667, "allocation_ratio": 1.0, "population_allocated": 474.0, "households_allocated": 144.0, "business_count_allocated": 0.0, "worker_count_allocated": 0.0 }, "geometry": { "type": "Polygon", "coordinates": [ [ [ 214216.786345123924548, 542691.513593161595054 ], [ 214148.264717114245286, 542643.918254366493784 ], [ 214131.076869004260516, 542669.496587768080644 ], [ 214124.698493861331372, 542678.988774914061651 ], [ 214109.439063716999954, 542701.697381040314212 ], [ 214166.80656874977285, 542738.950013167690486 ], [ 214193.352938738389639, 542727.834526109159924 ], [ 214226.865625314705539, 542755.489239089074545 ], [ 214230.288593266159296, 542754.04222335992381 ], [ 214236.799664580408717, 542751.945237539010122 ], [ 214248.923704536398873, 542749.30402418912854 ], [ 214250.924264450237388, 542749.068248696974479 ], [ 214255.230296877241926, 542748.185948815429583 ], [ 214259.326223527896218, 542746.591246143565513 ], [ 214263.095256250555394, 542744.329338292125612 ], [ 214266.429115802515298, 542741.465072116581723 ], [ 214269.232520219462458, 542738.079983246629126 ], [ 214273.982346139644505, 542731.242122224881314 ], [ 214216.786345123924548, 542691.513593161595054 ] ] ] } },
{ "type": "Feature", "properties": { "area_name": "wirye_plan_area", "spatial_id": "31180650010401", "original_area_sqm": 16120.523083272466, "intersect_area_sqm": 16120.523083272468, "allocation_ratio": 1.0, "population_allocated": 516.0, "households_allocated": 158.0, "business_count_allocated": 0.0, "worker_count_allocated": 18.0 }, "geometry": { "type": "Polygon", "coordinates": [ [ [ 214193.352938738389639, 542727.834526109159924 ], [ 214166.80656874977285, 542738.950013167690486 ], [ 214109.439063716999954, 542701.697381040314212 ], [ 214081.056540497753303, 542743.935334773967043 ], [ 214046.555066208704375, 542722.232189044239931 ], [ 213996.212496397172799, 542794.130287062027492 ], [ 213998.740162419329863, 542795.083189711789601 ], [ 214008.5345816029876, 542799.575404238654301 ], [ 214014.38909624988446, 542802.770379293593578 ], [ 214017.993115464079892, 542804.737108579603955 ], [ 214027.069970239739632, 542810.543647042475641 ], [ 214075.869351185625419, 542844.206443119095638 ], [ 214081.217033286695369, 542847.895327277248725 ], [ 214100.467532685084734, 542815.005686587421224 ], [ 214105.656665112066548, 542813.568852213094942 ], [ 214118.002819376124535, 542810.150305793620646 ], [ 214160.889640724722994, 542798.275454534217715 ], [ 214165.119409377861302, 542796.815317817381583 ], [ 214166.950507157511311, 542796.183180338586681 ], [ 214167.482294832298066, 542795.999630542239174 ], [ 214176.503407609852729, 542792.24079638987314 ], [ 214183.859982364694588, 542788.36177582514938 ], [ 214190.397820085927378, 542783.221595694427378 ], [ 214200.27685730624944, 542773.891055044252425 ], [ 214207.52221133079729, 542767.652889851597138 ], [ 214213.528143720846856, 542762.944062678143382 ], [ 214221.514445238019107, 542757.751350268023089 ], [ 214226.865625314705539, 542755.489239089074545 ], [ 214193.352938738389639, 542727.834526109159924 ] ] ] } },
{ "type": "Feature", "properties": { "area_name": "wirye_plan_area", "spatial_id": "31180650010403", "original_area_sqm": 21576.081685436766, "intersect_area_sqm": 21183.286546742307, "allocation_ratio": 0.98179488081195099, "population_allocated": 490.89744040597549, "households_allocated": 161.9961553339719, "business_count_allocated": 0.0, "worker_count_allocated": 9.8179488081195103 }, "geometry": { "type": "Polygon", "coordinates": [ [ [ 214046.555066208704375, 542722.232189044239931 ], [ 214081.056540497753303, 542743.935334773967043 ], [ 214109.439063716999954, 542701.697381040314212 ], [ 214124.698493861331372, 542678.988774914061651 ], [ 214131.076869004260516, 542669.496587768080644 ], [ 214148.264717114245286, 542643.918254366493784 ], [ 214082.837037156976294, 542598.47202276927419 ], [ 214047.156611825135769, 542619.300160933635198 ], [ 214042.986777743120911, 542626.127793610678054 ], [ 214033.813794058456551, 542641.147282830555923 ], [ 214018.599473663110984, 542669.137291587307118 ], [ 214016.58024259773083, 542669.36483442352619 ], [ 214009.498534691840177, 542680.960149449412711 ], [ 213995.558129707671469, 542680.800985773443244 ], [ 213984.854260447929846, 542681.051766176824458 ], [ 213980.795710741018411, 542680.845739728189074 ], [ 213980.75741533949622, 542680.842033047461882 ], [ 213969.914031802589307, 542679.803651420981623 ], [ 213952.075927364261588, 542679.893597354996018 ], [ 213942.663744850928197, 542680.151138068642467 ], [ 213937.565514974325197, 542682.105636059655808 ], [ 213920.836204552964773, 542731.477642980753444 ], [ 213920.98339451503125, 542731.949540130328387 ], [ 213921.817755154479528, 542735.71289463120047 ], [ 213930.465985966700828, 542735.425285945995711 ], [ 213931.424062226811657, 542758.297038263874128 ], [ 213932.280558251339244, 542783.361041838070378 ], [ 213935.658643011760432, 542783.169294308871031 ], [ 213946.433274905924918, 542783.307548609212972 ], [ 213957.171522641903721, 542784.193910202011466 ], [ 213967.823081389855361, 542785.824616278521717 ], [ 213978.334976631682366, 542788.191276016761549 ], [ 213988.65745357691776, 542791.282126870471984 ], [ 213996.212496397172799, 542794.130287062027492 ], [ 214046.555066208704375, 542722.232189044239931 ] ] ] } },
{ "type": "Feature", "properties": { "area_name": "wirye_plan_area", "spatial_id": "31180650010504", "original_area_sqm": 18637.251203759108, "intersect_area_sqm": 18461.04828577138, "allocation_ratio": 0.99054565954703722, "population_allocated": 452.67936641299599, "households_allocated": 173.34549042073152, "business_count_allocated": 10.896002255017409, "worker_count_allocated": 42.593463360522598 }, "geometry": { "type": "Polygon", "coordinates": [ [ [ 213226.112612560915295, 542722.074936312739737 ], [ 213202.772524586209329, 542718.374240889330395 ], [ 213202.921728359069675, 542717.791394894244149 ], [ 213188.293714652449125, 542715.089484003838152 ], [ 213186.602234259102261, 542725.751617928617634 ], [ 213210.627431703353068, 542770.2309430828318 ], [ 213213.680253141093999, 542776.035694091697223 ], [ 213219.341990239627194, 542786.198761900421232 ], [ 213240.016953059734078, 542813.551175189204514 ], [ 213259.565964384470135, 542839.41391294519417 ], [ 213268.777643216657452, 542847.240378036163747 ], [ 213297.56806409091223, 542820.288512128172442 ], [ 213315.766659775661537, 542817.851835260051303 ], [ 213360.807698076911038, 542811.821098316460848 ], [ 213364.118989130161935, 542811.377796046668664 ], [ 213414.74677126907045, 542810.323229246190749 ], [ 213428.675988683971809, 542804.110757743823342 ], [ 213462.501394976716256, 542759.55563845008146 ], [ 213406.691375586553477, 542750.706662235315889 ], [ 213398.974817426787922, 542750.376747411908582 ], [ 213380.430690060049528, 542747.781754322815686 ], [ 213369.055440039519453, 542746.810976721579209 ], [ 213351.363695976673625, 542745.97972511628177 ], [ 213350.851413602475077, 542745.955595476669259 ], [ 213345.242135596578009, 542745.015438698348589 ], [ 213332.826527690776857, 542739.926575482124463 ], [ 213308.837427301681601, 542736.987338387174532 ], [ 213302.926481700822478, 542736.263071060646325 ], [ 213226.112612560915295, 542722.074936312739737 ] ] ] } },
{ "type": "Feature", "properties": { "area_name": "wirye_plan_area", "spatial_id": "31180650010503", "original_area_sqm": 11213.623680054003, "intersect_area_sqm": 10541.265593052129, "allocation_ratio": 0.94004096212022725, "population_allocated": 314.91372231027611, "households_allocated": 122.20532507562955, "business_count_allocated": 5.6402457727213635, "worker_count_allocated": 5.6402457727213635 }, "geometry": { "type": "Polygon", "coordinates": [ [ [ 213509.20390175099601, 542791.390591269941069 ], [ 213584.221892485424178, 542844.14998384041246 ], [ 213587.755544686078792, 542842.488069356884807 ], [ 213588.194222530699335, 542842.318328504450619 ], [ 213597.916138340719044, 542838.554914838401601 ], [ 213608.328088878013659, 542835.345387647510506 ], [ 213609.422485756280366, 542835.090695331105962 ], [ 213612.514122659282293, 542823.489709410001524 ], [ 213616.761620044271694, 542801.095892225159332 ], [ 213620.010149705572985, 542788.678609320428222 ], [ 213616.918076814443339, 542788.268428536481224 ], [ 213596.927534201182425, 542782.098711136262864 ], [ 213587.80130239049322, 542779.422607007669285 ], [ 213462.501394976716256, 542759.55563845008146 ], [ 213428.675988683971809, 542804.110757743823342 ], [ 213414.74677126907045, 542810.323229246190749 ], [ 213407.124313379841624, 542820.641638491419144 ], [ 213464.524574591545388, 542858.140624971245416 ], [ 213509.20390175099601, 542791.390591269941069 ] ] ] } },
{ "type": "Feature", "properties": { "area_name": "wirye_plan_area", "spatial_id": "31180650010502", "original_area_sqm": 13786.214749838571, "intersect_area_sqm": 13786.214749838571, "allocation_ratio": 1.0, "population_allocated": 469.0, "households_allocated": 177.0, "business_count_allocated": 18.0, "worker_count_allocated": 33.0 }, "geometry": { "type": "Polygon", "coordinates": [ [ [ 213509.20390175099601, 542791.390591269941069 ], [ 213464.524574591545388, 542858.140624971245416 ], [ 213480.56802594952751, 542868.621636062045582 ], [ 213469.490759494685335, 542881.484933921252377 ], [ 213427.632760362903355, 542888.409231917117722 ], [ 213391.517650521796895, 542937.611815904732794 ], [ 213404.677981203974923, 542946.690453287097625 ], [ 213416.259807494730921, 542951.033697401173413 ], [ 213426.991649969364516, 542958.436663343105465 ], [ 213435.82647463932517, 542964.530830463045277 ], [ 213447.23824089783011, 542972.112878476502374 ], [ 213448.112193496432155, 542972.715963827678934 ], [ 213457.318303470441606, 542979.06680666632019 ], [ 213462.206182510068174, 542982.438617171952501 ], [ 213462.285526351595763, 542982.493160493555479 ], [ 213462.828058222017717, 542982.867594906128943 ], [ 213497.747447529196506, 542931.449962867307477 ], [ 213503.178196912631392, 542923.453454070724547 ], [ 213507.258745589060709, 542917.445085141109303 ], [ 213521.165480693482095, 542896.967821953352541 ], [ 213527.663736678805435, 542888.222381241386756 ], [ 213534.759998781984905, 542879.954604891012423 ], [ 213542.419433120259782, 542872.206030871369876 ], [ 213545.213898339949083, 542869.750770762329921 ], [ 213550.604622394952457, 542865.014569464838132 ], [ 213559.274360056151636, 542858.415924120810814 ], [ 213568.386655856593279, 542852.443180011003278 ], [ 213577.896239201771095, 542847.12480631377548 ], [ 213584.221892485424178, 542844.14998384041246 ], [ 213509.20390175099601, 542791.390591269941069 ] ] ] } },
{ "type": "Feature", "properties": { "area_name": "wirye_plan_area", "spatial_id": "31180650010501", "original_area_sqm": 14326.165621062364, "intersect_area_sqm": 14326.165621062364, "allocation_ratio": 1.0, "population_allocated": 465.0, "households_allocated": 180.0, "business_count_allocated": 11.0, "worker_count_allocated": 26.0 }, "geometry": { "type": "Polygon", "coordinates": [ [ [ 213414.74677126907045, 542810.323229246190749 ], [ 213364.118989130161935, 542811.377796046668664 ], [ 213360.807698076911038, 542811.821098316460848 ], [ 213315.766659775661537, 542817.851835260051303 ], [ 213297.56806409091223, 542820.288512128172442 ], [ 213268.777643216657452, 542847.240378036163747 ], [ 213277.281429213588126, 542854.465243018348701 ], [ 213281.397729750926374, 542857.962611348251812 ], [ 213285.695283055654727, 542861.614400972495787 ], [ 213299.109011720196577, 542873.010420427075587 ], [ 213304.477964833436999, 542877.572364498279057 ], [ 213335.53440564556513, 542898.994699074537493 ], [ 213344.615324108832283, 542905.259139863308519 ], [ 213355.09947223047493, 542912.491222199751064 ], [ 213357.299505047907587, 542914.008813951630145 ], [ 213364.344753120240057, 542918.869080918258987 ], [ 213383.983394678012701, 542932.414217653684318 ], [ 213391.517650521796895, 542937.611815904732794 ], [ 213427.632760362903355, 542888.409231917117722 ], [ 213469.490759494685335, 542881.484933921252377 ], [ 213480.56802594952751, 542868.621636062045582 ], [ 213464.524574591545388, 542858.140624971245416 ], [ 213407.124313379841624, 542820.641638491419144 ], [ 213414.74677126907045, 542810.323229246190749 ] ] ] } },
{ "type": "Feature", "properties": { "area_name": "wirye_plan_area", "spatial_id": "31180650010603", "original_area_sqm": 9147.4784225683761, "intersect_area_sqm": 9147.4784225683779, "allocation_ratio": 1.0, "population_allocated": 537.0, "households_allocated": 171.0, "business_count_allocated": 0.0, "worker_count_allocated": 0.0 }, "geometry": { "type": "Polygon", "coordinates": [ [ [ 214250.630536965967622, 543122.837370612891391 ], [ 214257.592909746803343, 543123.412163597648032 ], [ 214264.211267755745212, 543124.415105846361257 ], [ 214287.276696660061134, 543128.055634974734858 ], [ 214291.292315518774558, 543067.817921645240858 ], [ 214213.124871244566748, 543054.659211389371194 ], [ 214193.012693918135483, 543082.673597947461531 ], [ 214172.944661392190028, 543110.626394572551362 ], [ 214162.195014249824453, 543125.599597669905052 ], [ 214142.287868460873142, 543157.899208997143432 ], [ 214144.995435867982451, 543159.76974163542036 ], [ 214156.67273776512593, 543167.83720716892276 ], [ 214170.184261871618219, 543177.171920600347221 ], [ 214173.082255720481044, 543178.524455454084091 ], [ 214174.853290871687932, 543178.803971521905623 ], [ 214178.131461832002969, 543178.532064977567643 ], [ 214180.835845957219135, 543177.197278818814084 ], [ 214183.911125860904576, 543174.026120213791728 ], [ 214185.12149168344331, 543171.186793992761523 ], [ 214191.643194226897322, 543160.288599987863563 ], [ 214201.446562609402463, 543151.285793635062873 ], [ 214205.095137356518535, 543145.428787973476574 ], [ 214209.064061659038998, 543140.47164830006659 ], [ 214212.893209231842775, 543136.743066437426023 ], [ 214214.920718871289864, 543134.918690255144611 ], [ 214219.258480755408527, 543131.791448659030721 ], [ 214221.581929556879913, 543130.377211355022155 ], [ 214223.90363818014157, 543129.06500355747994 ], [ 214226.669605378061533, 543127.737352433847263 ], [ 214231.275963199150283, 543125.912666875869036 ], [ 214236.419294384075329, 543124.321326726232655 ], [ 214243.59339176650974, 543123.118522973963991 ], [ 214250.630536965967622, 543122.837370612891391 ] ] ] } },
{ "type": "Feature", "properties": { "area_name": "wirye_plan_area", "spatial_id": "31180650010602", "original_area_sqm": 17408.291724915172, "intersect_area_sqm": 17408.291724915176, "allocation_ratio": 1.0, "population_allocated": 610.0, "households_allocated": 198.0, "business_count_allocated": 14.0, "worker_count_allocated": 31.0 }, "geometry": { "type": "Polygon", "coordinates": [ [ [ 214204.511043645965401, 542929.908897978952155 ], [ 214203.091743643017253, 542931.966998218907975 ], [ 214202.440464528277516, 542931.517657004646026 ], [ 214201.974947493843501, 542932.182355903671123 ], [ 214196.635390737501439, 542940.017187575576827 ], [ 214191.807017763814656, 542947.102227755705826 ], [ 214174.585991257947171, 542972.37125331198331 ], [ 214157.307390107860556, 542997.724803452612832 ], [ 214146.982172753574559, 543012.875434952322394 ], [ 214126.341522970149526, 543043.162235718918964 ], [ 214108.473187966796104, 543069.381106246961281 ], [ 214078.242239168757806, 543113.740096567780711 ], [ 214086.531562181568006, 543119.378990886965767 ], [ 214106.055868378083687, 543132.867711191647686 ], [ 214142.287868460873142, 543157.899208997143432 ], [ 214162.195014249824453, 543125.599597669905052 ], [ 214172.944661392190028, 543110.626394572551362 ], [ 214193.012693918135483, 543082.673597947461531 ], [ 214213.124871244566748, 543054.659211389371194 ], [ 214242.728384020505473, 543013.424048791872337 ], [ 214270.169427920423914, 542975.201223625568673 ], [ 214212.245853441098006, 542935.244523285422474 ], [ 214209.17724818966235, 542933.127773054293357 ], [ 214204.511043645965401, 542929.908897978952155 ] ] ] } },
{ "type": "Feature", "properties": { "area_name": "wirye_plan_area", "spatial_id": "31180650010601", "original_area_sqm": 12439.176935069056, "intersect_area_sqm": 12439.176935069056, "allocation_ratio": 1.0, "population_allocated": 556.0, "households_allocated": 178.0, "business_count_allocated": 6.0, "worker_count_allocated": 31.0 }, "geometry": { "type": "Polygon", "coordinates": [ [ [ 214339.010824221681105, 543004.798986192559823 ], [ 214336.289179404004244, 543005.315245646517724 ], [ 214330.218896605627378, 543005.714582463609986 ], [ 214324.145539574761642, 543005.374203953193501 ], [ 214318.158022161427652, 543004.298581767361611 ], [ 214312.345495282206684, 543002.503595569171011 ], [ 214309.576457426679553, 543001.262791042565368 ], [ 214306.794546946999617, 543000.016319726360962 ], [ 214301.586121860076673, 542996.872995776706375 ], [ 214270.169427920423914, 542975.201223625568673 ], [ 214242.728384020505473, 543013.424048791872337 ], [ 214213.124871244566748, 543054.659211389371194 ], [ 214291.292315518774558, 543067.817921645240858 ], [ 214287.276696660061134, 543128.055634974734858 ], [ 214290.91452453203965, 543128.629780319985002 ], [ 214305.025712405709783, 543130.802774499170482 ], [ 214314.344676116830669, 543129.034731287509203 ], [ 214350.220501450967276, 543112.105923781171441 ], [ 214365.137911027763039, 543094.106015738099813 ], [ 214373.163113043643534, 543082.85185638430994 ], [ 214363.028879084158689, 543059.649441151414067 ], [ 214360.226800606178585, 543053.234162644483149 ], [ 214350.338869993574917, 543030.59588747494854 ], [ 214342.334314250183525, 543012.269561642198823 ], [ 214339.010824221681105, 543004.798986192559823 ] ] ] } },
{ "type": "Feature", "properties": { "area_name": "wirye_plan_area", "spatial_id": "31180650010701", "original_area_sqm": 8113.1061164364746, "intersect_area_sqm": 8113.1061164364746, "allocation_ratio": 1.0, "population_allocated": 538.0, "households_allocated": 160.0, "business_count_allocated": 7.0, "worker_count_allocated": 7.0 }, "geometry": { "type": "Polygon", "coordinates": [ [ [ 213801.061887494754046, 542990.592307077022269 ], [ 213767.065859653434018, 543042.122403424466029 ], [ 213739.995461213315139, 543083.154810563079081 ], [ 213799.928768379817484, 543123.571753863594495 ], [ 213821.46627554675797, 543092.344544696155936 ], [ 213827.438765569939278, 543083.685045433230698 ], [ 213862.443888916430296, 543032.931019642855972 ], [ 213860.381205418729223, 543031.50829150271602 ], [ 213825.559807123849168, 543007.490003845305182 ], [ 213801.061887494754046, 542990.592307077022269 ] ] ] } },
{ "type": "Feature", "properties": { "area_name": "wirye_plan_area", "spatial_id": "31180650010706", "original_area_sqm": 7875.7156865817778, "intersect_area_sqm": 7875.7156865817778, "allocation_ratio": 1.0, "population_allocated": 510.0, "households_allocated": 155.0, "business_count_allocated": 0.0, "worker_count_allocated": 6.0 }, "geometry": { "type": "Polygon", "coordinates": [ [ [ 213743.274880678480258, 542950.733390613924712 ], [ 213708.697641012637177, 543001.939868372632191 ], [ 213680.80878628793289, 543043.24133817688562 ], [ 213739.995461213315139, 543083.154810563079081 ], [ 213767.065859653434018, 543042.122403424466029 ], [ 213801.061887494754046, 542990.592307077022269 ], [ 213796.755511775932973, 542987.621942113153636 ], [ 213743.274880678480258, 542950.733390613924712 ] ] ] } },
{ "type": "Feature", "properties": { "area_name": "wirye_plan_area", "spatial_id": "31180650010705", "original_area_sqm": 9672.4950779565334, "intersect_area_sqm": 9672.495077956537, "allocation_ratio": 1.0, "population_allocated": 602.0, "households_allocated": 184.0, "business_count_allocated": 0.0, "worker_count_allocated": 9.0 }, "geometry": { "type": "Polygon", "coordinates": [ [ [ 213645.322293309873203, 542958.310259764897637 ], [ 213617.020824854029343, 543000.22498587728478 ], [ 213577.150109933078056, 543059.273527924669906 ], [ 213583.363670652965084, 543063.559546469245106 ], [ 213596.988252286915667, 543079.030542377848178 ], [ 213602.04418027785141, 543082.518695386708714 ], [ 213608.608801485825097, 543087.046776779927313 ], [ 213637.685591676854528, 543107.103761574020609 ], [ 213680.80878628793289, 543043.24133817688562 ], [ 213708.697641012637177, 543001.939868372632191 ], [ 213645.322293309873203, 542958.310259764897637 ] ] ] } },
{ "type": "Feature", "properties": { "area_name": "wirye_plan_area", "spatial_id": "31180650010704", "original_area_sqm": 11163.52329271425, "intersect_area_sqm": 11163.523292714252, "allocation_ratio": 1.0, "population_allocated": 583.0, "households_allocated": 184.0, "business_count_allocated": 6.0, "worker_count_allocated": 7.0 }, "geometry": { "type": "Polygon", "coordinates": [ [ [ 213680.80878628793289, 543043.24133817688562 ], [ 213637.685591676854528, 543107.103761574020609 ], [ 213697.139647480653366, 543148.11420035129413 ], [ 213701.430272635159781, 543151.073777543613687 ], [ 213704.222338576073525, 543153.044797036331147 ], [ 213707.751242313795956, 543155.479720728122629 ], [ 213738.340598871785915, 543176.58206284721382 ], [ 213749.921426997316303, 543180.926302148262039 ], [ 213750.871530379517935, 543181.582311473554 ], [ 213752.767351277376292, 543182.890208185650408 ], [ 213749.017272834724281, 543188.326297290972434 ], [ 213748.076371375325834, 543190.289199128630571 ], [ 213752.929433843732113, 543193.511169126722962 ], [ 213764.110155050060712, 543175.505231733433902 ], [ 213799.928768379817484, 543123.571753863594495 ], [ 213739.995461213315139, 543083.154810563079081 ], [ 213680.80878628793289, 543043.24133817688562 ] ] ] } },
{ "type": "Feature", "properties": { "area_name": "wirye_plan_area", "spatial_id": "31180650010703", "original_area_sqm": 15980.525213558223, "intersect_area_sqm": 15980.525213558223, "allocation_ratio": 1.0, "population_allocated": 623.0, "households_allocated": 184.0, "business_count_allocated": 0.0, "worker_count_allocated": 18.0 }, "geometry": { "type": "Polygon", "coordinates": [ [ [ 213679.937056663475232, 542907.045659586670808 ], [ 213675.152836668916279, 542903.745728594250977 ], [ 213621.824115736875683, 542866.961932761711068 ], [ 213597.178779152105562, 542849.962620193487965 ], [ 213584.221892485424178, 542844.14998384041246 ], [ 213577.896239201771095, 542847.12480631377548 ], [ 213568.386655856593279, 542852.443180011003278 ], [ 213559.274360056151636, 542858.415924120810814 ], [ 213550.604622394952457, 542865.014569464838132 ], [ 213545.213898339949083, 542869.750770762329921 ], [ 213542.419433120259782, 542872.206030871369876 ], [ 213534.759998781984905, 542879.954604891012423 ], [ 213527.663736678805435, 542888.222381241386756 ], [ 213521.165480693482095, 542896.967821953352541 ], [ 213507.258745589060709, 542917.445085141109303 ], [ 213503.178196912631392, 542923.453454070724547 ], [ 213557.693198288994608, 542960.216537292464636 ], [ 213586.739277102606138, 542917.979833362041973 ], [ 213645.322293309873203, 542958.310259764897637 ], [ 213708.697641012637177, 543001.939868372632191 ], [ 213743.274880678480258, 542950.733390613924712 ], [ 213737.955606649338733, 542947.064365142374299 ], [ 213679.937056663475232, 542907.045659586670808 ] ] ] } },
{ "type": "Feature", "properties": { "area_name": "wirye_plan_area", "spatial_id": "31180650010702", "original_area_sqm": 13502.388122862298, "intersect_area_sqm": 13502.388122862303, "allocation_ratio": 1.0, "population_allocated": 590.0, "households_allocated": 191.0, "business_count_allocated": 0.0, "worker_count_allocated": 16.0 }, "geometry": { "type": "Polygon", "coordinates": [ [ [ 213645.322293309873203, 542958.310259764897637 ], [ 213586.739277102606138, 542917.979833362041973 ], [ 213557.693198288994608, 542960.216537292464636 ], [ 213503.178196912631392, 542923.453454070724547 ], [ 213497.747447529196506, 542931.449962867307477 ], [ 213462.828058222017717, 542982.867594906128943 ], [ 213479.354621636273805, 542994.268342733732425 ], [ 213490.189350269822171, 543001.71947516547516 ], [ 213498.415258146735141, 543007.393542060162872 ], [ 213503.483748582249973, 543010.889664457412437 ], [ 213514.022820291866083, 543018.159256926272064 ], [ 213516.616077295737341, 543019.948047494399361 ], [ 213528.267626725311857, 543027.984854352078401 ], [ 213535.936570927064167, 543032.215778896352276 ], [ 213544.051585835492006, 543036.692873173393309 ], [ 213545.866406392829958, 543037.694013181142509 ], [ 213577.150109933078056, 543059.273527924669906 ], [ 213617.020824854029343, 543000.22498587728478 ], [ 213645.322293309873203, 542958.310259764897637 ] ] ] } },
{ "type": "Feature", "properties": { "area_name": "wirye_plan_area", "spatial_id": "31180650010803", "original_area_sqm": 8484.0798750008107, "intersect_area_sqm": 8484.0798750008107, "allocation_ratio": 1.0, "population_allocated": 440.0, "households_allocated": 133.0, "business_count_allocated": 5.0, "worker_count_allocated": 5.0 }, "geometry": { "type": "Polygon", "coordinates": [ [ [ 214001.000115935312351, 542956.813933126511984 ], [ 213993.39623096541618, 542967.834032338461839 ], [ 213975.959611021593446, 542993.104807375348173 ], [ 213971.182317694678204, 543000.028453128878027 ], [ 213958.779970348521601, 543018.003095563617535 ], [ 213951.926263444154756, 543027.935934467008337 ], [ 213947.379991970694391, 543036.285582281532697 ], [ 214016.901186938281171, 543081.433152052923106 ], [ 214039.80384725224576, 543047.926857652957551 ], [ 214046.733073559415061, 543037.789437102037482 ], [ 214092.846557671175105, 543020.291446999646723 ], [ 214071.891218730452238, 543005.833542572334409 ], [ 214015.753576298971893, 542967.102024817140773 ], [ 214001.772221309744054, 542957.455792871885933 ], [ 214001.000115935312351, 542956.813933126511984 ] ] ] } },
{ "type": "Feature", "properties": { "area_name": "wirye_plan_area", "spatial_id": "31180650010802", "original_area_sqm": 5793.895314614324, "intersect_area_sqm": 5793.8953146143231, "allocation_ratio": 0.99999999999999989, "population_allocated": 546.99999999999989, "households_allocated": 169.99999999999997, "business_count_allocated": 4.9999999999999991, "worker_count_allocated": 4.9999999999999991 }, "geometry": { "type": "Polygon", "coordinates": [ [ [ 214092.846557671175105, 543020.291446999646723 ], [ 214046.733073559415061, 543037.789437102037482 ], [ 214039.80384725224576, 543047.926857652957551 ], [ 214016.901186938281171, 543081.433152052923106 ], [ 214057.853997566155158, 543108.028144823620096 ], [ 214074.685691596067045, 543118.958731938269921 ], [ 214078.242239168757806, 543113.740096567780711 ], [ 214108.473187966796104, 543069.381106246961281 ], [ 214126.341522970149526, 543043.162235718918964 ], [ 214117.657041717815446, 543037.409198264125735 ], [ 214092.846557671175105, 543020.291446999646723 ] ] ] } },
{ "type": "Feature", "properties": { "area_name": "wirye_plan_area", "spatial_id": "31180650010801", "original_area_sqm": 8707.1967440884255, "intersect_area_sqm": 8707.1967440884255, "allocation_ratio": 1.0, "population_allocated": 589.0, "households_allocated": 195.0, "business_count_allocated": 7.0, "worker_count_allocated": 25.0 }, "geometry": { "type": "Polygon", "coordinates": [ [ [ 213947.379991970694391, 543036.285582281532697 ], [ 213924.211346751952078, 543069.863591618835926 ], [ 213922.350577155564679, 543072.560307390172966 ], [ 213915.700132114841836, 543081.818150754319504 ], [ 213984.465016743692104, 543128.886886198422872 ], [ 214021.810545677813934, 543154.44950896454975 ], [ 214032.447700079588685, 543161.730531073408201 ], [ 214041.38992530759424, 543167.814772234414704 ], [ 214074.685691596067045, 543118.958731938269921 ], [ 214057.853997566155158, 543108.028144823620096 ], [ 214016.901186938281171, 543081.433152052923106 ], [ 213947.379991970694391, 543036.285582281532697 ] ] ] } },
{ "type": "Feature", "properties": { "area_name": "wirye_plan_area", "spatial_id": "31180650020105", "original_area_sqm": 10759.422343301438, "intersect_area_sqm": 10759.422343301438, "allocation_ratio": 1.0, "population_allocated": 529.0, "households_allocated": 165.0, "business_count_allocated": 6.0, "worker_count_allocated": 6.0 }, "geometry": { "type": "Polygon", "coordinates": [ [ [ 213185.496738043846563, 541794.379627884132788 ], [ 213186.206413836654974, 541800.88212141697295 ], [ 213236.079374943044968, 541795.438718697056174 ], [ 213230.567754298710497, 541744.941343612037599 ], [ 213229.821156592573971, 541738.100912662921473 ], [ 213136.51267296000151, 541748.285109444288537 ], [ 213132.910833002562867, 541748.678253850666806 ], [ 213028.588425702968379, 541760.064576702192426 ], [ 213030.951901841239305, 541809.406967058894224 ], [ 213031.039620544150239, 541811.237873144913465 ], [ 213127.688075317651965, 541800.689263365813531 ], [ 213132.835338641802082, 541800.127453418681398 ], [ 213138.459270748397103, 541799.513655563001521 ], [ 213185.496738043846563, 541794.379627884132788 ] ] ] } },
{ "type": "Feature", "properties": { "area_name": "wirye_plan_area", "spatial_id": "31180650020106", "original_area_sqm": 13178.721296589803, "intersect_area_sqm": 13178.721296589803, "allocation_ratio": 1.0, "population_allocated": 504.0, "households_allocated": 151.0, "business_count_allocated": 20.0, "worker_count_allocated": 46.0 }, "geometry": { "type": "Polygon", "coordinates": [ [ [ 213293.845392166898819, 541594.799550019321032 ], [ 213263.022692499507684, 541596.27496554586105 ], [ 213256.88175082183443, 541596.568893962539732 ], [ 213253.881777818955015, 541596.711828525876626 ], [ 213236.910902488220017, 541597.524688724428415 ], [ 213229.637414703523973, 541597.872629685560241 ], [ 213214.692874881497119, 541598.587905298918486 ], [ 213216.395849404623732, 541615.096016556490213 ], [ 213224.12627312951372, 541685.923789581283927 ], [ 213224.698292461456731, 541691.16444518067874 ], [ 213229.821156592573971, 541738.100912662921473 ], [ 213230.567754298710497, 541744.941343612037599 ], [ 213317.75812580328784, 541735.42494528205134 ], [ 213315.479884553176817, 541692.450768176000565 ], [ 213315.409319299767958, 541691.119456575601362 ], [ 213314.889814467722317, 541681.320533644524403 ], [ 213313.959208265645429, 541663.765494207735173 ], [ 213310.429497519944562, 541629.639157200814225 ], [ 213311.035331202874659, 541611.175705942441709 ], [ 213311.0555987698026, 541610.561963561922312 ], [ 213310.358598533639451, 541595.340807509492151 ], [ 213293.845392166898819, 541594.799550019321032 ] ] ] } },
{ "type": "Feature", "properties": { "area_name": "wirye_plan_area", "spatial_id": "31180650020101", "original_area_sqm": 22153.019958773584, "intersect_area_sqm": 22153.019958773584, "allocation_ratio": 1.0, "population_allocated": 561.0, "households_allocated": 171.0, "business_count_allocated": 12.0, "worker_count_allocated": 22.0 }, "geometry": { "type": "Polygon", "coordinates": [ [ [ 213236.182120308629237, 541796.380143097601831 ], [ 213236.079374943044968, 541795.438718697056174 ], [ 213186.206413836654974, 541800.88212141697295 ], [ 213185.496738043846563, 541794.379627884132788 ], [ 213138.459270748397103, 541799.513655563001521 ], [ 213132.835338641802082, 541800.127453418681398 ], [ 213127.688075317651965, 541800.689263365813531 ], [ 213031.039620544150239, 541811.237873144913465 ], [ 213032.077716840547509, 541832.909639988094568 ], [ 213033.996578803955344, 541872.969418166321702 ], [ 213034.419128325826023, 541881.790427166037261 ], [ 213034.756209346407559, 541888.828958651633002 ], [ 213035.950747834052891, 541913.764277298585512 ], [ 213145.132180927990703, 541908.188409610535018 ], [ 213162.945211006182944, 541907.278587341308594 ], [ 213198.60217008847394, 541904.369760901085101 ], [ 213210.06747075979365, 541903.434435159782879 ], [ 213241.372521782381227, 541896.539999244501814 ], [ 213247.618897597887553, 541894.382578442571685 ], [ 213242.542692336690379, 541854.656269690138288 ], [ 213236.182120308629237, 541796.380143097601831 ] ] ] } },
{ "type": "Feature", "properties": { "area_name": "wirye_plan_area", "spatial_id": "31180650020102", "original_area_sqm": 12176.593094200553, "intersect_area_sqm": 12176.593094200551, "allocation_ratio": 0.99999999999999989, "population_allocated": 476.99999999999994, "households_allocated": 139.99999999999997, "business_count_allocated": 0.0, "worker_count_allocated": 0.0 }, "geometry": { "type": "Polygon", "coordinates": [ [ [ 213317.75812580328784, 541735.42494528205134 ], [ 213230.567754298710497, 541744.941343612037599 ], [ 213236.079374943044968, 541795.438718697056174 ], [ 213236.182120308629237, 541796.380143097601831 ], [ 213242.542692336690379, 541854.656269690138288 ], [ 213247.618897597887553, 541894.382578442571685 ], [ 213259.234691493562423, 541890.370509113185108 ], [ 213260.066754139697878, 541890.083007568726316 ], [ 213289.885616784798913, 541878.137441008700989 ], [ 213325.305318485625321, 541856.135130631038919 ], [ 213342.388904353487305, 541841.424749365309253 ], [ 213341.61085405209451, 541840.282458659494296 ], [ 213332.196731895732228, 541822.630351482657716 ], [ 213327.489969216054305, 541809.98005592636764 ], [ 213326.961174206197029, 541808.318576326244511 ], [ 213323.371206411480671, 541797.035559190087952 ], [ 213321.647810467082309, 541788.104498996166512 ], [ 213321.448900815099478, 541787.073725644615479 ], [ 213320.13529747253051, 541780.266400343622081 ], [ 213317.75812580328784, 541735.42494528205134 ] ] ] } },
{ "type": "Feature", "properties": { "area_name": "wirye_plan_area", "spatial_id": "31180650020103", "original_area_sqm": 11009.856517183063, "intersect_area_sqm": 11009.856517183063, "allocation_ratio": 1.0, "population_allocated": 541.0, "households_allocated": 164.0, "business_count_allocated": 0.0, "worker_count_allocated": 12.0 }, "geometry": { "type": "Polygon", "coordinates": [ [ [ 213224.698292461456731, 541691.16444518067874 ], [ 213224.12627312951372, 541685.923789581283927 ], [ 213130.817794492439134, 541696.10799161833711 ], [ 213130.3344088466838, 541691.677834660978988 ], [ 213025.858954690251267, 541703.080959482002072 ], [ 213026.93659194096108, 541725.578171139582992 ], [ 213028.588425702968379, 541760.064576702192426 ], [ 213132.910833002562867, 541748.678253850666806 ], [ 213136.51267296000151, 541748.285109444288537 ], [ 213229.821156592573971, 541738.100912662921473 ], [ 213224.698292461456731, 541691.16444518067874 ] ] ] } },
{ "type": "Feature", "properties": { "area_name": "wirye_plan_area", "spatial_id": "31180650020104", "original_area_sqm": 17565.272362343643, "intersect_area_sqm": 17565.272362343654, "allocation_ratio": 1.0, "population_allocated": 543.0, "households_allocated": 168.0, "business_count_allocated": 5.0, "worker_count_allocated": 5.0 }, "geometry": { "type": "Polygon", "coordinates": [ [ [ 213130.3344088466838, 541691.677834660978988 ], [ 213130.817794492439134, 541696.10799161833711 ], [ 213224.12627312951372, 541685.923789581283927 ], [ 213216.395849404623732, 541615.096016556490213 ], [ 213214.692874881497119, 541598.587905298918486 ], [ 213211.765043399005663, 541598.728120269137435 ], [ 213177.178472598432563, 541600.383934932062402 ], [ 213172.048294350039214, 541600.629504758631811 ], [ 213160.204363128810655, 541604.198288992163725 ], [ 213121.436543386284029, 541606.0536920116283 ], [ 213082.428860858286498, 541607.92102553229779 ], [ 213079.513941353536211, 541608.061011335812509 ], [ 213048.770107393676881, 541609.531440938473679 ], [ 213020.915930152696092, 541607.255091027007438 ], [ 213021.208516398619395, 541624.445492052473128 ], [ 213022.090497568919091, 541624.403357197297737 ], [ 213025.858954690251267, 541703.080959482002072 ], [ 213130.3344088466838, 541691.677834660978988 ] ] ] } },
{ "type": "Feature", "properties": { "area_name": "wirye_plan_area", "spatial_id": "31180650020201", "original_area_sqm": 18539.555220021677, "intersect_area_sqm": 18539.555220021677, "allocation_ratio": 1.0, "population_allocated": 488.0, "households_allocated": 171.0, "business_count_allocated": 23.0, "worker_count_allocated": 25.0 }, "geometry": { "type": "Polygon", "coordinates": [ [ [ 213772.839671651105164, 541487.074939405778423 ], [ 213676.391722810309147, 541494.384741190471686 ], [ 213676.722031333250925, 541497.686632533208467 ], [ 213677.162915238353889, 541499.626456695608795 ], [ 213673.850940772710601, 541497.409480501781218 ], [ 213671.898049914394505, 541497.277465591439977 ], [ 213672.410724045941606, 541507.967314984533004 ], [ 213672.365773715078831, 541511.836341658025049 ], [ 213672.843990188179305, 541521.81902249425184 ], [ 213673.258806524740066, 541530.477126783924177 ], [ 213673.441439761285437, 541534.291140879853629 ], [ 213674.007215846708277, 541546.134040795848705 ], [ 213674.184076530684251, 541549.829175011138432 ], [ 213674.186883744347142, 541549.884811650263146 ], [ 213674.406172782444628, 541554.482136223698035 ], [ 213675.461761964572361, 541576.534867957467213 ], [ 213661.939052032830659, 541577.182463702862151 ], [ 213662.731119661475532, 541593.716761234099977 ], [ 213662.741390530252829, 541593.930700889322907 ], [ 213663.608999013056746, 541612.045842895749956 ], [ 213666.058725033188239, 541663.17714579985477 ], [ 213666.27802092055208, 541673.915655498974957 ], [ 213743.32628217941965, 541670.945970272296108 ], [ 213757.911166941950796, 541639.370688371243887 ], [ 213760.703382881532889, 541633.325659386697225 ], [ 213781.632968145539053, 541603.101097596692853 ], [ 213777.009279063291615, 541542.091949390131049 ], [ 213776.844177581631811, 541539.913188797421753 ], [ 213772.839671651105164, 541487.074939405778423 ] ] ] } },
{ "type": "Feature", "properties": { "area_name": "wirye_plan_area", "spatial_id": "31180650020202", "original_area_sqm": 22448.958487811833, "intersect_area_sqm": 22364.081688797483, "allocation_ratio": 0.99621912085318209, "population_allocated": 548.91673559010337, "households_allocated": 195.2589476872237, "business_count_allocated": 7.9697529668254568, "worker_count_allocated": 22.913039779623187 }, "geometry": { "type": "Polygon", "coordinates": [ [ [ 213757.911166941950796, 541639.370688371243887 ], [ 213743.32628217941965, 541670.945970272296108 ], [ 213666.27802092055208, 541673.915655498974957 ], [ 213666.327071582229109, 541676.321991909295321 ], [ 213666.189333545655245, 541680.331684895907529 ], [ 213665.875744517048588, 541689.463016955414787 ], [ 213664.705566145887133, 541702.558910636929795 ], [ 213662.819941652240232, 541715.571372109814547 ], [ 213660.571974959078943, 541726.736859509954229 ], [ 213660.224881908798125, 541728.460816846229136 ], [ 213656.926993282191688, 541741.189067859319039 ], [ 213654.388965491380077, 541749.159625394968316 ], [ 213652.937686062010471, 541753.717366891680285 ], [ 213648.267959187040105, 541766.008960834122263 ], [ 213642.932424712955253, 541778.02510461921338 ], [ 213641.018688124371693, 541781.767966009443626 ], [ 213636.946266745362664, 541789.732875981018879 ], [ 213630.328290219593327, 541801.093750557396561 ], [ 213623.097875542705879, 541812.075820597936399 ], [ 213616.386309957393678, 541821.147372299572453 ], [ 213628.886656431626761, 541829.836135153193027 ], [ 213636.285756894561928, 541834.979088358930312 ], [ 213652.029007612814894, 541845.11995058960747 ], [ 213682.770197045087116, 541837.858167229918763 ], [ 213708.349744290899253, 541825.556449287105352 ], [ 213714.97754528655787, 541822.369033225113526 ], [ 213745.376949509140104, 541807.749557223520242 ], [ 213764.593936268967809, 541796.874551707529463 ], [ 213784.38493743762956, 541754.882680340320803 ], [ 213786.68685623104102, 541739.132917288457975 ], [ 213788.396013290766859, 541727.438151207752526 ], [ 213802.139620097121224, 541692.648800339782611 ], [ 213802.249448454705998, 541692.481915275100619 ], [ 213803.185072369931731, 541691.060306415543891 ], [ 213822.696220118901692, 541661.413648025947623 ], [ 213757.911166941950796, 541639.370688371243887 ] ] ] } },
{ "type": "Feature", "properties": { "area_name": "wirye_plan_area", "spatial_id": "31180650020203", "original_area_sqm": 18072.872299456187, "intersect_area_sqm": 18072.87229945619, "allocation_ratio": 1.0, "population_allocated": 524.0, "households_allocated": 192.0, "business_count_allocated": 15.0, "worker_count_allocated": 15.0 }, "geometry": { "type": "Polygon", "coordinates": [ [ [ 213814.656162083818344, 541370.106181475799531 ], [ 213814.002741166623309, 541358.58505049161613 ], [ 213812.334220502933022, 541359.026772168232128 ], [ 213808.654082588240271, 541359.676805273164064 ], [ 213805.054092995618703, 541360.002734401728958 ], [ 213801.195154585904675, 541360.035666719428264 ], [ 213797.468291704542935, 541359.744572308147326 ], [ 213790.022362689429428, 541358.842490158625878 ], [ 213772.530816475802567, 541356.724704626598395 ], [ 213764.214591408643173, 541355.718066098052077 ], [ 213762.549716391920811, 541355.585977756767534 ], [ 213760.878499034093693, 541355.594011074514128 ], [ 213759.213637194712646, 541355.741935805417597 ], [ 213757.568653372378321, 541356.028022465878166 ], [ 213755.952760506421328, 541356.450014961184934 ], [ 213754.376673956168815, 541357.005878879106604 ], [ 213752.852618930337485, 541357.690966059220955 ], [ 213751.806519142497564, 541358.270850580418482 ], [ 213751.391628842364298, 541358.500839549931698 ], [ 213750.003632048639702, 541359.430751226027496 ], [ 213738.672662054101238, 541367.718575438135304 ], [ 213735.728623097675154, 541369.517480880371295 ], [ 213732.646641410916345, 541371.068552243872546 ], [ 213729.447486208024202, 541372.361496719182469 ], [ 213726.793620897457004, 541373.188949643401429 ], [ 213726.154501275479561, 541373.38843939837534 ], [ 213724.652609853423201, 541373.724404570762999 ], [ 213722.787642812851118, 541374.141273680725135 ], [ 213719.370637840562267, 541374.616133745992556 ], [ 213718.564675399131374, 541374.66117592563387 ], [ 213716.397560923156561, 541374.781224001315422 ], [ 213715.925623630988412, 541374.808130217483267 ], [ 213712.476712125324411, 541374.717089627636597 ], [ 213709.04670268893824, 541374.344235916389152 ], [ 213707.196650843485259, 541374.136934690526687 ], [ 213704.784720201307209, 541374.091015959624201 ], [ 213703.475818015285768, 541374.141989789437503 ], [ 213701.625840473163407, 541374.354857265134342 ], [ 213699.797841311199591, 541374.704897960647941 ], [ 213691.908764512045309, 541376.529771024826914 ], [ 213672.124971897428622, 541381.105430597672239 ], [ 213670.166919548995793, 541381.455379950581118 ], [ 213668.190952923614532, 541381.675382731133141 ], [ 213666.202968476631213, 541381.765371016110294 ], [ 213666.777848431112943, 541390.556179957464337 ], [ 213666.973353971610777, 541394.621863381704316 ], [ 213667.435634092922555, 541404.233108560903929 ], [ 213667.489582566631725, 541405.377057959907688 ], [ 213669.51863976570894, 541425.664740144973621 ], [ 213671.071854615816846, 541441.193671147571877 ], [ 213675.699757305032108, 541487.466467268764973 ], [ 213676.391722810309147, 541494.384741190471686 ], [ 213772.839671651105164, 541487.074939405778423 ], [ 213772.798344994022045, 541486.530199380475096 ], [ 213822.521284162299708, 541482.761756548890844 ], [ 213818.954381804884179, 541430.352197876083665 ], [ 213818.898509023769293, 541429.569983564782888 ], [ 213814.656162083818344, 541370.106181475799531 ] ] ] } },
{ "type": "Feature", "properties": { "area_name": "wirye_plan_area", "spatial_id": "31180650020204", "original_area_sqm": 14808.857999187921, "intersect_area_sqm": 14808.85799918792, "allocation_ratio": 0.99999999999999989, "population_allocated": 595.99999999999989, "households_allocated": 215.99999999999997, "business_count_allocated": 5.9999999999999991, "worker_count_allocated": 16.999999999999996 }, "geometry": { "type": "Polygon", "coordinates": [ [ [ 213892.348957882088143, 541477.469693505321629 ], [ 213835.211429697636049, 541481.800012717256323 ], [ 213827.27062065951759, 541482.401813687989488 ], [ 213822.521284162299708, 541482.761756548890844 ], [ 213772.798344994022045, 541486.530199380475096 ], [ 213772.839671651105164, 541487.074939405778423 ], [ 213776.844177581631811, 541539.913188797421753 ], [ 213777.009279063291615, 541542.091949390131049 ], [ 213781.632968145539053, 541603.101097596692853 ], [ 213760.703382881532889, 541633.325659386697225 ], [ 213757.911166941950796, 541639.370688371243887 ], [ 213822.696220118901692, 541661.413648025947623 ], [ 213823.654131996037904, 541659.958044043160044 ], [ 213830.335046844702447, 541645.429316252004355 ], [ 213832.621761666581733, 541640.457035478320904 ], [ 213846.727622007863829, 541616.839031326817349 ], [ 213852.040206276811659, 541597.764902694150805 ], [ 213859.525255628192099, 541570.891938976361416 ], [ 213872.150869410455925, 541536.505214380216785 ], [ 213873.59167989436537, 541532.580771062755957 ], [ 213890.020265600876883, 541488.049920189077966 ], [ 213891.324491861130809, 541481.077916292939335 ], [ 213892.348957882088143, 541477.469693505321629 ] ] ] } },
{ "type": "Feature", "properties": { "area_name": "wirye_plan_area", "spatial_id": "31180650020205", "original_area_sqm": 11747.335324624333, "intersect_area_sqm": 11747.335324624337, "allocation_ratio": 1.0, "population_allocated": 408.0, "households_allocated": 162.0, "business_count_allocated": 11.0, "worker_count_allocated": 11.0 }, "geometry": { "type": "Polygon", "coordinates": [ [ [ 213894.093024470057571, 541354.187200744636357 ], [ 213885.528520285326522, 541355.079111113096587 ], [ 213871.789620429946808, 541352.937831156421453 ], [ 213830.121234747464769, 541354.5971747438889 ], [ 213827.501318404916674, 541354.701511680032127 ], [ 213827.343123019614723, 541353.954069640953094 ], [ 213826.414170413219836, 541354.081091992440633 ], [ 213825.497164233849617, 541354.276103077922016 ], [ 213824.597098819009261, 541354.540033862926066 ], [ 213822.868067486328073, 541355.26214950135909 ], [ 213819.467164598492673, 541356.812031626002863 ], [ 213815.948264062026283, 541358.069966735201888 ], [ 213814.002741166623309, 541358.58505049161613 ], [ 213814.656162083818344, 541370.106181475799531 ], [ 213818.898509023769293, 541429.569983564782888 ], [ 213818.954381804884179, 541430.352197876083665 ], [ 213822.521284162299708, 541482.761756548890844 ], [ 213827.27062065951759, 541482.401813687989488 ], [ 213835.211429697636049, 541481.800012717256323 ], [ 213892.348957882088143, 541477.469693505321629 ], [ 213896.889772659225855, 541461.477112152264453 ], [ 213899.672030493384227, 541452.445616130949929 ], [ 213905.620606576325372, 541433.137365787057206 ], [ 213906.221642740099924, 541432.140250694821589 ], [ 213912.685539360740222, 541420.970627384143881 ], [ 213918.556055007415125, 541410.826174719957635 ], [ 213924.412007939245086, 541392.344961473019794 ], [ 213926.423168259701924, 541379.522840898483992 ], [ 213926.954667305952171, 541376.134487646748312 ], [ 213925.244921194302151, 541367.155875801225193 ], [ 213923.480840940290364, 541366.075275314389728 ], [ 213916.75316298607504, 541360.432488290593028 ], [ 213907.118144208594458, 541356.685337700531818 ], [ 213894.093024470057571, 541354.187200744636357 ] ] ] } },
{ "type": "Feature", "properties": { "area_name": "wirye_plan_area", "spatial_id": "31180650020309", "original_area_sqm": 15796.69094947287, "intersect_area_sqm": 15796.690949472868, "allocation_ratio": 0.99999999999999989, "population_allocated": 702.99999999999989, "households_allocated": 208.99999999999997, "business_count_allocated": 16.999999999999996, "worker_count_allocated": 19.999999999999996 }, "geometry": { "type": "Polygon", "coordinates": [ [ [ 213477.652302894741297, 541589.006004604743794 ], [ 213453.458368042716756, 541590.164173703407869 ], [ 213450.497422241664026, 541590.305113560752943 ], [ 213441.101233939698432, 541590.754829236422665 ], [ 213437.301131575834006, 541590.936635405407287 ], [ 213396.079378764668945, 541592.909560670377687 ], [ 213331.088178946083644, 541596.020098583423533 ], [ 213310.358598533639451, 541595.340807509492151 ], [ 213311.0555987698026, 541610.561963561922312 ], [ 213311.035331202874659, 541611.175705942441709 ], [ 213310.429497519944562, 541629.639157200814225 ], [ 213313.959208265645429, 541663.765494207735173 ], [ 213314.889814467722317, 541681.320533644524403 ], [ 213315.409319299767958, 541691.119456575601362 ], [ 213400.476971582480473, 541686.94844887778163 ], [ 213420.774768348608632, 541685.953172548208386 ], [ 213482.12285462510772, 541682.945146514219232 ], [ 213478.201868764852406, 541602.978977182880044 ], [ 213478.181301128963241, 541602.556696248822846 ], [ 213477.652302894741297, 541589.006004604743794 ] ] ] } },
{ "type": "Feature", "properties": { "area_name": "wirye_plan_area", "spatial_id": "31180650020307", "original_area_sqm": 10999.644054472285, "intersect_area_sqm": 10999.644054472285, "allocation_ratio": 1.0, "population_allocated": 557.0, "households_allocated": 183.0, "business_count_allocated": 6.0, "worker_count_allocated": 13.0 }, "geometry": { "type": "Polygon", "coordinates": [ [ [ 213666.27802092055208, 541673.915655498974957 ], [ 213570.300291109480895, 541678.621581214014441 ], [ 213552.376372411061311, 541679.500511040212587 ], [ 213554.946426212234655, 541731.915864287642762 ], [ 213556.063645550864749, 541754.70201689156238 ], [ 213557.591301679785829, 541785.85863856121432 ], [ 213641.018688124371693, 541781.767966009443626 ], [ 213642.932424712955253, 541778.02510461921338 ], [ 213648.267959187040105, 541766.008960834122263 ], [ 213652.937686062010471, 541753.717366891680285 ], [ 213654.388965491380077, 541749.159625394968316 ], [ 213656.926993282191688, 541741.189067859319039 ], [ 213660.224881908798125, 541728.460816846229136 ], [ 213660.571974959078943, 541726.736859509954229 ], [ 213662.819941652240232, 541715.571372109814547 ], [ 213664.705566145887133, 541702.558910636929795 ], [ 213665.875744517048588, 541689.463016955414787 ], [ 213666.189333545655245, 541680.331684895907529 ], [ 213666.327071582229109, 541676.321991909295321 ], [ 213666.27802092055208, 541673.915655498974957 ] ] ] } },
{ "type": "Feature", "properties": { "area_name": "wirye_plan_area", "spatial_id": "31180650020306", "original_area_sqm": 10008.989463167247, "intersect_area_sqm": 10008.989463167247, "allocation_ratio": 1.0, "population_allocated": 423.0, "households_allocated": 144.0, "business_count_allocated": 0.0, "worker_count_allocated": 14.0 }, "geometry": { "type": "Polygon", "coordinates": [ [ [ 213424.462137157795951, 541761.154770366847515 ], [ 213420.774765527778072, 541685.953171581611969 ], [ 213400.476970519608585, 541686.948447821312584 ], [ 213315.409319008875173, 541691.119455506326631 ], [ 213315.47988186753355, 541692.450768535025418 ], [ 213317.758125333493808, 541735.42494350601919 ], [ 213320.135296405438567, 541780.26639910088852 ], [ 213321.448898543574614, 541787.073724601534195 ], [ 213321.647808273177361, 541788.104497262625955 ], [ 213405.537777711375384, 541783.991271468112245 ], [ 213424.462137157795951, 541761.154770366847515 ] ] ] } },
{ "type": "Feature", "properties": { "area_name": "wirye_plan_area", "spatial_id": "31180650020305", "original_area_sqm": 4977.7451221612573, "intersect_area_sqm": 4977.7451221612582, "allocation_ratio": 1.0, "population_allocated": 435.0, "households_allocated": 147.0, "business_count_allocated": 6.0, "worker_count_allocated": 6.0 }, "geometry": { "type": "Polygon", "coordinates": [ [ [ 213486.808072128653293, 541682.715421845205128 ], [ 213482.12285462510772, 541682.945146514219232 ], [ 213420.774768348608632, 541685.953172548208386 ], [ 213424.462139062758069, 541761.154771213768981 ], [ 213490.495344174938509, 541757.9170253748307 ], [ 213486.808072128653293, 541682.715421845205128 ] ] ] } },
{ "type": "Feature", "properties": { "area_name": "wirye_plan_area", "spatial_id": "31180650020304", "original_area_sqm": 8387.7073855742037, "intersect_area_sqm": 8387.7073855742019, "allocation_ratio": 0.99999999999999978, "population_allocated": 479.99999999999989, "households_allocated": 157.99999999999997, "business_count_allocated": 0.0, "worker_count_allocated": 0.0 }, "geometry": { "type": "Polygon", "coordinates": [ [ [ 213459.955089504626812, 541819.546674341196194 ], [ 213405.537777711375384, 541783.991271468112245 ], [ 213321.647808273177361, 541788.104497262625955 ], [ 213323.37120458096615, 541797.035556831280701 ], [ 213326.961173020681599, 541808.318574555916712 ], [ 213327.48996874326258, 541809.980053214239888 ], [ 213332.196732048789272, 541822.630351479165256 ], [ 213341.610852595651522, 541840.282457425259054 ], [ 213342.38890467362944, 541841.424749015481211 ], [ 213355.437307471293025, 541860.581853115232661 ], [ 213356.420933387824334, 541861.914312754990533 ], [ 213461.779080770240398, 541856.748409553430974 ], [ 213459.955089504626812, 541819.546674341196194 ] ] ] } },
{ "type": "Feature", "properties": { "area_name": "wirye_plan_area", "spatial_id": "31180650020303", "original_area_sqm": 4942.6906112766374, "intersect_area_sqm": 4942.6906112766374, "allocation_ratio": 1.0, "population_allocated": 428.0, "households_allocated": 142.0, "business_count_allocated": 7.0, "worker_count_allocated": 7.0 }, "geometry": { "type": "Polygon", "coordinates": [ [ [ 213556.063643699686509, 541754.702017579227686 ], [ 213554.946425776870456, 541731.915864892420359 ], [ 213552.376370477140881, 541679.500508613418788 ], [ 213486.808070358587429, 541682.715419686865062 ], [ 213490.495342501468258, 541757.917023333255202 ], [ 213526.767162252072012, 541756.138411627383903 ], [ 213556.063643699686509, 541754.702017579227686 ] ] ] } },
{ "type": "Feature", "properties": { "area_name": "wirye_plan_area", "spatial_id": "31180650020302", "original_area_sqm": 6172.5749948214834, "intersect_area_sqm": 6172.5749948214843, "allocation_ratio": 1.0, "population_allocated": 467.0, "households_allocated": 158.0, "business_count_allocated": 6.0, "worker_count_allocated": 27.0 }, "geometry": { "type": "Polygon", "coordinates": [ [ [ 213529.708471569319954, 541816.12650213111192 ], [ 213526.767162252072012, 541756.138411627383903 ], [ 213490.495342501468258, 541757.917023333255202 ], [ 213424.462137157795951, 541761.154770366847515 ], [ 213405.537777711375384, 541783.991271468112245 ], [ 213459.955089504626812, 541819.546674341196194 ], [ 213529.766969876422081, 541817.318294979748316 ], [ 213529.708471569319954, 541816.12650213111192 ] ] ] } },
{ "type": "Feature", "properties": { "area_name": "wirye_plan_area", "spatial_id": "31180650020301", "original_area_sqm": 14995.722310638663, "intersect_area_sqm": 14995.72231063867, "allocation_ratio": 1.0, "population_allocated": 538.0, "households_allocated": 187.0, "business_count_allocated": 7.0, "worker_count_allocated": 7.0 }, "geometry": { "type": "Polygon", "coordinates": [ [ [ 213641.018688124371693, 541781.767966009443626 ], [ 213557.591301679785829, 541785.85863856121432 ], [ 213556.063645550864749, 541754.70201689156238 ], [ 213526.767163674056064, 541756.13841190142557 ], [ 213529.7084721334395, 541816.12650262680836 ], [ 213529.76697069403599, 541817.318297371035442 ], [ 213459.955089328170288, 541819.546676298370585 ], [ 213461.779082966706483, 541856.748409661813639 ], [ 213466.014168971450999, 541943.121342592989095 ], [ 213486.169416192336939, 541928.351540788309649 ], [ 213533.510104740824318, 541893.659960469231009 ], [ 213568.193838038190734, 541868.243756860727444 ], [ 213578.58301738119917, 541860.184837253415026 ], [ 213588.514571106818039, 541851.568361800978892 ], [ 213597.959343295136932, 541842.420885567320511 ], [ 213606.889577126508811, 541832.770676914369687 ], [ 213615.277709829562809, 541822.645394637831487 ], [ 213616.386309957393678, 541821.147372299572453 ], [ 213623.097875542705879, 541812.075820597936399 ], [ 213630.328290219593327, 541801.093750557396561 ], [ 213636.946266745362664, 541789.732875981018879 ], [ 213641.018688124371693, 541781.767966009443626 ] ] ] } },
{ "type": "Feature", "properties": { "area_name": "wirye_plan_area", "spatial_id": "31180650020310", "original_area_sqm": 17557.481944368566, "intersect_area_sqm": 17557.48194436857, "allocation_ratio": 1.0, "population_allocated": 630.0, "households_allocated": 204.0, "business_count_allocated": 6.0, "worker_count_allocated": 6.0 }, "geometry": { "type": "Polygon", "coordinates": [ [ [ 213661.939052032830659, 541577.182463702862151 ], [ 213651.182760970463278, 541577.697486092452891 ], [ 213633.449086409003939, 541578.545112108578905 ], [ 213598.874300854979083, 541580.200689524644986 ], [ 213587.030362719844561, 541583.77047554962337 ], [ 213572.062100014591124, 541584.487026330316439 ], [ 213568.221870214882074, 541584.670821475912817 ], [ 213567.850123174546752, 541584.688654044410214 ], [ 213565.856611203256762, 541584.784012514166534 ], [ 213530.088548166851979, 541586.496077010175213 ], [ 213501.864655464305542, 541587.847135631600395 ], [ 213477.652302894741297, 541589.006004604743794 ], [ 213478.181301128963241, 541602.556696248822846 ], [ 213478.201868764852406, 541602.978977182880044 ], [ 213482.12285462510772, 541682.945146514219232 ], [ 213486.808072128653293, 541682.715421845205128 ], [ 213552.376372411061311, 541679.500511040212587 ], [ 213570.300291109480895, 541678.621581214014441 ], [ 213666.27802092055208, 541673.915655498974957 ], [ 213666.058725033188239, 541663.17714579985477 ], [ 213663.608999013056746, 541612.045842895749956 ], [ 213662.741390530252829, 541593.930700889322907 ], [ 213662.731119661475532, 541593.716761234099977 ], [ 213661.939052032830659, 541577.182463702862151 ] ] ] } },
{ "type": "Feature", "properties": { "area_name": "wirye_plan_area", "spatial_id": "31180650030104", "original_area_sqm": 13436.234651771727, "intersect_area_sqm": 13436.234651771725, "allocation_ratio": 0.99999999999999989, "population_allocated": 559.99999999999989, "households_allocated": 172.99999999999997, "business_count_allocated": 4.9999999999999991, "worker_count_allocated": 4.9999999999999991 }, "geometry": { "type": "Polygon", "coordinates": [ [ [ 213030.951901841239305, 541809.406967058894224 ], [ 212999.177946588315535, 541810.445646343170665 ], [ 212925.102369995292975, 541813.976422149688005 ], [ 212910.990100530907512, 541814.649093094514683 ], [ 212855.741899032262154, 541817.282433059532195 ], [ 212848.837964371690759, 541817.611520518199541 ], [ 212850.493192972295219, 541825.080026064184494 ], [ 212860.273353643366136, 541882.036044720211066 ], [ 212866.868951257260051, 541920.446669592987746 ], [ 212920.653186956362333, 541882.367643465753645 ], [ 213034.419128325826023, 541881.790427166037261 ], [ 213033.996578803955344, 541872.969418166321702 ], [ 213032.077716840547509, 541832.909639988094568 ], [ 213031.039620544150239, 541811.237873144913465 ], [ 213030.951901841239305, 541809.406967058894224 ] ] ] } },
{ "type": "Feature", "properties": { "area_name": "wirye_plan_area", "spatial_id": "31180650030101", "original_area_sqm": 12029.715689578527, "intersect_area_sqm": 12029.715689578527, "allocation_ratio": 1.0, "population_allocated": 466.0, "households_allocated": 157.0, "business_count_allocated": 8.0, "worker_count_allocated": 18.0 }, "geometry": { "type": "Polygon", "coordinates": [ [ [ 212927.81476237528841, 541932.809337460435927 ], [ 212920.653186956362333, 541882.367643465753645 ], [ 212866.868951257260051, 541920.446669592987746 ], [ 212852.341289402567782, 541930.732216245029122 ], [ 212810.876935389504069, 541932.767964701051824 ], [ 212780.530865762819303, 541935.332137671881355 ], [ 212777.738798128324561, 541931.85431251488626 ], [ 212772.768797784432536, 541932.078924872912467 ], [ 212772.026043875899632, 541930.167708902037703 ], [ 212766.531523326091701, 541929.055699728312902 ], [ 212766.643487552675651, 541930.409139399300329 ], [ 212767.300411477597663, 541944.095052991644479 ], [ 212768.30264701062697, 541964.984111263183877 ], [ 212769.885419916303363, 541997.967733541270718 ], [ 212794.772703970666043, 541996.775446452083997 ], [ 212815.571795430150814, 541995.778939318028279 ], [ 212857.444757733057486, 541993.772775358520448 ], [ 212866.68784198287176, 541993.329952366184443 ], [ 212892.488629607920302, 541992.093797396286391 ], [ 212896.063584492949303, 541991.921799750882201 ], [ 212897.724433440977009, 541991.850885809049942 ], [ 212900.189506658498431, 541991.7229189745849 ], [ 212920.610144622798543, 541990.745708150207065 ], [ 212935.936232551001012, 541990.012258137576282 ], [ 212927.81476237528841, 541932.809337460435927 ] ] ] } },
{ "type": "Feature", "properties": { "area_name": "wirye_plan_area", "spatial_id": "31180650030103", "original_area_sqm": 11472.839717064651, "intersect_area_sqm": 11472.839717064651, "allocation_ratio": 1.0, "population_allocated": 501.0, "households_allocated": 161.0, "business_count_allocated": 0.0, "worker_count_allocated": 0.0 }, "geometry": { "type": "Polygon", "coordinates": [ [ [ 213034.419128325826023, 541881.790427166037261 ], [ 212920.653186956362333, 541882.367643465753645 ], [ 212927.81476237528841, 541932.809337460435927 ], [ 212935.936232551001012, 541990.012258137576282 ], [ 213009.379668439825764, 541986.497549346764572 ], [ 213013.556717877043411, 541986.297837097663432 ], [ 213015.346498305007117, 541986.211903908057138 ], [ 213039.335470452613663, 541984.426405000500381 ], [ 213038.821598696697038, 541973.69874117791187 ], [ 213038.123288221599068, 541959.121542291017249 ], [ 213036.682100452570012, 541929.033532018889673 ], [ 213035.950747834052891, 541913.764277298585512 ], [ 213034.756209346407559, 541888.828958651633002 ], [ 213034.419128325826023, 541881.790427166037261 ] ] ] } },
{ "type": "Feature", "properties": { "area_name": "wirye_plan_area", "spatial_id": "31180650030102", "original_area_sqm": 11844.219321229994, "intersect_area_sqm": 11844.219321229995, "allocation_ratio": 1.0, "population_allocated": 529.0, "households_allocated": 168.0, "business_count_allocated": 13.0, "worker_count_allocated": 26.0 }, "geometry": { "type": "Polygon", "coordinates": [ [ [ 212852.341289402567782, 541930.732216245029122 ], [ 212866.868951257260051, 541920.446669592987746 ], [ 212860.273353643366136, 541882.036044720211066 ], [ 212850.493192972295219, 541825.080026064184494 ], [ 212848.837964371690759, 541817.611520518199541 ], [ 212793.525328438467113, 541820.247918243985623 ], [ 212784.985515943786595, 541820.654959872714244 ], [ 212730.181117881817045, 541823.267139804200269 ], [ 212732.548443883453729, 541828.020424072630703 ], [ 212732.803035373392049, 541828.531682568136603 ], [ 212735.150267117016483, 541833.245045354124159 ], [ 212736.948230345617048, 541836.855346502969041 ], [ 212738.759463653026614, 541840.491328901378438 ], [ 212740.93307916278718, 541844.85542747087311 ], [ 212748.252744475437794, 541859.550510771689005 ], [ 212749.419697338307742, 541862.304616209119558 ], [ 212753.267544469359564, 541870.746447572717443 ], [ 212754.172592029324733, 541873.161429108818993 ], [ 212757.004432898480445, 541880.717310818727128 ], [ 212757.076742248988012, 541880.9100713476073 ], [ 212757.580318807216827, 541882.252485364209861 ], [ 212761.088240493088961, 541894.027358878753148 ], [ 212761.908654501487035, 541897.685893301269971 ], [ 212762.618736994685605, 541900.852138633024879 ], [ 212763.776890643057413, 541906.017373374314047 ], [ 212765.63066843044362, 541918.164317043498158 ], [ 212766.531523326091701, 541929.055699728312902 ], [ 212772.026043875899632, 541930.167708902037703 ], [ 212772.768797784432536, 541932.078924872912467 ], [ 212777.738798128324561, 541931.85431251488626 ], [ 212780.530865762819303, 541935.332137671881355 ], [ 212810.876935389504069, 541932.767964701051824 ], [ 212852.341289402567782, 541930.732216245029122 ] ] ] } },
{ "type": "Feature", "properties": { "area_name": "wirye_plan_area", "spatial_id": "31180650030201", "original_area_sqm": 9625.7507710912141, "intersect_area_sqm": 9625.7507710912105, "allocation_ratio": 0.99999999999999967, "population_allocated": 487.99999999999983, "households_allocated": 158.99999999999994, "business_count_allocated": 0.0, "worker_count_allocated": 0.0 }, "geometry": { "type": "Polygon", "coordinates": [ [ [ 212825.089974713366246, 541729.827618197654374 ], [ 212770.16665138816461, 541730.983887780923396 ], [ 212776.877625439548865, 541758.216803716728464 ], [ 212704.457883761933772, 541761.155232915654778 ], [ 212705.927569258841686, 541767.713380572386086 ], [ 212706.575386258075014, 541769.888496467843652 ], [ 212708.744499086111318, 541777.173554066452198 ], [ 212712.209240136202425, 541786.416474139550701 ], [ 212716.302117547311354, 541795.399424227536656 ], [ 212730.181117881817045, 541823.267139804200269 ], [ 212784.985515943786595, 541820.654959872714244 ], [ 212793.525328438467113, 541820.247918243985623 ], [ 212848.837964371690759, 541817.611520518199541 ], [ 212855.741899032262154, 541817.282433059532195 ], [ 212825.089974713366246, 541729.827618197654374 ] ] ] } },
{ "type": "Feature", "properties": { "area_name": "wirye_plan_area", "spatial_id": "31180650030203", "original_area_sqm": 20938.770573234389, "intersect_area_sqm": 20938.770573234389, "allocation_ratio": 1.0, "population_allocated": 518.0, "households_allocated": 171.0, "business_count_allocated": 13.0, "worker_count_allocated": 31.0 }, "geometry": { "type": "Polygon", "coordinates": [ [ [ 212847.326612586359261, 541613.166704654926434 ], [ 212838.623586832720321, 541613.583082484314218 ], [ 212801.132015173527179, 541615.37733136001043 ], [ 212790.131178096693475, 541615.90386163839139 ], [ 212776.037004497688031, 541616.578532071318477 ], [ 212731.763374633184867, 541618.698017325485125 ], [ 212702.879769934312208, 541620.080783330951817 ], [ 212695.816824552603066, 541620.418637246941216 ], [ 212696.753549041517545, 541639.986808858346194 ], [ 212699.04607393493643, 541687.884022241458297 ], [ 212699.300859965936979, 541693.218926927307621 ], [ 212699.826758815790527, 541704.206956079462543 ], [ 212700.000055865908507, 541707.819132997188717 ], [ 212700.719378039299045, 541722.829813704825938 ], [ 212701.168261418846669, 541732.212785861687735 ], [ 212701.46809533785563, 541738.484709436073899 ], [ 212702.28001531783957, 541748.321592991473153 ], [ 212703.768823092599632, 541758.080532768974081 ], [ 212704.457883761933772, 541761.155232915654778 ], [ 212776.877625439548865, 541758.216803716728464 ], [ 212770.16665138816461, 541730.983887780923396 ], [ 212825.089974713366246, 541729.827618197654374 ], [ 212880.744078539428301, 541728.655922168283723 ], [ 212847.326612586359261, 541613.166704654926434 ] ] ] } },
{ "type": "Feature", "properties": { "area_name": "wirye_plan_area", "spatial_id": "31180650030202", "original_area_sqm": 21833.732239169865, "intersect_area_sqm": 21833.732239169865, "allocation_ratio": 1.0, "population_allocated": 598.0, "households_allocated": 189.0, "business_count_allocated": 11.0, "worker_count_allocated": 11.0 }, "geometry": { "type": "Polygon", "coordinates": [ [ [ 213022.090497568919091, 541624.403357197297737 ], [ 213021.208516398619395, 541624.445492052473128 ], [ 213020.915930152696092, 541607.255091027007438 ], [ 212990.834620475448901, 541604.796651250799187 ], [ 212980.91769249754725, 541605.2714106538333 ], [ 212949.684938939957647, 541606.765854949131608 ], [ 212937.841003738663858, 541610.336641719099134 ], [ 212913.782068983680801, 541611.488019667682238 ], [ 212912.828140738798538, 541611.533676549559459 ], [ 212936.514846094418317, 541727.481742788804695 ], [ 212899.368484284845181, 541728.263807203969918 ], [ 212925.102369995292975, 541813.976422149688005 ], [ 212999.177946588315535, 541810.445646343170665 ], [ 213030.951901841239305, 541809.406967058894224 ], [ 213028.588425702968379, 541760.064576702192426 ], [ 213026.93659194096108, 541725.578171139582992 ], [ 213025.858954690251267, 541703.080959482002072 ], [ 213022.090497568919091, 541624.403357197297737 ] ] ] } },
{ "type": "Feature", "properties": { "area_name": "wirye_plan_area", "spatial_id": "31180650030204", "original_area_sqm": 13377.430484995537, "intersect_area_sqm": 13377.430484995537, "allocation_ratio": 1.0, "population_allocated": 528.0, "households_allocated": 157.0, "business_count_allocated": 8.0, "worker_count_allocated": 22.0 }, "geometry": { "type": "Polygon", "coordinates": [ [ [ 212912.828140738798538, 541611.533676549559459 ], [ 212912.504127962427447, 541611.549262890941463 ], [ 212892.372450214956189, 541611.011004001367837 ], [ 212847.326612586359261, 541613.166704654926434 ], [ 212880.744078539428301, 541728.655922168283723 ], [ 212825.089974713366246, 541729.827618197654374 ], [ 212855.741899032262154, 541817.282433059532195 ], [ 212910.990100530907512, 541814.649093094514683 ], [ 212925.102369995292975, 541813.976422149688005 ], [ 212899.368484284845181, 541728.263807203969918 ], [ 212936.514846094418317, 541727.481742788804695 ], [ 212912.828140738798538, 541611.533676549559459 ] ] ] } },
{ "type": "Feature", "properties": { "area_name": "wirye_plan_area", "spatial_id": "31180670010003", "original_area_sqm": 3617825.6456860988, "intersect_area_sqm": 6.2425487952027954, "allocation_ratio": 1.725497413797821e-06, "population_allocated": 0.00075231687241585001, "households_allocated": 0.00039513890775970102, "business_count_allocated": 0.00075404236982964782, "worker_count_allocated": 0.0031835427284569798 }, "geometry": { "type": "MultiPolygon", "coordinates": [ [ [ [ 214624.003391574718989, 542948.397137596271932 ], [ 214623.024016738694627, 542951.75730792642571 ], [ 214625.627308881492354, 542949.175505725899711 ], [ 214625.399246890854556, 542948.481786082964391 ], [ 214624.003391574718989, 542948.397137596271932 ] ] ], [ [ [ 214514.275272313563619, 543057.949087651446462 ], [ 214513.808034886606038, 543060.071721680578776 ], [ 214517.012558603077196, 543056.893651018966921 ], [ 214514.275272313563619, 543057.949087651446462 ] ] ] ] } },
{ "type": "Feature", "properties": { "area_name": "wirye_plan_area", "spatial_id": "31021680020101", "original_area_sqm": 289716.92521238292, "intersect_area_sqm": 286851.20994291984, "allocation_ratio": 0.99010856798455149, "population_allocated": 576.24318656700893, "households_allocated": 395.05331862583603, "business_count_allocated": 21.782388495660133, "worker_count_allocated": 255.44801054001428 }, "geometry": { "type": "MultiPolygon", "coordinates": [ [ [ [ 212118.186364039836917, 541312.022705638548359 ], [ 212117.072863327921368, 541277.021784138283692 ], [ 212116.439980681345332, 541262.140324461623095 ], [ 212115.584933197620558, 541242.034880194114521 ], [ 212115.495501560973935, 541240.168453008751385 ], [ 212114.064104148215847, 541210.285908462712541 ], [ 212113.108210592559772, 541190.331589956302196 ], [ 212111.326316235034028, 541153.129235651460476 ], [ 212110.541981719550677, 541136.757373125874437 ], [ 212108.88390593524673, 541102.142317280522548 ], [ 212105.710143812058959, 541035.882161373272538 ], [ 212100.109337174595566, 540918.960496713989414 ], [ 212099.134705094969831, 540905.983292025746778 ], [ 212097.45791469811229, 540893.077493952703662 ], [ 212095.08316042216029, 540880.281130678486079 ], [ 212092.019044232205488, 540867.63227287272457 ], [ 212088.273670918075368, 540855.168473365833052 ], [ 212083.85835450864397, 540842.926607473404147 ], [ 212078.785807563021081, 540830.941058296710253 ], [ 212073.07074862922309, 540819.248619993217289 ], [ 212041.216909991577268, 540758.321129061398096 ], [ 212000.735348768648691, 540680.892014493467286 ], [ 211996.317804774706019, 540672.442568577360362 ], [ 211990.702041472366545, 540661.473105330835097 ], [ 211582.047607483400498, 540879.39784651377704 ], [ 211582.063352456665598, 540879.397769937408157 ], [ 211581.760247062367853, 540879.583434917032719 ], [ 211562.097378216363722, 540891.050911552738398 ], [ 211547.862225804710761, 540899.327704492257908 ], [ 211547.799662042729324, 540899.354383667581715 ], [ 211532.260338463092921, 540905.981395009206608 ], [ 211522.701446023158496, 540908.882638593087904 ], [ 211400.686695863201749, 540946.101775455288589 ], [ 211391.309850737277884, 540951.841999713447876 ], [ 211386.695905150496401, 540954.666751167969778 ], [ 211377.302706227230374, 540960.417620940483175 ], [ 211376.091687266191002, 540961.158494402188808 ], [ 211372.478436014556792, 540962.985854377038777 ], [ 211368.95175169367576, 540964.769459021976218 ], [ 211346.841844262409722, 540974.910110872937366 ], [ 211312.341927751607727, 540984.169359359773807 ], [ 211287.947875014360761, 540989.754857886815444 ], [ 211275.42322053402313, 540992.622551132924855 ], [ 211270.252156508300686, 540993.806585391401313 ], [ 211250.602121434581932, 540997.826227300334722 ], [ 211233.711305624543456, 540999.846908670384437 ], [ 211223.116415429278277, 541001.114796857815236 ], [ 211218.53561560405069, 541001.687333772541024 ], [ 211227.678909995040158, 541031.193385527119972 ], [ 211249.754379801946925, 541026.187438593711704 ], [ 211285.327495391422417, 541018.120764681021683 ], [ 211323.118620679830201, 541009.335472336504608 ], [ 211343.495614434330491, 541004.436834641150199 ], [ 211346.964368983753957, 541003.520772160263732 ], [ 211358.300369356089504, 540999.782124741701409 ], [ 211368.715398146829102, 540995.535284196492285 ], [ 211378.833545625471743, 540990.621598882018588 ], [ 211388.611478373786667, 540985.062648510560393 ], [ 211397.783470237685833, 540979.502881682710722 ], [ 211409.369396928173956, 540972.481039439560845 ], [ 211417.244487074611243, 540967.709308878984302 ], [ 211426.708630836219527, 540961.973420273978263 ], [ 211429.536499682551948, 540960.366380766499788 ], [ 211432.462601481849561, 540958.948537297314033 ], [ 211435.476413537224289, 540957.723738016793504 ], [ 211438.562493518926203, 540956.698800697224215 ], [ 211441.709521049982868, 540955.876870880252682 ], [ 211516.957041358429706, 540938.684150619548745 ], [ 211526.909140197385568, 540936.462267137481831 ], [ 211548.441017041361192, 540931.541547950007953 ], [ 211551.97399576974567, 540930.890733599662781 ], [ 211552.62399219951476, 540930.770633626263589 ], [ 211556.855981556785991, 540930.358724539983086 ], [ 211559.924508112831973, 540930.322792873950675 ], [ 211561.11006061109947, 540930.3088795786025 ], [ 211565.35092122486094, 540930.619007008732297 ], [ 211569.542860135348747, 540931.288119710981846 ], [ 211572.721257235651137, 540932.075803168350831 ], [ 211573.678884100401774, 540932.312982559553348 ], [ 211577.704923491372028, 540933.685199025669135 ], [ 211581.59982986698742, 540935.393055497435853 ], [ 211589.729640737175941, 540939.381298800231889 ], [ 211621.36603345561889, 540954.898626301437616 ], [ 211622.841086853091838, 540955.622744881315157 ], [ 211645.829848102672258, 540967.060544064734131 ], [ 211646.00755021700752, 540967.149119607056491 ], [ 211659.013530768861528, 540973.529207733692601 ], [ 211666.028390645893523, 540976.971218915539794 ], [ 211673.516246448125457, 540980.412440092535689 ], [ 211681.090258212439949, 540983.434447430772707 ], [ 211688.809106634638738, 540986.065567412646487 ], [ 211717.037522328872001, 540994.89502087130677 ], [ 211747.814234645600663, 541004.521414905320853 ], [ 211739.450976765627274, 541021.272180420346558 ], [ 211726.308829796616919, 541047.400765698868781 ], [ 211721.088477023877203, 541058.49052884185221 ], [ 211717.44861591947847, 541066.950321124866605 ], [ 211713.678522745758528, 541075.350297047174536 ], [ 211712.386474284605356, 541077.918277823249809 ], [ 211734.317047246644506, 541078.344126758514903 ], [ 211734.473229187278775, 541078.359461402986199 ], [ 211734.625481214781757, 541078.399084597360343 ], [ 211734.769502974493662, 541078.462175919790752 ], [ 211734.901606748084305, 541078.546811490668915 ], [ 211735.019202786992537, 541078.651275520096533 ], [ 211735.118694810720626, 541078.772953879320994 ], [ 211735.198107821954181, 541078.908630445483141 ], [ 211735.2552536225121, 541079.054992559598759 ], [ 211735.288853324338561, 541079.208530128584243 ], [ 211735.297621973324567, 541079.365439176326618 ], [ 211735.199998940370278, 541084.035804808139801 ], [ 211746.348918034578674, 541084.558378432644531 ], [ 211746.517265723552555, 541084.580978896818124 ], [ 211746.679060702386778, 541084.631658776663244 ], [ 211746.830311124649597, 541084.708992498111911 ], [ 211746.966227447323035, 541084.810855712974444 ], [ 211747.082720515958499, 541084.934024887508713 ], [ 211747.176807871786878, 541085.07527855259832 ], [ 211747.245912993326783, 541085.230408989824355 ], [ 211747.287254960101563, 541085.394894460681826 ], [ 211747.300664102367591, 541085.564032465452328 ], [ 211747.246547790360637, 541092.497740103397518 ], [ 211748.56072750032763, 541092.469302174635231 ], [ 211748.730637587199453, 541092.480107323266566 ], [ 211748.896598724502837, 541092.519505632924847 ], [ 211749.048115050158231, 541092.584132709074765 ], [ 211749.187200163578382, 541092.672808574978262 ], [ 211749.309964555315673, 541092.782803056179546 ], [ 211749.412821262492798, 541092.911902777035721 ], [ 211749.493091868644115, 541093.055685764644295 ], [ 211749.54868958966108, 541093.211145198671147 ], [ 211749.578041524015134, 541093.373365050647408 ], [ 211749.58016631443752, 541093.538142252364196 ], [ 211746.513880850718124, 541137.944557674578391 ], [ 211746.509942246222636, 541138.00786335777957 ], [ 211746.484446206217399, 541138.174592852825299 ], [ 211746.431276846356923, 541138.334474128088914 ], [ 211746.351758294709725, 541138.483213313505985 ], [ 211746.248508370539639, 541138.616519599105231 ], [ 211746.124352635000832, 541138.730507788481191 ], [ 211745.982712614058983, 541138.821891189087182 ], [ 211745.82769626218942, 541138.888195792795159 ], [ 211745.663721844204701, 541138.927441533305682 ], [ 211745.495694573561195, 541138.938654595403932 ], [ 211745.462383603444323, 541138.938477752031758 ], [ 211687.002018761297222, 541137.943243347108364 ], [ 211686.84473618582706, 541137.928204333060421 ], [ 211686.69168385543162, 541137.88837462104857 ], [ 211686.547164300485747, 541137.824883763561957 ], [ 211686.413961407408351, 541137.739540167152882 ], [ 211686.296070379699813, 541137.634574639145285 ], [ 211686.196281673328485, 541137.511994075612165 ], [ 211686.116775290225632, 541137.375217939959839 ], [ 211686.0601341984584, 541137.227957878843881 ], [ 211686.027142783743329, 541137.073419875116087 ], [ 211686.018775802484015, 541136.915612334385514 ], [ 211686.144878198683728, 541132.345440728589892 ], [ 211684.467561345023569, 541135.029221328673884 ], [ 211682.047708801255794, 541139.849318510270678 ], [ 211679.907627177133691, 541144.809060056111775 ], [ 211678.077383953146636, 541149.879090841161087 ], [ 211676.547280682396377, 541155.058954861829989 ], [ 211675.337433599343058, 541160.308951777173206 ], [ 211700.416328654711833, 541208.079076180118136 ], [ 211700.886233783938223, 541208.999039382208139 ], [ 211701.356341145350598, 541209.919007475953549 ], [ 211701.83629932810436, 541210.848827958106995 ], [ 211702.30640563351335, 541211.768994492013007 ], [ 211702.776261474413332, 541212.698959785979241 ], [ 211703.25626468018163, 541213.638988936436363 ], [ 211703.726318959059427, 541214.568955287570134 ], [ 211704.196320114133414, 541215.508927521761507 ], [ 211704.666222031461075, 541216.448903048061766 ], [ 211705.136169013450854, 541217.399079609196633 ], [ 211705.6061701659346, 541218.339051846298389 ], [ 211706.076019000873202, 541219.289025628590025 ], [ 211706.546265764307464, 541220.238803077372722 ], [ 211707.006057808641344, 541221.199031119118445 ], [ 211707.476051958074095, 541222.159011839656159 ], [ 211707.936142730846768, 541223.119039208628237 ], [ 211708.40608428401174, 541224.088926596101373 ], [ 211708.865873055474367, 541225.049051585141569 ], [ 211709.326011, 541226.018883111537434 ], [ 211709.785895781416912, 541226.999020945979282 ], [ 211710.245980074920226, 541227.978957577957772 ], [ 211710.696061247319449, 541228.959039549226873 ], [ 211711.155847882037051, 541229.938974604941905 ], [ 211711.605872662854381, 541230.928959405748174 ], [ 211712.05599992966745, 541231.919047791976482 ], [ 211712.505929285398452, 541232.909035905380733 ], [ 211712.95570304946159, 541233.908922507078387 ], [ 211713.40577774119447, 541234.908913742750883 ], [ 211713.845949582493631, 541235.908852408523671 ], [ 211714.285667609074153, 541236.918794831028208 ], [ 211714.725883965933463, 541237.929037567460909 ], [ 211715.155794565129327, 541238.938924107584171 ], [ 211715.595660668739583, 541239.959071931079961 ], [ 211716.025621728622355, 541240.978861869429238 ], [ 211716.445724434859585, 541242.008907119743526 ], [ 211716.875631297152722, 541243.038905200199224 ], [ 211717.295634803624125, 541244.068946109036915 ], [ 211717.715737505961442, 541245.098991363425739 ], [ 211718.135485634615179, 541246.139037086861208 ], [ 211718.545480574393878, 541247.188937975792214 ], [ 211718.955626797687728, 541248.229031946626492 ], [ 211719.355516105453717, 541249.278978407848626 ], [ 211719.765552815690171, 541250.338981092092581 ], [ 211720.165441592514981, 541251.389026775839739 ], [ 211720.555623320047744, 541252.458926403196529 ], [ 211720.945452563930303, 541253.519024071167223 ], [ 211721.335332813265268, 541254.588922098861076 ], [ 211722.475351265456993, 541257.818871964002028 ], [ 211723.915400591475191, 541262.158962084446102 ], [ 211724.174356146017089, 541263.034991075284779 ], [ 211724.485384242841974, 541264.107973789912648 ], [ 211725.347142973274458, 541267.101954060723074 ], [ 211728.097083941858727, 541275.801749547128566 ], [ 211731.129723929421743, 541289.327693534665741 ], [ 211733.346692850114778, 541303.012569509912282 ], [ 211734.737359822145663, 541316.804404943715781 ], [ 211749.554206334665651, 541316.092848310247064 ], [ 211750.204827529727481, 541329.648460865253583 ], [ 211847.261198112857528, 541324.999560862663202 ], [ 211847.937323885329533, 541338.53850357409101 ], [ 211850.02309814695036, 541382.115729680284858 ], [ 211850.347374108794611, 541388.891382691217586 ], [ 211850.693349945970112, 541396.119729657657444 ], [ 211851.735340551531408, 541417.889031736645848 ], [ 211852.038268972421065, 541424.218888629227877 ], [ 211853.196066288190195, 541448.407680306350812 ], [ 211853.665237080567749, 541458.397692987695336 ], [ 211912.560850510490127, 541455.574619633611292 ], [ 211924.250534000660991, 541455.014330889796838 ], [ 211961.122877006651834, 541453.246804591966793 ], [ 211981.289035725407302, 541452.28013856196776 ], [ 211996.756903800356667, 541451.538728367071599 ], [ 212076.594298546522623, 541447.711684305919334 ], [ 212123.842971181264147, 541445.785160253406502 ], [ 212123.741277598339366, 541443.665865189861506 ], [ 212123.707863290357636, 541442.968507263343781 ], [ 212120.787901626928942, 541382.008830053731799 ], [ 212119.299771196499933, 541347.023027590941638 ], [ 212118.186364039836917, 541312.022705638548359 ] ] ], [ [ [ 211219.935825586959254, 541025.128962491988204 ], [ 211219.852249703719281, 541025.06303862365894 ], [ 211219.857357750734081, 541025.152180242934264 ], [ 211219.935825586959254, 541025.128962491988204 ] ] ] ] } },
{ "type": "Feature", "properties": { "area_name": "wirye_plan_area", "spatial_id": "31180650020308", "original_area_sqm": 90035.231256572704, "intersect_area_sqm": 84539.22919875021, "allocation_ratio": 0.93895720618342637, "population_allocated": 302.34422039106329, "households_allocated": 101.40737826781005, "business_count_allocated": 5.6337432371005587, "worker_count_allocated": 326.75710775183239 }, "geometry": { "type": "Polygon", "coordinates": [ [ [ 213266.882877223571995, 542033.826221830327995 ], [ 213274.886900540761417, 542058.774097099900246 ], [ 213356.916935917921364, 542052.334691440453753 ], [ 213520.330939185252646, 542022.094807926565409 ], [ 213549.454195736529073, 541912.586487353197299 ], [ 213594.526690911588958, 541888.987692599766888 ], [ 213595.59811824868666, 541885.994691762607545 ], [ 213652.029007612814894, 541845.11995058960747 ], [ 213636.285756894561928, 541834.979088358930312 ], [ 213628.886656431626761, 541829.836135153193027 ], [ 213616.386309957393678, 541821.147372299572453 ], [ 213615.277709829562809, 541822.645394637831487 ], [ 213606.889577126508811, 541832.770676914369687 ], [ 213597.959343295136932, 541842.420885567320511 ], [ 213588.514571106818039, 541851.568361800978892 ], [ 213578.58301738119917, 541860.184837253415026 ], [ 213568.193838038190734, 541868.243756860727444 ], [ 213533.510104740824318, 541893.659960469231009 ], [ 213486.169416192336939, 541928.351540788309649 ], [ 213466.014168971450999, 541943.121342592989095 ], [ 213461.779082966706483, 541856.748409661813639 ], [ 213356.420934389898321, 541861.914312429260463 ], [ 213355.43730923809926, 541860.581854491843842 ], [ 213342.388904353487305, 541841.424749365309253 ], [ 213325.305318485625321, 541856.135130631038919 ], [ 213289.885616784798913, 541878.137441008700989 ], [ 213260.066754139697878, 541890.083007568726316 ], [ 213259.234691493562423, 541890.370509113185108 ], [ 213247.618897597887553, 541894.382578442571685 ], [ 213241.372521782381227, 541896.539999244501814 ], [ 213210.06747075979365, 541903.434435159782879 ], [ 213198.60217008847394, 541904.369760901085101 ], [ 213162.945211006182944, 541907.278587341308594 ], [ 213145.132180927990703, 541908.188409610535018 ], [ 213035.950747834052891, 541913.764277298585512 ], [ 213036.682100452570012, 541929.033532018889673 ], [ 213038.123288221599068, 541959.121542291017249 ], [ 213038.821598696697038, 541973.69874117791187 ], [ 213039.335470452613663, 541984.426405000500381 ], [ 213015.346498305007117, 541986.211903908057138 ], [ 213015.810343943594489, 541989.328124601976015 ], [ 213016.557486350968247, 541994.350721795344725 ], [ 213019.173540726915235, 542049.008399320533499 ], [ 213019.434540357004153, 542054.454185477807187 ], [ 213020.639919547596946, 542079.645463301567361 ], [ 213043.843300193257164, 542078.534071006113663 ], [ 213142.501546286977828, 542058.758329266449437 ], [ 213151.803205913631245, 542056.893745451467112 ], [ 213178.562197054736316, 542051.52960357721895 ], [ 213266.882877223571995, 542033.826221830327995 ] ] ] } }
]
}
